batch_id,delivery_item_id,po_item_id,product_id,supplier_id,warehouse_id,received_date,quantity_received,purchase_unit_price,quantity_remaining
BAT0000001,DELI0000001,POI000001,PROD047,SUP005,WH001,2025-02-20,154,52.98,0
BAT0000002,DELI0000002,POI000002,PROD040,SUP014,WH004,2025-07-11,32,83.16,32
BAT0000003,DELI0000003,POI000002,PROD040,SUP014,WH005,2025-07-15,28,83.16,28
BAT0000004,DELI0000004,POI000002,PROD040,SUP014,WH005,2025-07-15,18,83.16,18
BAT0000005,DELI0000005,POI000003,PROD005,SUP006,WH001,2025-07-21,70,17.15,70
BAT0000006,DELI0000006,POI000004,PROD047,SUP006,WH005,2025-07-21,59,54.71,59
BAT0000007,DELI0000007,POI000005,PROD018,SUP007,WH002,2025-08-11,129,15.29,129
BAT0000008,DELI0000008,POI000006,PROD044,SUP007,WH001,2025-08-11,165,42.83,165
BAT0000009,DELI0000009,POI000007,PROD004,SUP007,WH005,2025-08-11,82,90.08,82
BAT0000010,DELI0000010,POI000008,PROD031,SUP009,WH002,2025-06-08,119,96.89,119
BAT0000011,DELI0000011,POI000008,PROD031,SUP009,WH004,2025-06-15,84,96.89,84
BAT0000012,DELI0000012,POI000009,PROD035,SUP007,WH005,2025-08-24,37,58.2,37
BAT0000013,DELI0000013,POI000010,PROD041,SUP007,WH002,2025-08-24,71,55.89,71
BAT0000014,DELI0000014,POI000009,PROD035,SUP007,WH005,2025-08-28,13,58.2,13
BAT0000015,DELI0000015,POI000010,PROD041,SUP007,WH005,2025-08-28,17,55.89,17
BAT0000016,DELI0000016,POI000009,PROD035,SUP007,WH001,2025-08-31,12,58.2,12
BAT0000017,DELI0000017,POI000010,PROD041,SUP007,WH005,2025-08-31,34,55.89,34
BAT0000018,DELI0000018,POI000011,PROD020,SUP015,WH004,2025-04-04,99,74.73,99
BAT0000019,DELI0000019,POI000012,PROD021,SUP015,WH005,2025-04-04,161,96.4,161
BAT0000020,DELI0000020,POI000013,PROD031,SUP013,WH005,2025-04-17,49,84.51,49
BAT0000021,DELI0000021,POI000013,PROD031,SUP013,WH003,2025-04-26,101,84.51,101
BAT0000022,DELI0000022,POI000014,PROD033,SUP014,WH002,2025-08-20,142,45.14,142
BAT0000023,DELI0000023,POI000015,PROD048,SUP014,WH003,2025-08-20,185,39.74,185
BAT0000024,DELI0000024,POI000016,PROD006,SUP012,WH003,2025-09-01,41,111.18,41
BAT0000025,DELI0000025,POI000017,PROD023,SUP012,WH004,2025-09-01,201,120.32,201
BAT0000026,DELI0000026,POI000018,PROD022,SUP008,WH003,2025-05-05,170,51.23,170
BAT0000027,DELI0000027,POI000019,PROD041,SUP008,WH004,2025-05-05,97,62.84,0
BAT0000028,DELI0000028,POI000020,PROD030,SUP011,WH001,2025-09-14,95,91.4,85
BAT0000029,DELI0000029,POI000020,PROD030,SUP011,WH001,2025-09-22,29,91.4,29
BAT0000030,DELI0000030,POI000020,PROD030,SUP011,WH004,2025-09-22,65,91.4,65
BAT0000031,DELI0000031,POI000021,PROD021,SUP008,WH005,2025-04-14,174,102.03,174
BAT0000032,DELI0000032,POI000022,PROD045,SUP010,WH001,2025-01-30,107,100.68,0
BAT0000033,DELI0000033,POI000022,PROD045,SUP010,WH005,2025-02-08,18,100.68,0
BAT0000034,DELI0000034,POI000022,PROD045,SUP010,WH002,2025-02-08,34,100.68,0
BAT0000035,DELI0000035,POI000023,PROD028,SUP013,WH003,2025-12-01,29,12.68,29
BAT0000036,DELI0000036,POI000024,PROD013,SUP013,WH002,2025-12-01,77,89.27,77
BAT0000037,DELI0000037,POI000023,PROD028,SUP013,WH003,2025-12-06,23,12.68,23
BAT0000038,DELI0000038,POI000024,PROD013,SUP013,WH001,2025-12-06,82,89.27,82
BAT0000039,DELI0000039,POI000023,PROD028,SUP013,WH002,2025-12-11,23,12.68,23
BAT0000040,DELI0000040,POI000024,PROD013,SUP013,WH003,2025-12-11,60,89.27,60
BAT0000041,DELI0000041,POI000025,PROD022,SUP015,WH002,2025-10-21,23,45.14,23
BAT0000042,DELI0000042,POI000025,PROD022,SUP015,WH004,2025-10-23,21,45.14,21
BAT0000043,DELI0000043,POI000025,PROD022,SUP015,WH005,2025-10-30,11,45.14,11
BAT0000044,DELI0000044,POI000026,PROD016,SUP004,WH003,2025-06-12,35,31.48,35
BAT0000045,DELI0000045,POI000026,PROD016,SUP004,WH005,2025-06-12,31,31.48,31
BAT0000046,DELI0000046,POI000027,PROD043,SUP012,WH005,2025-08-04,181,79.82,181
BAT0000047,DELI0000047,POI000028,PROD006,SUP012,WH001,2025-08-04,159,127.34,159
BAT0000048,DELI0000048,POI000029,PROD017,SUP006,WH005,2025-12-31,116,72.96,116
BAT0000049,DELI0000049,POI000029,PROD017,SUP006,WH003,2026-01-05,36,72.96,36
BAT0000050,DELI0000050,POI000029,PROD017,SUP006,WH001,2026-01-08,55,72.96,55
BAT0000051,DELI0000051,POI000030,PROD048,SUP008,WH003,2025-04-28,198,41.86,198
BAT0000052,DELI0000052,POI000031,PROD009,SUP014,WH001,2025-03-18,62,21.3,62
BAT0000053,DELI0000053,POI000031,PROD009,SUP014,WH005,2025-03-23,76,21.3,76
BAT0000054,DELI0000054,POI000031,PROD009,SUP014,WH002,2025-03-23,66,21.3,66
BAT0000055,DELI0000055,POI000032,PROD005,SUP002,WH003,2025-11-18,68,20.22,68
BAT0000056,DELI0000056,POI000032,PROD005,SUP002,WH005,2025-11-19,33,20.22,33
BAT0000057,DELI0000057,POI000032,PROD005,SUP002,WH002,2025-11-23,71,20.22,71
BAT0000058,DELI0000058,POI000033,PROD032,SUP001,WH003,2025-07-10,59,102.4,59
BAT0000059,DELI0000059,POI000034,PROD006,SUP012,WH003,2026-01-11,109,126.7,109
BAT0000060,DELI0000060,POI000035,PROD030,SUP012,WH005,2026-01-11,92,88.6,92
BAT0000061,DELI0000061,POI000034,PROD006,SUP012,WH004,2026-01-16,59,126.7,59
BAT0000062,DELI0000062,POI000035,PROD030,SUP012,WH003,2026-01-16,21,88.6,21
BAT0000063,DELI0000063,POI000034,PROD006,SUP012,WH001,2026-01-16,48,126.7,48
BAT0000064,DELI0000064,POI000035,PROD030,SUP012,WH001,2026-01-16,31,88.6,31
BAT0000065,DELI0000065,POI000036,PROD008,SUP003,WH004,2025-03-28,41,95.39,41
BAT0000066,DELI0000066,POI000036,PROD008,SUP003,WH003,2025-03-29,59,95.39,59
BAT0000067,DELI0000067,POI000037,PROD041,SUP008,WH001,2026-01-30,41,58.5,41
BAT0000068,DELI0000068,POI000038,PROD029,SUP008,WH003,2026-01-30,125,26.56,125
BAT0000069,DELI0000069,POI000037,PROD041,SUP008,WH002,2026-02-06,37,58.5,37
BAT0000070,DELI0000070,POI000038,PROD029,SUP008,WH003,2026-02-06,30,26.56,30
BAT0000071,DELI0000071,POI000037,PROD041,SUP008,WH002,2026-02-11,21,58.5,21
BAT0000072,DELI0000072,POI000038,PROD029,SUP008,WH004,2026-02-11,57,26.56,57
BAT0000073,DELI0000073,POI000039,PROD021,SUP008,WH004,2025-10-14,82,88.03,82
BAT0000074,DELI0000074,POI000039,PROD021,SUP008,WH005,2025-10-18,20,88.03,20
BAT0000075,DELI0000075,POI000039,PROD021,SUP008,WH001,2025-10-31,32,88.03,32
BAT0000076,DELI0000076,POI000040,PROD043,SUP010,WH001,2025-03-24,87,89.41,87
BAT0000077,DELI0000077,POI000040,PROD043,SUP010,WH002,2025-03-29,54,89.41,54
BAT0000078,DELI0000078,POI000041,PROD015,SUP010,WH001,2025-09-01,181,54.06,181
BAT0000079,DELI0000079,POI000042,PROD040,SUP013,WH005,2025-11-06,72,91.29,72
BAT0000080,DELI0000080,POI000042,PROD040,SUP013,WH005,2025-11-10,99,91.29,99
BAT0000081,DELI0000081,POI000043,PROD045,SUP010,WH004,2025-02-21,118,100.87,113
BAT0000082,DELI0000082,POI000044,PROD002,SUP012,WH001,2025-07-07,69,56.88,69
BAT0000083,DELI0000083,POI000045,PROD042,SUP012,WH003,2025-07-07,54,107.7,54
BAT0000084,DELI0000084,POI000044,PROD002,SUP012,WH003,2025-06-23,27,56.88,27
BAT0000085,DELI0000085,POI000045,PROD042,SUP012,WH001,2025-06-23,64,107.7,64
BAT0000086,DELI0000086,POI000044,PROD002,SUP012,WH003,2025-06-28,30,56.88,30
BAT0000087,DELI0000087,POI000045,PROD042,SUP012,WH002,2025-06-28,39,107.7,39
BAT0000088,DELI0000088,POI000046,PROD017,SUP006,WH002,2025-06-13,59,77.38,59
BAT0000089,DELI0000089,POI000047,PROD024,SUP006,WH001,2025-06-13,58,101.78,58
BAT0000090,DELI0000090,POI000046,PROD017,SUP006,WH003,2025-06-20,19,77.38,19
BAT0000091,DELI0000091,POI000047,PROD024,SUP006,WH005,2025-06-20,38,101.78,38
BAT0000092,DELI0000092,POI000046,PROD017,SUP006,WH004,2025-07-07,16,77.38,16
BAT0000093,DELI0000093,POI000047,PROD024,SUP006,WH005,2025-07-07,76,101.78,76
BAT0000094,DELI0000094,POI000048,PROD036,SUP014,WH002,2025-08-30,97,28.04,97
BAT0000095,DELI0000095,POI000049,PROD048,SUP014,WH002,2025-08-30,26,42.36,26
BAT0000096,DELI0000096,POI000048,PROD036,SUP014,WH002,2025-08-31,50,28.04,50
BAT0000097,DELI0000097,POI000049,PROD048,SUP014,WH002,2025-08-31,10,42.36,10
BAT0000098,DELI0000098,POI000048,PROD036,SUP014,WH004,2025-08-31,32,28.04,32
BAT0000099,DELI0000099,POI000049,PROD048,SUP014,WH001,2025-08-31,6,42.36,6
BAT0000100,DELI0000100,POI000050,PROD003,SUP013,WH003,2026-01-16,47,100.03,47
BAT0000101,DELI0000101,POI000051,PROD025,SUP013,WH004,2026-01-16,60,97.17,60
BAT0000102,DELI0000102,POI000052,PROD020,SUP009,WH002,2025-12-18,186,75.49,186
BAT0000103,DELI0000103,POI000053,PROD037,SUP009,WH003,2025-12-18,172,21.97,172
BAT0000104,DELI0000104,POI000054,PROD029,SUP005,WH001,2025-08-28,150,23.47,150
BAT0000105,DELI0000105,POI000055,PROD032,SUP013,WH001,2025-07-18,49,129.86,49
BAT0000106,DELI0000106,POI000056,PROD036,SUP013,WH004,2025-07-18,61,31.46,61
BAT0000107,DELI0000107,POI000055,PROD032,SUP013,WH002,2025-07-24,24,129.86,24
BAT0000108,DELI0000108,POI000056,PROD036,SUP013,WH002,2025-07-24,85,31.46,85
BAT0000109,DELI0000109,POI000057,PROD046,SUP007,WH003,2025-05-11,72,93.19,72
BAT0000110,DELI0000110,POI000057,PROD046,SUP007,WH003,2025-05-17,137,93.19,137
BAT0000111,DELI0000111,POI000058,PROD034,SUP013,WH002,2025-03-13,181,51.81,0
BAT0000112,DELI0000112,POI000059,PROD032,SUP013,WH001,2025-03-13,149,116.63,0
BAT0000113,DELI0000113,POI000060,PROD005,SUP008,WH002,2025-10-28,25,18.62,25
BAT0000114,DELI0000114,POI000061,PROD048,SUP008,WH004,2025-10-28,70,38.88,70
BAT0000115,DELI0000115,POI000060,PROD005,SUP008,WH003,2025-11-04,21,18.62,21
BAT0000116,DELI0000116,POI000061,PROD048,SUP008,WH003,2025-11-04,55,38.88,55
BAT0000117,DELI0000117,POI000062,PROD035,SUP007,WH003,2025-06-17,58,63.33,58
BAT0000118,DELI0000118,POI000063,PROD045,SUP007,WH003,2025-06-17,68,103.49,68
BAT0000119,DELI0000119,POI000062,PROD035,SUP007,WH005,2025-06-21,59,63.33,59
BAT0000120,DELI0000120,POI000063,PROD045,SUP007,WH004,2025-06-21,66,103.49,66
BAT0000121,DELI0000121,POI000064,PROD039,SUP002,WH005,2025-09-21,128,31.51,128
BAT0000122,DELI0000122,POI000065,PROD021,SUP006,WH001,2025-02-14,63,88.69,0
BAT0000123,DELI0000123,POI000065,PROD021,SUP006,WH001,2025-02-21,19,88.69,0
BAT0000124,DELI0000124,POI000065,PROD021,SUP006,WH003,2025-02-26,18,88.69,0
BAT0000125,DELI0000125,POI000066,PROD031,SUP009,WH005,2025-08-20,99,98.21,99
BAT0000126,DELI0000126,POI000066,PROD031,SUP009,WH003,2025-09-08,120,98.21,120
BAT0000127,DELI0000127,POI000067,PROD024,SUP006,WH001,2025-12-17,24,102.97,24
BAT0000128,DELI0000128,POI000068,PROD014,SUP006,WH005,2025-12-17,55,111.95,55
BAT0000129,DELI0000129,POI000067,PROD024,SUP006,WH004,2025-12-19,27,102.97,27
BAT0000130,DELI0000130,POI000068,PROD014,SUP006,WH003,2025-12-19,28,111.95,28
BAT0000131,DELI0000131,POI000067,PROD024,SUP006,WH003,2025-12-31,18,102.97,18
BAT0000132,DELI0000132,POI000068,PROD014,SUP006,WH004,2025-12-31,32,111.95,32
BAT0000133,DELI0000133,POI000069,PROD025,SUP001,WH005,2025-05-11,25,83.76,0
BAT0000134,DELI0000134,POI000069,PROD025,SUP001,WH001,2025-05-27,23,83.76,23
BAT0000135,DELI0000135,POI000070,PROD043,SUP008,WH005,2026-01-23,68,90.74,68
BAT0000136,DELI0000136,POI000070,PROD043,SUP008,WH002,2026-01-27,86,90.74,86
BAT0000137,DELI0000137,POI000071,PROD035,SUP005,WH001,2025-09-11,86,66.07,86
BAT0000138,DELI0000138,POI000071,PROD035,SUP005,WH004,2025-09-16,25,66.07,25
BAT0000139,DELI0000139,POI000071,PROD035,SUP005,WH001,2025-09-20,24,66.07,24
BAT0000140,DELI0000140,POI000072,PROD020,SUP009,WH005,2025-03-25,110,77.79,110
BAT0000141,DELI0000141,POI000073,PROD043,SUP012,WH002,2025-11-12,52,89.86,52
BAT0000142,DELI0000142,POI000073,PROD043,SUP012,WH003,2025-11-20,43,89.86,43
BAT0000143,DELI0000143,POI000074,PROD036,SUP013,WH001,2026-04-21,93,31.09,93
BAT0000144,DELI0000144,POI000075,PROD032,SUP013,WH003,2026-04-21,96,129.47,96
BAT0000145,DELI0000145,POI000074,PROD036,SUP013,WH005,2026-04-24,64,31.09,64
BAT0000146,DELI0000146,POI000075,PROD032,SUP013,WH003,2026-04-24,106,129.47,106
BAT0000147,DELI0000147,POI000076,PROD029,SUP007,WH001,2025-09-20,67,26.97,67
BAT0000148,DELI0000148,POI000077,PROD015,SUP010,WH003,2025-12-29,60,58.69,60
BAT0000149,DELI0000149,POI000077,PROD015,SUP010,WH005,2026-01-02,37,58.69,37
BAT0000150,DELI0000150,POI000077,PROD015,SUP010,WH003,2026-01-04,34,58.69,34
BAT0000151,DELI0000151,POI000078,PROD019,SUP011,WH004,2026-01-18,29,93.62,29
BAT0000152,DELI0000152,POI000078,PROD019,SUP011,WH003,2026-01-20,20,93.62,20
BAT0000153,DELI0000153,POI000079,PROD012,SUP011,WH003,2025-07-04,14,108.1,14
BAT0000154,DELI0000154,POI000080,PROD030,SUP011,WH005,2025-07-04,26,92.24,0
BAT0000155,DELI0000155,POI000079,PROD012,SUP011,WH002,2025-07-06,34,108.1,34
BAT0000156,DELI0000156,POI000080,PROD030,SUP011,WH002,2025-07-06,32,92.24,0
BAT0000157,DELI0000157,POI000081,PROD046,SUP007,WH004,2025-05-05,88,97.11,88
BAT0000158,DELI0000158,POI000081,PROD046,SUP007,WH002,2025-05-04,35,97.11,15
BAT0000159,DELI0000159,POI000081,PROD046,SUP007,WH005,2025-05-09,70,97.11,70
BAT0000160,DELI0000160,POI000082,PROD033,SUP002,WH003,2025-07-20,117,43.57,117
BAT0000161,DELI0000161,POI000083,PROD005,SUP002,WH004,2025-07-20,81,17.57,81
BAT0000162,DELI0000162,POI000082,PROD033,SUP002,WH005,2025-07-27,102,43.57,102
BAT0000163,DELI0000163,POI000083,PROD005,SUP002,WH001,2025-07-27,98,17.57,98
BAT0000164,DELI0000164,POI000084,PROD020,SUP012,WH003,2025-06-25,105,73.51,105
BAT0000165,DELI0000165,POI000085,PROD042,SUP012,WH002,2025-06-25,103,93.52,103
BAT0000166,DELI0000166,POI000086,PROD047,SUP006,WH005,2025-08-15,78,55.02,78
BAT0000167,DELI0000167,POI000086,PROD047,SUP006,WH005,2025-08-19,61,55.02,61
BAT0000168,DELI0000168,POI000086,PROD047,SUP006,WH003,2025-08-25,60,55.02,60
BAT0000169,DELI0000169,POI000087,PROD015,SUP003,WH004,2026-01-05,119,56.77,119
BAT0000170,DELI0000170,POI000088,PROD028,SUP003,WH004,2026-01-05,50,12.28,50
BAT0000171,DELI0000171,POI000087,PROD015,SUP003,WH002,2026-01-07,74,56.77,74
BAT0000172,DELI0000172,POI000088,PROD028,SUP003,WH005,2026-01-07,33,12.28,33
BAT0000173,DELI0000173,POI000089,PROD015,SUP003,WH002,2025-08-07,29,63.46,29
BAT0000174,DELI0000174,POI000089,PROD015,SUP003,WH001,2025-08-14,28,63.46,28
BAT0000175,DELI0000175,POI000089,PROD015,SUP003,WH003,2025-08-27,29,63.46,29
BAT0000176,DELI0000176,POI000090,PROD033,SUP002,WH005,2025-12-19,19,43.12,19
BAT0000177,DELI0000177,POI000090,PROD033,SUP002,WH003,2025-12-23,28,43.12,28
BAT0000178,DELI0000178,POI000091,PROD002,SUP012,WH002,2025-01-31,60,54.94,12
BAT0000179,DELI0000179,POI000092,PROD008,SUP012,WH003,2025-01-31,83,94.16,0
BAT0000180,DELI0000180,POI000093,PROD043,SUP012,WH002,2025-01-31,63,86.72,0
BAT0000181,DELI0000181,POI000091,PROD002,SUP012,WH002,2025-02-01,141,54.94,141
BAT0000182,DELI0000182,POI000092,PROD008,SUP012,WH002,2025-02-01,82,94.16,44
BAT0000183,DELI0000183,POI000093,PROD043,SUP012,WH001,2025-02-01,65,86.72,6
BAT0000184,DELI0000184,POI000094,PROD017,SUP011,WH002,2025-06-07,135,69.02,135
BAT0000185,DELI0000185,POI000095,PROD048,SUP014,WH005,2025-05-22,173,44.56,173
BAT0000186,DELI0000186,POI000096,PROD014,SUP006,WH004,2025-02-14,148,94.91,98
BAT0000187,DELI0000187,POI000097,PROD048,SUP014,WH005,2026-01-09,37,42.06,37
BAT0000188,DELI0000188,POI000097,PROD048,SUP014,WH002,2026-01-14,22,42.06,22
BAT0000189,DELI0000189,POI000098,PROD002,SUP006,WH004,2025-01-24,108,62.36,0
BAT0000190,DELI0000190,POI000098,PROD002,SUP006,WH004,2025-01-28,58,62.36,0
BAT0000191,DELI0000191,POI000098,PROD002,SUP006,WH004,2025-01-31,35,62.36,35
BAT0000192,DELI0000192,POI000099,PROD004,SUP013,WH002,2025-07-01,40,84.69,40
BAT0000193,DELI0000193,POI000099,PROD004,SUP013,WH001,2025-07-01,92,84.69,92
BAT0000194,DELI0000194,POI000100,PROD040,SUP001,WH004,2025-04-15,188,73.06,188
BAT0000195,DELI0000195,POI000101,PROD046,SUP002,WH002,2026-03-06,160,93.67,160
BAT0000196,DELI0000196,POI000102,PROD039,SUP002,WH005,2026-03-06,164,34.13,164
BAT0000197,DELI0000197,POI000103,PROD039,SUP013,WH001,2025-02-07,109,36.73,0
BAT0000198,DELI0000198,POI000104,PROD007,SUP011,WH002,2026-02-06,169,96.88,169
BAT0000199,DELI0000199,POI000105,PROD016,SUP012,WH004,2025-06-07,25,32.32,25
BAT0000200,DELI0000200,POI000105,PROD016,SUP012,WH002,2025-06-11,24,32.32,24
BAT0000201,DELI0000201,POI000106,PROD038,SUP007,WH005,2025-09-14,43,65.67,43
BAT0000202,DELI0000202,POI000106,PROD038,SUP007,WH005,2025-09-13,33,65.67,33
BAT0000203,DELI0000203,POI000106,PROD038,SUP007,WH005,2025-09-21,66,65.67,66
BAT0000204,DELI0000204,POI000107,PROD032,SUP013,WH004,2025-04-14,66,129.43,66
BAT0000205,DELI0000205,POI000108,PROD041,SUP007,WH005,2026-04-04,39,57.76,39
BAT0000206,DELI0000206,POI000108,PROD041,SUP007,WH004,2026-04-04,20,57.76,20
BAT0000207,DELI0000207,POI000108,PROD041,SUP007,WH005,2026-04-12,19,57.76,19
BAT0000208,DELI0000208,POI000109,PROD044,SUP009,WH002,2025-11-25,183,40.41,183
BAT0000209,DELI0000209,POI000110,PROD041,SUP009,WH004,2025-11-25,40,60.87,40
BAT0000210,DELI0000210,POI000111,PROD014,SUP004,WH003,2025-01-26,95,100.04,0
BAT0000211,DELI0000211,POI000111,PROD014,SUP004,WH002,2025-01-28,54,100.04,0
BAT0000212,DELI0000212,POI000111,PROD014,SUP004,WH003,2025-01-31,58,100.04,0
BAT0000213,DELI0000213,POI000112,PROD036,SUP014,WH004,2025-04-30,40,30.88,40
BAT0000214,DELI0000214,POI000113,PROD040,SUP014,WH002,2025-04-30,26,82.02,26
BAT0000215,DELI0000215,POI000114,PROD006,SUP014,WH003,2025-04-30,16,113.6,0
BAT0000216,DELI0000216,POI000112,PROD036,SUP014,WH004,2025-05-03,23,30.88,23
BAT0000217,DELI0000217,POI000113,PROD040,SUP014,WH001,2025-05-03,13,82.02,13
BAT0000218,DELI0000218,POI000114,PROD006,SUP014,WH003,2025-05-03,13,113.6,0
BAT0000219,DELI0000219,POI000112,PROD036,SUP014,WH002,2025-05-07,36,30.88,36
BAT0000220,DELI0000220,POI000113,PROD040,SUP014,WH003,2025-05-07,30,82.02,30
BAT0000221,DELI0000221,POI000114,PROD006,SUP014,WH003,2025-05-07,15,113.6,0
BAT0000222,DELI0000222,POI000115,PROD002,SUP005,WH005,2026-03-21,82,55.95,82
BAT0000223,DELI0000223,POI000116,PROD005,SUP006,WH002,2025-12-26,78,20.6,78
BAT0000224,DELI0000224,POI000116,PROD005,SUP006,WH002,2025-12-27,39,20.6,39
BAT0000225,DELI0000225,POI000116,PROD005,SUP006,WH002,2026-01-02,33,20.6,33
BAT0000226,DELI0000226,POI000117,PROD011,SUP004,WH002,2025-10-03,35,51.35,35
BAT0000227,DELI0000227,POI000118,PROD010,SUP004,WH002,2025-10-03,117,62.36,117
BAT0000228,DELI0000228,POI000117,PROD011,SUP004,WH001,2025-10-06,15,51.35,15
BAT0000229,DELI0000229,POI000118,PROD010,SUP004,WH004,2025-10-06,25,62.36,25
BAT0000230,DELI0000230,POI000117,PROD011,SUP004,WH004,2025-10-11,9,51.35,9
BAT0000231,DELI0000231,POI000118,PROD010,SUP004,WH003,2025-10-11,51,62.36,51
BAT0000232,DELI0000232,POI000119,PROD023,SUP001,WH004,2025-11-02,114,102.71,114
BAT0000233,DELI0000233,POI000120,PROD017,SUP004,WH001,2025-11-29,117,71.94,117
BAT0000234,DELI0000234,POI000120,PROD017,SUP004,WH002,2025-11-30,57,71.94,57
BAT0000235,DELI0000235,POI000121,PROD028,SUP003,WH004,2025-06-09,44,13.25,44
BAT0000236,DELI0000236,POI000121,PROD028,SUP003,WH005,2025-06-11,84,13.25,84
BAT0000237,DELI0000237,POI000122,PROD038,SUP014,WH001,2026-03-23,71,58.92,71
BAT0000238,DELI0000238,POI000122,PROD038,SUP014,WH005,2026-03-21,36,58.92,36
BAT0000239,DELI0000239,POI000123,PROD019,SUP008,WH004,2025-06-04,65,96.41,65
BAT0000240,DELI0000240,POI000123,PROD019,SUP008,WH001,2025-06-21,70,96.41,70
BAT0000241,DELI0000241,POI000124,PROD021,SUP006,WH003,2026-03-14,79,100.24,79
BAT0000242,DELI0000242,POI000124,PROD021,SUP006,WH004,2026-03-18,128,100.24,128
BAT0000243,DELI0000243,POI000125,PROD034,SUP001,WH005,2025-06-16,14,43.55,14
BAT0000244,DELI0000244,POI000126,PROD025,SUP001,WH005,2025-06-16,50,83.76,50
BAT0000245,DELI0000245,POI000125,PROD034,SUP001,WH005,2025-06-17,11,43.55,11
BAT0000246,DELI0000246,POI000126,PROD025,SUP001,WH002,2025-06-17,52,83.76,52
BAT0000247,DELI0000247,POI000125,PROD034,SUP001,WH004,2025-06-20,15,43.55,15
BAT0000248,DELI0000248,POI000126,PROD025,SUP001,WH002,2025-06-20,37,83.76,37
BAT0000249,DELI0000249,POI000127,PROD015,SUP003,WH004,2025-11-25,74,64.0,74
BAT0000250,DELI0000250,POI000128,PROD039,SUP003,WH004,2025-11-25,93,31.92,93
BAT0000251,DELI0000251,POI000129,PROD008,SUP003,WH001,2025-11-25,51,101.38,51
BAT0000252,DELI0000252,POI000127,PROD015,SUP003,WH004,2025-11-11,34,64.0,34
BAT0000253,DELI0000253,POI000128,PROD039,SUP003,WH003,2025-11-11,18,31.92,18
BAT0000254,DELI0000254,POI000129,PROD008,SUP003,WH004,2025-11-11,29,101.38,29
BAT0000255,DELI0000255,POI000127,PROD015,SUP003,WH002,2025-11-15,17,64.0,17
BAT0000256,DELI0000256,POI000128,PROD039,SUP003,WH004,2025-11-15,23,31.92,23
BAT0000257,DELI0000257,POI000129,PROD008,SUP003,WH002,2025-11-15,21,101.38,21
BAT0000258,DELI0000258,POI000130,PROD037,SUP008,WH005,2025-08-01,80,22.64,80
BAT0000259,DELI0000259,POI000130,PROD037,SUP008,WH001,2025-08-20,50,22.64,50
BAT0000260,DELI0000260,POI000130,PROD037,SUP008,WH004,2025-08-08,40,22.64,40
BAT0000261,DELI0000261,POI000131,PROD033,SUP002,WH005,2026-02-28,30,47.85,30
BAT0000262,DELI0000262,POI000131,PROD033,SUP002,WH001,2026-02-23,29,47.85,29
BAT0000263,DELI0000263,POI000131,PROD033,SUP002,WH001,2026-03-05,16,47.85,16
BAT0000264,DELI0000264,POI000132,PROD007,SUP011,WH004,2025-09-22,66,90.55,66
BAT0000265,DELI0000265,POI000132,PROD007,SUP011,WH002,2025-09-28,78,90.55,78
BAT0000266,DELI0000266,POI000133,PROD020,SUP012,WH002,2025-09-22,84,82.06,84
BAT0000267,DELI0000267,POI000133,PROD020,SUP012,WH001,2025-09-29,113,82.06,113
BAT0000268,DELI0000268,POI000134,PROD012,SUP011,WH004,2025-09-20,185,123.26,185
BAT0000269,DELI0000269,POI000135,PROD007,SUP006,WH002,2026-03-12,122,100.01,122
BAT0000270,DELI0000270,POI000135,PROD007,SUP006,WH004,2026-03-18,51,100.01,51
BAT0000271,DELI0000271,POI000135,PROD007,SUP006,WH003,2026-03-22,46,100.01,46
BAT0000272,DELI0000272,POI000136,PROD029,SUP008,WH004,2025-07-24,142,23.3,142
BAT0000273,DELI0000273,POI000137,PROD029,SUP008,WH004,2025-06-13,59,23.84,59
BAT0000274,DELI0000274,POI000137,PROD029,SUP008,WH003,2025-06-19,71,23.84,71
BAT0000275,DELI0000275,POI000137,PROD029,SUP008,WH001,2025-07-07,35,23.84,35
BAT0000276,DELI0000276,POI000138,PROD002,SUP005,WH001,2025-10-12,88,62.69,88
BAT0000277,DELI0000277,POI000139,PROD046,SUP013,WH005,2026-01-31,91,100.11,91
BAT0000278,DELI0000278,POI000139,PROD046,SUP013,WH001,2026-02-07,40,100.11,40
BAT0000279,DELI0000279,POI000140,PROD019,SUP008,WH002,2025-11-25,132,99.05,132
BAT0000280,DELI0000280,POI000141,PROD010,SUP008,WH001,2025-11-25,58,58.73,58
BAT0000281,DELI0000281,POI000140,PROD019,SUP008,WH001,2025-11-28,83,99.05,83
BAT0000282,DELI0000282,POI000141,PROD010,SUP008,WH001,2025-11-28,35,58.73,35
BAT0000283,DELI0000283,POI000142,PROD039,SUP003,WH002,2025-07-29,174,36.09,174
BAT0000284,DELI0000284,POI000143,PROD002,SUP012,WH005,2025-10-01,57,54.33,57
BAT0000285,DELI0000285,POI000144,PROD019,SUP010,WH002,2025-02-15,69,93.34,14
BAT0000286,DELI0000286,POI000144,PROD019,SUP010,WH002,2025-02-20,63,93.34,63
BAT0000287,DELI0000287,POI000144,PROD019,SUP010,WH004,2025-03-08,61,93.34,61
BAT0000288,DELI0000288,POI000145,PROD047,SUP003,WH001,2025-09-18,86,55.02,86
BAT0000289,DELI0000289,POI000146,PROD037,SUP008,WH002,2025-06-02,29,21.69,29
BAT0000290,DELI0000290,POI000146,PROD037,SUP008,WH004,2025-06-02,50,21.69,50
BAT0000291,DELI0000291,POI000147,PROD003,SUP002,WH003,2025-03-30,193,109.44,0
BAT0000292,DELI0000292,POI000148,PROD027,SUP007,WH002,2025-07-31,133,57.77,133
BAT0000293,DELI0000293,POI000149,PROD045,SUP007,WH005,2025-07-31,115,97.58,115
BAT0000294,DELI0000294,POI000150,PROD044,SUP007,WH005,2025-07-31,38,42.04,38
BAT0000295,DELI0000295,POI000148,PROD027,SUP007,WH001,2025-08-22,79,57.77,79
BAT0000296,DELI0000296,POI000149,PROD045,SUP007,WH002,2025-08-22,82,97.58,82
BAT0000297,DELI0000297,POI000150,PROD044,SUP007,WH003,2025-08-22,87,42.04,87
BAT0000298,DELI0000298,POI000151,PROD017,SUP011,WH005,2025-10-10,37,75.13,37
BAT0000299,DELI0000299,POI000151,PROD017,SUP011,WH001,2025-10-18,54,75.13,54
BAT0000300,DELI0000300,POI000152,PROD014,SUP004,WH005,2025-08-11,89,93.46,89
BAT0000301,DELI0000301,POI000152,PROD014,SUP004,WH004,2025-08-19,72,93.46,72
BAT0000302,DELI0000302,POI000153,PROD036,SUP013,WH002,2025-04-09,73,27.23,0
BAT0000303,DELI0000303,POI000154,PROD048,SUP013,WH001,2025-04-09,97,38.8,97
BAT0000304,DELI0000304,POI000155,PROD032,SUP013,WH005,2025-04-09,46,111.6,46
BAT0000305,DELI0000305,POI000153,PROD036,SUP013,WH002,2025-04-16,118,27.23,105
BAT0000306,DELI0000306,POI000154,PROD048,SUP013,WH001,2025-04-16,111,38.8,111
BAT0000307,DELI0000307,POI000155,PROD032,SUP013,WH003,2025-04-16,79,111.6,79
BAT0000308,DELI0000308,POI000156,PROD044,SUP007,WH005,2025-04-27,69,40.03,69
BAT0000309,DELI0000309,POI000157,PROD027,SUP007,WH001,2025-04-27,45,58.64,45
BAT0000310,DELI0000310,POI000156,PROD044,SUP007,WH005,2025-05-02,35,40.03,35
BAT0000311,DELI0000311,POI000157,PROD027,SUP007,WH001,2025-05-02,89,58.64,89
BAT0000312,DELI0000312,POI000158,PROD026,SUP011,WH005,2025-03-13,23,31.91,0
BAT0000313,DELI0000313,POI000158,PROD026,SUP011,WH004,2025-03-21,35,31.91,35
BAT0000314,DELI0000314,POI000158,PROD026,SUP011,WH003,2025-03-21,17,31.91,17
BAT0000315,DELI0000315,POI000159,PROD042,SUP010,WH005,2025-09-23,52,103.16,52
BAT0000316,DELI0000316,POI000159,PROD042,SUP010,WH003,2025-10-12,46,103.16,46
BAT0000317,DELI0000317,POI000160,PROD021,SUP015,WH004,2025-06-18,83,96.43,83
BAT0000318,DELI0000318,POI000161,PROD022,SUP015,WH004,2025-06-18,84,47.32,84
BAT0000319,DELI0000319,POI000162,PROD020,SUP015,WH001,2025-06-18,76,79.25,76
BAT0000320,DELI0000320,POI000160,PROD021,SUP015,WH004,2025-06-21,100,96.43,100
BAT0000321,DELI0000321,POI000161,PROD022,SUP015,WH003,2025-06-21,111,47.32,111
BAT0000322,DELI0000322,POI000162,PROD020,SUP015,WH004,2025-06-21,84,79.25,84
BAT0000323,DELI0000323,POI000163,PROD003,SUP002,WH002,2025-05-26,50,102.51,50
BAT0000324,DELI0000324,POI000163,PROD003,SUP002,WH004,2025-05-31,46,102.51,46
BAT0000325,DELI0000325,POI000163,PROD003,SUP002,WH002,2025-06-05,43,102.51,43
BAT0000326,DELI0000326,POI000164,PROD047,SUP003,WH005,2025-09-29,206,53.43,206
BAT0000327,DELI0000327,POI000165,PROD005,SUP008,WH003,2026-03-14,63,17.08,63
BAT0000328,DELI0000328,POI000165,PROD005,SUP008,WH005,2026-03-15,142,17.08,142
BAT0000329,DELI0000329,POI000166,PROD028,SUP013,WH004,2025-04-27,55,11.89,55
BAT0000330,DELI0000330,POI000166,PROD028,SUP013,WH004,2025-05-02,68,11.89,68
BAT0000331,DELI0000331,POI000167,PROD034,SUP001,WH005,2025-10-13,42,43.55,42
BAT0000332,DELI0000332,POI000167,PROD034,SUP001,WH003,2025-11-03,24,43.55,24
BAT0000333,DELI0000333,POI000168,PROD017,SUP004,WH002,2025-10-10,61,75.87,61
BAT0000334,DELI0000334,POI000169,PROD024,SUP006,WH003,2025-08-18,128,107.38,128
BAT0000335,DELI0000335,POI000169,PROD024,SUP006,WH004,2025-08-14,75,107.38,75
BAT0000336,DELI0000336,POI000170,PROD032,SUP005,WH004,2025-06-09,94,117.84,94
BAT0000337,DELI0000337,POI000170,PROD032,SUP005,WH005,2025-06-15,115,117.84,115
BAT0000338,DELI0000338,POI000171,PROD031,SUP013,WH004,2025-10-03,90,88.02,90
BAT0000339,DELI0000339,POI000171,PROD031,SUP013,WH003,2025-09-30,44,88.02,44
BAT0000340,DELI0000340,POI000172,PROD035,SUP007,WH004,2025-07-20,27,63.64,27
BAT0000341,DELI0000341,POI000173,PROD001,SUP007,WH003,2025-07-20,152,99.12,152
BAT0000342,DELI0000342,POI000172,PROD035,SUP007,WH002,2025-07-24,15,63.64,15
BAT0000343,DELI0000343,POI000173,PROD001,SUP007,WH004,2025-07-24,27,99.12,27
BAT0000344,DELI0000344,POI000172,PROD035,SUP007,WH002,2025-08-12,12,63.64,12
BAT0000345,DELI0000345,POI000173,PROD001,SUP007,WH003,2025-08-12,39,99.12,39
BAT0000346,DELI0000346,POI000174,PROD039,SUP013,WH003,2026-01-02,27,31.14,27
BAT0000347,DELI0000347,POI000175,PROD024,SUP013,WH003,2026-01-02,19,102.75,19
BAT0000348,DELI0000348,POI000174,PROD039,SUP013,WH005,2026-01-10,12,31.14,12
BAT0000349,DELI0000349,POI000175,PROD024,SUP013,WH003,2026-01-10,8,102.75,8
BAT0000350,DELI0000350,POI000174,PROD039,SUP013,WH005,2026-01-11,22,31.14,22
BAT0000351,DELI0000351,POI000175,PROD024,SUP013,WH001,2026-01-11,13,102.75,13
BAT0000352,DELI0000352,POI000176,PROD025,SUP001,WH002,2025-12-04,113,83.76,113
BAT0000353,DELI0000353,POI000176,PROD025,SUP001,WH001,2025-12-07,54,83.76,54
BAT0000354,DELI0000354,POI000177,PROD009,SUP014,WH004,2025-03-13,96,24.91,41
BAT0000355,DELI0000355,POI000177,PROD009,SUP014,WH004,2025-03-19,39,24.91,39
BAT0000356,DELI0000356,POI000177,PROD009,SUP014,WH005,2025-03-23,78,24.91,78
BAT0000357,DELI0000357,POI000178,PROD008,SUP007,WH004,2025-02-14,73,89.03,73
BAT0000358,DELI0000358,POI000178,PROD008,SUP007,WH004,2025-02-17,117,89.03,117
BAT0000359,DELI0000359,POI000179,PROD010,SUP008,WH001,2026-02-02,82,54.34,82
BAT0000360,DELI0000360,POI000180,PROD005,SUP008,WH001,2026-02-02,103,17.3,103
BAT0000361,DELI0000361,POI000181,PROD027,SUP007,WH002,2025-05-01,107,57.88,107
BAT0000362,DELI0000362,POI000181,PROD027,SUP007,WH004,2025-05-06,51,57.88,51
BAT0000363,DELI0000363,POI000182,PROD015,SUP010,WH002,2025-08-23,44,63.95,44
BAT0000364,DELI0000364,POI000182,PROD015,SUP010,WH003,2025-08-28,35,63.95,35
BAT0000365,DELI0000365,POI000182,PROD015,SUP010,WH005,2025-08-30,39,63.95,39
BAT0000366,DELI0000366,POI000183,PROD035,SUP005,WH004,2026-03-16,208,58.02,208
BAT0000367,DELI0000367,POI000184,PROD002,SUP005,WH005,2026-03-16,187,58.27,187
BAT0000368,DELI0000368,POI000185,PROD041,SUP007,WH003,2025-09-16,22,57.85,22
BAT0000369,DELI0000369,POI000185,PROD041,SUP007,WH004,2025-09-22,35,57.85,35
BAT0000370,DELI0000370,POI000186,PROD016,SUP004,WH005,2025-01-20,123,33.96,0
BAT0000371,DELI0000371,POI000186,PROD016,SUP004,WH003,2025-01-29,43,33.96,0
BAT0000372,DELI0000372,POI000186,PROD016,SUP004,WH003,2025-01-30,35,33.96,0
BAT0000373,DELI0000373,POI000187,PROD020,SUP009,WH004,2026-01-08,81,78.29,81
BAT0000374,DELI0000374,POI000188,PROD041,SUP009,WH003,2026-01-08,87,61.65,87
BAT0000375,DELI0000375,POI000187,PROD020,SUP009,WH003,2026-01-13,131,78.29,131
BAT0000376,DELI0000376,POI000188,PROD041,SUP009,WH003,2026-01-13,60,61.65,60
BAT0000377,DELI0000377,POI000189,PROD024,SUP006,WH001,2025-07-08,174,118.72,174
BAT0000378,DELI0000378,POI000190,PROD047,SUP006,WH002,2025-07-08,171,48.43,162
BAT0000379,DELI0000379,POI000191,PROD008,SUP012,WH001,2026-04-10,99,105.31,99
BAT0000380,DELI0000380,POI000192,PROD002,SUP012,WH005,2026-04-10,135,61.27,135
BAT0000381,DELI0000381,POI000193,PROD032,SUP001,WH002,2026-01-03,66,102.4,66
BAT0000382,DELI0000382,POI000194,PROD040,SUP001,WH002,2026-01-03,110,73.06,110
BAT0000383,DELI0000383,POI000195,PROD029,SUP005,WH004,2026-01-21,20,25.69,20
BAT0000384,DELI0000384,POI000196,PROD003,SUP005,WH003,2026-01-21,36,111.41,36
BAT0000385,DELI0000385,POI000195,PROD029,SUP005,WH005,2026-01-29,14,25.69,14
BAT0000386,DELI0000386,POI000196,PROD003,SUP005,WH005,2026-01-29,18,111.41,18
BAT0000387,DELI0000387,POI000195,PROD029,SUP005,WH005,2026-02-03,18,25.69,18
BAT0000388,DELI0000388,POI000196,PROD003,SUP005,WH003,2026-02-03,29,111.41,29
BAT0000389,DELI0000389,POI000197,PROD005,SUP006,WH002,2025-12-26,20,18.19,20
BAT0000390,DELI0000390,POI000198,PROD017,SUP006,WH003,2025-12-26,65,69.68,65
BAT0000391,DELI0000391,POI000197,PROD005,SUP006,WH002,2025-12-29,14,18.19,14
BAT0000392,DELI0000392,POI000198,PROD017,SUP006,WH003,2025-12-29,35,69.68,35
BAT0000393,DELI0000393,POI000197,PROD005,SUP006,WH002,2026-01-07,8,18.19,8
BAT0000394,DELI0000394,POI000198,PROD017,SUP006,WH003,2026-01-07,18,69.68,18
BAT0000395,DELI0000395,POI000199,PROD034,SUP013,WH005,2025-12-20,21,50.25,21
BAT0000396,DELI0000396,POI000199,PROD034,SUP013,WH002,2025-12-25,21,50.25,21
BAT0000397,DELI0000397,POI000200,PROD036,SUP013,WH001,2026-01-28,23,32.7,23
BAT0000398,DELI0000398,POI000200,PROD036,SUP013,WH001,2026-02-02,19,32.7,19
BAT0000399,DELI0000399,POI000200,PROD036,SUP013,WH005,2026-02-03,10,32.7,10
BAT0000400,DELI0000400,POI000201,PROD043,SUP008,WH002,2025-06-28,80,80.52,80
BAT0000401,DELI0000401,POI000202,PROD017,SUP006,WH004,2026-03-14,160,66.96,160
BAT0000402,DELI0000402,POI000203,PROD019,SUP010,WH001,2026-02-02,37,109.04,37
BAT0000403,DELI0000403,POI000203,PROD019,SUP010,WH005,2026-02-05,22,109.04,22
BAT0000404,DELI0000404,POI000203,PROD019,SUP010,WH003,2026-02-12,34,109.04,34
BAT0000405,DELI0000405,POI000204,PROD022,SUP015,WH004,2025-12-31,119,43.93,119
BAT0000406,DELI0000406,POI000205,PROD021,SUP015,WH004,2025-12-31,26,96.09,26
BAT0000407,DELI0000407,POI000204,PROD022,SUP015,WH003,2025-12-26,72,43.93,72
BAT0000408,DELI0000408,POI000205,PROD021,SUP015,WH002,2025-12-26,52,96.09,52
BAT0000409,DELI0000409,POI000206,PROD026,SUP009,WH003,2025-04-03,40,28.58,40
BAT0000410,DELI0000410,POI000206,PROD026,SUP009,WH004,2025-04-09,33,28.58,33
BAT0000411,DELI0000411,POI000207,PROD008,SUP007,WH001,2025-12-02,40,93.08,40
BAT0000412,DELI0000412,POI000207,PROD008,SUP007,WH004,2025-12-05,20,93.08,20
BAT0000413,DELI0000413,POI000207,PROD008,SUP007,WH004,2025-12-06,23,93.08,23
BAT0000414,DELI0000414,POI000208,PROD040,SUP001,WH005,2025-06-07,70,73.06,70
BAT0000415,DELI0000415,POI000209,PROD042,SUP001,WH001,2025-06-07,33,89.11,33
BAT0000416,DELI0000416,POI000208,PROD040,SUP001,WH002,2025-06-04,84,73.06,84
BAT0000417,DELI0000417,POI000209,PROD042,SUP001,WH002,2025-06-04,54,89.11,30
BAT0000418,DELI0000418,POI000210,PROD014,SUP014,WH003,2025-05-09,44,104.94,44
BAT0000419,DELI0000419,POI000210,PROD014,SUP014,WH001,2025-05-10,25,104.94,25
BAT0000420,DELI0000420,POI000211,PROD012,SUP013,WH001,2026-01-26,81,116.69,81
BAT0000421,DELI0000421,POI000212,PROD038,SUP013,WH005,2026-01-26,45,65.69,45
BAT0000422,DELI0000422,POI000211,PROD012,SUP013,WH004,2026-01-30,56,116.69,56
BAT0000423,DELI0000423,POI000212,PROD038,SUP013,WH005,2026-01-30,50,65.69,50
BAT0000424,DELI0000424,POI000213,PROD047,SUP003,WH005,2026-03-03,34,50.25,34
BAT0000425,DELI0000425,POI000213,PROD047,SUP003,WH002,2026-03-05,21,50.25,21
BAT0000426,DELI0000426,POI000213,PROD047,SUP003,WH005,2026-03-14,14,50.25,14
BAT0000427,DELI0000427,POI000214,PROD037,SUP009,WH004,2026-02-26,56,21.6,56
BAT0000428,DELI0000428,POI000214,PROD037,SUP009,WH004,2026-03-04,29,21.6,29
BAT0000429,DELI0000429,POI000215,PROD011,SUP004,WH005,2025-06-21,125,55.34,90
BAT0000430,DELI0000430,POI000216,PROD022,SUP015,WH003,2025-03-20,110,47.55,0
BAT0000431,DELI0000431,POI000216,PROD022,SUP015,WH005,2025-03-20,71,47.55,0
BAT0000432,DELI0000432,POI000217,PROD021,SUP008,WH001,2025-06-09,210,89.57,210
BAT0000433,DELI0000433,POI000218,PROD041,SUP008,WH005,2025-06-09,44,60.51,0
BAT0000434,DELI0000434,POI000219,PROD036,SUP014,WH001,2025-08-24,116,27.06,116
BAT0000435,DELI0000435,POI000219,PROD036,SUP014,WH002,2025-08-29,51,27.06,51
BAT0000436,DELI0000436,POI000219,PROD036,SUP014,WH002,2025-08-31,28,27.06,28
BAT0000437,DELI0000437,POI000220,PROD023,SUP005,WH001,2025-07-16,46,112.77,0
BAT0000438,DELI0000438,POI000220,PROD023,SUP005,WH002,2025-07-22,38,112.77,0
BAT0000439,DELI0000439,POI000221,PROD028,SUP015,WH002,2025-12-31,27,12.4,27
BAT0000440,DELI0000440,POI000221,PROD028,SUP015,WH005,2026-01-15,24,12.4,24
BAT0000441,DELI0000441,POI000222,PROD015,SUP015,WH002,2026-03-27,188,55.0,188
BAT0000442,DELI0000442,POI000223,PROD007,SUP009,WH004,2025-04-11,31,87.17,31
BAT0000443,DELI0000443,POI000223,PROD007,SUP009,WH004,2025-04-15,11,87.17,11
BAT0000444,DELI0000444,POI000223,PROD007,SUP009,WH005,2025-04-21,9,87.17,9
BAT0000445,DELI0000445,POI000224,PROD032,SUP013,WH003,2025-09-23,44,111.0,44
BAT0000446,DELI0000446,POI000225,PROD046,SUP013,WH001,2025-09-23,53,105.91,53
BAT0000447,DELI0000447,POI000224,PROD032,SUP013,WH002,2025-10-01,15,111.0,15
BAT0000448,DELI0000448,POI000225,PROD046,SUP013,WH003,2025-10-01,30,105.91,30
BAT0000449,DELI0000449,POI000224,PROD032,SUP013,WH003,2025-10-04,11,111.0,11
BAT0000450,DELI0000450,POI000225,PROD046,SUP013,WH004,2025-10-04,41,105.91,41
BAT0000451,DELI0000451,POI000226,PROD001,SUP004,WH002,2025-11-20,93,97.88,93
BAT0000452,DELI0000452,POI000227,PROD009,SUP008,WH005,2025-08-02,152,21.17,152
BAT0000453,DELI0000453,POI000228,PROD018,SUP014,WH002,2025-10-08,120,15.18,120
BAT0000454,DELI0000454,POI000229,PROD036,SUP014,WH004,2025-10-08,118,28.18,118
BAT0000455,DELI0000455,POI000230,PROD012,SUP013,WH005,2025-08-04,82,119.86,82
BAT0000456,DELI0000456,POI000230,PROD012,SUP013,WH002,2025-08-05,41,119.86,41
BAT0000457,DELI0000457,POI000231,PROD037,SUP008,WH002,2025-10-24,85,21.07,85
BAT0000458,DELI0000458,POI000231,PROD037,SUP008,WH003,2025-10-28,87,21.07,87
BAT0000459,DELI0000459,POI000232,PROD025,SUP014,WH001,2025-08-14,116,89.38,116
BAT0000460,DELI0000460,POI000233,PROD019,SUP010,WH002,2025-01-26,167,104.11,0
BAT0000461,DELI0000461,POI000234,PROD016,SUP013,WH005,2025-04-04,75,35.07,33
BAT0000462,DELI0000462,POI000235,PROD024,SUP013,WH005,2025-04-04,98,108.29,0
BAT0000463,DELI0000463,POI000236,PROD002,SUP005,WH004,2026-04-06,70,62.29,70
BAT0000464,DELI0000464,POI000236,PROD002,SUP005,WH001,2026-04-09,106,62.29,106
BAT0000465,DELI0000465,POI000237,PROD032,SUP013,WH003,2025-05-13,37,121.92,37
BAT0000466,DELI0000466,POI000238,PROD028,SUP013,WH004,2025-05-13,56,14.1,56
BAT0000467,DELI0000467,POI000237,PROD032,SUP013,WH003,2025-05-17,22,121.92,22
BAT0000468,DELI0000468,POI000238,PROD028,SUP013,WH005,2025-05-17,78,14.1,78
BAT0000469,DELI0000469,POI000239,PROD039,SUP002,WH004,2025-07-26,72,32.54,72
BAT0000470,DELI0000470,POI000239,PROD039,SUP002,WH004,2025-07-31,43,32.54,43
BAT0000471,DELI0000471,POI000239,PROD039,SUP002,WH001,2025-08-07,29,32.54,29
BAT0000472,DELI0000472,POI000240,PROD016,SUP004,WH001,2025-06-05,41,33.76,41
BAT0000473,DELI0000473,POI000240,PROD016,SUP004,WH004,2025-06-10,52,33.76,52
BAT0000474,DELI0000474,POI000240,PROD016,SUP004,WH003,2025-06-24,42,33.76,42
BAT0000475,DELI0000475,POI000241,PROD006,SUP007,WH003,2026-03-03,28,127.8,28
BAT0000476,DELI0000476,POI000242,PROD008,SUP007,WH001,2026-03-03,17,100.01,17
BAT0000477,DELI0000477,POI000243,PROD038,SUP007,WH001,2026-03-03,24,61.83,24
BAT0000478,DELI0000478,POI000241,PROD006,SUP007,WH002,2026-03-08,5,127.8,5
BAT0000479,DELI0000479,POI000242,PROD008,SUP007,WH005,2026-03-08,23,100.01,23
BAT0000480,DELI0000480,POI000243,PROD038,SUP007,WH005,2026-03-08,25,61.83,25
BAT0000481,DELI0000481,POI000241,PROD006,SUP007,WH001,2026-03-14,10,127.8,10
BAT0000482,DELI0000482,POI000242,PROD008,SUP007,WH003,2026-03-14,18,100.01,18
BAT0000483,DELI0000483,POI000243,PROD038,SUP007,WH005,2026-03-14,18,61.83,18
BAT0000484,DELI0000484,POI000244,PROD045,SUP010,WH002,2026-03-01,41,102.77,41
BAT0000485,DELI0000485,POI000244,PROD045,SUP010,WH004,2026-03-17,29,102.77,29
BAT0000486,DELI0000486,POI000244,PROD045,SUP010,WH005,2026-03-08,24,102.77,24
BAT0000487,DELI0000487,POI000245,PROD022,SUP003,WH004,2025-10-17,48,48.43,48
BAT0000488,DELI0000488,POI000246,PROD034,SUP001,WH002,2025-10-27,95,43.55,95
BAT0000489,DELI0000489,POI000246,PROD034,SUP001,WH005,2025-10-25,48,43.55,48
BAT0000490,DELI0000490,POI000247,PROD021,SUP006,WH004,2025-04-15,91,85.7,91
BAT0000491,DELI0000491,POI000247,PROD021,SUP006,WH001,2025-04-18,26,85.7,26
BAT0000492,DELI0000492,POI000247,PROD021,SUP006,WH004,2025-04-18,16,85.7,16
BAT0000493,DELI0000493,POI000248,PROD011,SUP004,WH004,2025-10-28,130,52.9,130
BAT0000494,DELI0000494,POI000249,PROD009,SUP008,WH003,2025-02-28,62,21.96,0
BAT0000495,DELI0000495,POI000249,PROD009,SUP008,WH001,2025-03-04,108,21.96,0
BAT0000496,DELI0000496,POI000250,PROD047,SUP005,WH003,2025-10-04,115,49.5,115
BAT0000497,DELI0000497,POI000251,PROD023,SUP005,WH004,2025-10-04,84,116.21,84
BAT0000498,DELI0000498,POI000250,PROD047,SUP005,WH004,2025-10-12,20,49.5,20
BAT0000499,DELI0000499,POI000251,PROD023,SUP005,WH003,2025-10-12,42,116.21,42
BAT0000500,DELI0000500,POI000250,PROD047,SUP005,WH004,2025-10-15,37,49.5,37
BAT0000501,DELI0000501,POI000251,PROD023,SUP005,WH005,2025-10-15,84,116.21,84
BAT0000502,DELI0000502,POI000252,PROD004,SUP013,WH004,2025-11-23,111,84.13,111
BAT0000503,DELI0000503,POI000252,PROD004,SUP013,WH001,2025-11-26,35,84.13,35
BAT0000504,DELI0000504,POI000252,PROD004,SUP013,WH003,2025-11-29,29,84.13,29
BAT0000505,DELI0000505,POI000253,PROD030,SUP011,WH003,2025-03-24,88,89.36,0
BAT0000506,DELI0000506,POI000254,PROD048,SUP008,WH004,2025-02-28,73,41.27,0
BAT0000507,DELI0000507,POI000254,PROD048,SUP008,WH005,2025-03-09,91,41.27,0
BAT0000508,DELI0000508,POI000255,PROD020,SUP015,WH005,2025-08-08,65,78.66,65
BAT0000509,DELI0000509,POI000255,PROD020,SUP015,WH004,2025-08-08,26,78.66,26
BAT0000510,DELI0000510,POI000255,PROD020,SUP015,WH004,2025-08-12,31,78.66,31
BAT0000511,DELI0000511,POI000256,PROD036,SUP012,WH002,2026-01-27,30,30.4,30
BAT0000512,DELI0000512,POI000257,PROD016,SUP012,WH005,2026-01-27,26,32.68,26
BAT0000513,DELI0000513,POI000256,PROD036,SUP012,WH003,2026-01-31,5,30.4,5
BAT0000514,DELI0000514,POI000257,PROD016,SUP012,WH005,2026-01-31,25,32.68,25
BAT0000515,DELI0000515,POI000256,PROD036,SUP012,WH004,2026-02-15,9,30.4,9
BAT0000516,DELI0000516,POI000257,PROD016,SUP012,WH004,2026-02-15,33,32.68,33
BAT0000517,DELI0000517,POI000258,PROD009,SUP014,WH002,2025-03-13,98,22.71,91
BAT0000518,DELI0000518,POI000259,PROD035,SUP005,WH005,2025-04-22,105,58.96,105
BAT0000519,DELI0000519,POI000259,PROD035,SUP005,WH002,2025-04-15,52,58.96,14
BAT0000520,DELI0000520,POI000259,PROD035,SUP005,WH003,2025-04-21,53,58.96,53
BAT0000521,DELI0000521,POI000260,PROD038,SUP007,WH004,2026-02-16,60,62.88,60
BAT0000522,DELI0000522,POI000260,PROD038,SUP007,WH001,2026-02-10,135,62.88,135
BAT0000523,DELI0000523,POI000261,PROD009,SUP014,WH005,2025-08-19,78,21.74,78
BAT0000524,DELI0000524,POI000261,PROD009,SUP014,WH002,2025-08-24,83,21.74,83
BAT0000525,DELI0000525,POI000262,PROD015,SUP010,WH002,2025-06-25,18,57.0,18
BAT0000526,DELI0000526,POI000262,PROD015,SUP010,WH003,2025-06-25,18,57.0,18
BAT0000527,DELI0000527,POI000262,PROD015,SUP010,WH005,2025-07-04,11,57.0,11
BAT0000528,DELI0000528,POI000263,PROD015,SUP015,WH005,2026-03-06,60,56.99,60
BAT0000529,DELI0000529,POI000263,PROD015,SUP015,WH004,2026-03-07,69,56.99,69
BAT0000530,DELI0000530,POI000263,PROD015,SUP015,WH001,2026-03-20,34,56.99,34
BAT0000531,DELI0000531,POI000264,PROD035,SUP007,WH001,2026-01-08,40,56.14,40
BAT0000532,DELI0000532,POI000264,PROD035,SUP007,WH004,2026-01-16,49,56.14,49
BAT0000533,DELI0000533,POI000265,PROD045,SUP010,WH002,2025-06-17,80,108.43,80
BAT0000534,DELI0000534,POI000266,PROD021,SUP006,WH003,2026-04-03,207,99.86,207
BAT0000535,DELI0000535,POI000267,PROD008,SUP003,WH003,2025-12-27,42,103.85,42
BAT0000536,DELI0000536,POI000267,PROD008,SUP003,WH004,2025-12-28,10,103.85,10
BAT0000537,DELI0000537,POI000267,PROD008,SUP003,WH004,2025-12-31,9,103.85,9
BAT0000538,DELI0000538,POI000268,PROD005,SUP002,WH002,2025-02-01,63,17.43,0
BAT0000539,DELI0000539,POI000268,PROD005,SUP002,WH004,2025-02-02,32,17.43,0
BAT0000540,DELI0000540,POI000268,PROD005,SUP002,WH005,2025-02-05,38,17.43,0
BAT0000541,DELI0000541,POI000269,PROD044,SUP006,WH004,2026-02-20,176,43.87,176
BAT0000542,DELI0000542,POI000270,PROD016,SUP012,WH005,2025-07-22,122,34.56,122
BAT0000543,DELI0000543,POI000270,PROD016,SUP012,WH005,2025-07-25,56,34.56,56
BAT0000544,DELI0000544,POI000271,PROD041,SUP007,WH002,2025-10-09,26,58.4,26
BAT0000545,DELI0000545,POI000271,PROD041,SUP007,WH001,2025-10-12,39,58.4,39
BAT0000546,DELI0000546,POI000272,PROD032,SUP013,WH004,2026-03-26,86,120.96,86
BAT0000547,DELI0000547,POI000273,PROD024,SUP013,WH003,2026-03-26,50,117.02,50
BAT0000548,DELI0000548,POI000274,PROD031,SUP013,WH005,2026-03-26,42,93.46,42
BAT0000549,DELI0000549,POI000275,PROD013,SUP013,WH001,2025-05-10,41,76.68,37
BAT0000550,DELI0000550,POI000275,PROD013,SUP013,WH003,2025-05-14,32,76.68,32
BAT0000551,DELI0000551,POI000275,PROD013,SUP013,WH003,2025-05-21,14,76.68,14
BAT0000552,DELI0000552,POI000276,PROD032,SUP001,WH005,2025-08-23,87,102.4,87
BAT0000553,DELI0000553,POI000277,PROD034,SUP001,WH004,2025-08-23,24,43.55,24
BAT0000554,DELI0000554,POI000276,PROD032,SUP001,WH002,2025-08-31,77,102.4,77
BAT0000555,DELI0000555,POI000277,PROD034,SUP001,WH004,2025-08-31,12,43.55,12
BAT0000556,DELI0000556,POI000276,PROD032,SUP001,WH005,2025-09-02,41,102.4,41
BAT0000557,DELI0000557,POI000277,PROD034,SUP001,WH004,2025-09-02,19,43.55,19
BAT0000558,DELI0000558,POI000278,PROD016,SUP013,WH003,2025-10-02,55,33.04,55
BAT0000559,DELI0000559,POI000279,PROD028,SUP013,WH005,2025-10-02,62,12.12,62
BAT0000560,DELI0000560,POI000278,PROD016,SUP013,WH005,2025-10-07,102,33.04,102
BAT0000561,DELI0000561,POI000279,PROD028,SUP013,WH004,2025-10-07,83,12.12,83
BAT0000562,DELI0000562,POI000280,PROD016,SUP013,WH003,2025-08-09,20,33.24,20
BAT0000563,DELI0000563,POI000280,PROD016,SUP013,WH002,2025-08-13,30,33.24,30
BAT0000564,DELI0000564,POI000281,PROD045,SUP007,WH002,2025-10-20,145,100.78,145
BAT0000565,DELI0000565,POI000281,PROD045,SUP007,WH005,2025-10-26,34,100.78,34
BAT0000566,DELI0000566,POI000281,PROD045,SUP007,WH004,2025-11-01,40,100.78,40
BAT0000567,DELI0000567,POI000282,PROD011,SUP009,WH004,2025-11-23,119,46.82,119
BAT0000568,DELI0000568,POI000283,PROD012,SUP009,WH001,2025-11-23,141,119.66,141
BAT0000569,DELI0000569,POI000284,PROD040,SUP013,WH004,2025-10-17,96,88.91,96
BAT0000570,DELI0000570,POI000285,PROD038,SUP013,WH004,2025-10-17,81,67.03,81
BAT0000571,DELI0000571,POI000284,PROD040,SUP013,WH004,2025-10-21,23,88.91,23
BAT0000572,DELI0000572,POI000285,PROD038,SUP013,WH002,2025-10-21,37,67.03,37
BAT0000573,DELI0000573,POI000284,PROD040,SUP013,WH004,2025-10-31,31,88.91,31
BAT0000574,DELI0000574,POI000285,PROD038,SUP013,WH001,2025-10-31,28,67.03,28
BAT0000575,DELI0000575,POI000286,PROD014,SUP006,WH005,2025-12-08,75,97.99,75
BAT0000576,DELI0000576,POI000287,PROD005,SUP006,WH005,2025-12-08,74,19.69,74
BAT0000577,DELI0000577,POI000288,PROD002,SUP006,WH003,2025-12-08,214,59.56,214
BAT0000578,DELI0000578,POI000289,PROD027,SUP011,WH004,2025-02-11,22,55.51,0
BAT0000579,DELI0000579,POI000289,PROD027,SUP011,WH001,2025-02-12,12,55.51,0
BAT0000580,DELI0000580,POI000289,PROD027,SUP011,WH005,2025-02-17,13,55.51,0
BAT0000581,DELI0000581,POI000290,PROD004,SUP001,WH001,2025-11-11,96,75.78,96
BAT0000582,DELI0000582,POI000290,PROD004,SUP001,WH002,2025-11-21,61,75.78,61
BAT0000583,DELI0000583,POI000290,PROD004,SUP001,WH004,2025-12-06,62,75.78,62
BAT0000584,DELI0000584,POI000291,PROD001,SUP007,WH002,2025-01-24,28,92.08,0
BAT0000585,DELI0000585,POI000292,PROD029,SUP007,WH001,2025-01-24,50,24.31,0
BAT0000586,DELI0000586,POI000291,PROD001,SUP007,WH004,2025-01-29,12,92.08,0
BAT0000587,DELI0000587,POI000292,PROD029,SUP007,WH003,2025-01-29,35,24.31,0
BAT0000588,DELI0000588,POI000291,PROD001,SUP007,WH003,2025-02-02,14,92.08,0
BAT0000589,DELI0000589,POI000292,PROD029,SUP007,WH005,2025-02-02,26,24.31,0
BAT0000590,DELI0000590,POI000293,PROD040,SUP014,WH004,2026-02-03,98,77.53,98
BAT0000591,DELI0000591,POI000294,PROD046,SUP013,WH001,2025-12-18,139,106.68,139
BAT0000592,DELI0000592,POI000294,PROD046,SUP013,WH003,2025-12-22,48,106.68,48
BAT0000593,DELI0000593,POI000294,PROD046,SUP013,WH005,2025-12-23,31,106.68,31
BAT0000594,DELI0000594,POI000295,PROD022,SUP015,WH003,2026-02-10,37,51.82,37
BAT0000595,DELI0000595,POI000295,PROD022,SUP015,WH004,2026-02-19,13,51.82,13
BAT0000596,DELI0000596,POI000295,PROD022,SUP015,WH005,2026-02-22,17,51.82,17
BAT0000597,DELI0000597,POI000296,PROD046,SUP002,WH005,2025-08-26,33,95.2,33
BAT0000598,DELI0000598,POI000296,PROD046,SUP002,WH001,2025-08-20,24,95.2,24
BAT0000599,DELI0000599,POI000296,PROD046,SUP002,WH002,2025-08-25,37,95.2,37
BAT0000600,DELI0000600,POI000297,PROD028,SUP013,WH003,2025-05-26,116,11.99,116
BAT0000601,DELI0000601,POI000298,PROD012,SUP013,WH002,2025-05-26,69,104.46,69
BAT0000602,DELI0000602,POI000299,PROD004,SUP013,WH001,2025-05-26,70,89.42,0
BAT0000603,DELI0000603,POI000297,PROD028,SUP013,WH004,2025-05-28,101,11.99,101
BAT0000604,DELI0000604,POI000298,PROD012,SUP013,WH001,2025-05-28,31,104.46,31
BAT0000605,DELI0000605,POI000299,PROD004,SUP013,WH001,2025-05-28,104,89.42,60
BAT0000606,DELI0000606,POI000300,PROD047,SUP006,WH002,2025-04-30,33,55.03,0
BAT0000607,DELI0000607,POI000301,PROD014,SUP006,WH003,2025-04-30,78,110.02,78
BAT0000608,DELI0000608,POI000300,PROD047,SUP006,WH001,2025-05-03,46,55.03,0
BAT0000609,DELI0000609,POI000301,PROD014,SUP006,WH001,2025-05-03,104,110.02,104
BAT0000610,DELI0000610,POI000302,PROD034,SUP001,WH001,2026-03-15,38,43.55,38
BAT0000611,DELI0000611,POI000302,PROD034,SUP001,WH003,2026-03-05,37,43.55,37
BAT0000612,DELI0000612,POI000303,PROD012,SUP011,WH003,2025-02-09,100,105.02,0
BAT0000613,DELI0000613,POI000303,PROD012,SUP011,WH004,2025-02-18,47,105.02,35
BAT0000614,DELI0000614,POI000303,PROD012,SUP011,WH002,2025-02-22,28,105.02,28
BAT0000615,DELI0000615,POI000304,PROD014,SUP006,WH005,2025-11-26,51,103.91,51
BAT0000616,DELI0000616,POI000304,PROD014,SUP006,WH004,2025-12-05,11,103.91,11
BAT0000617,DELI0000617,POI000304,PROD014,SUP006,WH005,2025-12-04,12,103.91,12
BAT0000618,DELI0000618,POI000305,PROD008,SUP003,WH002,2025-08-11,74,99.6,74
BAT0000619,DELI0000619,POI000306,PROD035,SUP003,WH002,2025-08-11,55,64.47,55
BAT0000620,DELI0000620,POI000305,PROD008,SUP003,WH002,2025-08-21,70,99.6,70
BAT0000621,DELI0000621,POI000306,PROD035,SUP003,WH001,2025-08-21,47,64.47,47
BAT0000622,DELI0000622,POI000307,PROD038,SUP014,WH004,2025-05-16,139,57.49,75
BAT0000623,DELI0000623,POI000308,PROD025,SUP014,WH005,2025-05-16,162,98.84,43
BAT0000624,DELI0000624,POI000309,PROD010,SUP013,WH002,2025-07-10,46,57.72,46
BAT0000625,DELI0000625,POI000310,PROD024,SUP013,WH004,2025-07-10,60,118.06,60
BAT0000626,DELI0000626,POI000309,PROD010,SUP013,WH005,2025-07-18,100,57.72,100
BAT0000627,DELI0000627,POI000310,PROD024,SUP013,WH002,2025-07-18,110,118.06,110
BAT0000628,DELI0000628,POI000311,PROD010,SUP004,WH004,2026-03-10,58,56.51,58
BAT0000629,DELI0000629,POI000311,PROD010,SUP004,WH003,2026-03-19,39,56.51,39
BAT0000630,DELI0000630,POI000311,PROD010,SUP004,WH004,2026-03-22,33,56.51,33
BAT0000631,DELI0000631,POI000312,PROD046,SUP007,WH001,2025-04-20,129,107.62,0
BAT0000632,DELI0000632,POI000312,PROD046,SUP007,WH004,2025-05-04,77,107.62,72
BAT0000633,DELI0000633,POI000313,PROD022,SUP015,WH005,2025-12-26,189,46.54,189
BAT0000634,DELI0000634,POI000314,PROD034,SUP015,WH002,2025-12-26,192,54.84,192
BAT0000635,DELI0000635,POI000315,PROD031,SUP009,WH004,2026-03-08,58,86.28,58
BAT0000636,DELI0000636,POI000315,PROD031,SUP009,WH003,2026-03-11,104,86.28,104
BAT0000637,DELI0000637,POI000316,PROD045,SUP007,WH003,2026-04-07,24,104.52,24
BAT0000638,DELI0000638,POI000316,PROD045,SUP007,WH004,2026-04-14,24,104.52,24
BAT0000639,DELI0000639,POI000316,PROD045,SUP007,WH003,2026-04-18,21,104.52,21
BAT0000640,DELI0000640,POI000317,PROD016,SUP013,WH003,2025-09-01,12,37.18,12
BAT0000641,DELI0000641,POI000317,PROD016,SUP013,WH002,2025-09-06,13,37.18,13
BAT0000642,DELI0000642,POI000317,PROD016,SUP013,WH004,2025-09-09,17,37.18,17
BAT0000643,DELI0000643,POI000318,PROD029,SUP008,WH001,2026-02-17,106,24.13,106
BAT0000644,DELI0000644,POI000318,PROD029,SUP008,WH002,2026-02-20,108,24.13,108
BAT0000645,DELI0000645,POI000319,PROD042,SUP012,WH005,2025-10-29,130,98.47,130
BAT0000646,DELI0000646,POI000320,PROD030,SUP012,WH003,2025-10-29,22,85.58,22
BAT0000647,DELI0000647,POI000319,PROD042,SUP012,WH005,2025-11-06,29,98.47,29
BAT0000648,DELI0000648,POI000320,PROD030,SUP012,WH003,2025-11-06,12,85.58,12
BAT0000649,DELI0000649,POI000319,PROD042,SUP012,WH003,2025-11-09,59,98.47,59
BAT0000650,DELI0000650,POI000320,PROD030,SUP012,WH001,2025-11-09,10,85.58,10
BAT0000651,DELI0000651,POI000321,PROD045,SUP007,WH004,2025-11-08,112,109.85,112
BAT0000652,DELI0000652,POI000321,PROD045,SUP007,WH003,2025-11-14,63,109.85,63
BAT0000653,DELI0000653,POI000322,PROD020,SUP015,WH005,2025-03-08,103,75.52,33
BAT0000654,DELI0000654,POI000323,PROD010,SUP013,WH001,2025-01-19,26,58.47,0
BAT0000655,DELI0000655,POI000323,PROD010,SUP013,WH005,2025-01-22,50,58.47,0
BAT0000656,DELI0000656,POI000324,PROD017,SUP006,WH004,2025-08-29,35,77.72,35
BAT0000657,DELI0000657,POI000325,PROD005,SUP006,WH003,2025-08-29,50,18.59,50
BAT0000658,DELI0000658,POI000324,PROD017,SUP006,WH002,2025-09-01,44,77.72,44
BAT0000659,DELI0000659,POI000325,PROD005,SUP006,WH005,2025-09-01,40,18.59,40
BAT0000660,DELI0000660,POI000324,PROD017,SUP006,WH003,2025-09-02,34,77.72,34
BAT0000661,DELI0000661,POI000325,PROD005,SUP006,WH002,2025-09-02,52,18.59,52
BAT0000662,DELI0000662,POI000326,PROD048,SUP013,WH002,2026-02-09,55,41.05,55
BAT0000663,DELI0000663,POI000327,PROD032,SUP001,WH003,2025-05-19,54,102.4,54
BAT0000664,DELI0000664,POI000327,PROD032,SUP001,WH002,2025-05-03,20,102.4,20
BAT0000665,DELI0000665,POI000327,PROD032,SUP001,WH001,2025-05-24,29,102.4,29
BAT0000666,DELI0000666,POI000328,PROD012,SUP009,WH001,2025-03-11,137,114.51,137
BAT0000667,DELI0000667,POI000329,PROD007,SUP009,WH003,2025-03-11,153,93.78,22
BAT0000668,DELI0000668,POI000330,PROD040,SUP013,WH001,2025-07-22,109,89.0,109
BAT0000669,DELI0000669,POI000330,PROD040,SUP013,WH005,2025-07-25,37,89.0,37
BAT0000670,DELI0000670,POI000330,PROD040,SUP013,WH003,2025-07-31,22,89.0,22
BAT0000671,DELI0000671,POI000331,PROD008,SUP003,WH002,2025-04-26,59,97.06,59
BAT0000672,DELI0000672,POI000331,PROD008,SUP003,WH001,2025-04-29,52,97.06,52
BAT0000673,DELI0000673,POI000331,PROD008,SUP003,WH003,2025-05-05,63,97.06,63
BAT0000674,DELI0000674,POI000332,PROD006,SUP014,WH004,2025-09-02,149,121.37,149
BAT0000675,DELI0000675,POI000333,PROD025,SUP014,WH002,2025-09-02,52,96.46,52
BAT0000676,DELI0000676,POI000334,PROD040,SUP001,WH002,2025-08-21,144,73.06,144
BAT0000677,DELI0000677,POI000335,PROD040,SUP014,WH003,2025-11-23,41,89.67,41
BAT0000678,DELI0000678,POI000335,PROD040,SUP014,WH005,2025-11-26,60,89.67,60
BAT0000679,DELI0000679,POI000336,PROD043,SUP012,WH003,2025-12-09,127,95.91,127
BAT0000680,DELI0000680,POI000337,PROD016,SUP012,WH002,2025-12-09,132,33.32,132
BAT0000681,DELI0000681,POI000338,PROD027,SUP007,WH004,2025-04-23,95,55.84,95
BAT0000682,DELI0000682,POI000338,PROD027,SUP007,WH003,2025-04-25,44,55.84,44
BAT0000683,DELI0000683,POI000338,PROD027,SUP007,WH003,2025-05-01,48,55.84,48
BAT0000684,DELI0000684,POI000339,PROD044,SUP006,WH004,2025-07-09,155,47.91,155
BAT0000685,DELI0000685,POI000340,PROD011,SUP009,WH002,2025-02-15,35,50.55,0
BAT0000686,DELI0000686,POI000341,PROD007,SUP009,WH002,2025-02-15,62,86.02,0
BAT0000687,DELI0000687,POI000340,PROD011,SUP009,WH004,2025-02-20,27,50.55,0
BAT0000688,DELI0000688,POI000341,PROD007,SUP009,WH005,2025-02-20,25,86.02,0
BAT0000689,DELI0000689,POI000340,PROD011,SUP009,WH003,2025-02-21,18,50.55,0
BAT0000690,DELI0000690,POI000341,PROD007,SUP009,WH001,2025-02-21,47,86.02,0
BAT0000691,DELI0000691,POI000342,PROD043,SUP008,WH001,2025-07-08,43,85.29,43
BAT0000692,DELI0000692,POI000343,PROD010,SUP008,WH003,2025-07-08,73,56.94,73
BAT0000693,DELI0000693,POI000342,PROD043,SUP008,WH005,2025-07-15,32,85.29,32
BAT0000694,DELI0000694,POI000343,PROD010,SUP008,WH001,2025-07-15,66,56.94,66
BAT0000695,DELI0000695,POI000344,PROD031,SUP005,WH003,2025-03-04,60,98.41,0
BAT0000696,DELI0000696,POI000344,PROD031,SUP005,WH003,2025-03-08,134,98.41,21
BAT0000697,DELI0000697,POI000345,PROD025,SUP001,WH004,2025-09-14,31,83.76,31
BAT0000698,DELI0000698,POI000345,PROD025,SUP001,WH003,2025-09-16,23,83.76,23
BAT0000699,DELI0000699,POI000346,PROD002,SUP012,WH002,2025-11-17,95,56.19,95
BAT0000700,DELI0000700,POI000347,PROD013,SUP012,WH004,2025-11-17,40,74.86,40
BAT0000701,DELI0000701,POI000346,PROD002,SUP012,WH001,2025-11-17,55,56.19,55
BAT0000702,DELI0000702,POI000347,PROD013,SUP012,WH005,2025-11-17,18,74.86,18
BAT0000703,DELI0000703,POI000348,PROD017,SUP006,WH003,2025-04-16,27,69.48,0
BAT0000704,DELI0000704,POI000348,PROD017,SUP006,WH005,2025-05-03,22,69.48,0
BAT0000705,DELI0000705,POI000348,PROD017,SUP006,WH002,2025-04-21,30,69.48,0
BAT0000706,DELI0000706,POI000349,PROD048,SUP013,WH001,2025-05-04,87,44.6,87
BAT0000707,DELI0000707,POI000350,PROD012,SUP013,WH004,2025-05-04,64,121.55,64
BAT0000708,DELI0000708,POI000349,PROD048,SUP013,WH003,2025-05-04,50,44.6,50
BAT0000709,DELI0000709,POI000350,PROD012,SUP013,WH004,2025-05-04,57,121.55,57
BAT0000710,DELI0000710,POI000351,PROD018,SUP007,WH002,2025-09-10,105,16.96,105
BAT0000711,DELI0000711,POI000352,PROD006,SUP007,WH001,2025-09-10,15,109.33,15
BAT0000712,DELI0000712,POI000353,PROD004,SUP007,WH001,2025-09-10,46,89.48,46
BAT0000713,DELI0000713,POI000351,PROD018,SUP007,WH003,2025-09-14,73,16.96,73
BAT0000714,DELI0000714,POI000352,PROD006,SUP007,WH004,2025-09-14,26,109.33,26
BAT0000715,DELI0000715,POI000353,PROD004,SUP007,WH001,2025-09-14,82,89.48,82
BAT0000716,DELI0000716,POI000354,PROD033,SUP001,WH002,2025-02-01,119,39.15,0
BAT0000717,DELI0000717,POI000355,PROD024,SUP009,WH002,2025-10-14,40,105.61,40
BAT0000718,DELI0000718,POI000355,PROD024,SUP009,WH004,2025-10-08,11,105.61,11
BAT0000719,DELI0000719,POI000355,PROD024,SUP009,WH004,2025-10-11,8,105.61,8
BAT0000720,DELI0000720,POI000356,PROD028,SUP003,WH005,2026-02-08,50,14.01,50
BAT0000721,DELI0000721,POI000356,PROD028,SUP003,WH004,2026-02-18,34,14.01,34
BAT0000722,DELI0000722,POI000356,PROD028,SUP003,WH005,2026-02-15,39,14.01,39
BAT0000723,DELI0000723,POI000357,PROD019,SUP011,WH002,2025-07-31,124,93.93,124
BAT0000724,DELI0000724,POI000358,PROD009,SUP011,WH004,2025-07-31,34,23.99,34
BAT0000725,DELI0000725,POI000357,PROD019,SUP011,WH001,2025-08-05,35,93.93,35
BAT0000726,DELI0000726,POI000358,PROD009,SUP011,WH004,2025-08-05,28,23.99,28
BAT0000727,DELI0000727,POI000357,PROD019,SUP011,WH005,2025-08-10,40,93.93,40
BAT0000728,DELI0000728,POI000358,PROD009,SUP011,WH004,2025-08-10,19,23.99,19
BAT0000729,DELI0000729,POI000359,PROD004,SUP001,WH001,2025-11-16,45,75.78,45
BAT0000730,DELI0000730,POI000359,PROD004,SUP001,WH003,2025-11-23,52,75.78,52
BAT0000731,DELI0000731,POI000360,PROD021,SUP015,WH004,2025-09-21,81,85.85,81
BAT0000732,DELI0000732,POI000360,PROD021,SUP015,WH004,2025-09-17,119,85.85,119
BAT0000733,DELI0000733,POI000361,PROD009,SUP014,WH003,2025-07-13,75,23.02,75
BAT0000734,DELI0000734,POI000362,PROD006,SUP012,WH003,2025-06-22,70,110.43,0
BAT0000735,DELI0000735,POI000362,PROD006,SUP012,WH005,2025-06-22,19,110.43,0
BAT0000736,DELI0000736,POI000362,PROD006,SUP012,WH003,2025-06-28,39,110.43,15
BAT0000737,DELI0000737,POI000363,PROD048,SUP008,WH004,2026-04-15,34,44.57,34
BAT0000738,DELI0000738,POI000363,PROD048,SUP008,WH003,2026-04-18,28,44.57,28
BAT0000739,DELI0000739,POI000364,PROD047,SUP005,WH001,2025-07-08,68,54.53,64
BAT0000740,DELI0000740,POI000364,PROD047,SUP005,WH004,2025-07-18,23,54.53,23
BAT0000741,DELI0000741,POI000364,PROD047,SUP005,WH001,2025-07-17,51,54.53,51
BAT0000742,DELI0000742,POI000365,PROD022,SUP003,WH002,2025-11-28,27,44.47,27
BAT0000743,DELI0000743,POI000365,PROD022,SUP003,WH005,2025-12-04,13,44.47,13
BAT0000744,DELI0000744,POI000365,PROD022,SUP003,WH001,2025-12-10,21,44.47,21
BAT0000745,DELI0000745,POI000366,PROD030,SUP001,WH003,2025-10-22,66,74.36,66
BAT0000746,DELI0000746,POI000367,PROD025,SUP001,WH002,2025-10-22,60,83.76,60
BAT0000747,DELI0000747,POI000366,PROD030,SUP001,WH002,2025-10-26,45,74.36,45
BAT0000748,DELI0000748,POI000367,PROD025,SUP001,WH005,2025-10-26,22,83.76,22
BAT0000749,DELI0000749,POI000366,PROD030,SUP001,WH002,2025-10-20,61,74.36,61
BAT0000750,DELI0000750,POI000367,PROD025,SUP001,WH001,2025-10-20,15,83.76,15
BAT0000751,DELI0000751,POI000368,PROD037,SUP008,WH002,2026-03-09,64,21.41,64
BAT0000752,DELI0000752,POI000368,PROD037,SUP008,WH005,2026-03-11,115,21.41,115
BAT0000753,DELI0000753,POI000369,PROD012,SUP013,WH002,2025-01-30,67,105.11,0
BAT0000754,DELI0000754,POI000369,PROD012,SUP013,WH003,2025-02-02,33,105.11,0
BAT0000755,DELI0000755,POI000369,PROD012,SUP013,WH002,2025-02-04,58,105.11,0
BAT0000756,DELI0000756,POI000370,PROD019,SUP011,WH001,2025-08-21,135,109.14,135
BAT0000757,DELI0000757,POI000370,PROD019,SUP011,WH003,2025-08-27,73,109.14,73
BAT0000758,DELI0000758,POI000371,PROD033,SUP001,WH002,2025-12-30,149,39.15,149
BAT0000759,DELI0000759,POI000372,PROD004,SUP007,WH003,2025-02-22,40,92.84,0
BAT0000760,DELI0000760,POI000372,PROD004,SUP007,WH002,2025-02-25,37,92.84,0
BAT0000761,DELI0000761,POI000373,PROD040,SUP001,WH001,2025-03-13,85,73.06,0
BAT0000762,DELI0000762,POI000373,PROD040,SUP001,WH002,2025-03-30,70,73.06,0
BAT0000763,DELI0000763,POI000373,PROD040,SUP001,WH001,2025-03-28,61,73.06,0
BAT0000764,DELI0000764,POI000374,PROD013,SUP013,WH002,2025-06-01,86,85.91,86
BAT0000765,DELI0000765,POI000375,PROD010,SUP013,WH005,2025-06-01,47,57.02,0
BAT0000766,DELI0000766,POI000374,PROD013,SUP013,WH003,2025-06-04,55,85.91,55
BAT0000767,DELI0000767,POI000375,PROD010,SUP013,WH001,2025-06-04,38,57.02,14
BAT0000768,DELI0000768,POI000374,PROD013,SUP013,WH002,2025-06-12,59,85.91,59
BAT0000769,DELI0000769,POI000375,PROD010,SUP013,WH003,2025-06-12,35,57.02,35
BAT0000770,DELI0000770,POI000376,PROD016,SUP012,WH002,2026-02-03,102,33.3,102
BAT0000771,DELI0000771,POI000376,PROD016,SUP012,WH004,2026-01-28,46,33.3,46
BAT0000772,DELI0000772,POI000377,PROD041,SUP007,WH001,2026-03-19,34,59.64,34
BAT0000773,DELI0000773,POI000377,PROD041,SUP007,WH001,2026-03-23,21,59.64,21
BAT0000774,DELI0000774,POI000377,PROD041,SUP007,WH004,2026-03-29,18,59.64,18
BAT0000775,DELI0000775,POI000378,PROD045,SUP009,WH003,2025-05-07,57,106.24,57
BAT0000776,DELI0000776,POI000379,PROD024,SUP009,WH005,2025-08-13,67,104.05,67
BAT0000777,DELI0000777,POI000380,PROD044,SUP009,WH001,2025-08-13,130,44.69,130
BAT0000778,DELI0000778,POI000381,PROD040,SUP013,WH005,2025-06-06,36,83.18,36
BAT0000779,DELI0000779,POI000381,PROD040,SUP013,WH002,2025-06-12,84,83.18,84
BAT0000780,DELI0000780,POI000382,PROD034,SUP015,WH001,2026-03-18,42,48.87,42
BAT0000781,DELI0000781,POI000383,PROD015,SUP015,WH005,2026-03-18,203,60.09,203
BAT0000782,DELI0000782,POI000384,PROD013,SUP013,WH004,2025-04-28,76,86.21,0
BAT0000783,DELI0000783,POI000384,PROD013,SUP013,WH001,2025-05-02,54,86.21,0
BAT0000784,DELI0000784,POI000384,PROD013,SUP013,WH001,2025-05-05,28,86.21,0
BAT0000785,DELI0000785,POI000385,PROD032,SUP013,WH004,2025-03-22,48,109.0,35
BAT0000786,DELI0000786,POI000386,PROD042,SUP012,WH001,2026-03-23,32,112.59,32
BAT0000787,DELI0000787,POI000386,PROD042,SUP012,WH004,2026-03-27,18,112.59,18
BAT0000788,DELI0000788,POI000386,PROD042,SUP012,WH004,2026-03-30,25,112.59,25
BAT0000789,DELI0000789,POI000387,PROD004,SUP013,WH001,2025-10-07,121,90.11,121
BAT0000790,DELI0000790,POI000388,PROD003,SUP005,WH005,2026-04-15,26,102.75,26
BAT0000791,DELI0000791,POI000388,PROD003,SUP005,WH002,2026-04-19,29,102.75,29
BAT0000792,DELI0000792,POI000388,PROD003,SUP005,WH001,2026-04-25,14,102.75,14
BAT0000793,DELI0000793,POI000389,PROD013,SUP008,WH003,2025-09-09,28,85.26,28
BAT0000794,DELI0000794,POI000389,PROD013,SUP008,WH005,2025-09-09,19,85.26,19
BAT0000795,DELI0000795,POI000390,PROD009,SUP011,WH005,2025-07-03,52,24.26,52
BAT0000796,DELI0000796,POI000391,PROD039,SUP002,WH003,2025-11-14,93,30.74,93
BAT0000797,DELI0000797,POI000392,PROD017,SUP004,WH005,2025-10-11,126,65.49,126
BAT0000798,DELI0000798,POI000393,PROD042,SUP001,WH003,2025-02-05,35,89.11,0
BAT0000799,DELI0000799,POI000393,PROD042,SUP001,WH004,2025-02-07,14,89.11,0
BAT0000800,DELI0000800,POI000393,PROD042,SUP001,WH005,2025-02-09,12,89.11,0
BAT0000801,DELI0000801,POI000394,PROD032,SUP001,WH004,2025-04-06,65,102.4,65
BAT0000802,DELI0000802,POI000394,PROD032,SUP001,WH001,2025-04-07,152,102.4,152
BAT0000803,DELI0000803,POI000395,PROD008,SUP003,WH001,2025-12-17,128,91.69,128
BAT0000804,DELI0000804,POI000396,PROD025,SUP001,WH005,2025-04-02,65,83.76,0
BAT0000805,DELI0000805,POI000397,PROD040,SUP001,WH002,2025-04-02,143,73.06,112
BAT0000806,DELI0000806,POI000398,PROD026,SUP011,WH004,2025-08-25,156,29.73,156
BAT0000807,DELI0000807,POI000399,PROD037,SUP002,WH004,2025-03-25,30,24.88,0
BAT0000808,DELI0000808,POI000400,PROD005,SUP002,WH003,2025-03-25,70,19.48,37
BAT0000809,DELI0000809,POI000399,PROD037,SUP002,WH004,2025-03-29,65,24.88,0
BAT0000810,DELI0000810,POI000400,PROD005,SUP002,WH004,2025-03-29,136,19.48,136
BAT0000811,DELI0000811,POI000401,PROD039,SUP013,WH001,2025-02-28,134,31.72,6
BAT0000812,DELI0000812,POI000402,PROD038,SUP013,WH003,2025-02-28,88,65.54,0
BAT0000813,DELI0000813,POI000403,PROD010,SUP013,WH004,2025-02-28,49,53.92,0
BAT0000814,DELI0000814,POI000401,PROD039,SUP013,WH003,2025-03-01,81,31.72,81
BAT0000815,DELI0000815,POI000402,PROD038,SUP013,WH003,2025-03-01,58,65.54,0
BAT0000816,DELI0000816,POI000403,PROD010,SUP013,WH003,2025-03-01,36,53.92,0
BAT0000817,DELI0000817,POI000404,PROD045,SUP010,WH004,2026-04-01,38,106.23,38
BAT0000818,DELI0000818,POI000404,PROD045,SUP010,WH001,2026-04-05,37,106.23,37
BAT0000819,DELI0000819,POI000405,PROD032,SUP005,WH001,2025-03-02,83,115.32,0
BAT0000820,DELI0000820,POI000406,PROD034,SUP013,WH004,2025-06-04,181,46.67,181
BAT0000821,DELI0000821,POI000407,PROD022,SUP008,WH003,2025-10-11,29,53.16,29
BAT0000822,DELI0000822,POI000407,PROD022,SUP008,WH002,2025-10-15,65,53.16,65
BAT0000823,DELI0000823,POI000408,PROD018,SUP014,WH001,2026-01-20,141,14.07,141
BAT0000824,DELI0000824,POI000409,PROD017,SUP006,WH005,2025-02-07,35,67.7,0
BAT0000825,DELI0000825,POI000409,PROD017,SUP006,WH005,2025-02-15,65,67.7,0
BAT0000826,DELI0000826,POI000410,PROD035,SUP005,WH001,2026-03-21,48,65.68,48
BAT0000827,DELI0000827,POI000410,PROD035,SUP005,WH004,2026-03-26,38,65.68,38
BAT0000828,DELI0000828,POI000410,PROD035,SUP005,WH003,2026-03-28,56,65.68,56
BAT0000829,DELI0000829,POI000411,PROD026,SUP008,WH004,2025-02-24,34,27.95,0
BAT0000830,DELI0000830,POI000411,PROD026,SUP008,WH001,2025-03-02,30,27.95,0
BAT0000831,DELI0000831,POI000412,PROD008,SUP012,WH005,2025-01-17,123,97.9,0
BAT0000832,DELI0000832,POI000413,PROD043,SUP012,WH003,2025-01-17,114,79.97,0
BAT0000833,DELI0000833,POI000412,PROD008,SUP012,WH003,2025-02-09,53,97.9,53
BAT0000834,DELI0000834,POI000413,PROD043,SUP012,WH001,2025-02-09,81,79.97,81
BAT0000835,DELI0000835,POI000414,PROD024,SUP009,WH005,2025-02-12,31,119.55,0
BAT0000836,DELI0000836,POI000415,PROD045,SUP009,WH002,2025-02-12,30,112.08,0
BAT0000837,DELI0000837,POI000414,PROD024,SUP009,WH002,2025-02-18,66,119.55,0
BAT0000838,DELI0000838,POI000415,PROD045,SUP009,WH004,2025-02-18,22,112.08,0
BAT0000839,DELI0000839,POI000416,PROD026,SUP009,WH001,2025-03-10,137,31.63,0
BAT0000840,DELI0000840,POI000417,PROD020,SUP009,WH003,2025-03-10,59,85.07,59
BAT0000841,DELI0000841,POI000416,PROD026,SUP009,WH005,2025-03-14,78,31.63,65
BAT0000842,DELI0000842,POI000417,PROD020,SUP009,WH003,2025-03-14,59,85.07,59
BAT0000843,DELI0000843,POI000418,PROD012,SUP013,WH003,2025-05-15,33,111.06,33
BAT0000844,DELI0000844,POI000419,PROD039,SUP013,WH005,2025-05-15,30,33.08,30
BAT0000845,DELI0000845,POI000420,PROD016,SUP013,WH002,2025-05-15,34,36.68,34
BAT0000846,DELI0000846,POI000418,PROD012,SUP013,WH004,2025-05-16,21,111.06,21
BAT0000847,DELI0000847,POI000419,PROD039,SUP013,WH005,2025-05-16,53,33.08,53
BAT0000848,DELI0000848,POI000420,PROD016,SUP013,WH005,2025-05-16,66,36.68,66
BAT0000849,DELI0000849,POI000421,PROD017,SUP006,WH005,2026-02-08,146,75.35,146
BAT0000850,DELI0000850,POI000422,PROD023,SUP012,WH005,2025-03-17,43,115.7,0
BAT0000851,DELI0000851,POI000422,PROD023,SUP012,WH003,2025-03-21,33,115.7,0
BAT0000852,DELI0000852,POI000423,PROD033,SUP001,WH002,2025-05-25,147,39.15,147
BAT0000853,DELI0000853,POI000424,PROD003,SUP005,WH003,2025-07-07,64,105.01,64
BAT0000854,DELI0000854,POI000425,PROD045,SUP009,WH003,2026-01-31,109,93.32,109
BAT0000855,DELI0000855,POI000426,PROD007,SUP009,WH001,2026-01-31,77,102.86,77
BAT0000856,DELI0000856,POI000425,PROD045,SUP009,WH002,2026-02-05,61,93.32,61
BAT0000857,DELI0000857,POI000426,PROD007,SUP009,WH002,2026-02-05,39,102.86,39
BAT0000858,DELI0000858,POI000427,PROD024,SUP009,WH004,2025-09-19,143,108.88,143
BAT0000859,DELI0000859,POI000427,PROD024,SUP009,WH001,2025-09-20,21,108.88,21
BAT0000860,DELI0000860,POI000427,PROD024,SUP009,WH002,2025-09-24,44,108.88,44
BAT0000861,DELI0000861,POI000428,PROD027,SUP005,WH001,2025-11-18,134,61.76,134
BAT0000862,DELI0000862,POI000429,PROD029,SUP005,WH001,2025-11-18,190,27.84,190
BAT0000863,DELI0000863,POI000430,PROD019,SUP011,WH005,2025-07-03,51,94.66,51
BAT0000864,DELI0000864,POI000431,PROD007,SUP011,WH002,2025-07-03,99,88.29,99
BAT0000865,DELI0000865,POI000430,PROD019,SUP011,WH004,2025-07-08,80,94.66,80
BAT0000866,DELI0000866,POI000431,PROD007,SUP011,WH004,2025-07-08,83,88.29,83
BAT0000867,DELI0000867,POI000432,PROD017,SUP004,WH003,2025-05-22,101,73.74,96
BAT0000868,DELI0000868,POI000433,PROD011,SUP009,WH003,2025-11-17,137,54.72,137
BAT0000869,DELI0000869,POI000433,PROD011,SUP009,WH003,2025-11-25,61,54.72,61
BAT0000870,DELI0000870,POI000434,PROD014,SUP014,WH003,2026-04-12,63,92.28,63
BAT0000871,DELI0000871,POI000435,PROD038,SUP014,WH005,2026-04-12,63,59.61,63
BAT0000872,DELI0000872,POI000434,PROD014,SUP014,WH005,2026-04-07,35,92.28,35
BAT0000873,DELI0000873,POI000435,PROD038,SUP014,WH001,2026-04-07,84,59.61,84
BAT0000874,DELI0000874,POI000436,PROD005,SUP006,WH002,2025-11-20,28,19.14,28
BAT0000875,DELI0000875,POI000436,PROD005,SUP006,WH002,2025-11-19,11,19.14,11
BAT0000876,DELI0000876,POI000436,PROD005,SUP006,WH005,2025-11-27,7,19.14,7
BAT0000877,DELI0000877,POI000437,PROD033,SUP001,WH001,2025-06-22,38,39.15,38
BAT0000878,DELI0000878,POI000437,PROD033,SUP001,WH003,2025-06-24,25,39.15,25
BAT0000879,DELI0000879,POI000437,PROD033,SUP001,WH004,2025-06-27,28,39.15,28
BAT0000880,DELI0000880,POI000438,PROD021,SUP008,WH004,2025-06-28,74,100.84,74
BAT0000881,DELI0000881,POI000439,PROD001,SUP008,WH004,2025-06-28,61,104.76,61
BAT0000882,DELI0000882,POI000438,PROD021,SUP008,WH005,2025-07-04,24,100.84,24
BAT0000883,DELI0000883,POI000439,PROD001,SUP008,WH004,2025-07-04,33,104.76,33
BAT0000884,DELI0000884,POI000438,PROD021,SUP008,WH004,2025-07-09,19,100.84,19
BAT0000885,DELI0000885,POI000439,PROD001,SUP008,WH003,2025-07-09,23,104.76,23
BAT0000886,DELI0000886,POI000440,PROD035,SUP007,WH005,2025-04-11,127,63.14,0
BAT0000887,DELI0000887,POI000440,PROD035,SUP007,WH001,2025-04-13,39,63.14,0
BAT0000888,DELI0000888,POI000440,PROD035,SUP007,WH003,2025-05-02,46,63.14,46
BAT0000889,DELI0000889,POI000441,PROD037,SUP009,WH001,2026-03-28,97,22.99,97
BAT0000890,DELI0000890,POI000441,PROD037,SUP009,WH003,2026-03-31,45,22.99,45
BAT0000891,DELI0000891,POI000442,PROD045,SUP007,WH005,2025-11-29,101,105.45,101
BAT0000892,DELI0000892,POI000442,PROD045,SUP007,WH004,2025-11-29,44,105.45,44
BAT0000893,DELI0000893,POI000442,PROD045,SUP007,WH005,2025-12-06,55,105.45,55
BAT0000894,DELI0000894,POI000443,PROD018,SUP014,WH003,2025-08-28,62,15.41,62
BAT0000895,DELI0000895,POI000444,PROD014,SUP014,WH001,2025-08-28,117,93.11,117
BAT0000896,DELI0000896,POI000443,PROD018,SUP014,WH002,2025-09-04,19,15.41,19
BAT0000897,DELI0000897,POI000444,PROD014,SUP014,WH004,2025-09-04,47,93.11,47
BAT0000898,DELI0000898,POI000443,PROD018,SUP014,WH005,2025-09-06,27,15.41,27
BAT0000899,DELI0000899,POI000444,PROD014,SUP014,WH001,2025-09-06,26,93.11,26
BAT0000900,DELI0000900,POI000445,PROD041,SUP008,WH002,2025-08-12,63,57.77,63
BAT0000901,DELI0000901,POI000445,PROD041,SUP008,WH003,2025-08-16,36,57.77,36
BAT0000902,DELI0000902,POI000446,PROD042,SUP010,WH002,2026-02-07,90,109.34,90
BAT0000903,DELI0000903,POI000447,PROD013,SUP013,WH003,2025-08-26,133,81.78,133
BAT0000904,DELI0000904,POI000448,PROD032,SUP013,WH003,2025-08-26,167,128.1,167
BAT0000905,DELI0000905,POI000449,PROD031,SUP013,WH001,2025-08-26,199,101.89,199
BAT0000906,DELI0000906,POI000450,PROD048,SUP008,WH004,2026-02-05,80,43.21,80
BAT0000907,DELI0000907,POI000451,PROD024,SUP009,WH004,2025-04-06,89,117.11,73
BAT0000908,DELI0000908,POI000451,PROD024,SUP009,WH002,2025-04-09,58,117.11,58
BAT0000909,DELI0000909,POI000452,PROD020,SUP015,WH004,2025-10-02,87,85.06,87
BAT0000910,DELI0000910,POI000453,PROD015,SUP015,WH005,2025-10-02,135,58.63,135
BAT0000911,DELI0000911,POI000452,PROD020,SUP015,WH002,2025-10-12,117,85.06,117
BAT0000912,DELI0000912,POI000453,PROD015,SUP015,WH005,2025-10-12,83,58.63,83
BAT0000913,DELI0000913,POI000454,PROD029,SUP007,WH003,2025-01-30,86,28.07,0
BAT0000914,DELI0000914,POI000454,PROD029,SUP007,WH001,2025-02-04,26,28.07,0
BAT0000915,DELI0000915,POI000454,PROD029,SUP007,WH004,2025-02-09,61,28.07,12
BAT0000916,DELI0000916,POI000455,PROD020,SUP009,WH001,2025-03-29,60,77.61,60
BAT0000917,DELI0000917,POI000455,PROD020,SUP009,WH004,2025-04-02,44,77.61,44
BAT0000918,DELI0000918,POI000456,PROD041,SUP008,WH004,2026-02-14,213,59.49,213
BAT0000919,DELI0000919,POI000457,PROD034,SUP013,WH003,2025-07-21,140,54.29,140
BAT0000920,DELI0000920,POI000458,PROD031,SUP013,WH005,2025-07-21,77,95.85,77
BAT0000921,DELI0000921,POI000459,PROD028,SUP013,WH004,2025-07-21,161,12.37,161
BAT0000922,DELI0000922,POI000460,PROD031,SUP013,WH004,2025-12-27,91,85.23,91
BAT0000923,DELI0000923,POI000461,PROD040,SUP013,WH004,2025-12-27,52,79.98,52
BAT0000924,DELI0000924,POI000462,PROD013,SUP013,WH003,2025-12-27,59,86.59,59
BAT0000925,DELI0000925,POI000460,PROD031,SUP013,WH001,2026-01-01,55,85.23,55
BAT0000926,DELI0000926,POI000461,PROD040,SUP013,WH004,2026-01-01,90,79.98,90
BAT0000927,DELI0000927,POI000462,PROD013,SUP013,WH001,2026-01-01,128,86.59,128
BAT0000928,DELI0000928,POI000463,PROD034,SUP001,WH002,2026-01-06,44,43.55,44
BAT0000929,DELI0000929,POI000463,PROD034,SUP001,WH005,2026-01-11,34,43.55,34
BAT0000930,DELI0000930,POI000463,PROD034,SUP001,WH004,2026-01-22,39,43.55,39
BAT0000931,DELI0000931,POI000464,PROD045,SUP007,WH003,2026-03-10,200,106.87,200
BAT0000932,DELI0000932,POI000465,PROD006,SUP007,WH001,2026-03-10,110,117.73,110
BAT0000933,DELI0000933,POI000466,PROD044,SUP009,WH001,2025-04-22,128,44.8,128
BAT0000934,DELI0000934,POI000466,PROD044,SUP009,WH002,2025-04-23,70,44.8,70
BAT0000935,DELI0000935,POI000467,PROD019,SUP008,WH005,2025-06-02,49,107.49,49
BAT0000936,DELI0000936,POI000468,PROD029,SUP008,WH004,2025-06-02,40,25.41,40
BAT0000937,DELI0000937,POI000469,PROD019,SUP011,WH001,2025-10-08,109,105.02,109
BAT0000938,DELI0000938,POI000469,PROD019,SUP011,WH004,2025-10-07,102,105.02,102
BAT0000939,DELI0000939,POI000470,PROD036,SUP013,WH003,2025-05-22,48,27.03,48
BAT0000940,DELI0000940,POI000471,PROD032,SUP005,WH003,2025-07-29,163,108.47,163
BAT0000941,DELI0000941,POI000472,PROD029,SUP005,WH001,2026-02-04,101,27.64,101
BAT0000942,DELI0000942,POI000473,PROD047,SUP005,WH005,2026-02-04,45,57.49,45
BAT0000943,DELI0000943,POI000472,PROD029,SUP005,WH001,2026-02-09,39,27.64,39
BAT0000944,DELI0000944,POI000473,PROD047,SUP005,WH005,2026-02-09,14,57.49,14
BAT0000945,DELI0000945,POI000472,PROD029,SUP005,WH005,2026-02-13,32,27.64,32
BAT0000946,DELI0000946,POI000473,PROD047,SUP005,WH002,2026-02-13,14,57.49,14
BAT0000947,DELI0000947,POI000474,PROD033,SUP014,WH003,2026-01-27,193,43.15,193
BAT0000948,DELI0000948,POI000475,PROD025,SUP014,WH002,2026-01-27,213,101.07,213
BAT0000949,DELI0000949,POI000476,PROD009,SUP014,WH001,2025-08-25,89,21.31,89
BAT0000950,DELI0000950,POI000476,PROD009,SUP014,WH002,2025-08-28,35,21.31,35
BAT0000951,DELI0000951,POI000476,PROD009,SUP014,WH003,2025-08-30,20,21.31,20
BAT0000952,DELI0000952,POI000477,PROD021,SUP015,WH002,2025-03-13,42,101.76,0
BAT0000953,DELI0000953,POI000477,PROD021,SUP015,WH005,2025-03-20,18,101.76,0
BAT0000954,DELI0000954,POI000477,PROD021,SUP015,WH002,2025-03-22,25,101.76,6
BAT0000955,DELI0000955,POI000478,PROD013,SUP012,WH001,2025-02-13,42,89.53,0
BAT0000956,DELI0000956,POI000478,PROD013,SUP012,WH002,2025-02-10,27,89.53,0
BAT0000957,DELI0000957,POI000479,PROD034,SUP015,WH004,2025-04-28,94,54.83,94
BAT0000958,DELI0000958,POI000479,PROD034,SUP015,WH004,2025-04-29,59,54.83,59
BAT0000959,DELI0000959,POI000480,PROD011,SUP015,WH005,2025-09-01,29,46.41,29
BAT0000960,DELI0000960,POI000480,PROD011,SUP015,WH004,2025-09-08,10,46.41,10
BAT0000961,DELI0000961,POI000480,PROD011,SUP015,WH005,2025-09-12,19,46.41,19
BAT0000962,DELI0000962,POI000481,PROD024,SUP009,WH005,2025-06-16,41,102.7,41
BAT0000963,DELI0000963,POI000482,PROD019,SUP008,WH003,2025-10-09,156,98.14,156
BAT0000964,DELI0000964,POI000483,PROD010,SUP008,WH002,2025-10-09,114,53.95,114
BAT0000965,DELI0000965,POI000484,PROD043,SUP008,WH004,2025-10-09,89,84.92,89
BAT0000966,DELI0000966,POI000485,PROD011,SUP009,WH004,2025-08-26,153,54.84,153
BAT0000967,DELI0000967,POI000486,PROD020,SUP012,WH003,2026-02-07,51,79.24,51
BAT0000968,DELI0000968,POI000487,PROD012,SUP011,WH005,2025-03-15,112,120.04,112
BAT0000969,DELI0000969,POI000487,PROD012,SUP011,WH001,2025-03-18,79,120.04,79
BAT0000970,DELI0000970,POI000488,PROD042,SUP012,WH005,2025-10-05,64,102.8,64
BAT0000971,DELI0000971,POI000488,PROD042,SUP012,WH001,2025-10-10,90,102.8,90
BAT0000972,DELI0000972,POI000489,PROD025,SUP013,WH004,2026-04-05,99,92.95,99
BAT0000973,DELI0000973,POI000489,PROD025,SUP013,WH004,2026-04-05,84,92.95,84
BAT0000974,DELI0000974,POI000490,PROD024,SUP006,WH001,2026-03-20,132,105.51,132
BAT0000975,DELI0000975,POI000491,PROD034,SUP001,WH003,2025-08-10,69,43.55,69
BAT0000976,DELI0000976,POI000491,PROD034,SUP001,WH001,2025-08-17,50,43.55,50
BAT0000977,DELI0000977,POI000492,PROD022,SUP003,WH001,2025-08-23,41,52.95,41
BAT0000978,DELI0000978,POI000493,PROD035,SUP003,WH005,2025-08-23,101,59.67,101
BAT0000979,DELI0000979,POI000494,PROD039,SUP002,WH005,2025-12-08,106,32.1,106
BAT0000980,DELI0000980,POI000495,PROD035,SUP005,WH004,2026-04-08,39,55.98,39
BAT0000981,DELI0000981,POI000495,PROD035,SUP005,WH005,2026-04-10,9,55.98,9
BAT0000982,DELI0000982,POI000495,PROD035,SUP005,WH005,2026-04-15,20,55.98,20
BAT0000983,DELI0000983,POI000496,PROD029,SUP007,WH001,2026-04-22,132,26.61,132
BAT0000984,DELI0000984,POI000497,PROD035,SUP005,WH005,2025-09-04,173,60.59,173
BAT0000985,DELI0000985,POI000498,PROD046,SUP013,WH002,2025-12-08,166,100.69,166
BAT0000986,DELI0000986,POI000499,PROD013,SUP013,WH005,2025-08-04,58,86.84,58
BAT0000987,DELI0000987,POI000500,PROD016,SUP013,WH004,2025-08-04,34,33.95,34
BAT0000988,DELI0000988,POI000499,PROD013,SUP013,WH005,2025-08-09,80,86.84,80
BAT0000989,DELI0000989,POI000500,PROD016,SUP013,WH002,2025-08-09,34,33.95,34
BAT0000990,DELI0000990,POI000501,PROD025,SUP014,WH004,2026-01-15,79,104.07,79
BAT0000991,DELI0000991,POI000502,PROD012,SUP013,WH003,2025-06-06,136,121.38,136
BAT0000992,DELI0000992,POI000503,PROD048,SUP013,WH001,2025-06-06,57,44.4,57
BAT0000993,DELI0000993,POI000504,PROD010,SUP013,WH002,2025-09-20,149,56.85,149
BAT0000994,DELI0000994,POI000505,PROD036,SUP013,WH001,2025-09-20,129,28.89,129
BAT0000995,DELI0000995,POI000506,PROD045,SUP010,WH004,2025-06-26,73,96.98,73
BAT0000996,DELI0000996,POI000507,PROD006,SUP014,WH005,2025-06-07,37,128.43,0
BAT0000997,DELI0000997,POI000507,PROD006,SUP014,WH005,2025-06-26,13,128.43,0
BAT0000998,DELI0000998,POI000507,PROD006,SUP014,WH005,2025-06-14,6,128.43,0
BAT0000999,DELI0000999,POI000508,PROD022,SUP008,WH003,2026-03-18,63,50.52,63
BAT0001000,DELI0001000,POI000509,PROD019,SUP008,WH003,2026-03-18,22,98.15,22
BAT0001001,DELI0001001,POI000508,PROD022,SUP008,WH003,2026-03-14,36,50.52,36
BAT0001002,DELI0001002,POI000509,PROD019,SUP008,WH004,2026-03-14,15,98.15,15
BAT0001003,DELI0001003,POI000508,PROD022,SUP008,WH004,2026-03-22,36,50.52,36
BAT0001004,DELI0001004,POI000509,PROD019,SUP008,WH003,2026-03-22,26,98.15,26
BAT0001005,DELI0001005,POI000510,PROD002,SUP006,WH005,2025-10-30,50,60.03,50
BAT0001006,DELI0001006,POI000510,PROD002,SUP006,WH001,2025-11-03,78,60.03,78
BAT0001007,DELI0001007,POI000511,PROD022,SUP003,WH003,2025-06-27,21,53.4,21
BAT0001008,DELI0001008,POI000511,PROD022,SUP003,WH001,2025-07-07,14,53.4,14
BAT0001009,DELI0001009,POI000511,PROD022,SUP003,WH003,2025-06-30,16,53.4,16
BAT0001010,DELI0001010,POI000512,PROD001,SUP004,WH005,2025-10-28,51,103.24,51
BAT0001011,DELI0001011,POI000512,PROD001,SUP004,WH004,2025-11-04,53,103.24,53
BAT0001012,DELI0001012,POI000513,PROD034,SUP001,WH003,2025-04-07,219,43.55,213
BAT0001013,DELI0001013,POI000514,PROD037,SUP008,WH005,2025-05-24,32,22.79,0
BAT0001014,DELI0001014,POI000514,PROD037,SUP008,WH002,2025-05-30,35,22.79,0
BAT0001015,DELI0001015,POI000514,PROD037,SUP008,WH003,2025-06-02,18,22.79,16
BAT0001016,DELI0001016,POI000515,PROD013,SUP008,WH005,2025-10-14,85,81.89,85
BAT0001017,DELI0001017,POI000516,PROD037,SUP008,WH002,2025-10-14,45,23.63,45
BAT0001018,DELI0001018,POI000515,PROD013,SUP008,WH003,2025-10-10,117,81.89,117
BAT0001019,DELI0001019,POI000516,PROD037,SUP008,WH003,2025-10-10,27,23.63,27
BAT0001020,DELI0001020,POI000517,PROD005,SUP008,WH004,2025-07-21,73,20.5,73
BAT0001021,DELI0001021,POI000518,PROD022,SUP008,WH002,2025-07-21,37,48.48,37
BAT0001022,DELI0001022,POI000517,PROD005,SUP008,WH005,2025-07-26,92,20.5,92
BAT0001023,DELI0001023,POI000518,PROD022,SUP008,WH001,2025-07-26,27,48.48,27
BAT0001024,DELI0001024,POI000519,PROD047,SUP006,WH005,2026-03-14,97,56.02,97
BAT0001025,DELI0001025,POI000519,PROD047,SUP006,WH004,2026-03-18,21,56.02,21
BAT0001026,DELI0001026,POI000519,PROD047,SUP006,WH003,2026-03-23,39,56.02,39
BAT0001027,DELI0001027,POI000520,PROD039,SUP003,WH005,2025-10-01,80,36.82,80
BAT0001028,DELI0001028,POI000520,PROD039,SUP003,WH001,2025-10-05,51,36.82,51
BAT0001029,DELI0001029,POI000520,PROD039,SUP003,WH004,2025-10-04,41,36.82,41
BAT0001030,DELI0001030,POI000521,PROD046,SUP013,WH003,2026-03-03,57,95.66,57
BAT0001031,DELI0001031,POI000522,PROD003,SUP013,WH001,2026-03-03,30,102.28,30
BAT0001032,DELI0001032,POI000521,PROD046,SUP013,WH003,2026-03-17,31,95.66,31
BAT0001033,DELI0001033,POI000522,PROD003,SUP013,WH003,2026-03-17,23,102.28,23
BAT0001034,DELI0001034,POI000521,PROD046,SUP013,WH002,2026-03-14,18,95.66,18
BAT0001035,DELI0001035,POI000522,PROD003,SUP013,WH002,2026-03-14,39,102.28,39
BAT0001036,DELI0001036,POI000523,PROD009,SUP008,WH004,2025-06-27,42,24.61,42
BAT0001037,DELI0001037,POI000523,PROD009,SUP008,WH002,2025-06-30,33,24.61,33
BAT0001038,DELI0001038,POI000523,PROD009,SUP008,WH002,2025-07-03,25,24.61,25
BAT0001039,DELI0001039,POI000524,PROD045,SUP010,WH002,2025-12-27,80,108.72,80
BAT0001040,DELI0001040,POI000524,PROD045,SUP010,WH001,2025-12-31,35,108.72,35
BAT0001041,DELI0001041,POI000524,PROD045,SUP010,WH003,2026-01-05,36,108.72,36
BAT0001042,DELI0001042,POI000525,PROD046,SUP002,WH005,2026-03-13,76,93.27,76
BAT0001043,DELI0001043,POI000525,PROD046,SUP002,WH005,2026-03-20,18,93.27,18
BAT0001044,DELI0001044,POI000525,PROD046,SUP002,WH005,2026-03-21,22,93.27,22
BAT0001045,DELI0001045,POI000526,PROD008,SUP007,WH003,2025-09-08,16,101.98,16
BAT0001046,DELI0001046,POI000526,PROD008,SUP007,WH005,2025-09-15,15,101.98,15
BAT0001047,DELI0001047,POI000526,PROD008,SUP007,WH002,2025-09-15,23,101.98,23
BAT0001048,DELI0001048,POI000527,PROD044,SUP007,WH004,2025-01-25,217,44.18,1
BAT0001049,DELI0001049,POI000528,PROD028,SUP015,WH002,2025-07-30,113,12.06,113
BAT0001050,DELI0001050,POI000529,PROD020,SUP015,WH002,2025-07-30,203,79.55,203
BAT0001051,DELI0001051,POI000530,PROD024,SUP009,WH005,2025-09-08,111,113.19,111
BAT0001052,DELI0001052,POI000531,PROD031,SUP009,WH002,2025-09-08,45,84.45,45
BAT0001053,DELI0001053,POI000532,PROD043,SUP012,WH004,2025-08-01,41,96.73,41
BAT0001054,DELI0001054,POI000532,PROD043,SUP012,WH001,2025-08-05,23,96.73,23
BAT0001055,DELI0001055,POI000532,PROD043,SUP012,WH004,2025-08-21,12,96.73,12
BAT0001056,DELI0001056,POI000533,PROD004,SUP001,WH002,2025-06-29,101,75.78,101
BAT0001057,DELI0001057,POI000533,PROD004,SUP001,WH004,2025-06-23,65,75.78,65
BAT0001058,DELI0001058,POI000533,PROD004,SUP001,WH005,2025-07-08,39,75.78,39
BAT0001059,DELI0001059,POI000534,PROD029,SUP008,WH004,2025-09-15,161,23.78,161
BAT0001060,DELI0001060,POI000535,PROD021,SUP015,WH005,2025-04-23,26,99.43,26
BAT0001061,DELI0001061,POI000536,PROD034,SUP015,WH002,2025-04-23,77,47.41,77
BAT0001062,DELI0001062,POI000535,PROD021,SUP015,WH003,2025-04-27,7,99.43,7
BAT0001063,DELI0001063,POI000536,PROD034,SUP015,WH004,2025-04-27,55,47.41,55
BAT0001064,DELI0001064,POI000535,PROD021,SUP015,WH002,2025-05-08,12,99.43,12
BAT0001065,DELI0001065,POI000536,PROD034,SUP015,WH003,2025-05-08,42,47.41,42
BAT0001066,DELI0001066,POI000537,PROD033,SUP002,WH005,2026-03-30,95,43.91,95
BAT0001067,DELI0001067,POI000538,PROD027,SUP007,WH004,2025-03-17,73,62.16,0
BAT0001068,DELI0001068,POI000539,PROD001,SUP007,WH003,2025-03-17,32,91.95,0
BAT0001069,DELI0001069,POI000540,PROD008,SUP007,WH004,2025-03-17,112,88.99,112
BAT0001070,DELI0001070,POI000538,PROD027,SUP007,WH005,2025-03-23,77,62.16,0
BAT0001071,DELI0001071,POI000539,PROD001,SUP007,WH005,2025-03-23,24,91.95,0
BAT0001072,DELI0001072,POI000540,PROD008,SUP007,WH004,2025-03-23,30,88.99,30
BAT0001073,DELI0001073,POI000538,PROD027,SUP007,WH002,2025-03-25,49,62.16,39
BAT0001074,DELI0001074,POI000539,PROD001,SUP007,WH002,2025-03-25,15,91.95,0
BAT0001075,DELI0001075,POI000540,PROD008,SUP007,WH005,2025-03-25,32,88.99,32
BAT0001076,DELI0001076,POI000541,PROD048,SUP008,WH003,2025-09-22,96,38.64,96
BAT0001077,DELI0001077,POI000542,PROD001,SUP008,WH001,2025-09-22,43,102.26,43
BAT0001078,DELI0001078,POI000543,PROD002,SUP006,WH004,2025-04-10,161,52.93,161
BAT0001079,DELI0001079,POI000544,PROD032,SUP013,WH005,2025-08-14,107,113.64,107
BAT0001080,DELI0001080,POI000545,PROD003,SUP013,WH001,2025-08-14,122,112.85,122
BAT0001081,DELI0001081,POI000544,PROD032,SUP013,WH005,2025-08-14,39,113.64,39
BAT0001082,DELI0001082,POI000545,PROD003,SUP013,WH001,2025-08-14,49,112.85,49
BAT0001083,DELI0001083,POI000544,PROD032,SUP013,WH003,2025-08-22,25,113.64,25
BAT0001084,DELI0001084,POI000545,PROD003,SUP013,WH001,2025-08-22,28,112.85,28
BAT0001085,DELI0001085,POI000546,PROD003,SUP013,WH003,2025-09-17,68,101.85,68
BAT0001086,DELI0001086,POI000546,PROD003,SUP013,WH004,2025-09-04,126,101.85,126
BAT0001087,DELI0001087,POI000547,PROD008,SUP003,WH002,2026-03-12,41,107.45,41
BAT0001088,DELI0001088,POI000547,PROD008,SUP003,WH004,2026-03-07,17,107.45,17
BAT0001089,DELI0001089,POI000547,PROD008,SUP003,WH001,2026-03-12,20,107.45,20
BAT0001090,DELI0001090,POI000548,PROD008,SUP007,WH004,2025-10-02,37,107.51,37
BAT0001091,DELI0001091,POI000549,PROD046,SUP007,WH003,2025-10-02,113,97.15,113
BAT0001092,DELI0001092,POI000548,PROD008,SUP007,WH001,2025-10-06,19,107.51,19
BAT0001093,DELI0001093,POI000549,PROD046,SUP007,WH004,2025-10-06,34,97.15,34
BAT0001094,DELI0001094,POI000548,PROD008,SUP007,WH001,2025-10-21,29,107.51,29
BAT0001095,DELI0001095,POI000549,PROD046,SUP007,WH004,2025-10-21,21,97.15,21
BAT0001096,DELI0001096,POI000550,PROD021,SUP008,WH003,2025-10-21,16,92.85,16
BAT0001097,DELI0001097,POI000551,PROD041,SUP008,WH002,2025-10-21,100,61.79,100
BAT0001098,DELI0001098,POI000550,PROD021,SUP008,WH004,2025-10-23,18,92.85,18
BAT0001099,DELI0001099,POI000551,PROD041,SUP008,WH001,2025-10-23,31,61.79,31
BAT0001100,DELI0001100,POI000550,PROD021,SUP008,WH003,2025-10-26,9,92.85,9
BAT0001101,DELI0001101,POI000551,PROD041,SUP008,WH002,2025-10-26,62,61.79,62
BAT0001102,DELI0001102,POI000552,PROD019,SUP010,WH003,2026-02-20,191,94.05,191
BAT0001103,DELI0001103,POI000553,PROD032,SUP005,WH003,2025-09-18,43,120.28,43
BAT0001104,DELI0001104,POI000554,PROD029,SUP005,WH002,2025-05-08,68,25.88,68
BAT0001105,DELI0001105,POI000554,PROD029,SUP005,WH001,2025-05-23,36,25.88,36
BAT0001106,DELI0001106,POI000554,PROD029,SUP005,WH003,2025-05-19,17,25.88,17
BAT0001107,DELI0001107,POI000555,PROD008,SUP012,WH002,2025-11-01,44,98.76,44
BAT0001108,DELI0001108,POI000556,PROD030,SUP012,WH004,2025-11-01,74,94.28,74
BAT0001109,DELI0001109,POI000555,PROD008,SUP012,WH004,2025-10-23,39,98.76,39
BAT0001110,DELI0001110,POI000556,PROD030,SUP012,WH005,2025-10-23,133,94.28,133
BAT0001111,DELI0001111,POI000557,PROD005,SUP006,WH001,2025-07-24,55,19.26,55
BAT0001112,DELI0001112,POI000558,PROD018,SUP007,WH003,2025-04-11,80,15.52,0
BAT0001113,DELI0001113,POI000559,PROD015,SUP015,WH002,2025-06-06,50,56.54,0
BAT0001114,DELI0001114,POI000559,PROD015,SUP015,WH005,2025-06-07,46,56.54,0
BAT0001115,DELI0001115,POI000559,PROD015,SUP015,WH005,2025-06-11,36,56.54,13
BAT0001116,DELI0001116,POI000560,PROD041,SUP007,WH004,2025-06-24,100,61.27,42
BAT0001117,DELI0001117,POI000561,PROD005,SUP006,WH003,2026-01-10,65,19.28,65
BAT0001118,DELI0001118,POI000561,PROD005,SUP006,WH002,2026-01-16,114,19.28,114
BAT0001119,DELI0001119,POI000562,PROD023,SUP005,WH001,2025-12-22,20,113.38,20
BAT0001120,DELI0001120,POI000562,PROD023,SUP005,WH001,2025-12-26,25,113.38,25
BAT0001121,DELI0001121,POI000562,PROD023,SUP005,WH002,2025-12-29,22,113.38,22
BAT0001122,DELI0001122,POI000563,PROD033,SUP014,WH005,2025-06-10,73,42.16,73
BAT0001123,DELI0001123,POI000564,PROD033,SUP014,WH001,2025-05-31,24,46.05,24
BAT0001124,DELI0001124,POI000564,PROD033,SUP014,WH001,2025-06-07,34,46.05,34
BAT0001125,DELI0001125,POI000565,PROD032,SUP013,WH005,2025-05-16,98,128.27,98
BAT0001126,DELI0001126,POI000565,PROD032,SUP013,WH005,2025-05-31,100,128.27,100
BAT0001127,DELI0001127,POI000566,PROD028,SUP015,WH005,2025-09-22,157,13.58,157
BAT0001128,DELI0001128,POI000567,PROD036,SUP014,WH002,2025-11-13,33,31.7,33
BAT0001129,DELI0001129,POI000567,PROD036,SUP014,WH002,2025-11-18,8,31.7,8
BAT0001130,DELI0001130,POI000567,PROD036,SUP014,WH003,2025-11-20,7,31.7,7
BAT0001131,DELI0001131,POI000568,PROD037,SUP009,WH001,2025-03-04,90,23.67,0
BAT0001132,DELI0001132,POI000569,PROD031,SUP009,WH005,2025-03-04,53,93.16,0
BAT0001133,DELI0001133,POI000570,PROD026,SUP011,WH002,2025-11-01,74,30.15,74
BAT0001134,DELI0001134,POI000570,PROD026,SUP011,WH005,2025-11-03,14,30.15,14
BAT0001135,DELI0001135,POI000570,PROD026,SUP011,WH004,2025-11-08,28,30.15,28
BAT0001136,DELI0001136,POI000571,PROD011,SUP009,WH001,2025-05-19,23,46.63,0
BAT0001137,DELI0001137,POI000572,PROD007,SUP009,WH005,2025-05-19,105,90.85,105
BAT0001138,DELI0001138,POI000573,PROD020,SUP009,WH003,2025-05-19,22,79.99,22
BAT0001139,DELI0001139,POI000571,PROD011,SUP009,WH001,2025-05-25,55,46.63,0
BAT0001140,DELI0001140,POI000572,PROD007,SUP009,WH005,2025-05-25,114,90.85,114
BAT0001141,DELI0001141,POI000573,PROD020,SUP009,WH005,2025-05-25,20,79.99,20
BAT0001142,DELI0001142,POI000574,PROD031,SUP013,WH005,2025-08-29,39,87.53,39
BAT0001143,DELI0001143,POI000575,PROD040,SUP013,WH005,2025-08-29,37,81.71,37
BAT0001144,DELI0001144,POI000574,PROD031,SUP013,WH001,2025-09-01,31,87.53,31
BAT0001145,DELI0001145,POI000575,PROD040,SUP013,WH004,2025-09-01,43,81.71,43
BAT0001146,DELI0001146,POI000574,PROD031,SUP013,WH004,2025-09-13,44,87.53,44
BAT0001147,DELI0001147,POI000575,PROD040,SUP013,WH001,2025-09-13,29,81.71,29
BAT0001148,DELI0001148,POI000576,PROD001,SUP007,WH004,2026-03-18,82,100.99,82
BAT0001149,DELI0001149,POI000577,PROD027,SUP007,WH003,2026-03-18,25,64.18,25
BAT0001150,DELI0001150,POI000578,PROD008,SUP007,WH003,2026-03-18,68,101.44,68
BAT0001151,DELI0001151,POI000576,PROD001,SUP007,WH001,2026-03-24,71,100.99,71
BAT0001152,DELI0001152,POI000577,PROD027,SUP007,WH003,2026-03-24,7,64.18,7
BAT0001153,DELI0001153,POI000578,PROD008,SUP007,WH001,2026-03-24,32,101.44,32
BAT0001154,DELI0001154,POI000576,PROD001,SUP007,WH003,2026-04-02,40,100.99,40
BAT0001155,DELI0001155,POI000577,PROD027,SUP007,WH002,2026-04-02,13,64.18,13
BAT0001156,DELI0001156,POI000578,PROD008,SUP007,WH001,2026-04-02,40,101.44,40
BAT0001157,DELI0001157,POI000579,PROD036,SUP014,WH003,2025-02-04,65,28.49,0
BAT0001158,DELI0001158,POI000580,PROD033,SUP014,WH002,2025-02-04,103,49.65,20
BAT0001159,DELI0001159,POI000581,PROD020,SUP015,WH003,2025-05-03,98,72.48,98
BAT0001160,DELI0001160,POI000581,PROD020,SUP015,WH005,2025-05-18,64,72.48,64
BAT0001161,DELI0001161,POI000582,PROD026,SUP011,WH002,2025-10-31,43,29.05,43
BAT0001162,DELI0001162,POI000583,PROD027,SUP011,WH004,2025-10-31,104,57.38,104
BAT0001163,DELI0001163,POI000582,PROD026,SUP011,WH004,2025-11-04,14,29.05,14
BAT0001164,DELI0001164,POI000583,PROD027,SUP011,WH002,2025-11-04,41,57.38,41
BAT0001165,DELI0001165,POI000582,PROD026,SUP011,WH002,2025-11-07,26,29.05,26
BAT0001166,DELI0001166,POI000583,PROD027,SUP011,WH001,2025-11-07,52,57.38,52
BAT0001167,DELI0001167,POI000584,PROD041,SUP007,WH004,2026-02-10,131,53.26,131
BAT0001168,DELI0001168,POI000584,PROD041,SUP007,WH001,2026-02-14,59,53.26,59
BAT0001169,DELI0001169,POI000585,PROD028,SUP003,WH002,2025-02-19,78,13.54,0
BAT0001170,DELI0001170,POI000586,PROD015,SUP003,WH001,2025-02-19,50,55.76,0
BAT0001171,DELI0001171,POI000585,PROD028,SUP003,WH002,2025-02-20,54,13.54,0
BAT0001172,DELI0001172,POI000586,PROD015,SUP003,WH001,2025-02-20,10,55.76,0
BAT0001173,DELI0001173,POI000585,PROD028,SUP003,WH003,2025-02-24,72,13.54,0
BAT0001174,DELI0001174,POI000586,PROD015,SUP003,WH003,2025-02-24,13,55.76,0
BAT0001175,DELI0001175,POI000587,PROD047,SUP003,WH004,2025-10-22,72,50.6,72
BAT0001176,DELI0001176,POI000587,PROD047,SUP003,WH005,2025-10-26,18,50.6,18
BAT0001177,DELI0001177,POI000587,PROD047,SUP003,WH004,2025-10-29,15,50.6,15
BAT0001178,DELI0001178,POI000588,PROD021,SUP006,WH001,2025-08-16,69,93.78,69
BAT0001179,DELI0001179,POI000588,PROD021,SUP006,WH002,2025-08-27,56,93.78,56
BAT0001180,DELI0001180,POI000589,PROD042,SUP012,WH003,2025-05-26,31,97.11,0
BAT0001181,DELI0001181,POI000590,PROD016,SUP012,WH001,2025-05-26,31,32.6,31
BAT0001182,DELI0001182,POI000591,PROD043,SUP012,WH003,2025-05-26,50,87.25,50
BAT0001183,DELI0001183,POI000589,PROD042,SUP012,WH003,2025-05-30,68,97.11,0
BAT0001184,DELI0001184,POI000590,PROD016,SUP012,WH001,2025-05-30,41,32.6,41
BAT0001185,DELI0001185,POI000591,PROD043,SUP012,WH003,2025-05-30,37,87.25,37
BAT0001186,DELI0001186,POI000592,PROD019,SUP008,WH004,2025-04-07,17,93.42,17
BAT0001187,DELI0001187,POI000593,PROD022,SUP008,WH004,2025-04-07,60,46.5,60
BAT0001188,DELI0001188,POI000592,PROD019,SUP008,WH004,2025-04-07,25,93.42,25
BAT0001189,DELI0001189,POI000593,PROD022,SUP008,WH003,2025-04-07,65,46.5,65
BAT0001190,DELI0001190,POI000594,PROD021,SUP015,WH004,2026-02-05,57,101.65,57
BAT0001191,DELI0001191,POI000594,PROD021,SUP015,WH004,2026-01-25,102,101.65,102
BAT0001192,DELI0001192,POI000595,PROD039,SUP013,WH005,2025-11-20,48,33.47,48
BAT0001193,DELI0001193,POI000595,PROD039,SUP013,WH003,2025-11-25,70,33.47,70
BAT0001194,DELI0001194,POI000596,PROD045,SUP010,WH004,2026-04-04,29,106.48,29
BAT0001195,DELI0001195,POI000596,PROD045,SUP010,WH001,2026-04-12,36,106.48,36
BAT0001196,DELI0001196,POI000596,PROD045,SUP010,WH004,2026-04-17,25,106.48,25
BAT0001197,DELI0001197,POI000597,PROD034,SUP015,WH002,2025-06-08,36,50.02,36
BAT0001198,DELI0001198,POI000597,PROD034,SUP015,WH005,2025-06-09,55,50.02,55
BAT0001199,DELI0001199,POI000598,PROD048,SUP014,WH003,2025-12-07,54,40.92,54
BAT0001200,DELI0001200,POI000598,PROD048,SUP014,WH001,2025-12-13,61,40.92,61
BAT0001201,DELI0001201,POI000599,PROD035,SUP007,WH003,2025-05-29,57,56.79,57
BAT0001202,DELI0001202,POI000599,PROD035,SUP007,WH003,2025-06-02,36,56.79,36
BAT0001203,DELI0001203,POI000600,PROD024,SUP013,WH004,2025-04-28,51,106.84,51
BAT0001204,DELI0001204,POI000601,PROD030,SUP012,WH004,2025-10-07,45,82.26,45
BAT0001205,DELI0001205,POI000601,PROD030,SUP012,WH002,2025-10-09,28,82.26,28
BAT0001206,DELI0001206,POI000602,PROD030,SUP012,WH004,2026-01-19,30,93.22,30
BAT0001207,DELI0001207,POI000603,PROD036,SUP012,WH003,2026-01-19,21,28.27,21
BAT0001208,DELI0001208,POI000602,PROD030,SUP012,WH004,2026-01-23,66,93.22,66
BAT0001209,DELI0001209,POI000603,PROD036,SUP012,WH001,2026-01-23,41,28.27,41
BAT0001210,DELI0001210,POI000604,PROD020,SUP009,WH003,2025-01-29,116,76.95,0
BAT0001211,DELI0001211,POI000604,PROD020,SUP009,WH005,2025-01-26,64,76.95,0
BAT0001212,DELI0001212,POI000605,PROD027,SUP007,WH003,2025-05-03,70,61.26,70
BAT0001213,DELI0001213,POI000606,PROD018,SUP007,WH001,2025-05-03,93,15.59,0
BAT0001214,DELI0001214,POI000605,PROD027,SUP007,WH001,2025-05-07,17,61.26,17
BAT0001215,DELI0001215,POI000606,PROD018,SUP007,WH004,2025-05-07,44,15.59,21
BAT0001216,DELI0001216,POI000605,PROD027,SUP007,WH003,2025-05-13,18,61.26,18
BAT0001217,DELI0001217,POI000606,PROD018,SUP007,WH005,2025-05-13,49,15.59,49
BAT0001218,DELI0001218,POI000607,PROD019,SUP011,WH002,2025-05-17,41,105.61,41
BAT0001219,DELI0001219,POI000607,PROD019,SUP011,WH001,2025-05-16,39,105.61,39
BAT0001220,DELI0001220,POI000607,PROD019,SUP011,WH002,2025-05-16,58,105.61,58
BAT0001221,DELI0001221,POI000608,PROD040,SUP014,WH004,2025-11-25,122,86.1,122
BAT0001222,DELI0001222,POI000608,PROD040,SUP014,WH001,2025-11-26,82,86.1,82
BAT0001223,DELI0001223,POI000609,PROD012,SUP013,WH001,2025-03-10,175,124.22,175
BAT0001224,DELI0001224,POI000610,PROD046,SUP013,WH002,2025-03-10,89,96.48,0
BAT0001225,DELI0001225,POI000611,PROD048,SUP013,WH003,2025-03-10,81,38.58,23
BAT0001226,DELI0001226,POI000612,PROD019,SUP008,WH004,2025-08-28,36,93.56,36
BAT0001227,DELI0001227,POI000613,PROD009,SUP008,WH005,2025-08-28,36,22.63,36
BAT0001228,DELI0001228,POI000612,PROD019,SUP008,WH001,2025-08-30,32,93.56,32
BAT0001229,DELI0001229,POI000613,PROD009,SUP008,WH005,2025-08-30,41,22.63,41
BAT0001230,DELI0001230,POI000614,PROD043,SUP010,WH004,2025-09-30,56,86.91,56
BAT0001231,DELI0001231,POI000614,PROD043,SUP010,WH003,2025-10-04,21,86.91,21
BAT0001232,DELI0001232,POI000614,PROD043,SUP010,WH003,2025-10-10,32,86.91,32
BAT0001233,DELI0001233,POI000615,PROD042,SUP012,WH001,2025-11-13,190,101.54,190
BAT0001234,DELI0001234,POI000616,PROD046,SUP013,WH002,2026-01-21,14,104.81,14
BAT0001235,DELI0001235,POI000616,PROD046,SUP013,WH005,2026-02-07,15,104.81,15
BAT0001236,DELI0001236,POI000616,PROD046,SUP013,WH003,2026-01-28,18,104.81,18
BAT0001237,DELI0001237,POI000617,PROD001,SUP008,WH003,2025-05-24,94,89.72,2
BAT0001238,DELI0001238,POI000618,PROD026,SUP008,WH003,2025-05-24,61,28.23,61
BAT0001239,DELI0001239,POI000619,PROD043,SUP008,WH002,2025-05-24,158,92.92,158
BAT0001240,DELI0001240,POI000620,PROD024,SUP006,WH001,2025-05-31,22,119.9,22
BAT0001241,DELI0001241,POI000620,PROD024,SUP006,WH002,2025-06-06,33,119.9,33
BAT0001242,DELI0001242,POI000621,PROD002,SUP005,WH005,2025-09-18,107,53.9,107
BAT0001243,DELI0001243,POI000621,PROD002,SUP005,WH004,2025-09-20,87,53.9,87
BAT0001244,DELI0001244,POI000622,PROD042,SUP001,WH001,2025-09-07,82,89.11,82
BAT0001245,DELI0001245,POI000622,PROD042,SUP001,WH003,2025-09-09,33,89.11,33
BAT0001246,DELI0001246,POI000622,PROD042,SUP001,WH003,2025-09-14,30,89.11,30
BAT0001247,DELI0001247,POI000623,PROD022,SUP003,WH004,2025-11-25,192,44.93,192
BAT0001248,DELI0001248,POI000624,PROD021,SUP015,WH005,2025-06-01,34,93.69,34
BAT0001249,DELI0001249,POI000624,PROD021,SUP015,WH003,2025-06-09,56,93.69,56
BAT0001250,DELI0001250,POI000625,PROD010,SUP013,WH004,2025-08-25,153,55.87,153
BAT0001251,DELI0001251,POI000626,PROD028,SUP013,WH002,2025-08-25,91,14.15,91
BAT0001252,DELI0001252,POI000627,PROD043,SUP010,WH002,2025-09-08,109,83.26,109
BAT0001253,DELI0001253,POI000627,PROD043,SUP010,WH001,2025-09-17,30,83.26,30
BAT0001254,DELI0001254,POI000627,PROD043,SUP010,WH004,2025-09-17,23,83.26,23
BAT0001255,DELI0001255,POI000628,PROD045,SUP010,WH004,2026-04-05,26,98.7,26
BAT0001256,DELI0001256,POI000628,PROD045,SUP010,WH001,2026-04-07,42,98.7,42
BAT0001257,DELI0001257,POI000629,PROD002,SUP006,WH003,2025-09-09,115,61.58,115
BAT0001258,DELI0001258,POI000630,PROD005,SUP006,WH003,2025-09-09,84,18.0,84
BAT0001259,DELI0001259,POI000629,PROD002,SUP006,WH001,2025-09-13,80,61.58,80
BAT0001260,DELI0001260,POI000630,PROD005,SUP006,WH005,2025-09-13,69,18.0,69
BAT0001261,DELI0001261,POI000631,PROD022,SUP003,WH003,2025-04-03,86,48.96,68
BAT0001262,DELI0001262,POI000631,PROD022,SUP003,WH003,2025-04-08,39,48.96,39
BAT0001263,DELI0001263,POI000631,PROD022,SUP003,WH002,2025-04-11,28,48.96,28
BAT0001264,DELI0001264,POI000632,PROD002,SUP006,WH002,2025-05-22,57,55.36,57
BAT0001265,DELI0001265,POI000633,PROD017,SUP006,WH003,2025-05-22,77,69.56,51
BAT0001266,DELI0001266,POI000632,PROD002,SUP006,WH005,2025-05-29,25,55.36,25
BAT0001267,DELI0001267,POI000633,PROD017,SUP006,WH002,2025-05-29,36,69.56,36
BAT0001268,DELI0001268,POI000632,PROD002,SUP006,WH001,2025-05-29,35,55.36,35
BAT0001269,DELI0001269,POI000633,PROD017,SUP006,WH002,2025-05-29,81,69.56,81
BAT0001270,DELI0001270,POI000634,PROD003,SUP013,WH002,2025-10-21,101,107.95,101
BAT0001271,DELI0001271,POI000634,PROD003,SUP013,WH004,2025-10-25,24,107.95,24
BAT0001272,DELI0001272,POI000634,PROD003,SUP013,WH001,2025-10-30,38,107.95,38
BAT0001273,DELI0001273,POI000635,PROD002,SUP005,WH005,2025-06-10,95,54.75,95
BAT0001274,DELI0001274,POI000635,PROD002,SUP005,WH005,2025-06-18,53,54.75,53
BAT0001275,DELI0001275,POI000636,PROD002,SUP005,WH004,2025-11-01,30,54.5,30
BAT0001276,DELI0001276,POI000636,PROD002,SUP005,WH005,2025-11-06,15,54.5,15
BAT0001277,DELI0001277,POI000636,PROD002,SUP005,WH002,2025-11-10,35,54.5,35
BAT0001278,DELI0001278,POI000637,PROD016,SUP004,WH001,2025-11-12,166,33.47,166
BAT0001279,DELI0001279,POI000638,PROD018,SUP007,WH003,2026-04-03,47,14.82,47
BAT0001280,DELI0001280,POI000639,PROD044,SUP007,WH004,2026-04-03,126,43.74,126
BAT0001281,DELI0001281,POI000638,PROD018,SUP007,WH004,2026-04-08,28,14.82,28
BAT0001282,DELI0001282,POI000639,PROD044,SUP007,WH005,2026-04-08,68,43.74,68
BAT0001283,DELI0001283,POI000640,PROD043,SUP008,WH004,2025-06-08,37,85.08,37
BAT0001284,DELI0001284,POI000640,PROD043,SUP008,WH005,2025-06-05,30,85.08,30
BAT0001285,DELI0001285,POI000640,PROD043,SUP008,WH001,2025-06-25,51,85.08,51
BAT0001286,DELI0001286,POI000641,PROD014,SUP006,WH003,2026-03-28,83,95.16,83
BAT0001287,DELI0001287,POI000642,PROD007,SUP006,WH001,2026-03-28,71,93.21,71
BAT0001288,DELI0001288,POI000643,PROD047,SUP006,WH004,2026-03-28,96,49.81,96
BAT0001289,DELI0001289,POI000644,PROD022,SUP015,WH005,2026-01-31,185,47.92,185
BAT0001290,DELI0001290,POI000645,PROD037,SUP009,WH002,2025-10-06,18,23.22,18
BAT0001291,DELI0001291,POI000645,PROD037,SUP009,WH005,2025-09-30,32,23.22,32
BAT0001292,DELI0001292,POI000646,PROD036,SUP014,WH005,2025-06-07,94,28.97,94
BAT0001293,DELI0001293,POI000646,PROD036,SUP014,WH002,2025-06-10,122,28.97,122
BAT0001294,DELI0001294,POI000647,PROD013,SUP008,WH004,2025-10-17,25,81.52,25
BAT0001295,DELI0001295,POI000648,PROD048,SUP008,WH005,2025-10-17,84,39.89,84
BAT0001296,DELI0001296,POI000649,PROD043,SUP008,WH001,2025-10-17,30,91.92,30
BAT0001297,DELI0001297,POI000647,PROD013,SUP008,WH001,2025-10-23,22,81.52,22
BAT0001298,DELI0001298,POI000648,PROD048,SUP008,WH005,2025-10-23,19,39.89,19
BAT0001299,DELI0001299,POI000649,PROD043,SUP008,WH002,2025-10-23,21,91.92,21
BAT0001300,DELI0001300,POI000647,PROD013,SUP008,WH003,2025-10-28,33,81.52,33
BAT0001301,DELI0001301,POI000648,PROD048,SUP008,WH002,2025-10-28,22,39.89,22
BAT0001302,DELI0001302,POI000649,PROD043,SUP008,WH002,2025-10-28,15,91.92,15
BAT0001303,DELI0001303,POI000650,PROD028,SUP003,WH002,2025-03-02,73,13.66,63
BAT0001304,DELI0001304,POI000650,PROD028,SUP003,WH003,2025-03-13,42,13.66,42
BAT0001305,DELI0001305,POI000650,PROD028,SUP003,WH005,2025-03-16,25,13.66,25
BAT0001306,DELI0001306,POI000651,PROD015,SUP003,WH001,2025-10-19,65,55.03,65
BAT0001307,DELI0001307,POI000651,PROD015,SUP003,WH003,2025-10-20,125,55.03,125
BAT0001308,DELI0001308,POI000652,PROD040,SUP001,WH005,2026-03-05,58,73.06,58
BAT0001309,DELI0001309,POI000653,PROD023,SUP001,WH003,2026-03-05,41,102.71,41
BAT0001310,DELI0001310,POI000652,PROD040,SUP001,WH002,2026-03-04,36,73.06,36
BAT0001311,DELI0001311,POI000653,PROD023,SUP001,WH003,2026-03-04,62,102.71,62
BAT0001312,DELI0001312,POI000652,PROD040,SUP001,WH005,2026-03-13,19,73.06,19
BAT0001313,DELI0001313,POI000653,PROD023,SUP001,WH005,2026-03-13,28,102.71,28
BAT0001314,DELI0001314,POI000654,PROD044,SUP006,WH005,2025-06-24,197,43.85,197
BAT0001315,DELI0001315,POI000655,PROD014,SUP006,WH002,2025-06-24,134,92.94,134
BAT0001316,DELI0001316,POI000656,PROD003,SUP002,WH005,2025-05-14,140,115.19,95
BAT0001317,DELI0001317,POI000657,PROD040,SUP001,WH002,2025-06-30,70,73.06,70
BAT0001318,DELI0001318,POI000658,PROD004,SUP001,WH005,2025-06-30,77,75.78,77
BAT0001319,DELI0001319,POI000657,PROD040,SUP001,WH005,2025-07-06,40,73.06,40
BAT0001320,DELI0001320,POI000658,PROD004,SUP001,WH003,2025-07-06,59,75.78,59
BAT0001321,DELI0001321,POI000657,PROD040,SUP001,WH005,2025-07-07,35,73.06,35
BAT0001322,DELI0001322,POI000658,PROD004,SUP001,WH001,2025-07-07,64,75.78,64
BAT0001323,DELI0001323,POI000659,PROD010,SUP004,WH001,2025-06-06,68,61.35,68
BAT0001324,DELI0001324,POI000659,PROD010,SUP004,WH001,2025-06-13,128,61.35,128
BAT0001325,DELI0001325,POI000660,PROD036,SUP014,WH005,2026-02-09,95,27.16,95
BAT0001326,DELI0001326,POI000660,PROD036,SUP014,WH003,2026-02-07,43,27.16,43
BAT0001327,DELI0001327,POI000660,PROD036,SUP014,WH002,2026-02-13,52,27.16,52
BAT0001328,DELI0001328,POI000661,PROD034,SUP015,WH004,2025-01-09,99,50.78,0
BAT0001329,DELI0001329,POI000662,PROD040,SUP014,WH001,2026-02-27,173,87.58,173
BAT0001330,DELI0001330,POI000663,PROD034,SUP001,WH005,2026-03-04,64,43.55,64
BAT0001331,DELI0001331,POI000663,PROD034,SUP001,WH003,2026-03-06,35,43.55,35
BAT0001332,DELI0001332,POI000663,PROD034,SUP001,WH003,2026-03-18,75,43.55,75
BAT0001333,DELI0001333,POI000664,PROD041,SUP009,WH002,2026-03-06,37,63.37,37
BAT0001334,DELI0001334,POI000664,PROD041,SUP009,WH004,2026-03-08,16,63.37,16
BAT0001335,DELI0001335,POI000664,PROD041,SUP009,WH003,2026-03-09,31,63.37,31
BAT0001336,DELI0001336,POI000665,PROD020,SUP012,WH001,2025-08-21,78,79.42,78
BAT0001337,DELI0001337,POI000665,PROD020,SUP012,WH001,2025-08-19,22,79.42,22
BAT0001338,DELI0001338,POI000665,PROD020,SUP012,WH002,2025-08-26,26,79.42,26
BAT0001339,DELI0001339,POI000666,PROD004,SUP001,WH004,2025-12-10,67,75.78,67
BAT0001340,DELI0001340,POI000667,PROD033,SUP001,WH004,2025-12-10,57,39.15,57
BAT0001341,DELI0001341,POI000666,PROD004,SUP001,WH004,2025-11-27,99,75.78,99
BAT0001342,DELI0001342,POI000667,PROD033,SUP001,WH002,2025-11-27,61,39.15,61
BAT0001343,DELI0001343,POI000668,PROD040,SUP013,WH005,2025-08-16,58,90.02,58
BAT0001344,DELI0001344,POI000669,PROD027,SUP011,WH003,2025-05-19,81,62.71,81
BAT0001345,DELI0001345,POI000669,PROD027,SUP011,WH003,2025-05-23,41,62.71,41
BAT0001346,DELI0001346,POI000669,PROD027,SUP011,WH003,2025-06-06,23,62.71,23
BAT0001347,DELI0001347,POI000670,PROD038,SUP007,WH002,2026-02-21,123,62.39,123
BAT0001348,DELI0001348,POI000671,PROD045,SUP007,WH003,2026-02-21,66,110.83,66
BAT0001349,DELI0001349,POI000670,PROD038,SUP007,WH005,2026-02-26,48,62.39,48
BAT0001350,DELI0001350,POI000671,PROD045,SUP007,WH005,2026-02-26,40,110.83,40
BAT0001351,DELI0001351,POI000670,PROD038,SUP007,WH001,2026-02-27,34,62.39,34
BAT0001352,DELI0001352,POI000671,PROD045,SUP007,WH003,2026-02-27,19,110.83,19
BAT0001353,DELI0001353,POI000672,PROD043,SUP010,WH004,2025-05-25,180,93.08,180
BAT0001354,DELI0001354,POI000673,PROD001,SUP004,WH003,2025-09-23,61,103.44,61
BAT0001355,DELI0001355,POI000674,PROD016,SUP004,WH004,2025-09-23,48,35.24,48
BAT0001356,DELI0001356,POI000673,PROD001,SUP004,WH002,2025-09-28,54,103.44,54
BAT0001357,DELI0001357,POI000674,PROD016,SUP004,WH002,2025-09-28,31,35.24,31
BAT0001358,DELI0001358,POI000673,PROD001,SUP004,WH001,2025-10-04,39,103.44,39
BAT0001359,DELI0001359,POI000674,PROD016,SUP004,WH001,2025-10-04,41,35.24,41
BAT0001360,DELI0001360,POI000675,PROD040,SUP013,WH004,2025-10-26,213,81.06,213
BAT0001361,DELI0001361,POI000676,PROD043,SUP012,WH004,2025-07-25,164,86.36,164
BAT0001362,DELI0001362,POI000677,PROD023,SUP012,WH002,2025-07-25,102,108.32,102
BAT0001363,DELI0001363,POI000678,PROD007,SUP009,WH003,2025-09-19,102,101.9,102
BAT0001364,DELI0001364,POI000678,PROD007,SUP009,WH005,2025-09-14,52,101.9,52
BAT0001365,DELI0001365,POI000679,PROD047,SUP003,WH003,2025-09-29,99,49.82,99
BAT0001366,DELI0001366,POI000679,PROD047,SUP003,WH002,2025-10-07,74,49.82,74
