event_id,timestamp,activity
EV001832,2025-01-01 00:00:00,Create Purchase Order
EV001833,2025-01-01 04:00:00,Approve Purchase Order
EV002592,2025-01-02 00:00:00,Create Purchase Order
EV005269,2025-01-02 00:00:00,Create Purchase Order
EV001834,2025-01-02 00:00:00,Add PO Item
EV002593,2025-01-02 04:00:00,Approve Purchase Order
EV005270,2025-01-02 04:00:00,Approve Purchase Order
EV000744,2025-01-03 00:00:00,Create Purchase Order
EV005271,2025-01-03 00:00:00,Add PO Item
EV002594,2025-01-03 00:00:00,Add PO Item
EV000745,2025-01-03 04:00:00,Approve Purchase Order
EV000746,2025-01-04 00:00:00,Add PO Item
EV003315,2025-01-05 00:00:00,Create Purchase Order
EV003316,2025-01-05 04:00:00,Approve Purchase Order
EV005272,2025-01-06 00:00:00,Dispatch Delivery
EV003317,2025-01-06 00:00:00,Add PO Item
EV003318,2025-01-06 00:00:00,Add PO Item
EV003802,2025-01-06 00:00:00,Create Purchase Order
EV000747,2025-01-06 00:00:00,Dispatch Delivery
EV002978,2025-01-06 00:00:00,Create Purchase Order
EV003803,2025-01-06 04:00:00,Approve Purchase Order
EV002979,2025-01-06 04:00:00,Approve Purchase Order
EV003804,2025-01-07 00:00:00,Add PO Item
EV003285,2025-01-07 00:00:00,Create Purchase Order
EV002980,2025-01-07 00:00:00,Add PO Item
EV003319,2025-01-07 00:00:00,Dispatch Delivery
EV003286,2025-01-07 04:00:00,Approve Purchase Order
EV004810,2025-01-08 00:00:00,Create Purchase Order
EV000780,2025-01-08 00:00:00,Create Purchase Order
EV001467,2025-01-08 00:00:00,Create Purchase Order
EV001835,2025-01-08 00:00:00,Dispatch Delivery
EV003287,2025-01-08 00:00:00,Add PO Item
EV001468,2025-01-08 04:00:00,Approve Purchase Order
EV000781,2025-01-08 04:00:00,Approve Purchase Order
EV004811,2025-01-08 04:00:00,Approve Purchase Order
EV000782,2025-01-09 00:00:00,Add PO Item
EV002595,2025-01-09 00:00:00,Dispatch Delivery
EV005273,2025-01-09 00:00:00,Receive Goods
EV004812,2025-01-09 00:00:00,Add PO Item
EV003805,2025-01-09 00:00:00,Dispatch Delivery
EV001469,2025-01-09 00:00:00,Add PO Item
EV005274,2025-01-09 08:00:00,Put Away
EV000131,2025-01-10 00:00:00,Create Purchase Order
EV004813,2025-01-10 00:00:00,Dispatch Delivery
EV000750,2025-01-10 00:00:00,Dispatch Delivery
EV000783,2025-01-10 00:00:00,Dispatch Delivery
EV001470,2025-01-10 00:00:00,Dispatch Delivery
EV003288,2025-01-10 00:00:00,Dispatch Delivery
EV000132,2025-01-10 04:00:00,Approve Purchase Order
EV000840,2025-01-11 00:00:00,Create Purchase Order
EV000133,2025-01-11 00:00:00,Add PO Item
EV000841,2025-01-11 04:00:00,Approve Purchase Order
EV000134,2025-01-12 00:00:00,Dispatch Delivery
EV002981,2025-01-12 00:00:00,Dispatch Delivery
EV002322,2025-01-12 00:00:00,Create Purchase Order
EV000842,2025-01-12 00:00:00,Add PO Item
EV002598,2025-01-12 00:00:00,Dispatch Delivery
EV002323,2025-01-12 04:00:00,Approve Purchase Order
EV002325,2025-01-13 00:00:00,Add PO Item
EV000753,2025-01-13 00:00:00,Dispatch Delivery
EV003808,2025-01-13 00:00:00,Dispatch Delivery
EV002324,2025-01-13 00:00:00,Add PO Item
EV002722,2025-01-14 00:00:00,Create Purchase Order
EV002326,2025-01-14 00:00:00,Dispatch Delivery
EV004605,2025-01-14 00:00:00,Create Purchase Order
EV002723,2025-01-14 04:00:00,Approve Purchase Order
EV004606,2025-01-14 04:00:00,Approve Purchase Order
EV002984,2025-01-15 00:00:00,Dispatch Delivery
EV004607,2025-01-15 00:00:00,Add PO Item
EV004608,2025-01-15 00:00:00,Add PO Item
EV002725,2025-01-15 00:00:00,Add PO Item
EV002724,2025-01-15 00:00:00,Add PO Item
EV004191,2025-01-15 00:00:00,Create Purchase Order
EV004192,2025-01-15 04:00:00,Approve Purchase Order
EV003324,2025-01-16 00:00:00,Dispatch Delivery
EV000843,2025-01-16 00:00:00,Dispatch Delivery
EV004193,2025-01-16 00:00:00,Add PO Item
EV004816,2025-01-16 00:00:00,Dispatch Delivery
EV002144,2025-01-16 00:00:00,Create Purchase Order
EV002145,2025-01-16 04:00:00,Approve Purchase Order
EV003322,2025-01-17 00:00:00,Receive Goods
EV002146,2025-01-17 00:00:00,Add PO Item
EV004609,2025-01-17 00:00:00,Dispatch Delivery
EV002987,2025-01-17 00:00:00,Dispatch Delivery
EV003320,2025-01-17 00:00:00,Receive Goods
EV003323,2025-01-17 08:00:00,Put Away
EV003321,2025-01-17 08:00:00,Put Away
EV003291,2025-01-18 00:00:00,Dispatch Delivery
EV004194,2025-01-18 00:00:00,Dispatch Delivery
EV002726,2025-01-18 00:00:00,Dispatch Delivery
EV000846,2025-01-18 00:00:00,Dispatch Delivery
EV002596,2025-01-19 00:00:00,Receive Goods
EV001473,2025-01-19 00:00:00,Dispatch Delivery
EV002331,2025-01-19 00:00:00,Dispatch Delivery
EV002597,2025-01-19 08:00:00,Put Away
EV001471,2025-01-20 00:00:00,Receive Goods
EV003632,2025-01-20 00:00:00,Create Purchase Order
EV001476,2025-01-20 00:00:00,Dispatch Delivery
EV003633,2025-01-20 04:00:00,Approve Purchase Order
EV001472,2025-01-20 08:00:00,Put Away
EV000137,2025-01-21 00:00:00,Dispatch Delivery
EV003634,2025-01-21 00:00:00,Add PO Item
EV002832,2025-01-21 00:00:00,Create Purchase Order
EV000140,2025-01-21 00:00:00,Dispatch Delivery
EV000849,2025-01-21 00:00:00,Dispatch Delivery
EV002833,2025-01-21 04:00:00,Approve Purchase Order
EV002599,2025-01-22 00:00:00,Receive Goods
EV002147,2025-01-22 00:00:00,Dispatch Delivery
EV002834,2025-01-22 00:00:00,Add PO Item
EV002011,2025-01-22 00:00:00,Create Purchase Order
EV000729,2025-01-22 00:00:00,Create Purchase Order
EV002012,2025-01-22 04:00:00,Approve Purchase Order
EV000730,2025-01-22 04:00:00,Approve Purchase Order
EV002600,2025-01-22 08:00:00,Put Away
EV003635,2025-01-23 00:00:00,Dispatch Delivery
EV000698,2025-01-23 00:00:00,Create Purchase Order
EV000731,2025-01-23 00:00:00,Add PO Item
EV002013,2025-01-23 00:00:00,Add PO Item
EV002336,2025-01-23 00:00:00,Dispatch Delivery
EV002731,2025-01-23 00:00:00,Dispatch Delivery
EV002150,2025-01-23 00:00:00,Dispatch Delivery
EV000699,2025-01-23 04:00:00,Approve Purchase Order
EV002327,2025-01-24 00:00:00,Receive Goods
EV000732,2025-01-24 00:00:00,Dispatch Delivery
EV002736,2025-01-24 00:00:00,Dispatch Delivery
EV000748,2025-01-24 00:00:00,Receive Goods
EV000702,2025-01-24 00:00:00,Add PO Item
EV000701,2025-01-24 00:00:00,Add PO Item
EV000700,2025-01-24 00:00:00,Add PO Item
EV001130,2025-01-24 00:00:00,Create Purchase Order
EV002329,2025-01-24 00:00:00,Receive Goods
EV001131,2025-01-24 04:00:00,Approve Purchase Order
EV002328,2025-01-24 08:00:00,Put Away
EV000749,2025-01-24 08:00:00,Put Away
EV002330,2025-01-24 08:00:00,Put Away
EV002835,2025-01-25 00:00:00,Dispatch Delivery
EV000703,2025-01-25 00:00:00,Dispatch Delivery
EV004195,2025-01-25 00:00:00,Receive Goods
EV002014,2025-01-25 00:00:00,Dispatch Delivery
EV001132,2025-01-25 00:00:00,Add PO Item
EV004196,2025-01-25 08:00:00,Put Away
EV000844,2025-01-26 00:00:00,Receive Goods
EV003174,2025-01-26 00:00:00,Create Purchase Order
EV002153,2025-01-26 00:00:00,Dispatch Delivery
EV004817,2025-01-26 00:00:00,Receive Goods
EV001836,2025-01-26 00:00:00,Receive Goods
EV003175,2025-01-26 04:00:00,Approve Purchase Order
EV000845,2025-01-26 08:00:00,Put Away
EV004818,2025-01-26 08:00:00,Put Away
EV001837,2025-01-26 08:00:00,Put Away
EV003176,2025-01-27 00:00:00,Add PO Item
EV003005,2025-01-28 00:00:00,Create Purchase Order
EV003638,2025-01-28 00:00:00,Dispatch Delivery
EV000847,2025-01-28 00:00:00,Receive Goods
EV001133,2025-01-28 00:00:00,Dispatch Delivery
EV003329,2025-01-28 00:00:00,Create Purchase Order
EV000751,2025-01-28 00:00:00,Receive Goods
EV003330,2025-01-28 04:00:00,Approve Purchase Order
EV003006,2025-01-28 04:00:00,Approve Purchase Order
EV000752,2025-01-28 08:00:00,Put Away
EV000848,2025-01-28 08:00:00,Put Away
EV001474,2025-01-29 00:00:00,Receive Goods
EV002334,2025-01-29 00:00:00,Receive Goods
EV003331,2025-01-29 00:00:00,Add PO Item
EV003332,2025-01-29 00:00:00,Add PO Item
EV004814,2025-01-29 00:00:00,Receive Goods
EV002332,2025-01-29 00:00:00,Receive Goods
EV003007,2025-01-29 00:00:00,Add PO Item
EV000710,2025-01-29 00:00:00,Dispatch Delivery
EV002017,2025-01-29 00:00:00,Dispatch Delivery
EV004815,2025-01-29 08:00:00,Put Away
EV001475,2025-01-29 08:00:00,Put Away
EV002335,2025-01-29 08:00:00,Put Away
EV002333,2025-01-29 08:00:00,Put Away
EV000135,2025-01-30 00:00:00,Receive Goods
EV002982,2025-01-30 00:00:00,Receive Goods
EV001477,2025-01-30 00:00:00,Receive Goods
EV003636,2025-01-30 00:00:00,Receive Goods
EV001478,2025-01-30 08:00:00,Put Away
EV002983,2025-01-30 08:00:00,Put Away
EV000136,2025-01-30 08:00:00,Put Away
EV003637,2025-01-30 08:00:00,Put Away
EV000850,2025-01-31 00:00:00,Receive Goods
EV002425,2025-01-31 00:00:00,Create Purchase Order
EV000708,2025-01-31 00:00:00,Receive Goods
EV000706,2025-01-31 00:00:00,Receive Goods
EV000754,2025-01-31 00:00:00,Receive Goods
EV000704,2025-01-31 00:00:00,Receive Goods
EV002426,2025-01-31 04:00:00,Approve Purchase Order
EV000851,2025-01-31 08:00:00,Put Away
EV000705,2025-01-31 08:00:00,Put Away
EV000709,2025-01-31 08:00:00,Put Away
EV000707,2025-01-31 08:00:00,Put Away
EV000755,2025-01-31 08:00:00,Put Away
EV003180,2025-02-01 00:00:00,Dispatch Delivery
EV000711,2025-02-01 00:00:00,Receive Goods
EV002836,2025-02-01 00:00:00,Receive Goods
EV002427,2025-02-01 00:00:00,Add PO Item
EV000713,2025-02-01 00:00:00,Receive Goods
EV000715,2025-02-01 00:00:00,Receive Goods
EV002148,2025-02-01 00:00:00,Receive Goods
EV002837,2025-02-01 08:00:00,Put Away
EV000712,2025-02-01 08:00:00,Put Away
EV000714,2025-02-01 08:00:00,Put Away
EV000716,2025-02-01 08:00:00,Put Away
EV002149,2025-02-01 08:00:00,Put Away
EV004651,2025-02-02 00:00:00,Create Purchase Order
EV002985,2025-02-02 00:00:00,Receive Goods
EV002339,2025-02-02 00:00:00,Receive Goods
EV003333,2025-02-02 00:00:00,Dispatch Delivery
EV002151,2025-02-02 00:00:00,Receive Goods
EV002337,2025-02-02 00:00:00,Receive Goods
EV003641,2025-02-02 00:00:00,Dispatch Delivery
EV002298,2025-02-02 00:00:00,Create Purchase Order
EV002428,2025-02-02 00:00:00,Dispatch Delivery
EV003177,2025-02-02 00:00:00,Dispatch Delivery
EV001136,2025-02-02 00:00:00,Dispatch Delivery
EV004652,2025-02-02 04:00:00,Approve Purchase Order
EV002299,2025-02-02 04:00:00,Approve Purchase Order
EV002340,2025-02-02 08:00:00,Put Away
EV002986,2025-02-02 08:00:00,Put Away
EV002338,2025-02-02 08:00:00,Put Away
EV002152,2025-02-02 08:00:00,Put Away
EV004653,2025-02-03 00:00:00,Add PO Item
EV001965,2025-02-03 00:00:00,Create Purchase Order
EV002300,2025-02-03 00:00:00,Add PO Item
EV004654,2025-02-03 00:00:00,Add PO Item
EV001966,2025-02-03 04:00:00,Approve Purchase Order
EV002988,2025-02-04 00:00:00,Receive Goods
EV000476,2025-02-04 00:00:00,Create Purchase Order
EV004612,2025-02-04 00:00:00,Receive Goods
EV004610,2025-02-04 00:00:00,Receive Goods
EV003639,2025-02-04 00:00:00,Receive Goods
EV001410,2025-02-04 00:00:00,Create Purchase Order
EV003008,2025-02-04 00:00:00,Dispatch Delivery
EV001967,2025-02-04 00:00:00,Add PO Item
EV000477,2025-02-04 04:00:00,Approve Purchase Order
EV001411,2025-02-04 04:00:00,Approve Purchase Order
EV004611,2025-02-04 08:00:00,Put Away
EV002989,2025-02-04 08:00:00,Put Away
EV003640,2025-02-04 08:00:00,Put Away
EV004613,2025-02-04 08:00:00,Put Away
EV001139,2025-02-05 00:00:00,Dispatch Delivery
EV001412,2025-02-05 00:00:00,Add PO Item
EV000478,2025-02-05 00:00:00,Add PO Item
EV003178,2025-02-05 00:00:00,Receive Goods
EV000001,2025-02-05 00:00:00,Create Purchase Order
EV002154,2025-02-05 00:00:00,Receive Goods
EV000002,2025-02-05 04:00:00,Approve Purchase Order
EV003179,2025-02-05 08:00:00,Put Away
EV002155,2025-02-05 08:00:00,Put Away
EV003183,2025-02-06 00:00:00,Dispatch Delivery
EV000003,2025-02-06 00:00:00,Add PO Item
EV003181,2025-02-07 00:00:00,Receive Goods
EV000479,2025-02-07 00:00:00,Dispatch Delivery
EV001413,2025-02-07 00:00:00,Dispatch Delivery
EV003011,2025-02-07 00:00:00,Dispatch Delivery
EV002638,2025-02-07 00:00:00,Create Purchase Order
EV003289,2025-02-07 00:00:00,Receive Goods
EV000784,2025-02-07 00:00:00,Receive Goods
EV002639,2025-02-07 04:00:00,Approve Purchase Order
EV003182,2025-02-07 08:00:00,Put Away
EV000785,2025-02-07 08:00:00,Put Away
EV003290,2025-02-07 08:00:00,Put Away
EV000138,2025-02-08 00:00:00,Receive Goods
EV000141,2025-02-08 00:00:00,Receive Goods
EV002641,2025-02-08 00:00:00,Add PO Item
EV002640,2025-02-08 00:00:00,Add PO Item
EV003338,2025-02-08 00:00:00,Dispatch Delivery
EV002301,2025-02-08 00:00:00,Dispatch Delivery
EV000323,2025-02-08 00:00:00,Create Purchase Order
EV000324,2025-02-08 04:00:00,Approve Purchase Order
EV000142,2025-02-08 08:00:00,Put Away
EV000139,2025-02-08 08:00:00,Put Away
EV002429,2025-02-09 00:00:00,Receive Goods
EV004655,2025-02-09 00:00:00,Dispatch Delivery
EV003327,2025-02-09 00:00:00,Receive Goods
EV003184,2025-02-09 00:00:00,Receive Goods
EV003325,2025-02-09 00:00:00,Receive Goods
EV002304,2025-02-09 00:00:00,Dispatch Delivery
EV000325,2025-02-09 00:00:00,Add PO Item
EV003642,2025-02-09 00:00:00,Receive Goods
EV002430,2025-02-09 08:00:00,Put Away
EV003326,2025-02-09 08:00:00,Put Away
EV003328,2025-02-09 08:00:00,Put Away
EV003185,2025-02-09 08:00:00,Put Away
EV003643,2025-02-09 08:00:00,Put Away
EV003809,2025-02-10 00:00:00,Receive Goods
EV004660,2025-02-10 00:00:00,Dispatch Delivery
EV001416,2025-02-10 00:00:00,Dispatch Delivery
EV001968,2025-02-10 00:00:00,Dispatch Delivery
EV000004,2025-02-10 00:00:00,Dispatch Delivery
EV003810,2025-02-10 08:00:00,Put Away
EV002431,2025-02-11 00:00:00,Dispatch Delivery
EV002755,2025-02-11 00:00:00,Create Purchase Order
EV002642,2025-02-11 00:00:00,Dispatch Delivery
EV002302,2025-02-11 00:00:00,Receive Goods
EV002756,2025-02-11 04:00:00,Approve Purchase Order
EV002303,2025-02-11 08:00:00,Put Away
EV002305,2025-02-12 00:00:00,Receive Goods
EV003334,2025-02-12 00:00:00,Receive Goods
EV003230,2025-02-12 00:00:00,Create Purchase Order
EV002757,2025-02-12 00:00:00,Add PO Item
EV003306,2025-02-12 00:00:00,Create Purchase Order
EV003336,2025-02-12 00:00:00,Receive Goods
EV004520,2025-02-12 00:00:00,Create Purchase Order
EV004521,2025-02-12 04:00:00,Approve Purchase Order
EV003231,2025-02-12 04:00:00,Approve Purchase Order
EV003307,2025-02-12 04:00:00,Approve Purchase Order
EV003337,2025-02-12 08:00:00,Put Away
EV003335,2025-02-12 08:00:00,Put Away
EV002306,2025-02-12 08:00:00,Put Away
EV004522,2025-02-13 00:00:00,Add PO Item
EV003308,2025-02-13 00:00:00,Add PO Item
EV003233,2025-02-13 00:00:00,Add PO Item
EV003806,2025-02-13 00:00:00,Receive Goods
EV003234,2025-02-13 00:00:00,Add PO Item
EV001702,2025-02-13 00:00:00,Create Purchase Order
EV004523,2025-02-13 00:00:00,Add PO Item
EV003232,2025-02-13 00:00:00,Add PO Item
EV001703,2025-02-13 04:00:00,Approve Purchase Order
EV003807,2025-02-13 08:00:00,Put Away
EV001414,2025-02-14 00:00:00,Receive Goods
EV000482,2025-02-14 00:00:00,Dispatch Delivery
EV001704,2025-02-14 00:00:00,Add PO Item
EV000480,2025-02-14 00:00:00,Receive Goods
EV003258,2025-02-14 00:00:00,Create Purchase Order
EV002307,2025-02-14 00:00:00,Dispatch Delivery
EV001971,2025-02-14 00:00:00,Dispatch Delivery
EV003309,2025-02-14 00:00:00,Dispatch Delivery
EV000733,2025-02-14 00:00:00,Receive Goods
EV004524,2025-02-14 00:00:00,Dispatch Delivery
EV002758,2025-02-14 00:00:00,Dispatch Delivery
EV004665,2025-02-14 00:00:00,Dispatch Delivery
EV000326,2025-02-14 00:00:00,Dispatch Delivery
EV003259,2025-02-14 04:00:00,Approve Purchase Order
EV000734,2025-02-14 08:00:00,Put Away
EV001415,2025-02-14 08:00:00,Put Away
EV000481,2025-02-14 08:00:00,Put Away
EV002729,2025-02-15 00:00:00,Receive Goods
EV002727,2025-02-15 00:00:00,Receive Goods
EV001134,2025-02-15 00:00:00,Receive Goods
EV003292,2025-02-15 00:00:00,Receive Goods
EV002434,2025-02-15 00:00:00,Dispatch Delivery
EV003260,2025-02-15 00:00:00,Add PO Item
EV003343,2025-02-15 00:00:00,Create Purchase Order
EV003344,2025-02-15 04:00:00,Approve Purchase Order
EV003293,2025-02-15 08:00:00,Put Away
EV002730,2025-02-15 08:00:00,Put Away
EV002728,2025-02-15 08:00:00,Put Away
EV001135,2025-02-15 08:00:00,Put Away
EV003346,2025-02-16 00:00:00,Add PO Item
EV003345,2025-02-16 00:00:00,Add PO Item
EV002051,2025-02-16 00:00:00,Create Purchase Order
EV002052,2025-02-16 04:00:00,Approve Purchase Order
EV000546,2025-02-17 00:00:00,Create Purchase Order
EV001417,2025-02-17 00:00:00,Receive Goods
EV002308,2025-02-17 00:00:00,Receive Goods
EV002053,2025-02-17 00:00:00,Add PO Item
EV000547,2025-02-17 04:00:00,Approve Purchase Order
EV002309,2025-02-17 08:00:00,Put Away
EV001418,2025-02-17 08:00:00,Put Away
EV003235,2025-02-18 00:00:00,Dispatch Delivery
EV000548,2025-02-18 00:00:00,Add PO Item
EV003339,2025-02-18 00:00:00,Receive Goods
EV003341,2025-02-18 00:00:00,Receive Goods
EV002432,2025-02-18 00:00:00,Receive Goods
EV002761,2025-02-18 00:00:00,Dispatch Delivery
EV003340,2025-02-18 08:00:00,Put Away
EV003342,2025-02-18 08:00:00,Put Away
EV002433,2025-02-18 08:00:00,Put Away
EV003242,2025-02-19 00:00:00,Dispatch Delivery
EV004658,2025-02-19 00:00:00,Receive Goods
EV000485,2025-02-19 00:00:00,Dispatch Delivery
EV004656,2025-02-19 00:00:00,Receive Goods
EV004657,2025-02-19 08:00:00,Put Away
EV004659,2025-02-19 08:00:00,Put Away
EV000549,2025-02-20 00:00:00,Dispatch Delivery
EV000005,2025-02-20 00:00:00,Receive Goods
EV002734,2025-02-20 00:00:00,Receive Goods
EV002732,2025-02-20 00:00:00,Receive Goods
EV003312,2025-02-20 00:00:00,Dispatch Delivery
EV001708,2025-02-20 00:00:00,Dispatch Delivery
EV003790,2025-02-20 00:00:00,Create Purchase Order
EV001705,2025-02-20 00:00:00,Dispatch Delivery
EV001137,2025-02-20 00:00:00,Receive Goods
EV003261,2025-02-20 00:00:00,Dispatch Delivery
EV003347,2025-02-20 00:00:00,Dispatch Delivery
EV004663,2025-02-20 00:00:00,Receive Goods
EV004661,2025-02-20 00:00:00,Receive Goods
EV003791,2025-02-20 04:00:00,Approve Purchase Order
EV004662,2025-02-20 08:00:00,Put Away
EV001138,2025-02-20 08:00:00,Put Away
EV002733,2025-02-20 08:00:00,Put Away
EV000006,2025-02-20 08:00:00,Put Away
EV004664,2025-02-20 08:00:00,Put Away
EV002735,2025-02-20 08:00:00,Put Away
EV000483,2025-02-21 00:00:00,Receive Goods
EV002739,2025-02-21 00:00:00,Receive Goods
EV000327,2025-02-21 00:00:00,Receive Goods
EV002737,2025-02-21 00:00:00,Receive Goods
EV001233,2025-02-21 00:00:00,Create Purchase Order
EV003792,2025-02-21 00:00:00,Add PO Item
EV001234,2025-02-21 04:00:00,Approve Purchase Order
EV000484,2025-02-21 08:00:00,Put Away
EV002738,2025-02-21 08:00:00,Put Away
EV002740,2025-02-21 08:00:00,Put Away
EV000328,2025-02-21 08:00:00,Put Away
EV002435,2025-02-22 00:00:00,Receive Goods
EV003382,2025-02-22 00:00:00,Create Purchase Order
EV001235,2025-02-22 00:00:00,Add PO Item
EV005174,2025-02-22 00:00:00,Create Purchase Order
EV002005,2025-02-22 00:00:00,Create Purchase Order
EV003009,2025-02-22 00:00:00,Receive Goods
EV005175,2025-02-22 04:00:00,Approve Purchase Order
EV002006,2025-02-22 04:00:00,Approve Purchase Order
EV003383,2025-02-22 04:00:00,Approve Purchase Order
EV003010,2025-02-22 08:00:00,Put Away
EV002436,2025-02-22 08:00:00,Put Away
EV003793,2025-02-23 00:00:00,Dispatch Delivery
EV002054,2025-02-23 00:00:00,Dispatch Delivery
EV003384,2025-02-23 00:00:00,Add PO Item
EV001236,2025-02-23 00:00:00,Dispatch Delivery
EV005176,2025-02-23 00:00:00,Add PO Item
EV002007,2025-02-23 00:00:00,Add PO Item
EV002008,2025-02-24 00:00:00,Dispatch Delivery
EV003352,2025-02-24 00:00:00,Dispatch Delivery
EV004666,2025-02-24 00:00:00,Receive Goods
EV003310,2025-02-24 00:00:00,Receive Goods
EV004668,2025-02-24 00:00:00,Receive Goods
EV004669,2025-02-24 08:00:00,Put Away
EV004667,2025-02-24 08:00:00,Put Away
EV003311,2025-02-24 08:00:00,Put Away
EV003012,2025-02-25 00:00:00,Receive Goods
EV002586,2025-02-25 00:00:00,Create Purchase Order
EV002587,2025-02-25 04:00:00,Approve Purchase Order
EV003013,2025-02-25 08:00:00,Put Away
EV000486,2025-02-26 00:00:00,Receive Goods
EV002588,2025-02-26 00:00:00,Add PO Item
EV000487,2025-02-26 08:00:00,Put Away
EV001398,2025-02-27 00:00:00,Create Purchase Order
EV005177,2025-02-27 00:00:00,Dispatch Delivery
EV003385,2025-02-27 00:00:00,Dispatch Delivery
EV001399,2025-02-27 04:00:00,Approve Purchase Order
EV003240,2025-02-28 00:00:00,Receive Goods
EV003236,2025-02-28 00:00:00,Receive Goods
EV003238,2025-02-28 00:00:00,Receive Goods
EV003111,2025-02-28 00:00:00,Create Purchase Order
EV001969,2025-02-28 00:00:00,Receive Goods
EV002015,2025-02-28 00:00:00,Receive Goods
EV001400,2025-02-28 00:00:00,Add PO Item
EV003112,2025-02-28 04:00:00,Approve Purchase Order
EV003237,2025-02-28 08:00:00,Put Away
EV003239,2025-02-28 08:00:00,Put Away
EV003241,2025-02-28 08:00:00,Put Away
EV001970,2025-02-28 08:00:00,Put Away
EV002016,2025-02-28 08:00:00,Put Away
EV003113,2025-03-01 00:00:00,Add PO Item
EV002589,2025-03-01 00:00:00,Dispatch Delivery
EV003243,2025-03-01 00:00:00,Receive Goods
EV003014,2025-03-01 00:00:00,Create Purchase Order
EV003245,2025-03-01 00:00:00,Receive Goods
EV003247,2025-03-01 00:00:00,Receive Goods
EV003015,2025-03-01 04:00:00,Approve Purchase Order
EV003248,2025-03-01 08:00:00,Put Away
EV003246,2025-03-01 08:00:00,Put Away
EV003244,2025-03-01 08:00:00,Put Away
EV000433,2025-03-02 00:00:00,Create Purchase Order
EV005178,2025-03-02 00:00:00,Receive Goods
EV003796,2025-03-02 00:00:00,Dispatch Delivery
EV003262,2025-03-02 00:00:00,Receive Goods
EV003313,2025-03-02 00:00:00,Receive Goods
EV003016,2025-03-02 00:00:00,Add PO Item
EV000434,2025-03-02 04:00:00,Approve Purchase Order
EV005179,2025-03-02 08:00:00,Put Away
EV003314,2025-03-02 08:00:00,Put Away
EV003263,2025-03-02 08:00:00,Put Away
EV003017,2025-03-03 00:00:00,Dispatch Delivery
EV004859,2025-03-03 00:00:00,Create Purchase Order
EV003388,2025-03-03 00:00:00,Dispatch Delivery
EV000436,2025-03-03 00:00:00,Add PO Item
EV001401,2025-03-03 00:00:00,Dispatch Delivery
EV001242,2025-03-03 00:00:00,Dispatch Delivery
EV000435,2025-03-03 00:00:00,Add PO Item
EV001239,2025-03-03 00:00:00,Dispatch Delivery
EV004860,2025-03-03 04:00:00,Approve Purchase Order
EV000259,2025-03-04 00:00:00,Create Purchase Order
EV003799,2025-03-04 00:00:00,Dispatch Delivery
EV001972,2025-03-04 00:00:00,Receive Goods
EV002759,2025-03-04 00:00:00,Receive Goods
EV004527,2025-03-04 00:00:00,Receive Goods
EV004863,2025-03-04 00:00:00,Add PO Item
EV004862,2025-03-04 00:00:00,Add PO Item
EV004861,2025-03-04 00:00:00,Add PO Item
EV004525,2025-03-04 00:00:00,Receive Goods
EV003114,2025-03-04 00:00:00,Dispatch Delivery
EV005180,2025-03-04 00:00:00,Dispatch Delivery
EV000260,2025-03-04 04:00:00,Approve Purchase Order
EV004528,2025-03-04 08:00:00,Put Away
EV004526,2025-03-04 08:00:00,Put Away
EV002760,2025-03-04 08:00:00,Put Away
EV001973,2025-03-04 08:00:00,Put Away
EV005183,2025-03-05 00:00:00,Dispatch Delivery
EV003609,2025-03-05 00:00:00,Create Purchase Order
EV000261,2025-03-05 00:00:00,Add PO Item
EV003610,2025-03-05 04:00:00,Approve Purchase Order
EV003644,2025-03-06 00:00:00,Create Purchase Order
EV000437,2025-03-06 00:00:00,Dispatch Delivery
EV003611,2025-03-06 00:00:00,Add PO Item
EV003645,2025-03-06 04:00:00,Approve Purchase Order
EV003646,2025-03-07 00:00:00,Add PO Item
EV003201,2025-03-07 00:00:00,Create Purchase Order
EV000210,2025-03-07 00:00:00,Create Purchase Order
EV004864,2025-03-07 00:00:00,Dispatch Delivery
EV003862,2025-03-07 00:00:00,Create Purchase Order
EV000211,2025-03-07 04:00:00,Approve Purchase Order
EV003202,2025-03-07 04:00:00,Approve Purchase Order
EV003863,2025-03-07 04:00:00,Approve Purchase Order
EV003864,2025-03-08 00:00:00,Add PO Item
EV002590,2025-03-08 00:00:00,Receive Goods
EV000212,2025-03-08 00:00:00,Add PO Item
EV001140,2025-03-08 00:00:00,Receive Goods
EV002762,2025-03-08 00:00:00,Receive Goods
EV003203,2025-03-08 00:00:00,Add PO Item
EV003204,2025-03-08 00:00:00,Add PO Item
EV003020,2025-03-08 00:00:00,Dispatch Delivery
EV002591,2025-03-08 08:00:00,Put Away
EV002763,2025-03-08 08:00:00,Put Away
EV001141,2025-03-08 08:00:00,Put Away
EV000213,2025-03-09 00:00:00,Dispatch Delivery
EV002018,2025-03-09 00:00:00,Receive Goods
EV001404,2025-03-09 00:00:00,Dispatch Delivery
EV003612,2025-03-09 00:00:00,Dispatch Delivery
EV002019,2025-03-09 08:00:00,Put Away
EV003348,2025-03-10 00:00:00,Receive Goods
EV003205,2025-03-10 00:00:00,Dispatch Delivery
EV000262,2025-03-10 00:00:00,Dispatch Delivery
EV004869,2025-03-10 00:00:00,Receive Goods
EV004867,2025-03-10 00:00:00,Receive Goods
EV004865,2025-03-10 00:00:00,Receive Goods
EV003350,2025-03-10 00:00:00,Receive Goods
EV004054,2025-03-10 00:00:00,Create Purchase Order
EV004270,2025-03-10 00:00:00,Create Purchase Order
EV000125,2025-03-10 00:00:00,Create Purchase Order
EV004271,2025-03-10 04:00:00,Approve Purchase Order
EV004055,2025-03-10 04:00:00,Approve Purchase Order
EV000126,2025-03-10 04:00:00,Approve Purchase Order
EV004868,2025-03-10 08:00:00,Put Away
EV003351,2025-03-10 08:00:00,Put Away
EV004866,2025-03-10 08:00:00,Put Away
EV004870,2025-03-10 08:00:00,Put Away
EV003349,2025-03-10 08:00:00,Put Away
EV000265,2025-03-11 00:00:00,Dispatch Delivery
EV002643,2025-03-11 00:00:00,Receive Goods
EV003647,2025-03-11 00:00:00,Dispatch Delivery
EV004274,2025-03-11 00:00:00,Add PO Item
EV004273,2025-03-11 00:00:00,Add PO Item
EV004272,2025-03-11 00:00:00,Add PO Item
EV002645,2025-03-11 00:00:00,Receive Goods
EV004056,2025-03-11 00:00:00,Add PO Item
EV003216,2025-03-11 00:00:00,Create Purchase Order
EV001838,2025-03-11 00:00:00,Create Purchase Order
EV000127,2025-03-11 00:00:00,Add PO Item
EV003217,2025-03-11 04:00:00,Approve Purchase Order
EV001839,2025-03-11 04:00:00,Approve Purchase Order
EV002644,2025-03-11 08:00:00,Put Away
EV002646,2025-03-11 08:00:00,Put Away
EV003615,2025-03-12 00:00:00,Dispatch Delivery
EV003865,2025-03-12 00:00:00,Dispatch Delivery
EV003219,2025-03-12 00:00:00,Add PO Item
EV003218,2025-03-12 00:00:00,Add PO Item
EV001840,2025-03-12 00:00:00,Add PO Item
EV001841,2025-03-12 00:00:00,Add PO Item
EV001617,2025-03-12 00:00:00,Create Purchase Order
EV001618,2025-03-12 04:00:00,Approve Purchase Order
EV005181,2025-03-13 00:00:00,Receive Goods
EV003018,2025-03-13 00:00:00,Receive Goods
EV001619,2025-03-13 00:00:00,Add PO Item
EV004057,2025-03-13 00:00:00,Dispatch Delivery
EV000438,2025-03-13 00:00:00,Receive Goods
EV003794,2025-03-13 00:00:00,Receive Goods
EV002055,2025-03-13 00:00:00,Receive Goods
EV001237,2025-03-13 00:00:00,Receive Goods
EV000440,2025-03-13 00:00:00,Receive Goods
EV001402,2025-03-13 00:00:00,Receive Goods
EV001407,2025-03-13 00:00:00,Dispatch Delivery
EV005182,2025-03-13 08:00:00,Put Away
EV003795,2025-03-13 08:00:00,Put Away
EV000441,2025-03-13 08:00:00,Put Away
EV000439,2025-03-13 08:00:00,Put Away
EV001238,2025-03-13 08:00:00,Put Away
EV003019,2025-03-13 08:00:00,Put Away
EV001403,2025-03-13 08:00:00,Put Away
EV002056,2025-03-13 08:00:00,Put Away
EV003353,2025-03-14 00:00:00,Receive Goods
EV000813,2025-03-14 00:00:00,Create Purchase Order
EV002787,2025-03-14 00:00:00,Create Purchase Order
EV004275,2025-03-14 00:00:00,Dispatch Delivery
EV003355,2025-03-14 00:00:00,Receive Goods
EV003023,2025-03-14 00:00:00,Dispatch Delivery
EV002788,2025-03-14 04:00:00,Approve Purchase Order
EV000814,2025-03-14 04:00:00,Approve Purchase Order
EV003356,2025-03-14 08:00:00,Put Away
EV003354,2025-03-14 08:00:00,Put Away
EV002789,2025-03-15 00:00:00,Add PO Item
EV000815,2025-03-15 00:00:00,Add PO Item
EV003866,2025-03-15 00:00:00,Receive Goods
EV003868,2025-03-15 00:00:00,Dispatch Delivery
EV003650,2025-03-15 00:00:00,Dispatch Delivery
EV003867,2025-03-15 08:00:00,Put Away
EV005184,2025-03-16 00:00:00,Receive Goods
EV000765,2025-03-16 00:00:00,Create Purchase Order
EV001620,2025-03-16 00:00:00,Dispatch Delivery
EV000766,2025-03-16 04:00:00,Approve Purchase Order
EV005185,2025-03-16 08:00:00,Put Away
EV004280,2025-03-17 00:00:00,Receive Goods
EV000816,2025-03-17 00:00:00,Dispatch Delivery
EV000216,2025-03-17 00:00:00,Dispatch Delivery
EV004276,2025-03-17 00:00:00,Receive Goods
EV003386,2025-03-17 00:00:00,Receive Goods
EV001842,2025-03-17 00:00:00,Dispatch Delivery
EV004278,2025-03-17 00:00:00,Receive Goods
EV000128,2025-03-17 00:00:00,Dispatch Delivery
EV000767,2025-03-17 00:00:00,Add PO Item
EV000299,2025-03-17 00:00:00,Create Purchase Order
EV000300,2025-03-17 04:00:00,Approve Purchase Order
EV003387,2025-03-17 08:00:00,Put Away
EV004279,2025-03-17 08:00:00,Put Away
EV004281,2025-03-17 08:00:00,Put Away
EV004277,2025-03-17 08:00:00,Put Away
EV000214,2025-03-18 00:00:00,Receive Goods
EV000301,2025-03-18 00:00:00,Add PO Item
EV003220,2025-03-18 00:00:00,Dispatch Delivery
EV003869,2025-03-18 00:00:00,Receive Goods
EV004433,2025-03-18 00:00:00,Create Purchase Order
EV000768,2025-03-18 00:00:00,Dispatch Delivery
EV000077,2025-03-18 00:00:00,Create Purchase Order
EV000078,2025-03-18 04:00:00,Approve Purchase Order
EV004434,2025-03-18 04:00:00,Approve Purchase Order
EV000215,2025-03-18 08:00:00,Put Away
EV003870,2025-03-18 08:00:00,Put Away
EV004435,2025-03-19 00:00:00,Add PO Item
EV000079,2025-03-19 00:00:00,Add PO Item
EV002790,2025-03-19 00:00:00,Dispatch Delivery
EV001405,2025-03-19 00:00:00,Receive Goods
EV001200,2025-03-19 00:00:00,Create Purchase Order
EV001201,2025-03-19 04:00:00,Approve Purchase Order
EV001406,2025-03-19 08:00:00,Put Away
EV001202,2025-03-20 00:00:00,Add PO Item
EV003186,2025-03-20 00:00:00,Create Purchase Order
EV004282,2025-03-20 00:00:00,Dispatch Delivery
EV000219,2025-03-20 00:00:00,Dispatch Delivery
EV001204,2025-03-20 00:00:00,Add PO Item
EV001709,2025-03-20 00:00:00,Receive Goods
EV001706,2025-03-20 00:00:00,Receive Goods
EV001203,2025-03-20 00:00:00,Add PO Item
EV000080,2025-03-20 00:00:00,Dispatch Delivery
EV003797,2025-03-20 00:00:00,Receive Goods
EV001157,2025-03-20 00:00:00,Create Purchase Order
EV001158,2025-03-20 04:00:00,Approve Purchase Order
EV003187,2025-03-20 04:00:00,Approve Purchase Order
EV001707,2025-03-20 08:00:00,Put Away
EV001710,2025-03-20 08:00:00,Put Away
EV003798,2025-03-20 08:00:00,Put Away
EV001243,2025-03-21 00:00:00,Receive Goods
EV000302,2025-03-21 00:00:00,Dispatch Delivery
EV001159,2025-03-21 00:00:00,Add PO Item
EV003389,2025-03-21 00:00:00,Receive Goods
EV001240,2025-03-21 00:00:00,Receive Goods
EV003188,2025-03-21 00:00:00,Add PO Item
EV004710,2025-03-21 00:00:00,Create Purchase Order
EV004711,2025-03-21 04:00:00,Approve Purchase Order
EV001241,2025-03-21 08:00:00,Put Away
EV003390,2025-03-21 08:00:00,Put Away
EV001244,2025-03-21 08:00:00,Put Away
EV004289,2025-03-22 00:00:00,Dispatch Delivery
EV001623,2025-03-22 00:00:00,Dispatch Delivery
EV002704,2025-03-22 00:00:00,Create Purchase Order
EV003225,2025-03-22 00:00:00,Dispatch Delivery
EV000068,2025-03-22 00:00:00,Create Purchase Order
EV003800,2025-03-22 00:00:00,Receive Goods
EV003115,2025-03-22 00:00:00,Receive Goods
EV004713,2025-03-22 00:00:00,Add PO Item
EV004712,2025-03-22 00:00:00,Add PO Item
EV001205,2025-03-22 00:00:00,Dispatch Delivery
EV002705,2025-03-22 04:00:00,Approve Purchase Order
EV000069,2025-03-22 04:00:00,Approve Purchase Order
EV003801,2025-03-22 08:00:00,Put Away
EV003116,2025-03-22 08:00:00,Put Away
EV001408,2025-03-23 00:00:00,Receive Goods
EV000070,2025-03-23 00:00:00,Add PO Item
EV004285,2025-03-23 00:00:00,Receive Goods
EV001219,2025-03-23 00:00:00,Create Purchase Order
EV004287,2025-03-23 00:00:00,Receive Goods
EV004283,2025-03-23 00:00:00,Receive Goods
EV000071,2025-03-23 00:00:00,Add PO Item
EV001160,2025-03-23 00:00:00,Dispatch Delivery
EV002706,2025-03-23 00:00:00,Add PO Item
EV002793,2025-03-23 00:00:00,Dispatch Delivery
EV000217,2025-03-23 00:00:00,Receive Goods
EV000220,2025-03-23 00:00:00,Receive Goods
EV001220,2025-03-23 04:00:00,Approve Purchase Order
EV000218,2025-03-23 08:00:00,Put Away
EV001409,2025-03-23 08:00:00,Put Away
EV004288,2025-03-23 08:00:00,Put Away
EV004284,2025-03-23 08:00:00,Put Away
EV000221,2025-03-23 08:00:00,Put Away
EV004286,2025-03-23 08:00:00,Put Away
EV002009,2025-03-24 00:00:00,Receive Goods
EV004436,2025-03-24 00:00:00,Dispatch Delivery
EV000303,2025-03-24 00:00:00,Receive Goods
EV001222,2025-03-24 00:00:00,Add PO Item
EV002796,2025-03-24 00:00:00,Dispatch Delivery
EV001221,2025-03-24 00:00:00,Add PO Item
EV002010,2025-03-24 08:00:00,Put Away
EV000304,2025-03-24 08:00:00,Put Away
EV003223,2025-03-25 00:00:00,Receive Goods
EV003221,2025-03-25 00:00:00,Receive Goods
EV004290,2025-03-25 00:00:00,Receive Goods
EV000550,2025-03-25 00:00:00,Receive Goods
EV004292,2025-03-25 00:00:00,Receive Goods
EV004294,2025-03-25 00:00:00,Receive Goods
EV004293,2025-03-25 08:00:00,Put Away
EV004291,2025-03-25 08:00:00,Put Away
EV003222,2025-03-25 08:00:00,Put Away
EV003224,2025-03-25 08:00:00,Put Away
EV004295,2025-03-25 08:00:00,Put Away
EV000551,2025-03-25 08:00:00,Put Away
EV004305,2025-03-26 00:00:00,Create Purchase Order
EV003189,2025-03-26 00:00:00,Dispatch Delivery
EV000305,2025-03-26 00:00:00,Dispatch Delivery
EV002707,2025-03-26 00:00:00,Dispatch Delivery
EV005016,2025-03-26 00:00:00,Create Purchase Order
EV004306,2025-03-26 04:00:00,Approve Purchase Order
EV005017,2025-03-26 04:00:00,Approve Purchase Order
EV005018,2025-03-27 00:00:00,Add PO Item
EV002402,2025-03-27 00:00:00,Create Purchase Order
EV004307,2025-03-27 00:00:00,Add PO Item
EV002403,2025-03-27 04:00:00,Approve Purchase Order
EV000263,2025-03-28 00:00:00,Receive Goods
EV004719,2025-03-28 00:00:00,Dispatch Delivery
EV004714,2025-03-28 00:00:00,Dispatch Delivery
EV002405,2025-03-28 00:00:00,Add PO Item
EV002498,2025-03-28 00:00:00,Create Purchase Order
EV000072,2025-03-28 00:00:00,Dispatch Delivery
EV003024,2025-03-28 00:00:00,Receive Goods
EV002710,2025-03-28 00:00:00,Dispatch Delivery
EV002404,2025-03-28 00:00:00,Add PO Item
EV002499,2025-03-28 04:00:00,Approve Purchase Order
EV003025,2025-03-28 08:00:00,Put Away
EV000264,2025-03-28 08:00:00,Put Away
EV003648,2025-03-29 00:00:00,Receive Goods
EV000083,2025-03-29 00:00:00,Dispatch Delivery
EV001428,2025-03-29 00:00:00,Create Purchase Order
EV003228,2025-03-29 00:00:00,Receive Goods
EV000306,2025-03-29 00:00:00,Receive Goods
EV003226,2025-03-29 00:00:00,Receive Goods
EV002500,2025-03-29 00:00:00,Add PO Item
EV001212,2025-03-29 00:00:00,Dispatch Delivery
EV000266,2025-03-29 00:00:00,Receive Goods
EV001429,2025-03-29 04:00:00,Approve Purchase Order
EV003227,2025-03-29 08:00:00,Put Away
EV000307,2025-03-29 08:00:00,Put Away
EV000267,2025-03-29 08:00:00,Put Away
EV003229,2025-03-29 08:00:00,Put Away
EV003649,2025-03-29 08:00:00,Put Away
EV001161,2025-03-30 00:00:00,Receive Goods
EV003021,2025-03-30 00:00:00,Receive Goods
EV000852,2025-03-30 00:00:00,Create Purchase Order
EV001223,2025-03-30 00:00:00,Dispatch Delivery
EV001430,2025-03-30 00:00:00,Add PO Item
EV002626,2025-03-30 00:00:00,Create Purchase Order
EV002627,2025-03-30 04:00:00,Approve Purchase Order
EV000853,2025-03-30 04:00:00,Approve Purchase Order
EV001162,2025-03-30 08:00:00,Put Away
EV003022,2025-03-30 08:00:00,Put Away
EV004308,2025-03-31 00:00:00,Dispatch Delivery
EV000854,2025-03-31 00:00:00,Add PO Item
EV000856,2025-03-31 00:00:00,Add PO Item
EV003192,2025-03-31 00:00:00,Dispatch Delivery
EV005019,2025-03-31 00:00:00,Dispatch Delivery
EV002628,2025-03-31 00:00:00,Add PO Item
EV000855,2025-03-31 00:00:00,Add PO Item
EV001228,2025-04-01 00:00:00,Dispatch Delivery
EV009597,2025-04-01 00:00:00,Create Sales Order
EV001947,2025-04-01 00:00:00,Create Purchase Order
EV014665,2025-04-01 00:00:00,Create Sales Order
EV009599,2025-04-01 01:00:00,Add Sales Order Item
EV014666,2025-04-01 01:00:00,Add Sales Order Item
EV009598,2025-04-01 01:00:00,Add Sales Order Item
EV001948,2025-04-01 04:00:00,Approve Purchase Order
EV007408,2025-04-02 00:00:00,Create Sales Order
EV006131,2025-04-02 00:00:00,Create Sales Order
EV003206,2025-04-02 00:00:00,Receive Goods
EV002501,2025-04-02 00:00:00,Dispatch Delivery
EV000857,2025-04-02 00:00:00,Dispatch Delivery
EV002406,2025-04-02 00:00:00,Dispatch Delivery
EV003208,2025-04-02 00:00:00,Receive Goods
EV003651,2025-04-02 00:00:00,Receive Goods
EV009833,2025-04-02 00:00:00,Create Sales Order
EV001949,2025-04-02 00:00:00,Add PO Item
EV009834,2025-04-02 01:00:00,Add Sales Order Item
EV006132,2025-04-02 01:00:00,Add Sales Order Item
EV007409,2025-04-02 01:00:00,Add Sales Order Item
EV007412,2025-04-02 01:00:00,Add Sales Order Item
EV003209,2025-04-02 08:00:00,Put Away
EV003207,2025-04-02 08:00:00,Put Away
EV003652,2025-04-02 08:00:00,Put Away
EV009185,2025-04-03 00:00:00,Create Sales Order
EV001621,2025-04-03 00:00:00,Receive Goods
EV006033,2025-04-03 00:00:00,Create Sales Order
EV005732,2025-04-03 00:00:00,Create Sales Order
EV006133,2025-04-03 00:00:00,Ship Product
EV002713,2025-04-03 00:00:00,Dispatch Delivery
EV008274,2025-04-03 00:00:00,Create Sales Order
EV003066,2025-04-03 00:00:00,Create Purchase Order
EV013652,2025-04-03 00:00:00,Create Sales Order
EV004245,2025-04-03 00:00:00,Create Purchase Order
EV007664,2025-04-03 00:00:00,Create Sales Order
EV001431,2025-04-03 00:00:00,Dispatch Delivery
EV005020,2025-04-03 00:00:00,Receive Goods
EV006040,2025-04-03 01:00:00,Add Sales Order Item
EV006037,2025-04-03 01:00:00,Add Sales Order Item
EV013653,2025-04-03 01:00:00,Add Sales Order Item
EV007665,2025-04-03 01:00:00,Add Sales Order Item
EV009187,2025-04-03 01:00:00,Add Sales Order Item
EV005733,2025-04-03 01:00:00,Add Sales Order Item
EV013656,2025-04-03 01:00:00,Add Sales Order Item
EV006034,2025-04-03 01:00:00,Add Sales Order Item
EV008275,2025-04-03 01:00:00,Add Sales Order Item
EV009186,2025-04-03 01:00:00,Add Sales Order Item
EV013657,2025-04-03 01:00:00,Add Sales Order Item
EV003067,2025-04-03 04:00:00,Approve Purchase Order
EV004246,2025-04-03 04:00:00,Approve Purchase Order
EV005021,2025-04-03 08:00:00,Put Away
EV001622,2025-04-03 08:00:00,Put Away
EV012358,2025-04-04 00:00:00,Create Sales Order
EV006406,2025-04-04 00:00:00,Create Sales Order
EV004248,2025-04-04 00:00:00,Add PO Item
EV006041,2025-04-04 00:00:00,Ship Product
EV013973,2025-04-04 00:00:00,Create Sales Order
EV000075,2025-04-04 00:00:00,Receive Goods
EV009189,2025-04-04 00:00:00,Complete Sale
EV004247,2025-04-04 00:00:00,Add PO Item
EV001843,2025-04-04 00:00:00,Receive Goods
EV009188,2025-04-04 00:00:00,Ship Product
EV001845,2025-04-04 00:00:00,Receive Goods
EV000073,2025-04-04 00:00:00,Receive Goods
EV003068,2025-04-04 00:00:00,Add PO Item
EV002057,2025-04-04 00:00:00,Create Purchase Order
EV007413,2025-04-04 00:00:00,Ship Product
EV003524,2025-04-04 00:00:00,Create Purchase Order
EV006134,2025-04-04 00:00:00,Complete Sale
EV013975,2025-04-04 01:00:00,Add Sales Order Item
EV013974,2025-04-04 01:00:00,Add Sales Order Item
EV006407,2025-04-04 01:00:00,Add Sales Order Item
EV012359,2025-04-04 01:00:00,Add Sales Order Item
EV013976,2025-04-04 01:00:00,Add Sales Order Item
EV003525,2025-04-04 04:00:00,Approve Purchase Order
EV002058,2025-04-04 04:00:00,Approve Purchase Order
EV000076,2025-04-04 08:00:00,Put Away
EV000074,2025-04-04 08:00:00,Put Away
EV001844,2025-04-04 08:00:00,Put Away
EV001846,2025-04-04 08:00:00,Put Away
EV011477,2025-04-05 00:00:00,Create Sales Order
EV008226,2025-04-05 00:00:00,Create Sales Order
EV014667,2025-04-05 00:00:00,Ship Product
EV014224,2025-04-05 00:00:00,Create Sales Order
EV007414,2025-04-05 00:00:00,Complete Sale
EV008771,2025-04-05 00:00:00,Create Sales Order
EV002632,2025-04-05 00:00:00,Dispatch Delivery
EV005022,2025-04-05 00:00:00,Dispatch Delivery
EV003526,2025-04-05 00:00:00,Add PO Item
EV004249,2025-04-05 00:00:00,Dispatch Delivery
EV007410,2025-04-05 00:00:00,Ship Product
EV002059,2025-04-05 00:00:00,Add PO Item
EV006038,2025-04-05 00:00:00,Ship Product
EV000864,2025-04-05 00:00:00,Dispatch Delivery
EV009401,2025-04-05 00:00:00,Create Sales Order
EV002411,2025-04-05 00:00:00,Dispatch Delivery
EV008227,2025-04-05 01:00:00,Add Sales Order Item
EV008772,2025-04-05 01:00:00,Add Sales Order Item
EV014228,2025-04-05 01:00:00,Add Sales Order Item
EV008776,2025-04-05 01:00:00,Add Sales Order Item
EV011479,2025-04-05 01:00:00,Add Sales Order Item
EV011478,2025-04-05 01:00:00,Add Sales Order Item
EV008779,2025-04-05 01:00:00,Add Sales Order Item
EV014225,2025-04-05 01:00:00,Add Sales Order Item
EV009402,2025-04-05 01:00:00,Add Sales Order Item
EV006035,2025-04-06 00:00:00,Ship Product
EV011669,2025-04-06 00:00:00,Create Sales Order
EV006042,2025-04-06 00:00:00,Complete Sale
EV009836,2025-04-06 00:00:00,Complete Sale
EV009835,2025-04-06 00:00:00,Ship Product
EV002629,2025-04-06 00:00:00,Dispatch Delivery
EV006039,2025-04-06 00:00:00,Complete Sale
EV014668,2025-04-06 00:00:00,Complete Sale
EV012621,2025-04-06 00:00:00,Create Sales Order
EV003711,2025-04-06 00:00:00,Create Purchase Order
EV003190,2025-04-06 00:00:00,Receive Goods
EV013683,2025-04-06 00:00:00,Create Sales Order
EV007411,2025-04-06 00:00:00,Complete Sale
EV003613,2025-04-06 00:00:00,Receive Goods
EV001756,2025-04-06 00:00:00,Create Purchase Order
EV012622,2025-04-06 01:00:00,Add Sales Order Item
EV012625,2025-04-06 01:00:00,Add Sales Order Item
EV011670,2025-04-06 01:00:00,Add Sales Order Item
EV013684,2025-04-06 01:00:00,Add Sales Order Item
EV013687,2025-04-06 01:00:00,Add Sales Order Item
EV011674,2025-04-06 01:00:00,Add Sales Order Item
EV011671,2025-04-06 01:00:00,Add Sales Order Item
EV003712,2025-04-06 04:00:00,Approve Purchase Order
EV001757,2025-04-06 04:00:00,Approve Purchase Order
EV003614,2025-04-06 08:00:00,Put Away
EV003191,2025-04-06 08:00:00,Put Away
EV004715,2025-04-07 00:00:00,Receive Goods
EV004058,2025-04-07 00:00:00,Receive Goods
EV003193,2025-04-07 00:00:00,Receive Goods
EV006917,2025-04-07 00:00:00,Create Sales Order
EV010168,2025-04-07 00:00:00,Create Sales Order
EV009494,2025-04-07 00:00:00,Create Sales Order
EV004720,2025-04-07 00:00:00,Receive Goods
EV014227,2025-04-07 00:00:00,Complete Sale
EV006036,2025-04-07 00:00:00,Complete Sale
EV003713,2025-04-07 00:00:00,Add PO Item
EV004722,2025-04-07 00:00:00,Receive Goods
EV001758,2025-04-07 00:00:00,Add PO Item
EV008276,2025-04-07 00:00:00,Ship Product
EV008277,2025-04-07 00:00:00,Complete Sale
EV014226,2025-04-07 00:00:00,Ship Product
EV013551,2025-04-07 00:00:00,Create Sales Order
EV004717,2025-04-07 00:00:00,Receive Goods
EV013977,2025-04-07 00:00:00,Ship Product
EV007666,2025-04-07 00:00:00,Ship Product
EV013654,2025-04-07 00:00:00,Ship Product
EV007667,2025-04-07 00:00:00,Complete Sale
EV008773,2025-04-07 00:00:00,Ship Product
EV013685,2025-04-07 00:00:00,Ship Product
EV002504,2025-04-07 00:00:00,Dispatch Delivery
EV006918,2025-04-07 01:00:00,Add Sales Order Item
EV013552,2025-04-07 01:00:00,Add Sales Order Item
EV010169,2025-04-07 01:00:00,Add Sales Order Item
EV009495,2025-04-07 01:00:00,Add Sales Order Item
EV006921,2025-04-07 01:00:00,Add Sales Order Item
EV009498,2025-04-07 01:00:00,Add Sales Order Item
EV006924,2025-04-07 01:00:00,Add Sales Order Item
EV010172,2025-04-07 01:00:00,Add Sales Order Item
EV010175,2025-04-07 01:00:00,Add Sales Order Item
EV004059,2025-04-07 08:00:00,Put Away
EV003194,2025-04-07 08:00:00,Put Away
EV004723,2025-04-07 08:00:00,Put Away
EV004721,2025-04-07 08:00:00,Put Away
EV004718,2025-04-07 08:00:00,Put Away
EV004716,2025-04-07 08:00:00,Put Away
EV001434,2025-04-08 00:00:00,Dispatch Delivery
EV012706,2025-04-08 00:00:00,Create Sales Order
EV009496,2025-04-08 00:00:00,Ship Product
EV009497,2025-04-08 00:00:00,Complete Sale
EV013841,2025-04-08 00:00:00,Create Sales Order
EV001950,2025-04-08 00:00:00,Dispatch Delivery
EV010786,2025-04-08 00:00:00,Create Sales Order
EV011893,2025-04-08 00:00:00,Create Sales Order
EV013658,2025-04-08 00:00:00,Ship Product
EV013659,2025-04-08 00:00:00,Complete Sale
EV003527,2025-04-08 00:00:00,Dispatch Delivery
EV009033,2025-04-08 00:00:00,Create Sales Order
EV006409,2025-04-08 00:00:00,Complete Sale
EV013978,2025-04-08 00:00:00,Complete Sale
EV001759,2025-04-08 00:00:00,Dispatch Delivery
EV011486,2025-04-08 00:00:00,Create Sales Order
EV008229,2025-04-08 00:00:00,Complete Sale
EV008228,2025-04-08 00:00:00,Ship Product
EV005025,2025-04-08 00:00:00,Dispatch Delivery
EV005023,2025-04-08 00:00:00,Receive Goods
EV010173,2025-04-08 00:00:00,Ship Product
EV010174,2025-04-08 00:00:00,Complete Sale
EV006408,2025-04-08 00:00:00,Ship Product
EV010501,2025-04-08 00:00:00,Create Sales Order
EV009038,2025-04-08 01:00:00,Add Sales Order Item
EV013842,2025-04-08 01:00:00,Add Sales Order Item
EV010787,2025-04-08 01:00:00,Add Sales Order Item
EV010793,2025-04-08 01:00:00,Add Sales Order Item
EV012708,2025-04-08 01:00:00,Add Sales Order Item
EV012709,2025-04-08 01:00:00,Add Sales Order Item
EV011487,2025-04-08 01:00:00,Add Sales Order Item
EV009034,2025-04-08 01:00:00,Add Sales Order Item
EV010790,2025-04-08 01:00:00,Add Sales Order Item
EV009035,2025-04-08 01:00:00,Add Sales Order Item
EV011894,2025-04-08 01:00:00,Add Sales Order Item
EV012707,2025-04-08 01:00:00,Add Sales Order Item
EV011895,2025-04-08 01:00:00,Add Sales Order Item
EV010502,2025-04-08 01:00:00,Add Sales Order Item
EV005024,2025-04-08 08:00:00,Put Away
EV004254,2025-04-09 00:00:00,Dispatch Delivery
EV000871,2025-04-09 00:00:00,Dispatch Delivery
EV012710,2025-04-09 00:00:00,Ship Product
EV009403,2025-04-09 00:00:00,Ship Product
EV001624,2025-04-09 00:00:00,Receive Goods
EV003069,2025-04-09 00:00:00,Dispatch Delivery
EV010795,2025-04-09 00:00:00,Complete Sale
EV010794,2025-04-09 00:00:00,Ship Product
EV002060,2025-04-09 00:00:00,Dispatch Delivery
EV011672,2025-04-09 00:00:00,Ship Product
EV003616,2025-04-09 00:00:00,Receive Goods
EV013655,2025-04-09 00:00:00,Complete Sale
EV009036,2025-04-09 00:00:00,Ship Product
EV007158,2025-04-09 00:00:00,Create Sales Order
EV008774,2025-04-09 00:00:00,Complete Sale
EV013686,2025-04-09 00:00:00,Complete Sale
EV006922,2025-04-09 00:00:00,Ship Product
EV001206,2025-04-09 00:00:00,Receive Goods
EV010170,2025-04-09 00:00:00,Ship Product
EV001208,2025-04-09 00:00:00,Receive Goods
EV001210,2025-04-09 00:00:00,Receive Goods
EV012266,2025-04-09 00:00:00,Create Sales Order
EV011480,2025-04-09 00:00:00,Ship Product
EV004614,2025-04-09 00:00:00,Create Purchase Order
EV007159,2025-04-09 01:00:00,Add Sales Order Item
EV007163,2025-04-09 01:00:00,Add Sales Order Item
EV012270,2025-04-09 01:00:00,Add Sales Order Item
EV012267,2025-04-09 01:00:00,Add Sales Order Item
EV004615,2025-04-09 04:00:00,Approve Purchase Order
EV001211,2025-04-09 08:00:00,Put Away
EV001209,2025-04-09 08:00:00,Put Away
EV001207,2025-04-09 08:00:00,Put Away
EV003617,2025-04-09 08:00:00,Put Away
EV001625,2025-04-09 08:00:00,Put Away
EV009037,2025-04-10 00:00:00,Complete Sale
EV004616,2025-04-10 00:00:00,Add PO Item
EV012711,2025-04-10 00:00:00,Complete Sale
EV008780,2025-04-10 00:00:00,Ship Product
EV011673,2025-04-10 00:00:00,Complete Sale
EV009040,2025-04-10 00:00:00,Complete Sale
EV008777,2025-04-10 00:00:00,Ship Product
EV011488,2025-04-10 00:00:00,Ship Product
EV010788,2025-04-10 00:00:00,Ship Product
EV009039,2025-04-10 00:00:00,Ship Product
EV004309,2025-04-10 00:00:00,Receive Goods
EV009499,2025-04-10 00:00:00,Ship Product
EV012626,2025-04-10 00:00:00,Ship Product
EV006618,2025-04-10 00:00:00,Create Sales Order
EV009404,2025-04-10 00:00:00,Complete Sale
EV006026,2025-04-10 00:00:00,Create Sales Order
EV003530,2025-04-10 00:00:00,Dispatch Delivery
EV006030,2025-04-10 01:00:00,Add Sales Order Item
EV006622,2025-04-10 01:00:00,Add Sales Order Item
EV006027,2025-04-10 01:00:00,Add Sales Order Item
EV006619,2025-04-10 01:00:00,Add Sales Order Item
EV004310,2025-04-10 08:00:00,Put Away
EV008877,2025-04-11 00:00:00,Create Sales Order
EV011481,2025-04-11 00:00:00,Complete Sale
EV009502,2025-04-11 00:00:00,Create Sales Order
EV001760,2025-04-11 00:00:00,Receive Goods
EV010171,2025-04-11 00:00:00,Complete Sale
EV001956,2025-04-11 00:00:00,Dispatch Delivery
EV009084,2025-04-11 00:00:00,Create Sales Order
EV003811,2025-04-11 00:00:00,Create Purchase Order
EV005026,2025-04-11 00:00:00,Receive Goods
EV012545,2025-04-11 00:00:00,Create Sales Order
EV001953,2025-04-11 00:00:00,Dispatch Delivery
EV002635,2025-04-11 00:00:00,Dispatch Delivery
EV004437,2025-04-11 00:00:00,Receive Goods
EV012623,2025-04-11 00:00:00,Ship Product
EV006028,2025-04-11 00:00:00,Ship Product
EV012227,2025-04-11 00:00:00,Create Sales Order
EV012922,2025-04-11 00:00:00,Create Sales Order
EV010791,2025-04-11 00:00:00,Ship Product
EV006029,2025-04-11 00:00:00,Complete Sale
EV006919,2025-04-11 00:00:00,Ship Product
EV003357,2025-04-11 00:00:00,Create Purchase Order
EV010176,2025-04-11 00:00:00,Ship Product
EV003528,2025-04-11 00:00:00,Receive Goods
EV006923,2025-04-11 00:00:00,Complete Sale
EV009508,2025-04-11 01:00:00,Add Sales Order Item
EV009085,2025-04-11 01:00:00,Add Sales Order Item
EV012231,2025-04-11 01:00:00,Add Sales Order Item
EV012228,2025-04-11 01:00:00,Add Sales Order Item
EV012923,2025-04-11 01:00:00,Add Sales Order Item
EV012546,2025-04-11 01:00:00,Add Sales Order Item
EV008881,2025-04-11 01:00:00,Add Sales Order Item
EV009503,2025-04-11 01:00:00,Add Sales Order Item
EV008878,2025-04-11 01:00:00,Add Sales Order Item
EV009088,2025-04-11 01:00:00,Add Sales Order Item
EV012547,2025-04-11 01:00:00,Add Sales Order Item
EV009507,2025-04-11 01:00:00,Add Sales Order Item
EV003358,2025-04-11 04:00:00,Approve Purchase Order
EV003812,2025-04-11 04:00:00,Approve Purchase Order
EV004438,2025-04-11 08:00:00,Put Away
EV001761,2025-04-11 08:00:00,Put Away
EV003529,2025-04-11 08:00:00,Put Away
EV005027,2025-04-11 08:00:00,Put Away
EV012230,2025-04-12 00:00:00,Complete Sale
EV002063,2025-04-12 00:00:00,Dispatch Delivery
EV012232,2025-04-12 00:00:00,Ship Product
EV011489,2025-04-12 00:00:00,Complete Sale
EV012627,2025-04-12 00:00:00,Complete Sale
EV012229,2025-04-12 00:00:00,Ship Product
EV003359,2025-04-12 00:00:00,Add PO Item
EV009500,2025-04-12 00:00:00,Complete Sale
EV003099,2025-04-12 00:00:00,Create Purchase Order
EV010177,2025-04-12 00:00:00,Complete Sale
EV003714,2025-04-12 00:00:00,Dispatch Delivery
EV010789,2025-04-12 00:00:00,Complete Sale
EV007160,2025-04-12 00:00:00,Ship Product
EV006623,2025-04-12 00:00:00,Ship Product
EV006925,2025-04-12 00:00:00,Ship Product
EV003813,2025-04-12 00:00:00,Add PO Item
EV006624,2025-04-12 00:00:00,Complete Sale
EV008781,2025-04-12 00:00:00,Complete Sale
EV008778,2025-04-12 00:00:00,Complete Sale
EV003361,2025-04-12 00:00:00,Add PO Item
EV003360,2025-04-12 00:00:00,Add PO Item
EV001762,2025-04-12 00:00:00,Dispatch Delivery
EV012528,2025-04-12 00:00:00,Create Sales Order
EV007133,2025-04-12 00:00:00,Create Sales Order
EV007138,2025-04-12 01:00:00,Add Sales Order Item
EV007141,2025-04-12 01:00:00,Add Sales Order Item
EV012529,2025-04-12 01:00:00,Add Sales Order Item
EV007134,2025-04-12 01:00:00,Add Sales Order Item
EV003100,2025-04-12 04:00:00,Approve Purchase Order
EV012548,2025-04-13 00:00:00,Ship Product
EV007161,2025-04-13 00:00:00,Complete Sale
EV006920,2025-04-13 00:00:00,Complete Sale
EV006926,2025-04-13 00:00:00,Complete Sale
EV008175,2025-04-13 00:00:00,Create Sales Order
EV006621,2025-04-13 00:00:00,Complete Sale
EV003101,2025-04-13 00:00:00,Add PO Item
EV012624,2025-04-13 00:00:00,Complete Sale
EV003717,2025-04-13 00:00:00,Dispatch Delivery
EV010503,2025-04-13 00:00:00,Ship Product
EV007164,2025-04-13 00:00:00,Ship Product
EV012271,2025-04-13 00:00:00,Ship Product
EV006031,2025-04-13 00:00:00,Ship Product
EV010792,2025-04-13 00:00:00,Complete Sale
EV012722,2025-04-13 00:00:00,Create Sales Order
EV008902,2025-04-13 00:00:00,Create Sales Order
EV003531,2025-04-13 00:00:00,Receive Goods
EV005223,2025-04-13 00:00:00,Create Purchase Order
EV006620,2025-04-13 00:00:00,Ship Product
EV012233,2025-04-13 00:00:00,Complete Sale
EV012723,2025-04-13 01:00:00,Add Sales Order Item
EV008906,2025-04-13 01:00:00,Add Sales Order Item
EV008903,2025-04-13 01:00:00,Add Sales Order Item
EV008176,2025-04-13 01:00:00,Add Sales Order Item
EV005224,2025-04-13 04:00:00,Approve Purchase Order
EV003532,2025-04-13 08:00:00,Put Away
EV012269,2025-04-14 00:00:00,Complete Sale
EV000129,2025-04-14 00:00:00,Receive Goods
EV007297,2025-04-14 00:00:00,Create Sales Order
EV007165,2025-04-14 00:00:00,Complete Sale
EV012272,2025-04-14 00:00:00,Complete Sale
EV012431,2025-04-14 00:00:00,Create Sales Order
EV009087,2025-04-14 00:00:00,Complete Sale
EV000817,2025-04-14 00:00:00,Receive Goods
EV008775,2025-04-14 00:00:00,Return Product
EV005225,2025-04-14 00:00:00,Add PO Item
EV009086,2025-04-14 00:00:00,Ship Product
EV007142,2025-04-14 00:00:00,Ship Product
EV012268,2025-04-14 00:00:00,Ship Product
EV012432,2025-04-14 01:00:00,Add Sales Order Item
EV007301,2025-04-14 01:00:00,Add Sales Order Item
EV007298,2025-04-14 01:00:00,Add Sales Order Item
EV000130,2025-04-14 08:00:00,Put Away
EV000818,2025-04-14 08:00:00,Put Away
EV000769,2025-04-15 00:00:00,Receive Goods
EV011621,2025-04-15 00:00:00,Create Sales Order
EV009941,2025-04-15 00:00:00,Create Sales Order
EV008879,2025-04-15 00:00:00,Ship Product
EV011011,2025-04-15 00:00:00,Create Sales Order
EV001763,2025-04-15 00:00:00,Receive Goods
EV001951,2025-04-15 00:00:00,Receive Goods
EV008880,2025-04-15 00:00:00,Complete Sale
EV010882,2025-04-15 00:00:00,Create Sales Order
EV007466,2025-04-15 00:00:00,Create Sales Order
EV002064,2025-04-15 00:00:00,Receive Goods
EV007143,2025-04-15 00:00:00,Complete Sale
EV007135,2025-04-15 00:00:00,Ship Product
EV004617,2025-04-15 00:00:00,Dispatch Delivery
EV012549,2025-04-15 00:00:00,Complete Sale
EV004259,2025-04-15 00:00:00,Dispatch Delivery
EV009089,2025-04-15 00:00:00,Ship Product
EV007456,2025-04-15 00:00:00,Create Sales Order
EV009090,2025-04-15 00:00:00,Complete Sale
EV010504,2025-04-15 00:00:00,Complete Sale
EV006032,2025-04-15 00:00:00,Complete Sale
EV009942,2025-04-15 01:00:00,Add Sales Order Item
EV011013,2025-04-15 01:00:00,Add Sales Order Item
EV011012,2025-04-15 01:00:00,Add Sales Order Item
EV007467,2025-04-15 01:00:00,Add Sales Order Item
EV007457,2025-04-15 01:00:00,Add Sales Order Item
EV007460,2025-04-15 01:00:00,Add Sales Order Item
EV011622,2025-04-15 01:00:00,Add Sales Order Item
EV011623,2025-04-15 01:00:00,Add Sales Order Item
EV010884,2025-04-15 01:00:00,Add Sales Order Item
EV007463,2025-04-15 01:00:00,Add Sales Order Item
EV010883,2025-04-15 01:00:00,Add Sales Order Item
EV007470,2025-04-15 01:00:00,Add Sales Order Item
EV001952,2025-04-15 08:00:00,Put Away
EV001764,2025-04-15 08:00:00,Put Away
EV002065,2025-04-15 08:00:00,Put Away
EV000770,2025-04-15 08:00:00,Put Away
EV007464,2025-04-16 00:00:00,Ship Product
EV005226,2025-04-16 00:00:00,Dispatch Delivery
EV012531,2025-04-16 00:00:00,Complete Sale
EV010088,2025-04-16 00:00:00,Create Sales Order
EV009509,2025-04-16 00:00:00,Ship Product
EV002659,2025-04-16 00:00:00,Create Purchase Order
EV009504,2025-04-16 00:00:00,Ship Product
EV004401,2025-04-16 00:00:00,Create Purchase Order
EV010466,2025-04-16 00:00:00,Create Sales Order
EV002791,2025-04-16 00:00:00,Receive Goods
EV013238,2025-04-16 00:00:00,Create Sales Order
EV008907,2025-04-16 00:00:00,Ship Product
EV008905,2025-04-16 00:00:00,Complete Sale
EV008904,2025-04-16 00:00:00,Ship Product
EV008704,2025-04-16 00:00:00,Create Sales Order
EV008327,2025-04-16 00:00:00,Create Sales Order
EV010833,2025-04-16 00:00:00,Create Sales Order
EV007773,2025-04-16 00:00:00,Create Sales Order
EV014041,2025-04-16 00:00:00,Create Sales Order
EV012530,2025-04-16 00:00:00,Ship Product
EV007377,2025-04-16 00:00:00,Create Sales Order
EV001217,2025-04-16 00:00:00,Receive Goods
EV001215,2025-04-16 00:00:00,Receive Goods
EV010705,2025-04-16 00:00:00,Create Sales Order
EV001213,2025-04-16 00:00:00,Receive Goods
EV008328,2025-04-16 01:00:00,Add Sales Order Item
EV008705,2025-04-16 01:00:00,Add Sales Order Item
EV010709,2025-04-16 01:00:00,Add Sales Order Item
EV010089,2025-04-16 01:00:00,Add Sales Order Item
EV007777,2025-04-16 01:00:00,Add Sales Order Item
EV013239,2025-04-16 01:00:00,Add Sales Order Item
EV010467,2025-04-16 01:00:00,Add Sales Order Item
EV010834,2025-04-16 01:00:00,Add Sales Order Item
EV014042,2025-04-16 01:00:00,Add Sales Order Item
EV010706,2025-04-16 01:00:00,Add Sales Order Item
EV014045,2025-04-16 01:00:00,Add Sales Order Item
EV014046,2025-04-16 01:00:00,Add Sales Order Item
EV007381,2025-04-16 01:00:00,Add Sales Order Item
EV010470,2025-04-16 01:00:00,Add Sales Order Item
EV007378,2025-04-16 01:00:00,Add Sales Order Item
EV010837,2025-04-16 01:00:00,Add Sales Order Item
EV007774,2025-04-16 01:00:00,Add Sales Order Item
EV010092,2025-04-16 01:00:00,Add Sales Order Item
EV002660,2025-04-16 04:00:00,Approve Purchase Order
EV004402,2025-04-16 04:00:00,Approve Purchase Order
EV001214,2025-04-16 08:00:00,Put Away
EV001216,2025-04-16 08:00:00,Put Away
EV002792,2025-04-16 08:00:00,Put Away
EV001218,2025-04-16 08:00:00,Put Away
EV009676,2025-04-17 00:00:00,Create Sales Order
EV010707,2025-04-17 00:00:00,Ship Product
EV014480,2025-04-17 00:00:00,Create Sales Order
EV007779,2025-04-17 00:00:00,Complete Sale
EV010090,2025-04-17 00:00:00,Ship Product
EV007382,2025-04-17 00:00:00,Ship Product
EV002661,2025-04-17 00:00:00,Add PO Item
EV007458,2025-04-17 00:00:00,Ship Product
EV008745,2025-04-17 00:00:00,Create Sales Order
EV000204,2025-04-17 00:00:00,Create Purchase Order
EV007136,2025-04-17 00:00:00,Complete Sale
EV007459,2025-04-17 00:00:00,Complete Sale
EV007383,2025-04-17 00:00:00,Complete Sale
EV007139,2025-04-17 00:00:00,Ship Product
EV000081,2025-04-17 00:00:00,Receive Goods
EV008178,2025-04-17 00:00:00,Complete Sale
EV004403,2025-04-17 00:00:00,Add PO Item
EV008177,2025-04-17 00:00:00,Ship Product
EV007302,2025-04-17 00:00:00,Ship Product
EV015048,2025-04-17 00:00:00,Create Sales Order
EV007778,2025-04-17 00:00:00,Ship Product
EV011624,2025-04-17 00:00:00,Ship Product
EV003362,2025-04-17 00:00:00,Dispatch Delivery
EV007471,2025-04-17 00:00:00,Ship Product
EV007465,2025-04-17 00:00:00,Complete Sale
EV014484,2025-04-17 01:00:00,Add Sales Order Item
EV015052,2025-04-17 01:00:00,Add Sales Order Item
EV009677,2025-04-17 01:00:00,Add Sales Order Item
EV014481,2025-04-17 01:00:00,Add Sales Order Item
EV015049,2025-04-17 01:00:00,Add Sales Order Item
EV008749,2025-04-17 01:00:00,Add Sales Order Item
EV008746,2025-04-17 01:00:00,Add Sales Order Item
EV000205,2025-04-17 04:00:00,Approve Purchase Order
EV000082,2025-04-17 08:00:00,Put Away
EV003814,2025-04-18 00:00:00,Dispatch Delivery
EV010471,2025-04-18 00:00:00,Ship Product
EV001300,2025-04-18 00:00:00,Create Purchase Order
EV001765,2025-04-18 00:00:00,Dispatch Delivery
EV014043,2025-04-18 00:00:00,Ship Product
EV011015,2025-04-18 00:00:00,Complete Sale
EV011852,2025-04-18 00:00:00,Create Sales Order
EV007469,2025-04-18 00:00:00,Complete Sale
EV010469,2025-04-18 00:00:00,Complete Sale
EV001957,2025-04-18 00:00:00,Receive Goods
EV011014,2025-04-18 00:00:00,Ship Product
EV014405,2025-04-18 00:00:00,Create Sales Order
EV007468,2025-04-18 00:00:00,Ship Product
EV002799,2025-04-18 00:00:00,Create Purchase Order
EV003369,2025-04-18 00:00:00,Dispatch Delivery
EV009505,2025-04-18 00:00:00,Complete Sale
EV011625,2025-04-18 00:00:00,Complete Sale
EV002066,2025-04-18 00:00:00,Dispatch Delivery
EV005028,2025-04-18 00:00:00,Create Purchase Order
EV001954,2025-04-18 00:00:00,Receive Goods
EV004620,2025-04-18 00:00:00,Dispatch Delivery
EV007299,2025-04-18 00:00:00,Ship Product
EV015050,2025-04-18 00:00:00,Ship Product
EV000206,2025-04-18 00:00:00,Add PO Item
EV010468,2025-04-18 00:00:00,Ship Product
EV015051,2025-04-18 00:00:00,Complete Sale
EV008908,2025-04-18 00:00:00,Complete Sale
EV009944,2025-04-18 00:00:00,Complete Sale
EV009943,2025-04-18 00:00:00,Ship Product
EV010710,2025-04-18 00:00:00,Ship Product
EV009510,2025-04-18 00:00:00,Complete Sale
EV007775,2025-04-18 00:00:00,Ship Product
EV014486,2025-04-18 00:00:00,Complete Sale
EV014485,2025-04-18 00:00:00,Ship Product
EV003102,2025-04-18 00:00:00,Dispatch Delivery
EV007472,2025-04-18 00:00:00,Complete Sale
EV006043,2025-04-18 00:00:00,Return Product
EV014406,2025-04-18 01:00:00,Add Sales Order Item
EV014409,2025-04-18 01:00:00,Add Sales Order Item
EV011857,2025-04-18 01:00:00,Add Sales Order Item
EV011853,2025-04-18 01:00:00,Add Sales Order Item
EV014410,2025-04-18 01:00:00,Add Sales Order Item
EV011856,2025-04-18 01:00:00,Add Sales Order Item
EV001301,2025-04-18 04:00:00,Approve Purchase Order
EV005029,2025-04-18 04:00:00,Approve Purchase Order
EV002800,2025-04-18 04:00:00,Approve Purchase Order
EV001958,2025-04-18 08:00:00,Put Away
EV001955,2025-04-18 08:00:00,Put Away
EV007379,2025-04-19 00:00:00,Ship Product
EV001302,2025-04-19 00:00:00,Add PO Item
EV014044,2025-04-19 00:00:00,Complete Sale
EV010711,2025-04-19 00:00:00,Complete Sale
EV007303,2025-04-19 00:00:00,Complete Sale
EV002801,2025-04-19 00:00:00,Add PO Item
EV002802,2025-04-19 00:00:00,Add PO Item
EV010708,2025-04-19 00:00:00,Complete Sale
EV010091,2025-04-19 00:00:00,Complete Sale
EV005031,2025-04-19 00:00:00,Add PO Item
EV008329,2025-04-19 00:00:00,Ship Product
EV007140,2025-04-19 00:00:00,Complete Sale
EV005030,2025-04-19 00:00:00,Add PO Item
EV003533,2025-04-19 00:00:00,Dispatch Delivery
EV010835,2025-04-19 00:00:00,Ship Product
EV009391,2025-04-19 00:00:00,Create Sales Order
EV010836,2025-04-19 00:00:00,Complete Sale
EV003817,2025-04-19 00:00:00,Dispatch Delivery
EV014048,2025-04-19 00:00:00,Complete Sale
EV014047,2025-04-19 00:00:00,Ship Product
EV009392,2025-04-19 01:00:00,Add Sales Order Item
EV009398,2025-04-19 01:00:00,Add Sales Order Item
EV009395,2025-04-19 01:00:00,Add Sales Order Item
EV009345,2025-04-20 00:00:00,Create Sales Order
EV006745,2025-04-20 00:00:00,Create Sales Order
EV008238,2025-04-20 00:00:00,Create Sales Order
EV000516,2025-04-20 00:00:00,Create Purchase Order
EV007300,2025-04-20 00:00:00,Complete Sale
EV012440,2025-04-20 00:00:00,Create Sales Order
EV008330,2025-04-20 00:00:00,Complete Sale
EV008706,2025-04-20 00:00:00,Ship Product
EV008707,2025-04-20 00:00:00,Complete Sale
EV000723,2025-04-20 00:00:00,Create Purchase Order
EV004404,2025-04-20 00:00:00,Dispatch Delivery
EV006469,2025-04-20 00:00:00,Create Sales Order
EV010685,2025-04-20 00:00:00,Create Sales Order
EV000104,2025-04-20 00:00:00,Create Purchase Order
EV008230,2025-04-20 00:00:00,Return Product
EV009396,2025-04-20 00:00:00,Ship Product
EV007380,2025-04-20 00:00:00,Complete Sale
EV014482,2025-04-20 00:00:00,Ship Product
EV007462,2025-04-20 00:00:00,Complete Sale
EV002502,2025-04-20 00:00:00,Receive Goods
EV010472,2025-04-20 00:00:00,Complete Sale
EV007776,2025-04-20 00:00:00,Complete Sale
EV007461,2025-04-20 00:00:00,Ship Product
EV006749,2025-04-20 01:00:00,Add Sales Order Item
EV006746,2025-04-20 01:00:00,Add Sales Order Item
EV006476,2025-04-20 01:00:00,Add Sales Order Item
EV008239,2025-04-20 01:00:00,Add Sales Order Item
EV009346,2025-04-20 01:00:00,Add Sales Order Item
EV012444,2025-04-20 01:00:00,Add Sales Order Item
EV012441,2025-04-20 01:00:00,Add Sales Order Item
EV006470,2025-04-20 01:00:00,Add Sales Order Item
EV010686,2025-04-20 01:00:00,Add Sales Order Item
EV006473,2025-04-20 01:00:00,Add Sales Order Item
EV000517,2025-04-20 04:00:00,Approve Purchase Order
EV000105,2025-04-20 04:00:00,Approve Purchase Order
EV000724,2025-04-20 04:00:00,Approve Purchase Order
EV002503,2025-04-20 08:00:00,Put Away
EV010687,2025-04-21 00:00:00,Ship Product
EV013504,2025-04-21 00:00:00,Create Sales Order
EV013518,2025-04-21 00:00:00,Create Sales Order
EV000725,2025-04-21 00:00:00,Add PO Item
EV010093,2025-04-21 00:00:00,Ship Product
EV012442,2025-04-21 00:00:00,Ship Product
EV000106,2025-04-21 00:00:00,Add PO Item
EV004781,2025-04-21 00:00:00,Create Purchase Order
EV012443,2025-04-21 00:00:00,Complete Sale
EV000107,2025-04-21 00:00:00,Add PO Item
EV010688,2025-04-21 00:00:00,Complete Sale
EV011438,2025-04-21 00:00:00,Create Sales Order
EV009279,2025-04-21 00:00:00,Create Sales Order
EV010838,2025-04-21 00:00:00,Ship Product
EV002067,2025-04-21 00:00:00,Receive Goods
EV008747,2025-04-21 00:00:00,Ship Product
EV001766,2025-04-21 00:00:00,Receive Goods
EV002797,2025-04-21 00:00:00,Receive Goods
EV008726,2025-04-21 00:00:00,Create Sales Order
EV014483,2025-04-21 00:00:00,Complete Sale
EV014411,2025-04-21 00:00:00,Ship Product
EV000518,2025-04-21 00:00:00,Add PO Item
EV009399,2025-04-21 00:00:00,Ship Product
EV000207,2025-04-21 00:00:00,Dispatch Delivery
EV011255,2025-04-21 00:00:00,Create Sales Order
EV009678,2025-04-21 00:00:00,Ship Product
EV013522,2025-04-21 01:00:00,Add Sales Order Item
EV011439,2025-04-21 01:00:00,Add Sales Order Item
EV013525,2025-04-21 01:00:00,Add Sales Order Item
EV009280,2025-04-21 01:00:00,Add Sales Order Item
EV011256,2025-04-21 01:00:00,Add Sales Order Item
EV009283,2025-04-21 01:00:00,Add Sales Order Item
EV008727,2025-04-21 01:00:00,Add Sales Order Item
EV011259,2025-04-21 01:00:00,Add Sales Order Item
EV009286,2025-04-21 01:00:00,Add Sales Order Item
EV011260,2025-04-21 01:00:00,Add Sales Order Item
EV013519,2025-04-21 01:00:00,Add Sales Order Item
EV013508,2025-04-21 01:00:00,Add Sales Order Item
EV013505,2025-04-21 01:00:00,Add Sales Order Item
EV004782,2025-04-21 04:00:00,Approve Purchase Order
EV002068,2025-04-21 08:00:00,Put Away
EV002798,2025-04-21 08:00:00,Put Away
EV001767,2025-04-21 08:00:00,Put Away
EV007162,2025-04-22 00:00:00,Return Product
EV003715,2025-04-22 00:00:00,Receive Goods
EV010839,2025-04-22 00:00:00,Complete Sale
EV009397,2025-04-22 00:00:00,Complete Sale
EV006471,2025-04-22 00:00:00,Ship Product
EV011858,2025-04-22 00:00:00,Ship Product
EV014412,2025-04-22 00:00:00,Complete Sale
EV004819,2025-04-22 00:00:00,Create Purchase Order
EV014407,2025-04-22 00:00:00,Ship Product
EV010459,2025-04-22 00:00:00,Create Sales Order
EV004783,2025-04-22 00:00:00,Add PO Item
EV009284,2025-04-22 00:00:00,Ship Product
EV009282,2025-04-22 00:00:00,Complete Sale
EV006472,2025-04-22 00:00:00,Complete Sale
EV010094,2025-04-22 00:00:00,Complete Sale
EV003105,2025-04-22 00:00:00,Dispatch Delivery
EV015053,2025-04-22 00:00:00,Ship Product
EV008240,2025-04-22 00:00:00,Ship Product
EV006747,2025-04-22 00:00:00,Ship Product
EV002061,2025-04-22 00:00:00,Receive Goods
EV009281,2025-04-22 00:00:00,Ship Product
EV006750,2025-04-22 00:00:00,Ship Product
EV010460,2025-04-22 01:00:00,Add Sales Order Item
EV010463,2025-04-22 01:00:00,Add Sales Order Item
EV004820,2025-04-22 04:00:00,Approve Purchase Order
EV002062,2025-04-22 08:00:00,Put Away
EV003716,2025-04-22 08:00:00,Put Away
EV004821,2025-04-23 00:00:00,Add PO Item
EV010552,2025-04-23 00:00:00,Create Sales Order
EV004822,2025-04-23 00:00:00,Add PO Item
EV002708,2025-04-23 00:00:00,Receive Goods
EV006797,2025-04-23 00:00:00,Create Sales Order
EV003718,2025-04-23 00:00:00,Receive Goods
EV006751,2025-04-23 00:00:00,Complete Sale
EV006748,2025-04-23 00:00:00,Complete Sale
EV008748,2025-04-23 00:00:00,Complete Sale
EV004250,2025-04-23 00:00:00,Receive Goods
EV004252,2025-04-23 00:00:00,Receive Goods
EV009285,2025-04-23 00:00:00,Complete Sale
EV000519,2025-04-23 00:00:00,Dispatch Delivery
EV009287,2025-04-23 00:00:00,Ship Product
EV009393,2025-04-23 00:00:00,Ship Product
EV013707,2025-04-23 00:00:00,Create Sales Order
EV009394,2025-04-23 00:00:00,Complete Sale
EV011854,2025-04-23 00:00:00,Ship Product
EV013523,2025-04-23 00:00:00,Ship Product
EV002662,2025-04-23 00:00:00,Dispatch Delivery
EV009679,2025-04-23 00:00:00,Complete Sale
EV009288,2025-04-23 00:00:00,Complete Sale
EV009400,2025-04-23 00:00:00,Complete Sale
EV010553,2025-04-23 01:00:00,Add Sales Order Item
EV013709,2025-04-23 01:00:00,Add Sales Order Item
EV006798,2025-04-23 01:00:00,Add Sales Order Item
EV006804,2025-04-23 01:00:00,Add Sales Order Item
EV013708,2025-04-23 01:00:00,Add Sales Order Item
EV013712,2025-04-23 01:00:00,Add Sales Order Item
EV006801,2025-04-23 01:00:00,Add Sales Order Item
EV004251,2025-04-23 08:00:00,Put Away
EV004253,2025-04-23 08:00:00,Put Away
EV003719,2025-04-23 08:00:00,Put Away
EV002709,2025-04-23 08:00:00,Put Away
EV010464,2025-04-24 00:00:00,Ship Product
EV011262,2025-04-24 00:00:00,Complete Sale
EV010465,2025-04-24 00:00:00,Complete Sale
EV011261,2025-04-24 00:00:00,Ship Product
EV007668,2025-04-24 00:00:00,Create Sales Order
EV000726,2025-04-24 00:00:00,Dispatch Delivery
EV013520,2025-04-24 00:00:00,Ship Product
EV013526,2025-04-24 00:00:00,Ship Product
EV013507,2025-04-24 00:00:00,Complete Sale
EV013506,2025-04-24 00:00:00,Ship Product
EV010555,2025-04-24 00:00:00,Complete Sale
EV005032,2025-04-24 00:00:00,Dispatch Delivery
EV008241,2025-04-24 00:00:00,Complete Sale
EV010554,2025-04-24 00:00:00,Ship Product
EV015054,2025-04-24 00:00:00,Complete Sale
EV011859,2025-04-24 00:00:00,Complete Sale
EV001303,2025-04-24 00:00:00,Dispatch Delivery
EV011855,2025-04-24 00:00:00,Complete Sale
EV009348,2025-04-24 00:00:00,Complete Sale
EV009347,2025-04-24 00:00:00,Ship Product
EV010462,2025-04-24 00:00:00,Complete Sale
EV010384,2025-04-24 00:00:00,Create Sales Order
EV010461,2025-04-24 00:00:00,Ship Product
EV002803,2025-04-24 00:00:00,Dispatch Delivery
EV002808,2025-04-24 00:00:00,Dispatch Delivery
EV004060,2025-04-24 00:00:00,Create Purchase Order
EV014408,2025-04-24 00:00:00,Complete Sale
EV013524,2025-04-24 00:00:00,Complete Sale
EV010385,2025-04-24 01:00:00,Add Sales Order Item
EV010388,2025-04-24 01:00:00,Add Sales Order Item
EV007669,2025-04-24 01:00:00,Add Sales Order Item
EV004061,2025-04-24 04:00:00,Approve Purchase Order
EV013710,2025-04-25 00:00:00,Ship Product
EV002711,2025-04-25 00:00:00,Receive Goods
EV004784,2025-04-25 00:00:00,Dispatch Delivery
EV012445,2025-04-25 00:00:00,Ship Product
EV006663,2025-04-25 00:00:00,Create Sales Order
EV004478,2025-04-25 00:00:00,Create Purchase Order
EV011440,2025-04-25 00:00:00,Ship Product
EV006799,2025-04-25 00:00:00,Ship Product
EV003108,2025-04-25 00:00:00,Dispatch Delivery
EV011257,2025-04-25 00:00:00,Ship Product
EV006474,2025-04-25 00:00:00,Ship Product
EV013527,2025-04-25 00:00:00,Complete Sale
EV000616,2025-04-25 00:00:00,Create Purchase Order
EV004062,2025-04-25 00:00:00,Add PO Item
EV006477,2025-04-25 00:00:00,Ship Product
EV013521,2025-04-25 00:00:00,Complete Sale
EV005037,2025-04-25 00:00:00,Dispatch Delivery
EV006475,2025-04-25 00:00:00,Complete Sale
EV006667,2025-04-25 01:00:00,Add Sales Order Item
EV006664,2025-04-25 01:00:00,Add Sales Order Item
EV000617,2025-04-25 04:00:00,Approve Purchase Order
EV004479,2025-04-25 04:00:00,Approve Purchase Order
EV002712,2025-04-25 08:00:00,Put Away
EV004063,2025-04-26 00:00:00,Dispatch Delivery
EV006800,2025-04-26 00:00:00,Complete Sale
EV012667,2025-04-26 00:00:00,Create Sales Order
EV000424,2025-04-26 00:00:00,Create Purchase Order
EV013509,2025-04-26 00:00:00,Ship Product
EV000618,2025-04-26 00:00:00,Add PO Item
EV013711,2025-04-26 00:00:00,Complete Sale
EV013184,2025-04-26 00:00:00,Create Sales Order
EV011258,2025-04-26 00:00:00,Complete Sale
EV000084,2025-04-26 00:00:00,Receive Goods
EV007484,2025-04-26 00:00:00,Create Sales Order
EV001652,2025-04-26 00:00:00,Create Purchase Order
EV002665,2025-04-26 00:00:00,Dispatch Delivery
EV013510,2025-04-26 00:00:00,Complete Sale
EV008728,2025-04-26 00:00:00,Ship Product
EV004823,2025-04-26 00:00:00,Dispatch Delivery
EV008729,2025-04-26 00:00:00,Complete Sale
EV007670,2025-04-26 00:00:00,Ship Product
EV004480,2025-04-26 00:00:00,Add PO Item
EV004407,2025-04-26 00:00:00,Dispatch Delivery
EV006805,2025-04-26 00:00:00,Ship Product
EV002663,2025-04-26 00:00:00,Receive Goods
EV007485,2025-04-26 01:00:00,Add Sales Order Item
EV012669,2025-04-26 01:00:00,Add Sales Order Item
EV007488,2025-04-26 01:00:00,Add Sales Order Item
EV012668,2025-04-26 01:00:00,Add Sales Order Item
EV013185,2025-04-26 01:00:00,Add Sales Order Item
EV007491,2025-04-26 01:00:00,Add Sales Order Item
EV001653,2025-04-26 04:00:00,Approve Purchase Order
EV000425,2025-04-26 04:00:00,Approve Purchase Order
EV002664,2025-04-26 08:00:00,Put Away
EV000085,2025-04-26 08:00:00,Put Away
EV004255,2025-04-27 00:00:00,Receive Goods
EV002192,2025-04-27 00:00:00,Create Purchase Order
EV006478,2025-04-27 00:00:00,Complete Sale
EV001304,2025-04-27 00:00:00,Receive Goods
EV012446,2025-04-27 00:00:00,Complete Sale
EV001654,2025-04-27 00:00:00,Add PO Item
EV005337,2025-04-27 00:00:00,Create Purchase Order
EV003026,2025-04-27 00:00:00,Create Purchase Order
EV004257,2025-04-27 00:00:00,Receive Goods
EV004772,2025-04-27 00:00:00,Create Purchase Order
EV002668,2025-04-27 00:00:00,Dispatch Delivery
EV011441,2025-04-27 00:00:00,Complete Sale
EV000426,2025-04-27 00:00:00,Add PO Item
EV000108,2025-04-27 00:00:00,Dispatch Delivery
EV011722,2025-04-27 00:00:00,Create Sales Order
EV006802,2025-04-27 00:00:00,Ship Product
EV007489,2025-04-27 00:00:00,Ship Product
EV013968,2025-04-27 00:00:00,Create Sales Order
EV006665,2025-04-27 00:00:00,Ship Product
EV001224,2025-04-27 00:00:00,Receive Goods
EV006806,2025-04-27 00:00:00,Complete Sale
EV001226,2025-04-27 00:00:00,Receive Goods
EV011726,2025-04-27 01:00:00,Add Sales Order Item
EV011723,2025-04-27 01:00:00,Add Sales Order Item
EV011729,2025-04-27 01:00:00,Add Sales Order Item
EV013972,2025-04-27 01:00:00,Add Sales Order Item
EV013969,2025-04-27 01:00:00,Add Sales Order Item
EV002193,2025-04-27 04:00:00,Approve Purchase Order
EV004773,2025-04-27 04:00:00,Approve Purchase Order
EV003027,2025-04-27 04:00:00,Approve Purchase Order
EV005338,2025-04-27 04:00:00,Approve Purchase Order
EV001305,2025-04-27 08:00:00,Put Away
EV001227,2025-04-27 08:00:00,Put Away
EV004256,2025-04-27 08:00:00,Put Away
EV004258,2025-04-27 08:00:00,Put Away
EV001225,2025-04-27 08:00:00,Put Away
EV012385,2025-04-28 00:00:00,Create Sales Order
EV004481,2025-04-28 00:00:00,Dispatch Delivery
EV007671,2025-04-28 00:00:00,Complete Sale
EV005339,2025-04-28 00:00:00,Add PO Item
EV003815,2025-04-28 00:00:00,Receive Goods
EV012160,2025-04-28 00:00:00,Create Sales Order
EV004785,2025-04-28 00:00:00,Receive Goods
EV002194,2025-04-28 00:00:00,Add PO Item
EV011537,2025-04-28 00:00:00,Create Sales Order
EV006803,2025-04-28 00:00:00,Complete Sale
EV011724,2025-04-28 00:00:00,Ship Product
EV000208,2025-04-28 00:00:00,Receive Goods
EV004774,2025-04-28 00:00:00,Add PO Item
EV003103,2025-04-28 00:00:00,Receive Goods
EV003028,2025-04-28 00:00:00,Add PO Item
EV007137,2025-04-28 00:00:00,Return Product
EV010389,2025-04-28 00:00:00,Ship Product
EV006668,2025-04-28 00:00:00,Ship Product
EV003029,2025-04-28 00:00:00,Add PO Item
EV012390,2025-04-28 01:00:00,Add Sales Order Item
EV012386,2025-04-28 01:00:00,Add Sales Order Item
EV011542,2025-04-28 01:00:00,Add Sales Order Item
EV012161,2025-04-28 01:00:00,Add Sales Order Item
EV011538,2025-04-28 01:00:00,Add Sales Order Item
EV012164,2025-04-28 01:00:00,Add Sales Order Item
EV011541,2025-04-28 01:00:00,Add Sales Order Item
EV012389,2025-04-28 01:00:00,Add Sales Order Item
EV004786,2025-04-28 08:00:00,Put Away
EV003104,2025-04-28 08:00:00,Put Away
EV000209,2025-04-28 08:00:00,Put Away
EV003816,2025-04-28 08:00:00,Put Away
EV009095,2025-04-29 00:00:00,Create Sales Order
EV013970,2025-04-29 00:00:00,Ship Product
EV011725,2025-04-29 00:00:00,Complete Sale
EV002666,2025-04-29 00:00:00,Receive Goods
EV010386,2025-04-29 00:00:00,Ship Product
EV006666,2025-04-29 00:00:00,Complete Sale
EV006949,2025-04-29 00:00:00,Create Sales Order
EV007490,2025-04-29 00:00:00,Complete Sale
EV011727,2025-04-29 00:00:00,Ship Product
EV001306,2025-04-29 00:00:00,Dispatch Delivery
EV012686,2025-04-29 00:00:00,Create Sales Order
EV003818,2025-04-29 00:00:00,Receive Goods
EV001856,2025-04-29 00:00:00,Create Purchase Order
EV012687,2025-04-29 01:00:00,Add Sales Order Item
EV006950,2025-04-29 01:00:00,Add Sales Order Item
EV006956,2025-04-29 01:00:00,Add Sales Order Item
EV006953,2025-04-29 01:00:00,Add Sales Order Item
EV009102,2025-04-29 01:00:00,Add Sales Order Item
EV009099,2025-04-29 01:00:00,Add Sales Order Item
EV009096,2025-04-29 01:00:00,Add Sales Order Item
EV001857,2025-04-29 04:00:00,Approve Purchase Order
EV003819,2025-04-29 08:00:00,Put Away
EV002667,2025-04-29 08:00:00,Put Away
EV001858,2025-04-30 00:00:00,Add PO Item
EV001859,2025-04-30 00:00:00,Add PO Item
EV000522,2025-04-30 00:00:00,Dispatch Delivery
EV012165,2025-04-30 00:00:00,Ship Product
EV002407,2025-04-30 00:00:00,Receive Goods
EV010628,2025-04-30 00:00:00,Create Sales Order
EV002409,2025-04-30 00:00:00,Receive Goods
EV007493,2025-04-30 00:00:00,Complete Sale
EV007842,2025-04-30 00:00:00,Create Sales Order
EV007492,2025-04-30 00:00:00,Ship Product
EV000862,2025-04-30 00:00:00,Receive Goods
EV006669,2025-04-30 00:00:00,Complete Sale
EV013971,2025-04-30 00:00:00,Complete Sale
EV002195,2025-04-30 00:00:00,Dispatch Delivery
EV000858,2025-04-30 00:00:00,Receive Goods
EV010390,2025-04-30 00:00:00,Complete Sale
EV004828,2025-04-30 00:00:00,Dispatch Delivery
EV009103,2025-04-30 00:00:00,Ship Product
EV000860,2025-04-30 00:00:00,Receive Goods
EV006267,2025-04-30 00:00:00,Create Sales Order
EV010632,2025-04-30 01:00:00,Add Sales Order Item
EV010629,2025-04-30 01:00:00,Add Sales Order Item
EV006271,2025-04-30 01:00:00,Add Sales Order Item
EV007846,2025-04-30 01:00:00,Add Sales Order Item
EV007843,2025-04-30 01:00:00,Add Sales Order Item
EV006268,2025-04-30 01:00:00,Add Sales Order Item
EV010635,2025-04-30 01:00:00,Add Sales Order Item
EV002410,2025-04-30 08:00:00,Put Away
EV000863,2025-04-30 08:00:00,Put Away
EV000861,2025-04-30 08:00:00,Put Away
EV000859,2025-04-30 08:00:00,Put Away
EV002408,2025-04-30 08:00:00,Put Away
EV012670,2025-05-01 00:00:00,Ship Product
EV012671,2025-05-01 00:00:00,Complete Sale
EV011539,2025-05-01 00:00:00,Ship Product
EV011543,2025-05-01 00:00:00,Ship Product
EV000427,2025-05-01 00:00:00,Dispatch Delivery
EV011728,2025-05-01 00:00:00,Complete Sale
EV011540,2025-05-01 00:00:00,Complete Sale
EV002714,2025-05-01 00:00:00,Receive Goods
EV005340,2025-05-01 00:00:00,Dispatch Delivery
EV005456,2025-05-01 00:00:00,Create Sales Order
EV000622,2025-05-01 00:00:00,Dispatch Delivery
EV005042,2025-05-01 00:00:00,Dispatch Delivery
EV006428,2025-05-01 00:00:00,Create Sales Order
EV005759,2025-05-01 00:00:00,Create Sales Order
EV004775,2025-05-01 00:00:00,Dispatch Delivery
EV007848,2025-05-01 00:00:00,Complete Sale
EV007847,2025-05-01 00:00:00,Ship Product
EV009097,2025-05-01 00:00:00,Ship Product
EV010387,2025-05-01 00:00:00,Complete Sale
EV007046,2025-05-01 00:00:00,Create Sales Order
EV006807,2025-05-01 00:00:00,Create Sales Order
EV006063,2025-05-01 00:00:00,Create Sales Order
EV012688,2025-05-01 00:00:00,Ship Product
EV001432,2025-05-01 00:00:00,Receive Goods
EV004410,2025-05-01 00:00:00,Dispatch Delivery
EV007487,2025-05-01 00:00:00,Complete Sale
EV007486,2025-05-01 00:00:00,Ship Product
EV010630,2025-05-01 00:00:00,Ship Product
EV006064,2025-05-01 01:00:00,Add Sales Order Item
EV005760,2025-05-01 01:00:00,Add Sales Order Item
EV005460,2025-05-01 01:00:00,Add Sales Order Item
EV005457,2025-05-01 01:00:00,Add Sales Order Item
EV006808,2025-05-01 01:00:00,Add Sales Order Item
EV005763,2025-05-01 01:00:00,Add Sales Order Item
EV006811,2025-05-01 01:00:00,Add Sales Order Item
EV006812,2025-05-01 01:00:00,Add Sales Order Item
EV006429,2025-05-01 01:00:00,Add Sales Order Item
EV007053,2025-05-01 01:00:00,Add Sales Order Item
EV007047,2025-05-01 01:00:00,Add Sales Order Item
EV005766,2025-05-01 01:00:00,Add Sales Order Item
EV007050,2025-05-01 01:00:00,Add Sales Order Item
EV002715,2025-05-01 08:00:00,Put Away
EV001433,2025-05-01 08:00:00,Put Away
EV007049,2025-05-02 00:00:00,Complete Sale
EV001231,2025-05-02 00:00:00,Receive Goods
EV006066,2025-05-02 00:00:00,Complete Sale
EV006272,2025-05-02 00:00:00,Ship Product
EV004066,2025-05-02 00:00:00,Dispatch Delivery
EV007048,2025-05-02 00:00:00,Ship Product
EV006065,2025-05-02 00:00:00,Ship Product
EV011544,2025-05-02 00:00:00,Complete Sale
EV009104,2025-05-02 00:00:00,Complete Sale
EV012387,2025-05-02 00:00:00,Ship Product
EV012166,2025-05-02 00:00:00,Complete Sale
EV010631,2025-05-02 00:00:00,Complete Sale
EV001655,2025-05-02 00:00:00,Dispatch Delivery
EV012162,2025-05-02 00:00:00,Ship Product
EV012391,2025-05-02 00:00:00,Ship Product
EV000619,2025-05-02 00:00:00,Dispatch Delivery
EV003106,2025-05-02 00:00:00,Receive Goods
EV012392,2025-05-02 00:00:00,Complete Sale
EV001229,2025-05-02 00:00:00,Receive Goods
EV001307,2025-05-02 00:00:00,Receive Goods
EV003534,2025-05-02 00:00:00,Receive Goods
EV001232,2025-05-02 08:00:00,Put Away
EV001230,2025-05-02 08:00:00,Put Away
EV003535,2025-05-02 08:00:00,Put Away
EV003107,2025-05-02 08:00:00,Put Away
EV001308,2025-05-02 08:00:00,Put Away
EV004915,2025-05-03 00:00:00,Create Purchase Order
EV004824,2025-05-03 00:00:00,Receive Goods
EV006625,2025-05-03 00:00:00,Create Sales Order
EV005764,2025-05-03 00:00:00,Ship Product
EV012163,2025-05-03 00:00:00,Complete Sale
EV006273,2025-05-03 00:00:00,Complete Sale
EV014834,2025-05-03 00:00:00,Create Sales Order
EV002794,2025-05-03 00:00:00,Receive Goods
EV004826,2025-05-03 00:00:00,Receive Goods
EV005765,2025-05-03 00:00:00,Complete Sale
EV004618,2025-05-03 00:00:00,Receive Goods
EV004838,2025-05-03 00:00:00,Create Purchase Order
EV007844,2025-05-03 00:00:00,Ship Product
EV000867,2025-05-03 00:00:00,Receive Goods
EV000865,2025-05-03 00:00:00,Receive Goods
EV002412,2025-05-03 00:00:00,Receive Goods
EV002633,2025-05-03 00:00:00,Receive Goods
EV006957,2025-05-03 00:00:00,Ship Product
EV007845,2025-05-03 00:00:00,Complete Sale
EV002463,2025-05-03 00:00:00,Create Purchase Order
EV002414,2025-05-03 00:00:00,Receive Goods
EV000869,2025-05-03 00:00:00,Receive Goods
EV009098,2025-05-03 00:00:00,Complete Sale
EV009100,2025-05-03 00:00:00,Ship Product
EV001658,2025-05-03 00:00:00,Dispatch Delivery
EV012689,2025-05-03 00:00:00,Complete Sale
EV010633,2025-05-03 00:00:00,Ship Product
EV010636,2025-05-03 00:00:00,Ship Product
EV014835,2025-05-03 01:00:00,Add Sales Order Item
EV006629,2025-05-03 01:00:00,Add Sales Order Item
EV006626,2025-05-03 01:00:00,Add Sales Order Item
EV014838,2025-05-03 01:00:00,Add Sales Order Item
EV014839,2025-05-03 01:00:00,Add Sales Order Item
EV004916,2025-05-03 04:00:00,Approve Purchase Order
EV002464,2025-05-03 04:00:00,Approve Purchase Order
EV004839,2025-05-03 04:00:00,Approve Purchase Order
EV000870,2025-05-03 08:00:00,Put Away
EV004825,2025-05-03 08:00:00,Put Away
EV004827,2025-05-03 08:00:00,Put Away
EV004619,2025-05-03 08:00:00,Put Away
EV002634,2025-05-03 08:00:00,Put Away
EV002415,2025-05-03 08:00:00,Put Away
EV000866,2025-05-03 08:00:00,Put Away
EV002795,2025-05-03 08:00:00,Put Away
EV000868,2025-05-03 08:00:00,Put Away
EV002413,2025-05-03 08:00:00,Put Away
EV010683,2025-05-04 00:00:00,Create Sales Order
EV004917,2025-05-04 00:00:00,Add PO Item
EV012388,2025-05-04 00:00:00,Complete Sale
EV003030,2025-05-04 00:00:00,Dispatch Delivery
EV004918,2025-05-04 00:00:00,Add PO Item
EV004919,2025-05-04 00:00:00,Add PO Item
EV002811,2025-05-04 00:00:00,Receive Goods
EV013816,2025-05-04 00:00:00,Create Sales Order
EV002809,2025-05-04 00:00:00,Receive Goods
EV002505,2025-05-04 00:00:00,Receive Goods
EV004840,2025-05-04 00:00:00,Add PO Item
EV010634,2025-05-04 00:00:00,Complete Sale
EV002806,2025-05-04 00:00:00,Receive Goods
EV002466,2025-05-04 00:00:00,Add PO Item
EV006269,2025-05-04 00:00:00,Ship Product
EV007051,2025-05-04 00:00:00,Ship Product
EV003391,2025-05-04 00:00:00,Create Purchase Order
EV006809,2025-05-04 00:00:00,Ship Product
EV006951,2025-05-04 00:00:00,Ship Product
EV006430,2025-05-04 00:00:00,Ship Product
EV004493,2025-05-04 00:00:00,Create Purchase Order
EV002804,2025-05-04 00:00:00,Receive Goods
EV002198,2025-05-04 00:00:00,Dispatch Delivery
EV005461,2025-05-04 00:00:00,Ship Product
EV002465,2025-05-04 00:00:00,Add PO Item
EV000623,2025-05-04 00:00:00,Receive Goods
EV006954,2025-05-04 00:00:00,Ship Product
EV010703,2025-05-04 00:00:00,Create Sales Order
EV010704,2025-05-04 01:00:00,Add Sales Order Item
EV013818,2025-05-04 01:00:00,Add Sales Order Item
EV010684,2025-05-04 01:00:00,Add Sales Order Item
EV013817,2025-05-04 01:00:00,Add Sales Order Item
EV013821,2025-05-04 01:00:00,Add Sales Order Item
EV003392,2025-05-04 04:00:00,Approve Purchase Order
EV004494,2025-05-04 04:00:00,Approve Purchase Order
EV002805,2025-05-04 08:00:00,Put Away
EV002807,2025-05-04 08:00:00,Put Away
EV002810,2025-05-04 08:00:00,Put Away
EV000624,2025-05-04 08:00:00,Put Away
EV002506,2025-05-04 08:00:00,Put Away
EV002812,2025-05-04 08:00:00,Put Away
EV014511,2025-05-05 00:00:00,Create Sales Order
EV000109,2025-05-05 00:00:00,Receive Goods
EV000111,2025-05-05 00:00:00,Receive Goods
EV013197,2025-05-05 00:00:00,Create Sales Order
EV002669,2025-05-05 00:00:00,Receive Goods
EV005767,2025-05-05 00:00:00,Ship Product
EV003109,2025-05-05 00:00:00,Receive Goods
EV004495,2025-05-05 00:00:00,Add PO Item
EV004778,2025-05-05 00:00:00,Dispatch Delivery
EV006813,2025-05-05 00:00:00,Ship Product
EV005459,2025-05-05 00:00:00,Complete Sale
EV006952,2025-05-05 00:00:00,Complete Sale
EV003393,2025-05-05 00:00:00,Add PO Item
EV006955,2025-05-05 00:00:00,Complete Sale
EV005458,2025-05-05 00:00:00,Ship Product
EV005343,2025-05-05 00:00:00,Dispatch Delivery
EV006431,2025-05-05 00:00:00,Complete Sale
EV006958,2025-05-05 00:00:00,Complete Sale
EV010637,2025-05-05 00:00:00,Complete Sale
EV007054,2025-05-05 00:00:00,Ship Product
EV004691,2025-05-05 00:00:00,Create Purchase Order
EV009101,2025-05-05 00:00:00,Complete Sale
EV012495,2025-05-05 00:00:00,Create Sales Order
EV007055,2025-05-05 00:00:00,Complete Sale
EV005761,2025-05-05 00:00:00,Ship Product
EV000620,2025-05-05 00:00:00,Receive Goods
EV004069,2025-05-05 00:00:00,Dispatch Delivery
EV006810,2025-05-05 00:00:00,Complete Sale
EV013198,2025-05-05 01:00:00,Add Sales Order Item
EV013201,2025-05-05 01:00:00,Add Sales Order Item
EV013204,2025-05-05 01:00:00,Add Sales Order Item
EV012499,2025-05-05 01:00:00,Add Sales Order Item
EV012496,2025-05-05 01:00:00,Add Sales Order Item
EV014512,2025-05-05 01:00:00,Add Sales Order Item
EV004692,2025-05-05 04:00:00,Approve Purchase Order
EV000110,2025-05-05 08:00:00,Put Away
EV000621,2025-05-05 08:00:00,Put Away
EV000112,2025-05-05 08:00:00,Put Away
EV003110,2025-05-05 08:00:00,Put Away
EV002670,2025-05-05 08:00:00,Put Away
EV005462,2025-05-06 00:00:00,Complete Sale
EV006611,2025-05-06 00:00:00,Create Sales Order
EV000625,2025-05-06 00:00:00,Dispatch Delivery
EV007912,2025-05-06 00:00:00,Create Sales Order
EV004496,2025-05-06 00:00:00,Dispatch Delivery
EV004920,2025-05-06 00:00:00,Dispatch Delivery
EV005762,2025-05-06 00:00:00,Complete Sale
EV004833,2025-05-06 00:00:00,Dispatch Delivery
EV004693,2025-05-06 00:00:00,Add PO Item
EV012500,2025-05-06 00:00:00,Ship Product
EV001860,2025-05-06 00:00:00,Dispatch Delivery
EV004694,2025-05-06 00:00:00,Add PO Item
EV006270,2025-05-06 00:00:00,Complete Sale
EV004841,2025-05-06 00:00:00,Dispatch Delivery
EV013963,2025-05-06 00:00:00,Create Sales Order
EV004695,2025-05-06 00:00:00,Add PO Item
EV006630,2025-05-06 00:00:00,Ship Product
EV006631,2025-05-06 00:00:00,Complete Sale
EV001435,2025-05-06 00:00:00,Receive Goods
EV014841,2025-05-06 00:00:00,Complete Sale
EV014840,2025-05-06 00:00:00,Ship Product
EV007052,2025-05-06 00:00:00,Complete Sale
EV012073,2025-05-06 00:00:00,Create Sales Order
EV002467,2025-05-06 00:00:00,Dispatch Delivery
EV013964,2025-05-06 01:00:00,Add Sales Order Item
EV013965,2025-05-06 01:00:00,Add Sales Order Item
EV007913,2025-05-06 01:00:00,Add Sales Order Item
EV006615,2025-05-06 01:00:00,Add Sales Order Item
EV006612,2025-05-06 01:00:00,Add Sales Order Item
EV012078,2025-05-06 01:00:00,Add Sales Order Item
EV012079,2025-05-06 01:00:00,Add Sales Order Item
EV012074,2025-05-06 01:00:00,Add Sales Order Item
EV001436,2025-05-06 08:00:00,Put Away
EV004829,2025-05-07 00:00:00,Receive Goods
EV013538,2025-05-07 00:00:00,Create Sales Order
EV006814,2025-05-07 00:00:00,Complete Sale
EV004831,2025-05-07 00:00:00,Receive Goods
EV013199,2025-05-07 00:00:00,Ship Product
EV003035,2025-05-07 00:00:00,Dispatch Delivery
EV000430,2025-05-07 00:00:00,Dispatch Delivery
EV005768,2025-05-07 00:00:00,Complete Sale
EV000876,2025-05-07 00:00:00,Receive Goods
EV000872,2025-05-07 00:00:00,Receive Goods
EV013205,2025-05-07 00:00:00,Ship Product
EV003070,2025-05-07 00:00:00,Receive Goods
EV003394,2025-05-07 00:00:00,Dispatch Delivery
EV000874,2025-05-07 00:00:00,Receive Goods
EV013543,2025-05-07 01:00:00,Add Sales Order Item
EV013539,2025-05-07 01:00:00,Add Sales Order Item
EV013540,2025-05-07 01:00:00,Add Sales Order Item
EV003071,2025-05-07 08:00:00,Put Away
EV004832,2025-05-07 08:00:00,Put Away
EV004830,2025-05-07 08:00:00,Put Away
EV000875,2025-05-07 08:00:00,Put Away
EV000877,2025-05-07 08:00:00,Put Away
EV000873,2025-05-07 08:00:00,Put Away
EV004405,2025-05-08 00:00:00,Receive Goods
EV004260,2025-05-08 00:00:00,Receive Goods
EV001333,2025-05-08 00:00:00,Create Purchase Order
EV011240,2025-05-08 00:00:00,Create Sales Order
EV013206,2025-05-08 00:00:00,Complete Sale
EV003040,2025-05-08 00:00:00,Dispatch Delivery
EV007953,2025-05-08 00:00:00,Create Sales Order
EV014836,2025-05-08 00:00:00,Ship Product
EV004262,2025-05-08 00:00:00,Receive Goods
EV012660,2025-05-08 00:00:00,Create Sales Order
EV013819,2025-05-08 00:00:00,Ship Product
EV003452,2025-05-08 00:00:00,Create Purchase Order
EV013820,2025-05-08 00:00:00,Complete Sale
EV012075,2025-05-08 00:00:00,Ship Product
EV004696,2025-05-08 00:00:00,Dispatch Delivery
EV006627,2025-05-08 00:00:00,Ship Product
EV012501,2025-05-08 00:00:00,Complete Sale
EV003738,2025-05-08 00:00:00,Create Purchase Order
EV014837,2025-05-08 00:00:00,Complete Sale
EV007960,2025-05-08 01:00:00,Add Sales Order Item
EV012661,2025-05-08 01:00:00,Add Sales Order Item
EV012664,2025-05-08 01:00:00,Add Sales Order Item
EV011241,2025-05-08 01:00:00,Add Sales Order Item
EV011245,2025-05-08 01:00:00,Add Sales Order Item
EV011244,2025-05-08 01:00:00,Add Sales Order Item
EV007954,2025-05-08 01:00:00,Add Sales Order Item
EV007957,2025-05-08 01:00:00,Add Sales Order Item
EV003453,2025-05-08 04:00:00,Approve Purchase Order
EV003739,2025-05-08 04:00:00,Approve Purchase Order
EV001334,2025-05-08 04:00:00,Approve Purchase Order
EV004406,2025-05-08 08:00:00,Put Away
EV004261,2025-05-08 08:00:00,Put Away
EV004263,2025-05-08 08:00:00,Put Away
EV006616,2025-05-09 00:00:00,Ship Product
EV012080,2025-05-09 00:00:00,Ship Product
EV006628,2025-05-09 00:00:00,Complete Sale
EV001335,2025-05-09 00:00:00,Add PO Item
EV014720,2025-05-09 00:00:00,Create Sales Order
EV013541,2025-05-09 00:00:00,Ship Product
EV003740,2025-05-09 00:00:00,Add PO Item
EV013200,2025-05-09 00:00:00,Complete Sale
EV003454,2025-05-09 00:00:00,Add PO Item
EV001656,2025-05-09 00:00:00,Receive Goods
EV000174,2025-05-09 00:00:00,Create Purchase Order
EV000626,2025-05-09 00:00:00,Receive Goods
EV014721,2025-05-09 01:00:00,Add Sales Order Item
EV014727,2025-05-09 01:00:00,Add Sales Order Item
EV014724,2025-05-09 01:00:00,Add Sales Order Item
EV000175,2025-05-09 04:00:00,Approve Purchase Order
EV001657,2025-05-09 08:00:00,Put Away
EV000627,2025-05-09 08:00:00,Put Away
EV002196,2025-05-10 00:00:00,Receive Goods
EV004541,2025-05-10 00:00:00,Create Purchase Order
EV001865,2025-05-10 00:00:00,Dispatch Delivery
EV013542,2025-05-10 00:00:00,Complete Sale
EV001659,2025-05-10 00:00:00,Receive Goods
EV007699,2025-05-10 00:00:00,Create Sales Order
EV006613,2025-05-10 00:00:00,Ship Product
EV011016,2025-05-10 00:00:00,Return Product
EV011246,2025-05-10 00:00:00,Ship Product
EV007961,2025-05-10 00:00:00,Ship Product
EV013202,2025-05-10 00:00:00,Ship Product
EV012662,2025-05-10 00:00:00,Ship Product
EV012498,2025-05-10 00:00:00,Complete Sale
EV012063,2025-05-10 00:00:00,Create Sales Order
EV012076,2025-05-10 00:00:00,Complete Sale
EV013966,2025-05-10 00:00:00,Ship Product
EV000966,2025-05-10 00:00:00,Create Purchase Order
EV000176,2025-05-10 00:00:00,Add PO Item
EV012497,2025-05-10 00:00:00,Ship Product
EV006617,2025-05-10 00:00:00,Complete Sale
EV012064,2025-05-10 01:00:00,Add Sales Order Item
EV012070,2025-05-10 01:00:00,Add Sales Order Item
EV007700,2025-05-10 01:00:00,Add Sales Order Item
EV012067,2025-05-10 01:00:00,Add Sales Order Item
EV004542,2025-05-10 04:00:00,Approve Purchase Order
EV000967,2025-05-10 04:00:00,Approve Purchase Order
EV002197,2025-05-10 08:00:00,Put Away
EV001660,2025-05-10 08:00:00,Put Away
EV011247,2025-05-11 00:00:00,Complete Sale
EV000428,2025-05-11 00:00:00,Receive Goods
EV001638,2025-05-11 00:00:00,Create Purchase Order
EV012663,2025-05-11 00:00:00,Complete Sale
EV012081,2025-05-11 00:00:00,Complete Sale
EV000520,2025-05-11 00:00:00,Receive Goods
EV004545,2025-05-11 00:00:00,Add PO Item
EV006614,2025-05-11 00:00:00,Complete Sale
EV009501,2025-05-11 00:00:00,Return Product
EV000969,2025-05-11 00:00:00,Add PO Item
EV000968,2025-05-11 00:00:00,Add PO Item
EV007031,2025-05-11 00:00:00,Create Sales Order
EV007605,2025-05-11 00:00:00,Create Sales Order
EV004499,2025-05-11 00:00:00,Dispatch Delivery
EV004544,2025-05-11 00:00:00,Add PO Item
EV002201,2025-05-11 00:00:00,Dispatch Delivery
EV007955,2025-05-11 00:00:00,Ship Product
EV007914,2025-05-11 00:00:00,Ship Product
EV004543,2025-05-11 00:00:00,Add PO Item
EV007915,2025-05-11 00:00:00,Complete Sale
EV014722,2025-05-11 00:00:00,Ship Product
EV014725,2025-05-11 00:00:00,Ship Product
EV005742,2025-05-11 00:00:00,Create Sales Order
EV005743,2025-05-11 01:00:00,Add Sales Order Item
EV007610,2025-05-11 01:00:00,Add Sales Order Item
EV007609,2025-05-11 01:00:00,Add Sales Order Item
EV007035,2025-05-11 01:00:00,Add Sales Order Item
EV007032,2025-05-11 01:00:00,Add Sales Order Item
EV005746,2025-05-11 01:00:00,Add Sales Order Item
EV007606,2025-05-11 01:00:00,Add Sales Order Item
EV001639,2025-05-11 04:00:00,Approve Purchase Order
EV000521,2025-05-11 08:00:00,Put Away
EV000429,2025-05-11 08:00:00,Put Away
EV013967,2025-05-12 00:00:00,Complete Sale
EV007962,2025-05-12 00:00:00,Complete Sale
EV001336,2025-05-12 00:00:00,Dispatch Delivery
EV003455,2025-05-12 00:00:00,Dispatch Delivery
EV007958,2025-05-12 00:00:00,Ship Product
EV014572,2025-05-12 00:00:00,Create Sales Order
EV013203,2025-05-12 00:00:00,Complete Sale
EV007176,2025-05-12 00:00:00,Create Sales Order
EV013582,2025-05-12 00:00:00,Create Sales Order
EV004546,2025-05-12 00:00:00,Dispatch Delivery
EV001640,2025-05-12 00:00:00,Add PO Item
EV012071,2025-05-12 00:00:00,Ship Product
EV012072,2025-05-12 00:00:00,Complete Sale
EV001641,2025-05-12 00:00:00,Add PO Item
EV001273,2025-05-12 00:00:00,Create Purchase Order
EV004703,2025-05-12 00:00:00,Dispatch Delivery
EV014723,2025-05-12 00:00:00,Complete Sale
EV003741,2025-05-12 00:00:00,Dispatch Delivery
EV005346,2025-05-12 00:00:00,Dispatch Delivery
EV011242,2025-05-12 00:00:00,Ship Product
EV013583,2025-05-12 01:00:00,Add Sales Order Item
EV007180,2025-05-12 01:00:00,Add Sales Order Item
EV007177,2025-05-12 01:00:00,Add Sales Order Item
EV014573,2025-05-12 01:00:00,Add Sales Order Item
EV001274,2025-05-12 04:00:00,Approve Purchase Order
EV007720,2025-05-13 00:00:00,Create Sales Order
EV004847,2025-05-13 00:00:00,Dispatch Delivery
EV014728,2025-05-13 00:00:00,Ship Product
EV014726,2025-05-13 00:00:00,Complete Sale
EV002383,2025-05-13 00:00:00,Create Purchase Order
EV012665,2025-05-13 00:00:00,Ship Product
EV000792,2025-05-13 00:00:00,Create Purchase Order
EV006638,2025-05-13 00:00:00,Create Sales Order
EV004844,2025-05-13 00:00:00,Dispatch Delivery
EV001275,2025-05-13 00:00:00,Add PO Item
EV004834,2025-05-13 00:00:00,Receive Goods
EV007956,2025-05-13 00:00:00,Complete Sale
EV004836,2025-05-13 00:00:00,Receive Goods
EV001863,2025-05-13 00:00:00,Receive Goods
EV000970,2025-05-13 00:00:00,Dispatch Delivery
EV007549,2025-05-13 00:00:00,Create Sales Order
EV007033,2025-05-13 00:00:00,Ship Product
EV007701,2025-05-13 00:00:00,Ship Product
EV001861,2025-05-13 00:00:00,Receive Goods
EV007550,2025-05-13 01:00:00,Add Sales Order Item
EV007721,2025-05-13 01:00:00,Add Sales Order Item
EV006642,2025-05-13 01:00:00,Add Sales Order Item
EV006639,2025-05-13 01:00:00,Add Sales Order Item
EV000793,2025-05-13 04:00:00,Approve Purchase Order
EV002384,2025-05-13 04:00:00,Approve Purchase Order
EV001864,2025-05-13 08:00:00,Put Away
EV004835,2025-05-13 08:00:00,Put Away
EV004837,2025-05-13 08:00:00,Put Away
EV001862,2025-05-13 08:00:00,Put Away
EV007551,2025-05-14 00:00:00,Ship Product
EV005227,2025-05-14 00:00:00,Receive Goods
EV007959,2025-05-14 00:00:00,Complete Sale
EV014229,2025-05-14 00:00:00,Create Sales Order
EV005747,2025-05-14 00:00:00,Ship Product
EV005857,2025-05-14 00:00:00,Create Sales Order
EV002387,2025-05-14 00:00:00,Add PO Item
EV002386,2025-05-14 00:00:00,Add PO Item
EV002385,2025-05-14 00:00:00,Add PO Item
EV002199,2025-05-14 00:00:00,Receive Goods
EV014729,2025-05-14 00:00:00,Complete Sale
EV000794,2025-05-14 00:00:00,Add PO Item
EV006640,2025-05-14 00:00:00,Ship Product
EV013801,2025-05-14 00:00:00,Create Sales Order
EV007608,2025-05-14 00:00:00,Complete Sale
EV007607,2025-05-14 00:00:00,Ship Product
EV012666,2025-05-14 00:00:00,Complete Sale
EV006643,2025-05-14 00:00:00,Ship Product
EV011243,2025-05-14 00:00:00,Complete Sale
EV007702,2025-05-14 00:00:00,Complete Sale
EV001642,2025-05-14 00:00:00,Dispatch Delivery
EV014938,2025-05-14 00:00:00,Create Sales Order
EV013802,2025-05-14 01:00:00,Add Sales Order Item
EV005864,2025-05-14 01:00:00,Add Sales Order Item
EV005861,2025-05-14 01:00:00,Add Sales Order Item
EV005858,2025-05-14 01:00:00,Add Sales Order Item
EV014236,2025-05-14 01:00:00,Add Sales Order Item
EV014233,2025-05-14 01:00:00,Add Sales Order Item
EV014230,2025-05-14 01:00:00,Add Sales Order Item
EV014939,2025-05-14 01:00:00,Add Sales Order Item
EV013805,2025-05-14 01:00:00,Add Sales Order Item
EV002200,2025-05-14 08:00:00,Put Away
EV005228,2025-05-14 08:00:00,Put Away
EV011164,2025-05-15 00:00:00,Create Sales Order
EV007552,2025-05-15 00:00:00,Complete Sale
EV006644,2025-05-15 00:00:00,Complete Sale
EV007034,2025-05-15 00:00:00,Complete Sale
EV007722,2025-05-15 00:00:00,Ship Product
EV012024,2025-05-15 00:00:00,Create Sales Order
EV006641,2025-05-15 00:00:00,Complete Sale
EV007182,2025-05-15 00:00:00,Complete Sale
EV007181,2025-05-15 00:00:00,Ship Product
EV012065,2025-05-15 00:00:00,Ship Product
EV007611,2025-05-15 00:00:00,Ship Product
EV003367,2025-05-15 00:00:00,Receive Goods
EV003720,2025-05-15 00:00:00,Create Purchase Order
EV005860,2025-05-15 00:00:00,Complete Sale
EV003365,2025-05-15 00:00:00,Receive Goods
EV009506,2025-05-15 00:00:00,Return Product
EV003363,2025-05-15 00:00:00,Receive Goods
EV007723,2025-05-15 00:00:00,Complete Sale
EV000180,2025-05-15 00:00:00,Dispatch Delivery
EV000177,2025-05-15 00:00:00,Dispatch Delivery
EV005859,2025-05-15 00:00:00,Ship Product
EV012068,2025-05-15 00:00:00,Ship Product
EV011165,2025-05-15 01:00:00,Add Sales Order Item
EV012031,2025-05-15 01:00:00,Add Sales Order Item
EV012025,2025-05-15 01:00:00,Add Sales Order Item
EV012028,2025-05-15 01:00:00,Add Sales Order Item
EV003721,2025-05-15 04:00:00,Approve Purchase Order
EV003368,2025-05-15 08:00:00,Put Away
EV003366,2025-05-15 08:00:00,Put Away
EV003364,2025-05-15 08:00:00,Put Away
EV004848,2025-05-16 00:00:00,Receive Goods
EV007804,2025-05-16 00:00:00,Create Sales Order
EV012069,2025-05-16 00:00:00,Complete Sale
EV005139,2025-05-16 00:00:00,Create Purchase Order
EV007036,2025-05-16 00:00:00,Ship Product
EV002470,2025-05-16 00:00:00,Receive Goods
EV004845,2025-05-16 00:00:00,Receive Goods
EV005862,2025-05-16 00:00:00,Ship Product
EV011896,2025-05-16 00:00:00,Create Sales Order
EV005748,2025-05-16 00:00:00,Complete Sale
EV004497,2025-05-16 00:00:00,Receive Goods
EV005744,2025-05-16 00:00:00,Ship Product
EV013553,2025-05-16 00:00:00,Create Sales Order
EV001276,2025-05-16 00:00:00,Dispatch Delivery
EV003372,2025-05-16 00:00:00,Receive Goods
EV006880,2025-05-16 00:00:00,Create Sales Order
EV003370,2025-05-16 00:00:00,Receive Goods
EV005248,2025-05-16 00:00:00,Create Purchase Order
EV003722,2025-05-16 00:00:00,Add PO Item
EV002468,2025-05-16 00:00:00,Receive Goods
EV003374,2025-05-16 00:00:00,Receive Goods
EV003723,2025-05-16 00:00:00,Add PO Item
EV011900,2025-05-16 01:00:00,Add Sales Order Item
EV007805,2025-05-16 01:00:00,Add Sales Order Item
EV013554,2025-05-16 01:00:00,Add Sales Order Item
EV006881,2025-05-16 01:00:00,Add Sales Order Item
EV011897,2025-05-16 01:00:00,Add Sales Order Item
EV013557,2025-05-16 01:00:00,Add Sales Order Item
EV005140,2025-05-16 04:00:00,Approve Purchase Order
EV005249,2025-05-16 04:00:00,Approve Purchase Order
EV002469,2025-05-16 08:00:00,Put Away
EV003375,2025-05-16 08:00:00,Put Away
EV004498,2025-05-16 08:00:00,Put Away
EV004846,2025-05-16 08:00:00,Put Away
EV003373,2025-05-16 08:00:00,Put Away
EV003371,2025-05-16 08:00:00,Put Away
EV002471,2025-05-16 08:00:00,Put Away
EV004849,2025-05-16 08:00:00,Put Away
EV011436,2025-05-17 00:00:00,Create Sales Order
EV012077,2025-05-17 00:00:00,Return Product
EV007037,2025-05-17 00:00:00,Complete Sale
EV001647,2025-05-17 00:00:00,Dispatch Delivery
EV012066,2025-05-17 00:00:00,Complete Sale
EV013555,2025-05-17 00:00:00,Ship Product
EV012033,2025-05-17 00:00:00,Complete Sale
EV012032,2025-05-17 00:00:00,Ship Product
EV001868,2025-05-17 00:00:00,Receive Goods
EV005863,2025-05-17 00:00:00,Complete Sale
EV004842,2025-05-17 00:00:00,Receive Goods
EV005141,2025-05-17 00:00:00,Add PO Item
EV006106,2025-05-17 00:00:00,Create Sales Order
EV007612,2025-05-17 00:00:00,Complete Sale
EV012513,2025-05-17 00:00:00,Create Sales Order
EV007178,2025-05-17 00:00:00,Ship Product
EV001866,2025-05-17 00:00:00,Receive Goods
EV009471,2025-05-17 00:00:00,Create Sales Order
EV000431,2025-05-17 00:00:00,Receive Goods
EV005368,2025-05-17 00:00:00,Create Purchase Order
EV014093,2025-05-17 00:00:00,Create Sales Order
EV005745,2025-05-17 00:00:00,Complete Sale
EV005250,2025-05-17 00:00:00,Add PO Item
EV014094,2025-05-17 01:00:00,Add Sales Order Item
EV009475,2025-05-17 01:00:00,Add Sales Order Item
EV012514,2025-05-17 01:00:00,Add Sales Order Item
EV012517,2025-05-17 01:00:00,Add Sales Order Item
EV009472,2025-05-17 01:00:00,Add Sales Order Item
EV011437,2025-05-17 01:00:00,Add Sales Order Item
EV006107,2025-05-17 01:00:00,Add Sales Order Item
EV005369,2025-05-17 04:00:00,Approve Purchase Order
EV001867,2025-05-17 08:00:00,Put Away
EV000432,2025-05-17 08:00:00,Put Away
EV004843,2025-05-17 08:00:00,Put Away
EV001869,2025-05-17 08:00:00,Put Away
EV001339,2025-05-18 00:00:00,Dispatch Delivery
EV013559,2025-05-18 00:00:00,Complete Sale
EV004621,2025-05-18 00:00:00,Receive Goods
EV013803,2025-05-18 00:00:00,Ship Product
EV004553,2025-05-18 00:00:00,Dispatch Delivery
EV013556,2025-05-18 00:00:00,Complete Sale
EV013558,2025-05-18 00:00:00,Ship Product
EV012942,2025-05-18 00:00:00,Create Sales Order
EV011901,2025-05-18 00:00:00,Ship Product
EV014095,2025-05-18 00:00:00,Ship Product
EV014232,2025-05-18 00:00:00,Complete Sale
EV005370,2025-05-18 00:00:00,Add PO Item
EV014231,2025-05-18 00:00:00,Ship Product
EV012029,2025-05-18 00:00:00,Ship Product
EV005865,2025-05-18 00:00:00,Ship Product
EV006521,2025-05-18 00:00:00,Create Sales Order
EV012943,2025-05-18 01:00:00,Add Sales Order Item
EV006525,2025-05-18 01:00:00,Add Sales Order Item
EV006522,2025-05-18 01:00:00,Add Sales Order Item
EV004622,2025-05-18 08:00:00,Put Away
EV004551,2025-05-19 00:00:00,Receive Goods
EV013804,2025-05-19 00:00:00,Complete Sale
EV011166,2025-05-19 00:00:00,Ship Product
EV007179,2025-05-19 00:00:00,Complete Sale
EV002388,2025-05-19 00:00:00,Dispatch Delivery
EV007286,2025-05-19 00:00:00,Create Sales Order
EV011902,2025-05-19 00:00:00,Complete Sale
EV004547,2025-05-19 00:00:00,Receive Goods
EV002630,2025-05-19 00:00:00,Receive Goods
EV004411,2025-05-19 00:00:00,Receive Goods
EV014940,2025-05-19 00:00:00,Ship Product
EV006162,2025-05-19 00:00:00,Create Sales Order
EV004549,2025-05-19 00:00:00,Receive Goods
EV012026,2025-05-19 00:00:00,Ship Product
EV009048,2025-05-19 00:00:00,Create Sales Order
EV012944,2025-05-19 00:00:00,Ship Product
EV004484,2025-05-19 00:00:00,Create Purchase Order
EV014234,2025-05-19 00:00:00,Ship Product
EV005251,2025-05-19 00:00:00,Dispatch Delivery
EV005341,2025-05-19 00:00:00,Receive Goods
EV012945,2025-05-19 00:00:00,Complete Sale
EV006166,2025-05-19 01:00:00,Add Sales Order Item
EV009049,2025-05-19 01:00:00,Add Sales Order Item
EV006163,2025-05-19 01:00:00,Add Sales Order Item
EV007291,2025-05-19 01:00:00,Add Sales Order Item
EV007287,2025-05-19 01:00:00,Add Sales Order Item
EV007294,2025-05-19 01:00:00,Add Sales Order Item
EV004485,2025-05-19 04:00:00,Approve Purchase Order
EV004412,2025-05-19 08:00:00,Put Away
EV004548,2025-05-19 08:00:00,Put Away
EV004550,2025-05-19 08:00:00,Put Away
EV004552,2025-05-19 08:00:00,Put Away
EV002631,2025-05-19 08:00:00,Put Away
EV005342,2025-05-19 08:00:00,Put Away
EV007292,2025-05-20 00:00:00,Ship Product
EV014235,2025-05-20 00:00:00,Complete Sale
EV009177,2025-05-20 00:00:00,Create Sales Order
EV006523,2025-05-20 00:00:00,Ship Product
EV006167,2025-05-20 00:00:00,Ship Product
EV006524,2025-05-20 00:00:00,Complete Sale
EV004486,2025-05-20 00:00:00,Add PO Item
EV006882,2025-05-20 00:00:00,Ship Product
EV012027,2025-05-20 00:00:00,Complete Sale
EV007970,2025-05-20 00:00:00,Create Sales Order
EV005866,2025-05-20 00:00:00,Complete Sale
EV014096,2025-05-20 00:00:00,Complete Sale
EV012030,2025-05-20 00:00:00,Complete Sale
EV005059,2025-05-20 00:00:00,Create Purchase Order
EV000795,2025-05-20 00:00:00,Dispatch Delivery
EV009473,2025-05-20 00:00:00,Ship Product
EV005142,2025-05-20 00:00:00,Dispatch Delivery
EV000975,2025-05-20 00:00:00,Dispatch Delivery
EV011167,2025-05-20 00:00:00,Complete Sale
EV001148,2025-05-20 00:00:00,Create Purchase Order
EV011898,2025-05-20 00:00:00,Ship Product
EV009178,2025-05-20 01:00:00,Add Sales Order Item
EV009182,2025-05-20 01:00:00,Add Sales Order Item
EV007974,2025-05-20 01:00:00,Add Sales Order Item
EV007971,2025-05-20 01:00:00,Add Sales Order Item
EV001149,2025-05-20 04:00:00,Approve Purchase Order
EV005060,2025-05-20 04:00:00,Approve Purchase Order
EV006527,2025-05-21 00:00:00,Complete Sale
EV005061,2025-05-21 00:00:00,Add PO Item
EV013155,2025-05-21 00:00:00,Create Sales Order
EV011304,2025-05-21 00:00:00,Create Sales Order
EV006168,2025-05-21 00:00:00,Complete Sale
EV011881,2025-05-21 00:00:00,Create Sales Order
EV007975,2025-05-21 00:00:00,Ship Product
EV001279,2025-05-21 00:00:00,Dispatch Delivery
EV004487,2025-05-21 00:00:00,Dispatch Delivery
EV006526,2025-05-21 00:00:00,Ship Product
EV014941,2025-05-21 00:00:00,Complete Sale
EV006108,2025-05-21 00:00:00,Ship Product
EV006109,2025-05-21 00:00:00,Complete Sale
EV007293,2025-05-21 00:00:00,Complete Sale
EV011899,2025-05-21 00:00:00,Complete Sale
EV006738,2025-05-21 00:00:00,Create Sales Order
EV009179,2025-05-21 00:00:00,Ship Product
EV006883,2025-05-21 00:00:00,Complete Sale
EV009183,2025-05-21 00:00:00,Ship Product
EV005680,2025-05-21 00:00:00,Create Sales Order
EV007806,2025-05-21 00:00:00,Ship Product
EV001150,2025-05-21 00:00:00,Add PO Item
EV007295,2025-05-21 00:00:00,Ship Product
EV007972,2025-05-21 00:00:00,Ship Product
EV002202,2025-05-21 00:00:00,Receive Goods
EV002395,2025-05-21 00:00:00,Dispatch Delivery
EV003724,2025-05-21 00:00:00,Dispatch Delivery
EV006739,2025-05-21 01:00:00,Add Sales Order Item
EV011308,2025-05-21 01:00:00,Add Sales Order Item
EV013156,2025-05-21 01:00:00,Add Sales Order Item
EV013159,2025-05-21 01:00:00,Add Sales Order Item
EV005681,2025-05-21 01:00:00,Add Sales Order Item
EV011882,2025-05-21 01:00:00,Add Sales Order Item
EV011305,2025-05-21 01:00:00,Add Sales Order Item
EV006742,2025-05-21 01:00:00,Add Sales Order Item
EV005684,2025-05-21 01:00:00,Add Sales Order Item
EV002203,2025-05-21 08:00:00,Put Away
EV009050,2025-05-22 00:00:00,Ship Product
EV013744,2025-05-22 00:00:00,Create Sales Order
EV009474,2025-05-22 00:00:00,Complete Sale
EV005033,2025-05-22 00:00:00,Receive Goods
EV010818,2025-05-22 00:00:00,Create Sales Order
EV000727,2025-05-22 00:00:00,Receive Goods
EV012515,2025-05-22 00:00:00,Ship Product
EV009180,2025-05-22 00:00:00,Complete Sale
EV015176,2025-05-22 00:00:00,Create Sales Order
EV005035,2025-05-22 00:00:00,Receive Goods
EV009200,2025-05-22 00:00:00,Create Sales Order
EV003742,2025-05-22 00:00:00,Receive Goods
EV005682,2025-05-22 00:00:00,Ship Product
EV007973,2025-05-22 00:00:00,Complete Sale
EV003969,2025-05-22 00:00:00,Create Purchase Order
EV006741,2025-05-22 00:00:00,Complete Sale
EV003456,2025-05-22 00:00:00,Receive Goods
EV006684,2025-05-22 00:00:00,Create Sales Order
EV013941,2025-05-22 00:00:00,Create Sales Order
EV007976,2025-05-22 00:00:00,Complete Sale
EV005371,2025-05-22 00:00:00,Dispatch Delivery
EV009051,2025-05-22 00:00:00,Complete Sale
EV008064,2025-05-22 00:00:00,Create Sales Order
EV000348,2025-05-22 00:00:00,Create Purchase Order
EV006740,2025-05-22 00:00:00,Ship Product
EV008068,2025-05-22 01:00:00,Add Sales Order Item
EV008065,2025-05-22 01:00:00,Add Sales Order Item
EV010822,2025-05-22 01:00:00,Add Sales Order Item
EV006688,2025-05-22 01:00:00,Add Sales Order Item
EV015178,2025-05-22 01:00:00,Add Sales Order Item
EV009201,2025-05-22 01:00:00,Add Sales Order Item
EV013942,2025-05-22 01:00:00,Add Sales Order Item
EV009204,2025-05-22 01:00:00,Add Sales Order Item
EV006685,2025-05-22 01:00:00,Add Sales Order Item
EV013945,2025-05-22 01:00:00,Add Sales Order Item
EV015177,2025-05-22 01:00:00,Add Sales Order Item
EV010819,2025-05-22 01:00:00,Add Sales Order Item
EV013745,2025-05-22 01:00:00,Add Sales Order Item
EV015181,2025-05-22 01:00:00,Add Sales Order Item
EV003970,2025-05-22 04:00:00,Approve Purchase Order
EV000349,2025-05-22 04:00:00,Approve Purchase Order
EV003457,2025-05-22 08:00:00,Put Away
EV000728,2025-05-22 08:00:00,Put Away
EV005036,2025-05-22 08:00:00,Put Away
EV005034,2025-05-22 08:00:00,Put Away
EV003743,2025-05-22 08:00:00,Put Away
EV011883,2025-05-23 00:00:00,Ship Product
EV006927,2025-05-23 00:00:00,Create Sales Order
EV006164,2025-05-23 00:00:00,Ship Product
EV003972,2025-05-23 00:00:00,Add PO Item
EV010820,2025-05-23 00:00:00,Ship Product
EV009184,2025-05-23 00:00:00,Complete Sale
EV005686,2025-05-23 00:00:00,Complete Sale
EV007807,2025-05-23 00:00:00,Complete Sale
EV005062,2025-05-23 00:00:00,Dispatch Delivery
EV011884,2025-05-23 00:00:00,Complete Sale
EV013160,2025-05-23 00:00:00,Ship Product
EV004408,2025-05-23 00:00:00,Receive Goods
EV007288,2025-05-23 00:00:00,Ship Product
EV005145,2025-05-23 00:00:00,Dispatch Delivery
EV003971,2025-05-23 00:00:00,Add PO Item
EV005685,2025-05-23 00:00:00,Ship Product
EV006686,2025-05-23 00:00:00,Ship Product
EV007296,2025-05-23 00:00:00,Complete Sale
EV000351,2025-05-23 00:00:00,Add PO Item
EV000350,2025-05-23 00:00:00,Add PO Item
EV005344,2025-05-23 00:00:00,Receive Goods
EV000980,2025-05-23 00:00:00,Dispatch Delivery
EV006928,2025-05-23 01:00:00,Add Sales Order Item
EV004409,2025-05-23 08:00:00,Put Away
EV005345,2025-05-23 08:00:00,Put Away
EV002636,2025-05-24 00:00:00,Receive Goods
EV004925,2025-05-24 00:00:00,Receive Goods
EV011789,2025-05-24 00:00:00,Create Sales Order
EV004921,2025-05-24 00:00:00,Receive Goods
EV000798,2025-05-24 00:00:00,Dispatch Delivery
EV006687,2025-05-24 00:00:00,Complete Sale
EV004923,2025-05-24 00:00:00,Receive Goods
EV005683,2025-05-24 00:00:00,Complete Sale
EV007289,2025-05-24 00:00:00,Complete Sale
EV004927,2025-05-24 00:00:00,Create Purchase Order
EV006743,2025-05-24 00:00:00,Ship Product
EV012516,2025-05-24 00:00:00,Complete Sale
EV000756,2025-05-24 00:00:00,Create Purchase Order
EV004064,2025-05-24 00:00:00,Receive Goods
EV003081,2025-05-24 00:00:00,Create Purchase Order
EV011309,2025-05-24 00:00:00,Ship Product
EV009202,2025-05-24 00:00:00,Ship Product
EV009203,2025-05-24 00:00:00,Complete Sale
EV010821,2025-05-24 00:00:00,Complete Sale
EV006165,2025-05-24 00:00:00,Complete Sale
EV011790,2025-05-24 01:00:00,Add Sales Order Item
EV000757,2025-05-24 04:00:00,Approve Purchase Order
EV004928,2025-05-24 04:00:00,Approve Purchase Order
EV003082,2025-05-24 04:00:00,Approve Purchase Order
EV004922,2025-05-24 08:00:00,Put Away
EV002637,2025-05-24 08:00:00,Put Away
EV004926,2025-05-24 08:00:00,Put Away
EV004924,2025-05-24 08:00:00,Put Away
EV004065,2025-05-24 08:00:00,Put Away
EV004439,2025-05-25 00:00:00,Create Purchase Order
EV003083,2025-05-25 00:00:00,Add PO Item
EV001254,2025-05-25 00:00:00,Create Purchase Order
EV003395,2025-05-25 00:00:00,Receive Goods
EV014517,2025-05-25 00:00:00,Create Sales Order
EV013161,2025-05-25 00:00:00,Complete Sale
EV015182,2025-05-25 00:00:00,Ship Product
EV013157,2025-05-25 00:00:00,Ship Product
EV008066,2025-05-25 00:00:00,Ship Product
EV013943,2025-05-25 00:00:00,Ship Product
EV005372,2025-05-25 00:00:00,Receive Goods
EV000758,2025-05-25 00:00:00,Add PO Item
EV004558,2025-05-25 00:00:00,Receive Goods
EV006713,2025-05-25 00:00:00,Create Sales Order
EV015183,2025-05-25 00:00:00,Complete Sale
EV004556,2025-05-25 00:00:00,Receive Goods
EV000948,2025-05-25 00:00:00,Create Purchase Order
EV004929,2025-05-25 00:00:00,Add PO Item
EV008067,2025-05-25 00:00:00,Complete Sale
EV004554,2025-05-25 00:00:00,Receive Goods
EV003264,2025-05-25 00:00:00,Create Purchase Order
EV003993,2025-05-25 00:00:00,Create Purchase Order
EV011306,2025-05-25 00:00:00,Ship Product
EV006929,2025-05-25 00:00:00,Ship Product
EV014521,2025-05-25 01:00:00,Add Sales Order Item
EV014518,2025-05-25 01:00:00,Add Sales Order Item
EV006714,2025-05-25 01:00:00,Add Sales Order Item
EV004440,2025-05-25 04:00:00,Approve Purchase Order
EV000949,2025-05-25 04:00:00,Approve Purchase Order
EV003265,2025-05-25 04:00:00,Approve Purchase Order
EV001255,2025-05-25 04:00:00,Approve Purchase Order
EV003994,2025-05-25 04:00:00,Approve Purchase Order
EV003396,2025-05-25 08:00:00,Put Away
EV004559,2025-05-25 08:00:00,Put Away
EV004555,2025-05-25 08:00:00,Put Away
EV004557,2025-05-25 08:00:00,Put Away
EV005373,2025-05-25 08:00:00,Put Away
EV001257,2025-05-26 00:00:00,Add PO Item
EV001256,2025-05-26 00:00:00,Add PO Item
EV000352,2025-05-26 00:00:00,Dispatch Delivery
EV008069,2025-05-26 00:00:00,Ship Product
EV006528,2025-05-26 00:00:00,Return Product
EV001258,2025-05-26 00:00:00,Add PO Item
EV005254,2025-05-26 00:00:00,Dispatch Delivery
EV001282,2025-05-26 00:00:00,Dispatch Delivery
EV002393,2025-05-26 00:00:00,Receive Goods
EV004697,2025-05-26 00:00:00,Receive Goods
EV002391,2025-05-26 00:00:00,Receive Goods
EV004963,2025-05-26 00:00:00,Create Purchase Order
EV009205,2025-05-26 00:00:00,Ship Product
EV006744,2025-05-26 00:00:00,Complete Sale
EV015179,2025-05-26 00:00:00,Ship Product
EV003266,2025-05-26 00:00:00,Add PO Item
EV003995,2025-05-26 00:00:00,Add PO Item
EV015066,2025-05-26 00:00:00,Create Sales Order
EV011310,2025-05-26 00:00:00,Complete Sale
EV013746,2025-05-26 00:00:00,Ship Product
EV000950,2025-05-26 00:00:00,Add PO Item
EV004143,2025-05-26 00:00:00,Create Purchase Order
EV001151,2025-05-26 00:00:00,Dispatch Delivery
EV001154,2025-05-26 00:00:00,Dispatch Delivery
EV001277,2025-05-26 00:00:00,Receive Goods
EV004701,2025-05-26 00:00:00,Receive Goods
EV004699,2025-05-26 00:00:00,Receive Goods
EV004441,2025-05-26 00:00:00,Add PO Item
EV002389,2025-05-26 00:00:00,Receive Goods
EV015068,2025-05-26 01:00:00,Add Sales Order Item
EV015067,2025-05-26 01:00:00,Add Sales Order Item
EV004144,2025-05-26 04:00:00,Approve Purchase Order
EV004964,2025-05-26 04:00:00,Approve Purchase Order
EV001278,2025-05-26 08:00:00,Put Away
EV004698,2025-05-26 08:00:00,Put Away
EV002392,2025-05-26 08:00:00,Put Away
EV002394,2025-05-26 08:00:00,Put Away
EV004700,2025-05-26 08:00:00,Put Away
EV004702,2025-05-26 08:00:00,Put Away
EV002390,2025-05-26 08:00:00,Put Away
EV008070,2025-05-27 00:00:00,Complete Sale
EV012502,2025-05-27 00:00:00,Create Sales Order
EV006930,2025-05-27 00:00:00,Complete Sale
EV004145,2025-05-27 00:00:00,Add PO Item
EV003084,2025-05-27 00:00:00,Dispatch Delivery
EV008718,2025-05-27 00:00:00,Create Sales Order
EV009712,2025-05-27 00:00:00,Create Sales Order
EV012479,2025-05-27 00:00:00,Create Sales Order
EV005100,2025-05-27 00:00:00,Create Purchase Order
EV003973,2025-05-27 00:00:00,Dispatch Delivery
EV013747,2025-05-27 00:00:00,Complete Sale
EV014282,2025-05-27 00:00:00,Create Sales Order
EV013947,2025-05-27 00:00:00,Complete Sale
EV013946,2025-05-27 00:00:00,Ship Product
EV013944,2025-05-27 00:00:00,Complete Sale
EV011307,2025-05-27 00:00:00,Complete Sale
EV014825,2025-05-27 00:00:00,Create Sales Order
EV000523,2025-05-27 00:00:00,Receive Goods
EV013158,2025-05-27 00:00:00,Complete Sale
EV006689,2025-05-27 00:00:00,Ship Product
EV009206,2025-05-27 00:00:00,Complete Sale
EV004965,2025-05-27 00:00:00,Add PO Item
EV014283,2025-05-27 01:00:00,Add Sales Order Item
EV009716,2025-05-27 01:00:00,Add Sales Order Item
EV014833,2025-05-27 01:00:00,Add Sales Order Item
EV014829,2025-05-27 01:00:00,Add Sales Order Item
EV012503,2025-05-27 01:00:00,Add Sales Order Item
EV009713,2025-05-27 01:00:00,Add Sales Order Item
EV014826,2025-05-27 01:00:00,Add Sales Order Item
EV008719,2025-05-27 01:00:00,Add Sales Order Item
EV012480,2025-05-27 01:00:00,Add Sales Order Item
EV008722,2025-05-27 01:00:00,Add Sales Order Item
EV005101,2025-05-27 04:00:00,Approve Purchase Order
EV000524,2025-05-27 08:00:00,Put Away
EV003996,2025-05-28 00:00:00,Dispatch Delivery
EV005102,2025-05-28 00:00:00,Add PO Item
EV005545,2025-05-28 00:00:00,Create Sales Order
EV014523,2025-05-28 00:00:00,Complete Sale
EV014284,2025-05-28 00:00:00,Ship Product
EV002396,2025-05-28 00:00:00,Receive Goods
EV006690,2025-05-28 00:00:00,Complete Sale
EV002398,2025-05-28 00:00:00,Receive Goods
EV011946,2025-05-28 00:00:00,Create Sales Order
EV002400,2025-05-28 00:00:00,Receive Goods
EV000930,2025-05-28 00:00:00,Create Purchase Order
EV004930,2025-05-28 00:00:00,Dispatch Delivery
EV014522,2025-05-28 00:00:00,Ship Product
EV012814,2025-05-28 00:00:00,Create Sales Order
EV009882,2025-05-28 00:00:00,Create Sales Order
EV008723,2025-05-28 00:00:00,Ship Product
EV004490,2025-05-28 00:00:00,Dispatch Delivery
EV006851,2025-05-28 00:00:00,Create Sales Order
EV007290,2025-05-28 00:00:00,Return Product
EV015180,2025-05-28 00:00:00,Complete Sale
EV014519,2025-05-28 00:00:00,Ship Product
EV006858,2025-05-28 01:00:00,Add Sales Order Item
EV011947,2025-05-28 01:00:00,Add Sales Order Item
EV012815,2025-05-28 01:00:00,Add Sales Order Item
EV012818,2025-05-28 01:00:00,Add Sales Order Item
EV011950,2025-05-28 01:00:00,Add Sales Order Item
EV009883,2025-05-28 01:00:00,Add Sales Order Item
EV006852,2025-05-28 01:00:00,Add Sales Order Item
EV006855,2025-05-28 01:00:00,Add Sales Order Item
EV005550,2025-05-28 01:00:00,Add Sales Order Item
EV005546,2025-05-28 01:00:00,Add Sales Order Item
EV011951,2025-05-28 01:00:00,Add Sales Order Item
EV000931,2025-05-28 04:00:00,Approve Purchase Order
EV002397,2025-05-28 08:00:00,Put Away
EV002399,2025-05-28 08:00:00,Put Away
EV002401,2025-05-28 08:00:00,Put Away
EV003397,2025-05-29 00:00:00,Create Purchase Order
EV005040,2025-05-29 00:00:00,Receive Goods
EV000932,2025-05-29 00:00:00,Add PO Item
EV005038,2025-05-29 00:00:00,Receive Goods
EV005043,2025-05-29 00:00:00,Receive Goods
EV004776,2025-05-29 00:00:00,Receive Goods
EV009817,2025-05-29 00:00:00,Create Sales Order
EV008720,2025-05-29 00:00:00,Ship Product
EV014520,2025-05-29 00:00:00,Complete Sale
EV002905,2025-05-29 00:00:00,Create Purchase Order
EV012504,2025-05-29 00:00:00,Ship Product
EV004754,2025-05-29 00:00:00,Create Purchase Order
EV015069,2025-05-29 00:00:00,Ship Product
EV004966,2025-05-29 00:00:00,Dispatch Delivery
EV014285,2025-05-29 00:00:00,Complete Sale
EV005045,2025-05-29 00:00:00,Receive Goods
EV009818,2025-05-29 01:00:00,Add Sales Order Item
EV003398,2025-05-29 04:00:00,Approve Purchase Order
EV002906,2025-05-29 04:00:00,Approve Purchase Order
EV004755,2025-05-29 04:00:00,Approve Purchase Order
EV004777,2025-05-29 08:00:00,Put Away
EV005046,2025-05-29 08:00:00,Put Away
EV005039,2025-05-29 08:00:00,Put Away
EV005041,2025-05-29 08:00:00,Put Away
EV005044,2025-05-29 08:00:00,Put Away
EV004706,2025-05-30 00:00:00,Receive Goods
EV004704,2025-05-30 00:00:00,Receive Goods
EV004067,2025-05-30 00:00:00,Receive Goods
EV004756,2025-05-30 00:00:00,Add PO Item
EV006716,2025-05-30 00:00:00,Complete Sale
EV008724,2025-05-30 00:00:00,Complete Sale
EV003399,2025-05-30 00:00:00,Add PO Item
EV000759,2025-05-30 00:00:00,Dispatch Delivery
EV006853,2025-05-30 00:00:00,Ship Product
EV006859,2025-05-30 00:00:00,Ship Product
EV002907,2025-05-30 00:00:00,Add PO Item
EV005214,2025-05-30 00:00:00,Create Purchase Order
EV004146,2025-05-30 00:00:00,Dispatch Delivery
EV005229,2025-05-30 00:00:00,Create Purchase Order
EV012481,2025-05-30 00:00:00,Ship Product
EV011948,2025-05-30 00:00:00,Ship Product
EV012505,2025-05-30 00:00:00,Complete Sale
EV004708,2025-05-30 00:00:00,Receive Goods
EV000717,2025-05-30 00:00:00,Create Purchase Order
EV006715,2025-05-30 00:00:00,Ship Product
EV004442,2025-05-30 00:00:00,Dispatch Delivery
EV005230,2025-05-30 04:00:00,Approve Purchase Order
EV000718,2025-05-30 04:00:00,Approve Purchase Order
EV005215,2025-05-30 04:00:00,Approve Purchase Order
EV004709,2025-05-30 08:00:00,Put Away
EV004705,2025-05-30 08:00:00,Put Away
EV004068,2025-05-30 08:00:00,Put Away
EV004707,2025-05-30 08:00:00,Put Away
EV005232,2025-05-31 00:00:00,Add PO Item
EV012487,2025-05-31 00:00:00,Create Sales Order
EV005231,2025-05-31 00:00:00,Add PO Item
EV001280,2025-05-31 00:00:00,Receive Goods
EV004488,2025-05-31 00:00:00,Receive Goods
EV001259,2025-05-31 00:00:00,Dispatch Delivery
EV012532,2025-05-31 00:00:00,Create Sales Order
EV004500,2025-05-31 00:00:00,Receive Goods
EV008721,2025-05-31 00:00:00,Complete Sale
EV005216,2025-05-31 00:00:00,Add PO Item
EV005217,2025-05-31 00:00:00,Add PO Item
EV012482,2025-05-31 00:00:00,Complete Sale
EV006854,2025-05-31 00:00:00,Complete Sale
EV014413,2025-05-31 00:00:00,Create Sales Order
EV009420,2025-05-31 00:00:00,Create Sales Order
EV015070,2025-05-31 00:00:00,Complete Sale
EV010373,2025-05-31 00:00:00,Create Sales Order
EV004445,2025-05-31 00:00:00,Dispatch Delivery
EV005065,2025-05-31 00:00:00,Dispatch Delivery
EV001882,2025-05-31 00:00:00,Create Purchase Order
EV004931,2025-05-31 00:00:00,Receive Goods
EV000719,2025-05-31 00:00:00,Add PO Item
EV009717,2025-05-31 00:00:00,Ship Product
EV009421,2025-05-31 01:00:00,Add Sales Order Item
EV014414,2025-05-31 01:00:00,Add Sales Order Item
EV012533,2025-05-31 01:00:00,Add Sales Order Item
EV010377,2025-05-31 01:00:00,Add Sales Order Item
EV014417,2025-05-31 01:00:00,Add Sales Order Item
EV014420,2025-05-31 01:00:00,Add Sales Order Item
EV010374,2025-05-31 01:00:00,Add Sales Order Item
EV012488,2025-05-31 01:00:00,Add Sales Order Item
EV001883,2025-05-31 04:00:00,Approve Purchase Order
EV001281,2025-05-31 08:00:00,Put Away
EV004501,2025-05-31 08:00:00,Put Away
EV004932,2025-05-31 08:00:00,Put Away
EV004489,2025-05-31 08:00:00,Put Away
EV000951,2025-06-01 00:00:00,Dispatch Delivery
EV011371,2025-06-01 00:00:00,Create Sales Order
EV004967,2025-06-01 00:00:00,Receive Goods
EV006860,2025-06-01 00:00:00,Complete Sale
EV003267,2025-06-01 00:00:00,Dispatch Delivery
EV006977,2025-06-01 00:00:00,Create Sales Order
EV008455,2025-06-01 00:00:00,Create Sales Order
EV005103,2025-06-01 00:00:00,Dispatch Delivery
EV001077,2025-06-01 00:00:00,Create Purchase Order
EV003033,2025-06-01 00:00:00,Receive Goods
EV006856,2025-06-01 00:00:00,Ship Product
EV001711,2025-06-01 00:00:00,Create Purchase Order
EV003031,2025-06-01 00:00:00,Receive Goods
EV005547,2025-06-01 00:00:00,Ship Product
EV014830,2025-06-01 00:00:00,Ship Product
EV009595,2025-06-01 00:00:00,Create Sales Order
EV012816,2025-06-01 00:00:00,Ship Product
EV005968,2025-06-01 00:00:00,Create Sales Order
EV001884,2025-06-01 00:00:00,Add PO Item
EV014827,2025-06-01 00:00:00,Ship Product
EV011949,2025-06-01 00:00:00,Complete Sale
EV009714,2025-06-01 00:00:00,Ship Product
EV006981,2025-06-01 01:00:00,Add Sales Order Item
EV006978,2025-06-01 01:00:00,Add Sales Order Item
EV006984,2025-06-01 01:00:00,Add Sales Order Item
EV011375,2025-06-01 01:00:00,Add Sales Order Item
EV005969,2025-06-01 01:00:00,Add Sales Order Item
EV011372,2025-06-01 01:00:00,Add Sales Order Item
EV009596,2025-06-01 01:00:00,Add Sales Order Item
EV008456,2025-06-01 01:00:00,Add Sales Order Item
EV001712,2025-06-01 04:00:00,Approve Purchase Order
EV001078,2025-06-01 04:00:00,Approve Purchase Order
EV004968,2025-06-01 08:00:00,Put Away
EV003034,2025-06-01 08:00:00,Put Away
EV003032,2025-06-01 08:00:00,Put Away
EV005551,2025-06-02 00:00:00,Ship Product
EV012146,2025-06-02 00:00:00,Create Sales Order
EV005914,2025-06-02 00:00:00,Create Sales Order
EV011952,2025-06-02 00:00:00,Ship Product
EV005552,2025-06-02 00:00:00,Complete Sale
EV003087,2025-06-02 00:00:00,Dispatch Delivery
EV005233,2025-06-02 00:00:00,Dispatch Delivery
EV009885,2025-06-02 00:00:00,Complete Sale
EV005106,2025-06-02 00:00:00,Dispatch Delivery
EV009884,2025-06-02 00:00:00,Ship Product
EV000040,2025-06-02 00:00:00,Create Purchase Order
EV003725,2025-06-02 00:00:00,Receive Goods
EV004779,2025-06-02 00:00:00,Receive Goods
EV001885,2025-06-02 00:00:00,Dispatch Delivery
EV009718,2025-06-02 00:00:00,Complete Sale
EV000357,2025-06-02 00:00:00,Dispatch Delivery
EV002120,2025-06-02 00:00:00,Create Purchase Order
EV009819,2025-06-02 00:00:00,Ship Product
EV004149,2025-06-02 00:00:00,Dispatch Delivery
EV004070,2025-06-02 00:00:00,Receive Goods
EV006982,2025-06-02 00:00:00,Ship Product
EV000933,2025-06-02 00:00:00,Dispatch Delivery
EV012820,2025-06-02 00:00:00,Complete Sale
EV012490,2025-06-02 00:00:00,Complete Sale
EV007009,2025-06-02 00:00:00,Create Sales Order
EV008457,2025-06-02 00:00:00,Ship Product
EV014419,2025-06-02 00:00:00,Complete Sale
EV001713,2025-06-02 00:00:00,Add PO Item
EV012489,2025-06-02 00:00:00,Ship Product
EV001714,2025-06-02 00:00:00,Add PO Item
EV012819,2025-06-02 00:00:00,Ship Product
EV012817,2025-06-02 00:00:00,Complete Sale
EV011376,2025-06-02 00:00:00,Ship Product
EV001079,2025-06-02 00:00:00,Add PO Item
EV001155,2025-06-02 00:00:00,Receive Goods
EV006857,2025-06-02 00:00:00,Complete Sale
EV014418,2025-06-02 00:00:00,Ship Product
EV001152,2025-06-02 00:00:00,Receive Goods
EV009715,2025-06-02 00:00:00,Complete Sale
EV014415,2025-06-02 00:00:00,Ship Product
EV010378,2025-06-02 00:00:00,Ship Product
EV003727,2025-06-02 00:00:00,Receive Goods
EV005918,2025-06-02 01:00:00,Add Sales Order Item
EV005915,2025-06-02 01:00:00,Add Sales Order Item
EV005921,2025-06-02 01:00:00,Add Sales Order Item
EV007010,2025-06-02 01:00:00,Add Sales Order Item
EV012147,2025-06-02 01:00:00,Add Sales Order Item
EV002121,2025-06-02 04:00:00,Approve Purchase Order
EV000041,2025-06-02 04:00:00,Approve Purchase Order
EV003728,2025-06-02 08:00:00,Put Away
EV004780,2025-06-02 08:00:00,Put Away
EV001156,2025-06-02 08:00:00,Put Away
EV001153,2025-06-02 08:00:00,Put Away
EV003726,2025-06-02 08:00:00,Put Away
EV004071,2025-06-02 08:00:00,Put Away
EV000042,2025-06-03 00:00:00,Add PO Item
EV010375,2025-06-03 00:00:00,Ship Product
EV014422,2025-06-03 00:00:00,Complete Sale
EV004933,2025-06-03 00:00:00,Dispatch Delivery
EV010376,2025-06-03 00:00:00,Complete Sale
EV001080,2025-06-03 00:00:00,Dispatch Delivery
EV010379,2025-06-03 00:00:00,Complete Sale
EV014421,2025-06-03 00:00:00,Ship Product
EV011365,2025-06-03 00:00:00,Create Sales Order
EV014828,2025-06-03 00:00:00,Complete Sale
EV014831,2025-06-03 00:00:00,Complete Sale
EV001266,2025-06-03 00:00:00,Dispatch Delivery
EV000762,2025-06-03 00:00:00,Dispatch Delivery
EV007011,2025-06-03 00:00:00,Ship Product
EV008458,2025-06-03 00:00:00,Complete Sale
EV005548,2025-06-03 00:00:00,Complete Sale
EV006632,2025-06-03 00:00:00,Return Product
EV002122,2025-06-03 00:00:00,Add PO Item
EV006985,2025-06-03 00:00:00,Ship Product
EV011366,2025-06-03 01:00:00,Add Sales Order Item
EV003036,2025-06-04 00:00:00,Receive Goods
EV006449,2025-06-04 00:00:00,Create Sales Order
EV011367,2025-06-04 00:00:00,Ship Product
EV000936,2025-06-04 00:00:00,Dispatch Delivery
EV003038,2025-06-04 00:00:00,Receive Goods
EV001648,2025-06-04 00:00:00,Receive Goods
EV002911,2025-06-04 00:00:00,Dispatch Delivery
EV005535,2025-06-04 00:00:00,Create Sales Order
EV000456,2025-06-04 00:00:00,Create Purchase Order
EV004002,2025-06-04 00:00:00,Dispatch Delivery
EV001650,2025-06-04 00:00:00,Receive Goods
EV006983,2025-06-04 00:00:00,Complete Sale
EV003268,2025-06-04 00:00:00,Receive Goods
EV009422,2025-06-04 00:00:00,Ship Product
EV003999,2025-06-04 00:00:00,Dispatch Delivery
EV002908,2025-06-04 00:00:00,Dispatch Delivery
EV011377,2025-06-04 00:00:00,Complete Sale
EV005916,2025-06-04 00:00:00,Ship Product
EV000720,2025-06-04 00:00:00,Dispatch Delivery
EV004448,2025-06-04 00:00:00,Dispatch Delivery
EV005919,2025-06-04 00:00:00,Ship Product
EV011809,2025-06-04 00:00:00,Create Sales Order
EV006000,2025-06-04 00:00:00,Create Sales Order
EV014416,2025-06-04 00:00:00,Complete Sale
EV000952,2025-06-04 00:00:00,Receive Goods
EV009820,2025-06-04 00:00:00,Complete Sale
EV011953,2025-06-04 00:00:00,Complete Sale
EV011368,2025-06-04 00:00:00,Complete Sale
EV000642,2025-06-04 00:00:00,Create Purchase Order
EV006001,2025-06-04 01:00:00,Add Sales Order Item
EV006453,2025-06-04 01:00:00,Add Sales Order Item
EV006456,2025-06-04 01:00:00,Add Sales Order Item
EV005539,2025-06-04 01:00:00,Add Sales Order Item
EV006004,2025-06-04 01:00:00,Add Sales Order Item
EV011810,2025-06-04 01:00:00,Add Sales Order Item
EV005536,2025-06-04 01:00:00,Add Sales Order Item
EV011811,2025-06-04 01:00:00,Add Sales Order Item
EV005542,2025-06-04 01:00:00,Add Sales Order Item
EV006450,2025-06-04 01:00:00,Add Sales Order Item
EV000643,2025-06-04 04:00:00,Approve Purchase Order
EV000457,2025-06-04 04:00:00,Approve Purchase Order
EV003269,2025-06-04 08:00:00,Put Away
EV001649,2025-06-04 08:00:00,Put Away
EV003037,2025-06-04 08:00:00,Put Away
EV001651,2025-06-04 08:00:00,Put Away
EV003039,2025-06-04 08:00:00,Put Away
EV000953,2025-06-04 08:00:00,Put Away
EV005970,2025-06-05 00:00:00,Ship Product
EV000362,2025-06-05 00:00:00,Dispatch Delivery
EV011467,2025-06-05 00:00:00,Create Sales Order
EV009423,2025-06-05 00:00:00,Complete Sale
EV005922,2025-06-05 00:00:00,Ship Product
EV011373,2025-06-05 00:00:00,Ship Product
EV005107,2025-06-05 00:00:00,Receive Goods
EV011812,2025-06-05 00:00:00,Ship Product
EV011813,2025-06-05 00:00:00,Complete Sale
EV013958,2025-06-05 00:00:00,Create Sales Order
EV004152,2025-06-05 00:00:00,Dispatch Delivery
EV003400,2025-06-05 00:00:00,Dispatch Delivery
EV008760,2025-06-05 00:00:00,Create Sales Order
EV013454,2025-06-05 00:00:00,Create Sales Order
EV000645,2025-06-05 00:00:00,Add PO Item
EV001886,2025-06-05 00:00:00,Receive Goods
EV000954,2025-06-05 00:00:00,Dispatch Delivery
EV005537,2025-06-05 00:00:00,Ship Product
EV004757,2025-06-05 00:00:00,Dispatch Delivery
EV000458,2025-06-05 00:00:00,Add PO Item
EV000644,2025-06-05 00:00:00,Add PO Item
EV006986,2025-06-05 00:00:00,Complete Sale
EV001579,2025-06-05 00:00:00,Create Purchase Order
EV000459,2025-06-05 00:00:00,Add PO Item
EV006457,2025-06-05 00:00:00,Ship Product
EV006479,2025-06-05 00:00:00,Create Sales Order
EV007012,2025-06-05 00:00:00,Complete Sale
EV006979,2025-06-05 00:00:00,Ship Product
EV000043,2025-06-05 00:00:00,Dispatch Delivery
EV001283,2025-06-05 00:00:00,Receive Goods
EV005238,2025-06-05 00:00:00,Dispatch Delivery
EV011474,2025-06-05 01:00:00,Add Sales Order Item
EV008761,2025-06-05 01:00:00,Add Sales Order Item
EV013959,2025-06-05 01:00:00,Add Sales Order Item
EV013960,2025-06-05 01:00:00,Add Sales Order Item
EV013455,2025-06-05 01:00:00,Add Sales Order Item
EV013456,2025-06-05 01:00:00,Add Sales Order Item
EV011468,2025-06-05 01:00:00,Add Sales Order Item
EV013459,2025-06-05 01:00:00,Add Sales Order Item
EV011471,2025-06-05 01:00:00,Add Sales Order Item
EV006480,2025-06-05 01:00:00,Add Sales Order Item
EV001580,2025-06-05 04:00:00,Approve Purchase Order
EV001284,2025-06-05 08:00:00,Put Away
EV005108,2025-06-05 08:00:00,Put Away
EV001887,2025-06-05 08:00:00,Put Away
EV003493,2025-06-06 00:00:00,Create Purchase Order
EV001581,2025-06-06 00:00:00,Add PO Item
EV011918,2025-06-06 00:00:00,Create Sales Order
EV012149,2025-06-06 00:00:00,Complete Sale
EV006452,2025-06-06 00:00:00,Complete Sale
EV006454,2025-06-06 00:00:00,Ship Product
EV005971,2025-06-06 00:00:00,Complete Sale
EV012148,2025-06-06 00:00:00,Ship Product
EV005252,2025-06-06 00:00:00,Receive Goods
EV004760,2025-06-06 00:00:00,Dispatch Delivery
EV005504,2025-06-06 00:00:00,Create Sales Order
EV001715,2025-06-06 00:00:00,Dispatch Delivery
EV006458,2025-06-06 00:00:00,Complete Sale
EV005218,2025-06-06 00:00:00,Dispatch Delivery
EV006005,2025-06-06 00:00:00,Ship Product
EV006980,2025-06-06 00:00:00,Complete Sale
EV004969,2025-06-06 00:00:00,Dispatch Delivery
EV004934,2025-06-06 00:00:00,Receive Goods
EV006455,2025-06-06 00:00:00,Complete Sale
EV006451,2025-06-06 00:00:00,Ship Product
EV003976,2025-06-06 00:00:00,Receive Goods
EV000007,2025-06-06 00:00:00,Create Purchase Order
EV003085,2025-06-06 00:00:00,Receive Goods
EV011374,2025-06-06 00:00:00,Complete Sale
EV004443,2025-06-06 00:00:00,Receive Goods
EV011369,2025-06-06 00:00:00,Create Sales Order
EV003974,2025-06-06 00:00:00,Receive Goods
EV005923,2025-06-06 00:00:00,Complete Sale
EV005917,2025-06-06 00:00:00,Complete Sale
EV005347,2025-06-06 00:00:00,Receive Goods
EV005920,2025-06-06 00:00:00,Complete Sale
EV004227,2025-06-06 00:00:00,Create Purchase Order
EV011919,2025-06-06 01:00:00,Add Sales Order Item
EV011370,2025-06-06 01:00:00,Add Sales Order Item
EV005505,2025-06-06 01:00:00,Add Sales Order Item
EV005508,2025-06-06 01:00:00,Add Sales Order Item
EV000008,2025-06-06 04:00:00,Approve Purchase Order
EV004228,2025-06-06 04:00:00,Approve Purchase Order
EV003494,2025-06-06 04:00:00,Approve Purchase Order
EV005348,2025-06-06 08:00:00,Put Away
EV004935,2025-06-06 08:00:00,Put Away
EV003975,2025-06-06 08:00:00,Put Away
EV004444,2025-06-06 08:00:00,Put Away
EV003086,2025-06-06 08:00:00,Put Away
EV003977,2025-06-06 08:00:00,Put Away
EV005253,2025-06-06 08:00:00,Put Away
EV000646,2025-06-07 00:00:00,Dispatch Delivery
EV002123,2025-06-07 00:00:00,Dispatch Delivery
EV000009,2025-06-07 00:00:00,Add PO Item
EV003832,2025-06-07 00:00:00,Create Purchase Order
EV003997,2025-06-07 00:00:00,Receive Goods
EV000721,2025-06-07 00:00:00,Receive Goods
EV008293,2025-06-07 00:00:00,Create Sales Order
EV001888,2025-06-07 00:00:00,Dispatch Delivery
EV000796,2025-06-07 00:00:00,Receive Goods
EV011473,2025-06-07 00:00:00,Complete Sale
EV004446,2025-06-07 00:00:00,Receive Goods
EV004229,2025-06-07 00:00:00,Add PO Item
EV001645,2025-06-07 00:00:00,Receive Goods
EV011472,2025-06-07 00:00:00,Ship Product
EV001643,2025-06-07 00:00:00,Receive Goods
EV011475,2025-06-07 00:00:00,Ship Product
EV005538,2025-06-07 00:00:00,Complete Sale
EV005143,2025-06-07 00:00:00,Receive Goods
EV003495,2025-06-07 00:00:00,Add PO Item
EV004491,2025-06-07 00:00:00,Receive Goods
EV008294,2025-06-07 01:00:00,Add Sales Order Item
EV003833,2025-06-07 04:00:00,Approve Purchase Order
EV001646,2025-06-07 08:00:00,Put Away
EV000797,2025-06-07 08:00:00,Put Away
EV005144,2025-06-07 08:00:00,Put Away
EV001644,2025-06-07 08:00:00,Put Away
EV000722,2025-06-07 08:00:00,Put Away
EV004492,2025-06-07 08:00:00,Put Away
EV004447,2025-06-07 08:00:00,Put Away
EV003998,2025-06-07 08:00:00,Put Away
EV015081,2025-06-08 00:00:00,Create Sales Order
EV004758,2025-06-08 00:00:00,Receive Goods
EV013461,2025-06-08 00:00:00,Complete Sale
EV000044,2025-06-08 00:00:00,Receive Goods
EV005540,2025-06-08 00:00:00,Ship Product
EV005541,2025-06-08 00:00:00,Complete Sale
EV009337,2025-06-08 00:00:00,Create Sales Order
EV006481,2025-06-08 00:00:00,Ship Product
EV013460,2025-06-08 00:00:00,Ship Product
EV005509,2025-06-08 00:00:00,Ship Product
EV013961,2025-06-08 00:00:00,Ship Product
EV012652,2025-06-08 00:00:00,Create Sales Order
EV010541,2025-06-08 00:00:00,Create Sales Order
EV006006,2025-06-08 00:00:00,Complete Sale
EV006002,2025-06-08 00:00:00,Ship Product
EV003834,2025-06-08 00:00:00,Add PO Item
EV002716,2025-06-08 00:00:00,Create Purchase Order
EV005104,2025-06-08 00:00:00,Receive Goods
EV005109,2025-06-08 00:00:00,Dispatch Delivery
EV005543,2025-06-08 00:00:00,Ship Product
EV005506,2025-06-08 00:00:00,Ship Product
EV005507,2025-06-08 00:00:00,Complete Sale
EV011920,2025-06-08 00:00:00,Ship Product
EV005544,2025-06-08 00:00:00,Complete Sale
EV015082,2025-06-08 01:00:00,Add Sales Order Item
EV012657,2025-06-08 01:00:00,Add Sales Order Item
EV012653,2025-06-08 01:00:00,Add Sales Order Item
EV012654,2025-06-08 01:00:00,Add Sales Order Item
EV009338,2025-06-08 01:00:00,Add Sales Order Item
EV009342,2025-06-08 01:00:00,Add Sales Order Item
EV010545,2025-06-08 01:00:00,Add Sales Order Item
EV015085,2025-06-08 01:00:00,Add Sales Order Item
EV010542,2025-06-08 01:00:00,Add Sales Order Item
EV002717,2025-06-08 04:00:00,Approve Purchase Order
EV000045,2025-06-08 08:00:00,Put Away
EV004759,2025-06-08 08:00:00,Put Away
EV005105,2025-06-08 08:00:00,Put Away
EV010823,2025-06-09 00:00:00,Create Sales Order
EV004761,2025-06-09 00:00:00,Receive Goods
EV013457,2025-06-09 00:00:00,Ship Product
EV002718,2025-06-09 00:00:00,Add PO Item
EV001718,2025-06-09 00:00:00,Receive Goods
EV007939,2025-06-09 00:00:00,Create Sales Order
EV001716,2025-06-09 00:00:00,Receive Goods
EV001696,2025-06-09 00:00:00,Create Purchase Order
EV003835,2025-06-09 00:00:00,Dispatch Delivery
EV009360,2025-06-09 00:00:00,Create Sales Order
EV011469,2025-06-09 00:00:00,Ship Product
EV006190,2025-06-09 00:00:00,Create Sales Order
EV005515,2025-06-09 00:00:00,Create Sales Order
EV006482,2025-06-09 00:00:00,Complete Sale
EV008762,2025-06-09 00:00:00,Ship Product
EV005243,2025-06-09 00:00:00,Dispatch Delivery
EV011712,2025-06-09 00:00:00,Create Sales Order
EV001337,2025-06-09 00:00:00,Receive Goods
EV008725,2025-06-09 00:00:00,Return Product
EV011442,2025-06-09 00:00:00,Create Sales Order
EV011476,2025-06-09 00:00:00,Complete Sale
EV004970,2025-06-09 00:00:00,Receive Goods
EV006884,2025-06-09 00:00:00,Return Product
EV000934,2025-06-09 00:00:00,Receive Goods
EV001083,2025-06-09 00:00:00,Dispatch Delivery
EV005516,2025-06-09 01:00:00,Add Sales Order Item
EV007940,2025-06-09 01:00:00,Add Sales Order Item
EV011443,2025-06-09 01:00:00,Add Sales Order Item
EV010824,2025-06-09 01:00:00,Add Sales Order Item
EV011719,2025-06-09 01:00:00,Add Sales Order Item
EV006191,2025-06-09 01:00:00,Add Sales Order Item
EV011716,2025-06-09 01:00:00,Add Sales Order Item
EV010827,2025-06-09 01:00:00,Add Sales Order Item
EV007943,2025-06-09 01:00:00,Add Sales Order Item
EV009361,2025-06-09 01:00:00,Add Sales Order Item
EV010830,2025-06-09 01:00:00,Add Sales Order Item
EV011713,2025-06-09 01:00:00,Add Sales Order Item
EV009364,2025-06-09 01:00:00,Add Sales Order Item
EV001697,2025-06-09 04:00:00,Approve Purchase Order
EV004971,2025-06-09 08:00:00,Put Away
EV000935,2025-06-09 08:00:00,Put Away
EV001717,2025-06-09 08:00:00,Put Away
EV001719,2025-06-09 08:00:00,Put Away
EV001338,2025-06-09 08:00:00,Put Away
EV004762,2025-06-09 08:00:00,Put Away
EV000460,2025-06-10 00:00:00,Dispatch Delivery
EV001582,2025-06-10 00:00:00,Dispatch Delivery
EV007941,2025-06-10 00:00:00,Ship Product
EV004482,2025-06-10 00:00:00,Receive Goods
EV005517,2025-06-10 00:00:00,Ship Product
EV010543,2025-06-10 00:00:00,Ship Product
EV008295,2025-06-10 00:00:00,Ship Product
EV005063,2025-06-10 00:00:00,Receive Goods
EV005146,2025-06-10 00:00:00,Receive Goods
EV011510,2025-06-10 00:00:00,Create Sales Order
EV002914,2025-06-10 00:00:00,Dispatch Delivery
EV007942,2025-06-10 00:00:00,Complete Sale
EV011921,2025-06-10 00:00:00,Complete Sale
EV006003,2025-06-10 00:00:00,Complete Sale
EV008296,2025-06-10 00:00:00,Complete Sale
EV001698,2025-06-10 00:00:00,Add PO Item
EV005510,2025-06-10 00:00:00,Complete Sale
EV013962,2025-06-10 00:00:00,Complete Sale
EV010638,2025-06-10 00:00:00,Create Sales Order
EV011740,2025-06-10 00:00:00,Create Sales Order
EV011658,2025-06-10 00:00:00,Create Sales Order
EV001889,2025-06-10 00:00:00,Receive Goods
EV010825,2025-06-10 00:00:00,Ship Product
EV011470,2025-06-10 00:00:00,Complete Sale
EV015083,2025-06-10 00:00:00,Ship Product
EV011717,2025-06-10 00:00:00,Ship Product
EV014296,2025-06-10 00:00:00,Create Sales Order
EV008763,2025-06-10 00:00:00,Complete Sale
EV011515,2025-06-10 01:00:00,Add Sales Order Item
EV011512,2025-06-10 01:00:00,Add Sales Order Item
EV011511,2025-06-10 01:00:00,Add Sales Order Item
EV011659,2025-06-10 01:00:00,Add Sales Order Item
EV014297,2025-06-10 01:00:00,Add Sales Order Item
EV010639,2025-06-10 01:00:00,Add Sales Order Item
EV011741,2025-06-10 01:00:00,Add Sales Order Item
EV014300,2025-06-10 01:00:00,Add Sales Order Item
EV005064,2025-06-10 08:00:00,Put Away
EV001890,2025-06-10 08:00:00,Put Away
EV005147,2025-06-10 08:00:00,Put Away
EV004483,2025-06-10 08:00:00,Put Away
EV004451,2025-06-11 00:00:00,Create Purchase Order
EV011720,2025-06-11 00:00:00,Ship Product
EV011718,2025-06-11 00:00:00,Complete Sale
EV012658,2025-06-11 00:00:00,Ship Product
EV012244,2025-06-11 00:00:00,Create Sales Order
EV011715,2025-06-11 00:00:00,Complete Sale
EV011714,2025-06-11 00:00:00,Ship Product
EV011661,2025-06-11 00:00:00,Complete Sale
EV003987,2025-06-11 00:00:00,Create Purchase Order
EV004449,2025-06-11 00:00:00,Receive Goods
EV013458,2025-06-11 00:00:00,Complete Sale
EV011660,2025-06-11 00:00:00,Ship Product
EV014298,2025-06-11 00:00:00,Ship Product
EV010546,2025-06-11 00:00:00,Ship Product
EV008157,2025-06-11 00:00:00,Create Sales Order
EV013927,2025-06-11 00:00:00,Create Sales Order
EV010826,2025-06-11 00:00:00,Complete Sale
EV001699,2025-06-11 00:00:00,Dispatch Delivery
EV002719,2025-06-11 00:00:00,Dispatch Delivery
EV015084,2025-06-11 00:00:00,Complete Sale
EV000937,2025-06-11 00:00:00,Receive Goods
EV000799,2025-06-11 00:00:00,Receive Goods
EV012252,2025-06-11 01:00:00,Add Sales Order Item
EV012248,2025-06-11 01:00:00,Add Sales Order Item
EV013928,2025-06-11 01:00:00,Add Sales Order Item
EV008161,2025-06-11 01:00:00,Add Sales Order Item
EV008158,2025-06-11 01:00:00,Add Sales Order Item
EV013931,2025-06-11 01:00:00,Add Sales Order Item
EV012245,2025-06-11 01:00:00,Add Sales Order Item
EV003988,2025-06-11 04:00:00,Approve Purchase Order
EV004452,2025-06-11 04:00:00,Approve Purchase Order
EV004450,2025-06-11 08:00:00,Put Away
EV000800,2025-06-11 08:00:00,Put Away
EV000938,2025-06-11 08:00:00,Put Away
EV004233,2025-06-12 00:00:00,Dispatch Delivery
EV012246,2025-06-12 00:00:00,Ship Product
EV004230,2025-06-12 00:00:00,Dispatch Delivery
EV009362,2025-06-12 00:00:00,Ship Product
EV009363,2025-06-12 00:00:00,Complete Sale
EV014928,2025-06-12 00:00:00,Create Sales Order
EV006717,2025-06-12 00:00:00,Return Product
EV010420,2025-06-12 00:00:00,Create Sales Order
EV011939,2025-06-12 00:00:00,Create Sales Order
EV010242,2025-06-12 00:00:00,Create Sales Order
EV009340,2025-06-12 00:00:00,Complete Sale
EV009339,2025-06-12 00:00:00,Ship Product
EV011721,2025-06-12 00:00:00,Complete Sale
EV000046,2025-06-12 00:00:00,Dispatch Delivery
EV005518,2025-06-12 00:00:00,Complete Sale
EV000181,2025-06-12 00:00:00,Receive Goods
EV012655,2025-06-12 00:00:00,Ship Product
EV003088,2025-06-12 00:00:00,Receive Goods
EV014164,2025-06-12 00:00:00,Create Sales Order
EV003989,2025-06-12 00:00:00,Add PO Item
EV003043,2025-06-12 00:00:00,Receive Goods
EV003041,2025-06-12 00:00:00,Receive Goods
EV000178,2025-06-12 00:00:00,Receive Goods
EV001086,2025-06-12 00:00:00,Dispatch Delivery
EV004453,2025-06-12 00:00:00,Add PO Item
EV011516,2025-06-12 00:00:00,Ship Product
EV010544,2025-06-12 00:00:00,Complete Sale
EV010547,2025-06-12 00:00:00,Complete Sale
EV006192,2025-06-12 00:00:00,Ship Product
EV000329,2025-06-12 00:00:00,Create Purchase Order
EV003496,2025-06-12 00:00:00,Dispatch Delivery
EV002087,2025-06-12 00:00:00,Create Purchase Order
EV010424,2025-06-12 01:00:00,Add Sales Order Item
EV014929,2025-06-12 01:00:00,Add Sales Order Item
EV010421,2025-06-12 01:00:00,Add Sales Order Item
EV014932,2025-06-12 01:00:00,Add Sales Order Item
EV014935,2025-06-12 01:00:00,Add Sales Order Item
EV010246,2025-06-12 01:00:00,Add Sales Order Item
EV014165,2025-06-12 01:00:00,Add Sales Order Item
EV010427,2025-06-12 01:00:00,Add Sales Order Item
EV011940,2025-06-12 01:00:00,Add Sales Order Item
EV011943,2025-06-12 01:00:00,Add Sales Order Item
EV010243,2025-06-12 01:00:00,Add Sales Order Item
EV000330,2025-06-12 04:00:00,Approve Purchase Order
EV002088,2025-06-12 04:00:00,Approve Purchase Order
EV000182,2025-06-12 08:00:00,Put Away
EV003089,2025-06-12 08:00:00,Put Away
EV000179,2025-06-12 08:00:00,Put Away
EV003044,2025-06-12 08:00:00,Put Away
EV003042,2025-06-12 08:00:00,Put Away
EV012659,2025-06-13 00:00:00,Complete Sale
EV000332,2025-06-13 00:00:00,Add PO Item
EV000331,2025-06-13 00:00:00,Add PO Item
EV005255,2025-06-13 00:00:00,Receive Goods
EV000355,2025-06-13 00:00:00,Receive Goods
EV010509,2025-06-13 00:00:00,Create Sales Order
EV009343,2025-06-13 00:00:00,Ship Product
EV000353,2025-06-13 00:00:00,Receive Goods
EV014166,2025-06-13 00:00:00,Ship Product
EV014167,2025-06-13 00:00:00,Complete Sale
EV013930,2025-06-13 00:00:00,Complete Sale
EV001081,2025-06-13 00:00:00,Receive Goods
EV006193,2025-06-13 00:00:00,Complete Sale
EV011517,2025-06-13 00:00:00,Complete Sale
EV000010,2025-06-13 00:00:00,Dispatch Delivery
EV013929,2025-06-13 00:00:00,Ship Product
EV007944,2025-06-13 00:00:00,Ship Product
EV005487,2025-06-13 00:00:00,Create Sales Order
EV002089,2025-06-13 00:00:00,Add PO Item
EV011444,2025-06-13 00:00:00,Ship Product
EV014299,2025-06-13 00:00:00,Complete Sale
EV010247,2025-06-13 00:00:00,Ship Product
EV010510,2025-06-13 01:00:00,Add Sales Order Item
EV005491,2025-06-13 01:00:00,Add Sales Order Item
EV005494,2025-06-13 01:00:00,Add Sales Order Item
EV010513,2025-06-13 01:00:00,Add Sales Order Item
EV005488,2025-06-13 01:00:00,Add Sales Order Item
EV010516,2025-06-13 01:00:00,Add Sales Order Item
EV001082,2025-06-13 08:00:00,Put Away
EV000354,2025-06-13 08:00:00,Put Away
EV005256,2025-06-13 08:00:00,Put Away
EV000356,2025-06-13 08:00:00,Put Away
EV010641,2025-06-14 00:00:00,Complete Sale
EV006007,2025-06-14 00:00:00,Return Product
EV005489,2025-06-14 00:00:00,Ship Product
EV004003,2025-06-14 00:00:00,Receive Goods
EV012247,2025-06-14 00:00:00,Complete Sale
EV007038,2025-06-14 00:00:00,Return Product
EV011445,2025-06-14 00:00:00,Complete Sale
EV011944,2025-06-14 00:00:00,Ship Product
EV010640,2025-06-14 00:00:00,Ship Product
EV000465,2025-06-14 00:00:00,Dispatch Delivery
EV007945,2025-06-14 00:00:00,Complete Sale
EV009365,2025-06-14 00:00:00,Ship Product
EV010832,2025-06-14 00:00:00,Complete Sale
EV010831,2025-06-14 00:00:00,Ship Product
EV013932,2025-06-14 00:00:00,Ship Product
EV008162,2025-06-14 00:00:00,Ship Product
EV010828,2025-06-14 00:00:00,Ship Product
EV003499,2025-06-14 00:00:00,Dispatch Delivery
EV010921,2025-06-14 00:00:00,Create Sales Order
EV012656,2025-06-14 00:00:00,Complete Sale
EV010925,2025-06-14 01:00:00,Add Sales Order Item
EV010922,2025-06-14 01:00:00,Add Sales Order Item
EV010928,2025-06-14 01:00:00,Add Sales Order Item
EV004004,2025-06-14 08:00:00,Put Away
EV013933,2025-06-15 00:00:00,Complete Sale
EV001340,2025-06-15 00:00:00,Receive Goods
EV009344,2025-06-15 00:00:00,Complete Sale
EV010248,2025-06-15 00:00:00,Complete Sale
EV010517,2025-06-15 00:00:00,Ship Product
EV009129,2025-06-15 00:00:00,Create Sales Order
EV014301,2025-06-15 00:00:00,Ship Product
EV011742,2025-06-15 00:00:00,Ship Product
EV010514,2025-06-15 00:00:00,Ship Product
EV012249,2025-06-15 00:00:00,Ship Product
EV001891,2025-06-15 00:00:00,Dispatch Delivery
EV010422,2025-06-15 00:00:00,Ship Product
EV012250,2025-06-15 00:00:00,Complete Sale
EV010956,2025-06-15 00:00:00,Create Sales Order
EV000047,2025-06-15 00:00:00,Receive Goods
EV011945,2025-06-15 00:00:00,Complete Sale
EV011513,2025-06-15 00:00:00,Ship Product
EV008163,2025-06-15 00:00:00,Complete Sale
EV010926,2025-06-15 00:00:00,Ship Product
EV010957,2025-06-15 01:00:00,Add Sales Order Item
EV009130,2025-06-15 01:00:00,Add Sales Order Item
EV009133,2025-06-15 01:00:00,Add Sales Order Item
EV010960,2025-06-15 01:00:00,Add Sales Order Item
EV009136,2025-06-15 01:00:00,Add Sales Order Item
EV000048,2025-06-15 08:00:00,Put Away
EV001341,2025-06-15 08:00:00,Put Away
EV005490,2025-06-16 00:00:00,Complete Sale
EV011743,2025-06-16 00:00:00,Complete Sale
EV010515,2025-06-16 00:00:00,Complete Sale
EV005495,2025-06-16 00:00:00,Ship Product
EV003990,2025-06-16 00:00:00,Dispatch Delivery
EV007126,2025-06-16 00:00:00,Create Sales Order
EV009315,2025-06-16 00:00:00,Create Sales Order
EV003438,2025-06-16 00:00:00,Create Purchase Order
EV005496,2025-06-16 00:00:00,Complete Sale
EV005549,2025-06-16 00:00:00,Return Product
EV010452,2025-06-16 00:00:00,Create Sales Order
EV010425,2025-06-16 00:00:00,Ship Product
EV003836,2025-06-16 00:00:00,Receive Goods
EV011514,2025-06-16 00:00:00,Complete Sale
EV010829,2025-06-16 00:00:00,Complete Sale
EV005935,2025-06-16 00:00:00,Create Sales Order
EV011941,2025-06-16 00:00:00,Ship Product
EV009366,2025-06-16 00:00:00,Complete Sale
EV010775,2025-06-16 00:00:00,Create Sales Order
EV012253,2025-06-16 00:00:00,Ship Product
EV000971,2025-06-16 00:00:00,Receive Goods
EV008159,2025-06-16 00:00:00,Ship Product
EV000973,2025-06-16 00:00:00,Receive Goods
EV011860,2025-06-16 00:00:00,Create Sales Order
EV008160,2025-06-16 00:00:00,Complete Sale
EV014302,2025-06-16 00:00:00,Complete Sale
EV010456,2025-06-16 01:00:00,Add Sales Order Item
EV007130,2025-06-16 01:00:00,Add Sales Order Item
EV009316,2025-06-16 01:00:00,Add Sales Order Item
EV005936,2025-06-16 01:00:00,Add Sales Order Item
EV005939,2025-06-16 01:00:00,Add Sales Order Item
EV010453,2025-06-16 01:00:00,Add Sales Order Item
EV011861,2025-06-16 01:00:00,Add Sales Order Item
EV007127,2025-06-16 01:00:00,Add Sales Order Item
EV010776,2025-06-16 01:00:00,Add Sales Order Item
EV003439,2025-06-16 04:00:00,Approve Purchase Order
EV000972,2025-06-16 08:00:00,Put Away
EV000974,2025-06-16 08:00:00,Put Away
EV003837,2025-06-16 08:00:00,Put Away
EV010426,2025-06-17 00:00:00,Complete Sale
EV010244,2025-06-17 00:00:00,Ship Product
EV010245,2025-06-17 00:00:00,Complete Sale
EV010423,2025-06-17 00:00:00,Complete Sale
EV010454,2025-06-17 00:00:00,Ship Product
EV010455,2025-06-17 00:00:00,Complete Sale
EV010457,2025-06-17 00:00:00,Ship Product
EV009134,2025-06-17 00:00:00,Ship Product
EV004454,2025-06-17 00:00:00,Dispatch Delivery
EV009135,2025-06-17 00:00:00,Complete Sale
EV004033,2025-06-17 00:00:00,Create Purchase Order
EV000016,2025-06-17 00:00:00,Dispatch Delivery
EV000463,2025-06-17 00:00:00,Receive Goods
EV000461,2025-06-17 00:00:00,Receive Goods
EV010923,2025-06-17 00:00:00,Ship Product
EV000978,2025-06-17 00:00:00,Receive Goods
EV000976,2025-06-17 00:00:00,Receive Goods
EV014930,2025-06-17 00:00:00,Ship Product
EV000013,2025-06-17 00:00:00,Dispatch Delivery
EV008060,2025-06-17 00:00:00,Create Sales Order
EV000410,2025-06-17 00:00:00,Create Purchase Order
EV011942,2025-06-17 00:00:00,Complete Sale
EV002124,2025-06-17 00:00:00,Receive Goods
EV008039,2025-06-17 00:00:00,Create Sales Order
EV008919,2025-06-17 00:00:00,Create Sales Order
EV003441,2025-06-17 00:00:00,Add PO Item
EV005493,2025-06-17 00:00:00,Complete Sale
EV003440,2025-06-17 00:00:00,Add PO Item
EV010962,2025-06-17 00:00:00,Complete Sale
EV003502,2025-06-17 00:00:00,Dispatch Delivery
EV014936,2025-06-17 00:00:00,Ship Product
EV014933,2025-06-17 00:00:00,Ship Product
EV010518,2025-06-17 00:00:00,Complete Sale
EV010961,2025-06-17 00:00:00,Ship Product
EV005492,2025-06-17 00:00:00,Ship Product
EV010927,2025-06-17 00:00:00,Complete Sale
EV008043,2025-06-17 01:00:00,Add Sales Order Item
EV008061,2025-06-17 01:00:00,Add Sales Order Item
EV008923,2025-06-17 01:00:00,Add Sales Order Item
EV008927,2025-06-17 01:00:00,Add Sales Order Item
EV008920,2025-06-17 01:00:00,Add Sales Order Item
EV008040,2025-06-17 01:00:00,Add Sales Order Item
EV004034,2025-06-17 04:00:00,Approve Purchase Order
EV000411,2025-06-17 04:00:00,Approve Purchase Order
EV000979,2025-06-17 08:00:00,Put Away
EV000462,2025-06-17 08:00:00,Put Away
EV000464,2025-06-17 08:00:00,Put Away
EV002125,2025-06-17 08:00:00,Put Away
EV000977,2025-06-17 08:00:00,Put Away
EV002090,2025-06-18 00:00:00,Dispatch Delivery
EV014937,2025-06-18 00:00:00,Complete Sale
EV005066,2025-06-18 00:00:00,Receive Goods
EV005937,2025-06-18 00:00:00,Ship Product
EV005938,2025-06-18 00:00:00,Complete Sale
EV014814,2025-06-18 00:00:00,Create Sales Order
EV014931,2025-06-18 00:00:00,Complete Sale
EV005940,2025-06-18 00:00:00,Ship Product
EV005734,2025-06-18 00:00:00,Create Sales Order
EV003505,2025-06-18 00:00:00,Create Purchase Order
EV004035,2025-06-18 00:00:00,Add PO Item
EV009680,2025-06-18 00:00:00,Create Sales Order
EV001260,2025-06-18 00:00:00,Receive Goods
EV010512,2025-06-18 00:00:00,Complete Sale
EV007039,2025-06-18 00:00:00,Create Sales Order
EV000413,2025-06-18 00:00:00,Add PO Item
EV007132,2025-06-18 00:00:00,Complete Sale
EV001493,2025-06-18 00:00:00,Create Purchase Order
EV000412,2025-06-18 00:00:00,Add PO Item
EV012254,2025-06-18 00:00:00,Complete Sale
EV010777,2025-06-18 00:00:00,Ship Product
EV007128,2025-06-18 00:00:00,Ship Product
EV001264,2025-06-18 00:00:00,Receive Goods
EV001262,2025-06-18 00:00:00,Receive Goods
EV007131,2025-06-18 00:00:00,Ship Product
EV000234,2025-06-18 00:00:00,Create Purchase Order
EV010511,2025-06-18 00:00:00,Ship Product
EV002093,2025-06-18 00:00:00,Dispatch Delivery
EV005735,2025-06-18 01:00:00,Add Sales Order Item
EV007040,2025-06-18 01:00:00,Add Sales Order Item
EV007043,2025-06-18 01:00:00,Add Sales Order Item
EV014815,2025-06-18 01:00:00,Add Sales Order Item
EV009681,2025-06-18 01:00:00,Add Sales Order Item
EV014818,2025-06-18 01:00:00,Add Sales Order Item
EV001494,2025-06-18 04:00:00,Approve Purchase Order
EV000235,2025-06-18 04:00:00,Approve Purchase Order
EV003506,2025-06-18 04:00:00,Approve Purchase Order
EV005067,2025-06-18 08:00:00,Put Away
EV001263,2025-06-18 08:00:00,Put Away
EV001261,2025-06-18 08:00:00,Put Away
EV001265,2025-06-18 08:00:00,Put Away
EV014971,2025-06-19 00:00:00,Create Sales Order
EV011862,2025-06-19 00:00:00,Ship Product
EV003508,2025-06-19 00:00:00,Add PO Item
EV003507,2025-06-19 00:00:00,Add PO Item
EV009137,2025-06-19 00:00:00,Ship Product
EV009317,2025-06-19 00:00:00,Ship Product
EV000333,2025-06-19 00:00:00,Dispatch Delivery
EV005941,2025-06-19 00:00:00,Complete Sale
EV001495,2025-06-19 00:00:00,Add PO Item
EV013997,2025-06-19 00:00:00,Create Sales Order
EV010924,2025-06-19 00:00:00,Complete Sale
EV001496,2025-06-19 00:00:00,Add PO Item
EV007105,2025-06-19 00:00:00,Create Sales Order
EV003156,2025-06-19 00:00:00,Create Purchase Order
EV010929,2025-06-19 00:00:00,Ship Product
EV007129,2025-06-19 00:00:00,Complete Sale
EV010602,2025-06-19 00:00:00,Create Sales Order
EV008928,2025-06-19 00:00:00,Ship Product
EV002647,2025-06-19 00:00:00,Create Purchase Order
EV001084,2025-06-19 00:00:00,Receive Goods
EV009131,2025-06-19 00:00:00,Ship Product
EV000236,2025-06-19 00:00:00,Add PO Item
EV010458,2025-06-19 00:00:00,Complete Sale
EV014953,2025-06-19 00:00:00,Create Sales Order
EV014816,2025-06-19 00:00:00,Ship Product
EV008041,2025-06-19 00:00:00,Ship Product
EV014934,2025-06-19 00:00:00,Complete Sale
EV014954,2025-06-19 01:00:00,Add Sales Order Item
EV010603,2025-06-19 01:00:00,Add Sales Order Item
EV014972,2025-06-19 01:00:00,Add Sales Order Item
EV007112,2025-06-19 01:00:00,Add Sales Order Item
EV014957,2025-06-19 01:00:00,Add Sales Order Item
EV013999,2025-06-19 01:00:00,Add Sales Order Item
EV007106,2025-06-19 01:00:00,Add Sales Order Item
EV013998,2025-06-19 01:00:00,Add Sales Order Item
EV014960,2025-06-19 01:00:00,Add Sales Order Item
EV007109,2025-06-19 01:00:00,Add Sales Order Item
EV002648,2025-06-19 04:00:00,Approve Purchase Order
EV003157,2025-06-19 04:00:00,Approve Purchase Order
EV001085,2025-06-19 08:00:00,Put Away
EV000338,2025-06-20 00:00:00,Dispatch Delivery
EV010778,2025-06-20 00:00:00,Complete Sale
EV000981,2025-06-20 00:00:00,Receive Goods
EV002472,2025-06-20 00:00:00,Create Purchase Order
EV010115,2025-06-20 00:00:00,Create Sales Order
EV008042,2025-06-20 00:00:00,Complete Sale
EV014958,2025-06-20 00:00:00,Ship Product
EV000414,2025-06-20 00:00:00,Dispatch Delivery
EV010605,2025-06-20 00:00:00,Complete Sale
EV001497,2025-06-20 00:00:00,Dispatch Delivery
EV014817,2025-06-20 00:00:00,Complete Sale
EV008062,2025-06-20 00:00:00,Ship Product
EV008929,2025-06-20 00:00:00,Complete Sale
EV009181,2025-06-20 00:00:00,Return Product
EV000983,2025-06-20 00:00:00,Receive Goods
EV002649,2025-06-20 00:00:00,Add PO Item
EV000358,2025-06-20 00:00:00,Receive Goods
EV000360,2025-06-20 00:00:00,Receive Goods
EV010040,2025-06-20 00:00:00,Create Sales Order
EV007739,2025-06-20 00:00:00,Create Sales Order
EV007110,2025-06-20 00:00:00,Ship Product
EV008921,2025-06-20 00:00:00,Ship Product
EV010959,2025-06-20 00:00:00,Complete Sale
EV010958,2025-06-20 00:00:00,Ship Product
EV010604,2025-06-20 00:00:00,Ship Product
EV004086,2025-06-20 00:00:00,Create Purchase Order
EV007113,2025-06-20 00:00:00,Ship Product
EV004236,2025-06-20 00:00:00,Dispatch Delivery
EV003158,2025-06-20 00:00:00,Add PO Item
EV010116,2025-06-20 01:00:00,Add Sales Order Item
EV007743,2025-06-20 01:00:00,Add Sales Order Item
EV010119,2025-06-20 01:00:00,Add Sales Order Item
EV010047,2025-06-20 01:00:00,Add Sales Order Item
EV007746,2025-06-20 01:00:00,Add Sales Order Item
EV010044,2025-06-20 01:00:00,Add Sales Order Item
EV007740,2025-06-20 01:00:00,Add Sales Order Item
EV010041,2025-06-20 01:00:00,Add Sales Order Item
EV002473,2025-06-20 04:00:00,Approve Purchase Order
EV004087,2025-06-20 04:00:00,Approve Purchase Order
EV000982,2025-06-20 08:00:00,Put Away
EV000359,2025-06-20 08:00:00,Put Away
EV000361,2025-06-20 08:00:00,Put Away
EV000984,2025-06-20 08:00:00,Put Away
EV004088,2025-06-21 00:00:00,Add PO Item
EV009318,2025-06-21 00:00:00,Complete Sale
EV007114,2025-06-21 00:00:00,Complete Sale
EV007264,2025-06-21 00:00:00,Create Sales Order
EV003509,2025-06-21 00:00:00,Dispatch Delivery
EV004089,2025-06-21 00:00:00,Add PO Item
EV014956,2025-06-21 00:00:00,Complete Sale
EV009138,2025-06-21 00:00:00,Complete Sale
EV009132,2025-06-21 00:00:00,Complete Sale
EV014959,2025-06-21 00:00:00,Complete Sale
EV014955,2025-06-21 00:00:00,Ship Product
EV007111,2025-06-21 00:00:00,Complete Sale
EV001700,2025-06-21 00:00:00,Receive Goods
EV000955,2025-06-21 00:00:00,Receive Goods
EV000466,2025-06-21 00:00:00,Receive Goods
EV008278,2025-06-21 00:00:00,Create Sales Order
EV011863,2025-06-21 00:00:00,Complete Sale
EV010930,2025-06-21 00:00:00,Complete Sale
EV013578,2025-06-21 00:00:00,Create Sales Order
EV001267,2025-06-21 00:00:00,Receive Goods
EV000468,2025-06-21 00:00:00,Receive Goods
EV011533,2025-06-21 00:00:00,Create Sales Order
EV001269,2025-06-21 00:00:00,Receive Goods
EV002475,2025-06-21 00:00:00,Add PO Item
EV002474,2025-06-21 00:00:00,Add PO Item
EV014441,2025-06-21 00:00:00,Create Sales Order
EV003442,2025-06-21 00:00:00,Dispatch Delivery
EV008044,2025-06-21 00:00:00,Ship Product
EV010120,2025-06-21 00:00:00,Ship Product
EV001271,2025-06-21 00:00:00,Receive Goods
EV008063,2025-06-21 00:00:00,Complete Sale
EV014445,2025-06-21 01:00:00,Add Sales Order Item
EV011534,2025-06-21 01:00:00,Add Sales Order Item
EV008279,2025-06-21 01:00:00,Add Sales Order Item
EV014442,2025-06-21 01:00:00,Add Sales Order Item
EV007268,2025-06-21 01:00:00,Add Sales Order Item
EV007265,2025-06-21 01:00:00,Add Sales Order Item
EV013579,2025-06-21 01:00:00,Add Sales Order Item
EV000467,2025-06-21 08:00:00,Put Away
EV001272,2025-06-21 08:00:00,Put Away
EV001701,2025-06-21 08:00:00,Put Away
EV001270,2025-06-21 08:00:00,Put Away
EV000469,2025-06-21 08:00:00,Put Away
EV001268,2025-06-21 08:00:00,Put Away
EV000956,2025-06-21 08:00:00,Put Away
EV014446,2025-06-22 00:00:00,Ship Product
EV002909,2025-06-22 00:00:00,Receive Goods
EV012127,2025-06-22 00:00:00,Create Sales Order
EV012255,2025-06-22 00:00:00,Create Sales Order
EV007744,2025-06-22 00:00:00,Ship Product
EV003497,2025-06-22 00:00:00,Receive Goods
EV008045,2025-06-22 00:00:00,Complete Sale
EV000237,2025-06-22 00:00:00,Dispatch Delivery
EV008922,2025-06-22 00:00:00,Complete Sale
EV014000,2025-06-22 00:00:00,Ship Product
EV003447,2025-06-22 00:00:00,Dispatch Delivery
EV007741,2025-06-22 00:00:00,Ship Product
EV014961,2025-06-22 00:00:00,Ship Product
EV002912,2025-06-22 00:00:00,Receive Goods
EV002476,2025-06-22 00:00:00,Dispatch Delivery
EV008195,2025-06-22 00:00:00,Create Sales Order
EV007635,2025-06-22 00:00:00,Create Sales Order
EV009341,2025-06-22 00:00:00,Return Product
EV008924,2025-06-22 00:00:00,Ship Product
EV012134,2025-06-22 01:00:00,Add Sales Order Item
EV012131,2025-06-22 01:00:00,Add Sales Order Item
EV012256,2025-06-22 01:00:00,Add Sales Order Item
EV012260,2025-06-22 01:00:00,Add Sales Order Item
EV008199,2025-06-22 01:00:00,Add Sales Order Item
EV012263,2025-06-22 01:00:00,Add Sales Order Item
EV012128,2025-06-22 01:00:00,Add Sales Order Item
EV007636,2025-06-22 01:00:00,Add Sales Order Item
EV008202,2025-06-22 01:00:00,Add Sales Order Item
EV008196,2025-06-22 01:00:00,Add Sales Order Item
EV003498,2025-06-22 08:00:00,Put Away
EV002913,2025-06-22 08:00:00,Put Away
EV002910,2025-06-22 08:00:00,Put Away
EV008925,2025-06-23 00:00:00,Complete Sale
EV007747,2025-06-23 00:00:00,Ship Product
EV009683,2025-06-23 00:00:00,Complete Sale
EV007269,2025-06-23 00:00:00,Ship Product
EV003159,2025-06-23 00:00:00,Dispatch Delivery
EV014001,2025-06-23 00:00:00,Complete Sale
EV014819,2025-06-23 00:00:00,Ship Product
EV008280,2025-06-23 00:00:00,Ship Product
EV007742,2025-06-23 00:00:00,Complete Sale
EV012133,2025-06-23 00:00:00,Complete Sale
EV012132,2025-06-23 00:00:00,Ship Product
EV012261,2025-06-23 00:00:00,Ship Product
EV007107,2025-06-23 00:00:00,Ship Product
EV010533,2025-06-23 00:00:00,Create Sales Order
EV007041,2025-06-23 00:00:00,Ship Product
EV007044,2025-06-23 00:00:00,Ship Product
EV010121,2025-06-23 00:00:00,Complete Sale
EV009682,2025-06-23 00:00:00,Ship Product
EV000339,2025-06-23 00:00:00,Receive Goods
EV004090,2025-06-23 00:00:00,Dispatch Delivery
EV014444,2025-06-23 00:00:00,Complete Sale
EV014443,2025-06-23 00:00:00,Ship Product
EV000341,2025-06-23 00:00:00,Receive Goods
EV004234,2025-06-23 00:00:00,Receive Goods
EV005736,2025-06-23 00:00:00,Ship Product
EV010538,2025-06-23 01:00:00,Add Sales Order Item
EV010534,2025-06-23 01:00:00,Add Sales Order Item
EV004235,2025-06-23 08:00:00,Put Away
EV000340,2025-06-23 08:00:00,Put Away
EV000342,2025-06-23 08:00:00,Put Away
EV012262,2025-06-24 00:00:00,Complete Sale
EV005221,2025-06-24 00:00:00,Receive Goods
EV010049,2025-06-24 00:00:00,Complete Sale
EV014447,2025-06-24 00:00:00,Complete Sale
EV010042,2025-06-24 00:00:00,Ship Product
EV008506,2025-06-24 00:00:00,Create Sales Order
EV007270,2025-06-24 00:00:00,Complete Sale
EV011535,2025-06-24 00:00:00,Ship Product
EV012518,2025-06-24 00:00:00,Create Sales Order
EV008800,2025-06-24 00:00:00,Create Sales Order
EV010048,2025-06-24 00:00:00,Ship Product
EV008281,2025-06-24 00:00:00,Complete Sale
EV007745,2025-06-24 00:00:00,Complete Sale
EV014973,2025-06-24 00:00:00,Ship Product
EV012264,2025-06-24 00:00:00,Ship Product
EV009261,2025-06-24 00:00:00,Create Sales Order
EV005219,2025-06-24 00:00:00,Receive Goods
EV014962,2025-06-24 00:00:00,Complete Sale
EV010117,2025-06-24 00:00:00,Ship Product
EV004036,2025-06-24 00:00:00,Dispatch Delivery
EV014538,2025-06-24 00:00:00,Create Sales Order
EV003500,2025-06-24 00:00:00,Receive Goods
EV004455,2025-06-24 00:00:00,Receive Goods
EV002650,2025-06-24 00:00:00,Dispatch Delivery
EV001892,2025-06-24 00:00:00,Receive Goods
EV008203,2025-06-24 00:00:00,Ship Product
EV012135,2025-06-24 00:00:00,Ship Product
EV008801,2025-06-24 01:00:00,Add Sales Order Item
EV008804,2025-06-24 01:00:00,Add Sales Order Item
EV012519,2025-06-24 01:00:00,Add Sales Order Item
EV014539,2025-06-24 01:00:00,Add Sales Order Item
EV009262,2025-06-24 01:00:00,Add Sales Order Item
EV012522,2025-06-24 01:00:00,Add Sales Order Item
EV008513,2025-06-24 01:00:00,Add Sales Order Item
EV008510,2025-06-24 01:00:00,Add Sales Order Item
EV008507,2025-06-24 01:00:00,Add Sales Order Item
EV012525,2025-06-24 01:00:00,Add Sales Order Item
EV005220,2025-06-24 08:00:00,Put Away
EV004456,2025-06-24 08:00:00,Put Away
EV001893,2025-06-24 08:00:00,Put Away
EV005222,2025-06-24 08:00:00,Put Away
EV003501,2025-06-24 08:00:00,Put Away
EV014974,2025-06-25 00:00:00,Complete Sale
EV010046,2025-06-25 00:00:00,Complete Sale
EV002094,2025-06-25 00:00:00,Receive Goods
EV014820,2025-06-25 00:00:00,Complete Sale
EV005737,2025-06-25 00:00:00,Complete Sale
EV008204,2025-06-25 00:00:00,Complete Sale
EV012265,2025-06-25 00:00:00,Complete Sale
EV012020,2025-06-25 00:00:00,Create Sales Order
EV000649,2025-06-25 00:00:00,Receive Goods
EV012136,2025-06-25 00:00:00,Complete Sale
EV002091,2025-06-25 00:00:00,Receive Goods
EV010045,2025-06-25 00:00:00,Ship Product
EV009264,2025-06-25 00:00:00,Complete Sale
EV000647,2025-06-25 00:00:00,Receive Goods
EV007108,2025-06-25 00:00:00,Complete Sale
EV006861,2025-06-25 00:00:00,Create Sales Order
EV008835,2025-06-25 00:00:00,Create Sales Order
EV009263,2025-06-25 00:00:00,Ship Product
EV013580,2025-06-25 00:00:00,Ship Product
EV007042,2025-06-25 00:00:00,Complete Sale
EV005110,2025-06-25 00:00:00,Receive Goods
EV000343,2025-06-25 00:00:00,Dispatch Delivery
EV010118,2025-06-25 00:00:00,Complete Sale
EV008200,2025-06-25 00:00:00,Ship Product
EV007748,2025-06-25 00:00:00,Complete Sale
EV007045,2025-06-25 00:00:00,Complete Sale
EV006865,2025-06-25 01:00:00,Add Sales Order Item
EV006862,2025-06-25 01:00:00,Add Sales Order Item
EV008836,2025-06-25 01:00:00,Add Sales Order Item
EV012021,2025-06-25 01:00:00,Add Sales Order Item
EV005111,2025-06-25 08:00:00,Put Away
EV000648,2025-06-25 08:00:00,Put Away
EV000650,2025-06-25 08:00:00,Put Away
EV002092,2025-06-25 08:00:00,Put Away
EV002095,2025-06-25 08:00:00,Put Away
EV007266,2025-06-26 00:00:00,Ship Product
EV014602,2025-06-26 00:00:00,Create Sales Order
EV012520,2025-06-26 00:00:00,Ship Product
EV010892,2025-06-26 00:00:00,Create Sales Order
EV009775,2025-06-26 00:00:00,Create Sales Order
EV012129,2025-06-26 00:00:00,Ship Product
EV010043,2025-06-26 00:00:00,Complete Sale
EV004000,2025-06-26 00:00:00,Receive Goods
EV008514,2025-06-26 00:00:00,Ship Product
EV008508,2025-06-26 00:00:00,Ship Product
EV010535,2025-06-26 00:00:00,Ship Product
EV010536,2025-06-26 00:00:00,Complete Sale
EV003991,2025-06-26 00:00:00,Receive Goods
EV010539,2025-06-26 00:00:00,Ship Product
EV011536,2025-06-26 00:00:00,Complete Sale
EV008806,2025-06-26 00:00:00,Complete Sale
EV008805,2025-06-26 00:00:00,Ship Product
EV012130,2025-06-26 00:00:00,Complete Sale
EV000419,2025-06-26 00:00:00,Dispatch Delivery
EV009310,2025-06-26 00:00:00,Create Sales Order
EV009776,2025-06-26 01:00:00,Add Sales Order Item
EV009779,2025-06-26 01:00:00,Add Sales Order Item
EV014606,2025-06-26 01:00:00,Add Sales Order Item
EV009782,2025-06-26 01:00:00,Add Sales Order Item
EV014609,2025-06-26 01:00:00,Add Sales Order Item
EV010896,2025-06-26 01:00:00,Add Sales Order Item
EV010893,2025-06-26 01:00:00,Add Sales Order Item
EV014603,2025-06-26 01:00:00,Add Sales Order Item
EV009311,2025-06-26 01:00:00,Add Sales Order Item
EV003992,2025-06-26 08:00:00,Put Away
EV004001,2025-06-26 08:00:00,Put Away
EV000602,2025-06-27 00:00:00,Create Purchase Order
EV004037,2025-06-27 00:00:00,Receive Goods
EV001118,2025-06-27 00:00:00,Create Purchase Order
EV011229,2025-06-27 00:00:00,Create Sales Order
EV012257,2025-06-27 00:00:00,Ship Product
EV008515,2025-06-27 00:00:00,Complete Sale
EV008345,2025-06-27 00:00:00,Create Sales Order
EV004147,2025-06-27 00:00:00,Receive Goods
EV004042,2025-06-27 00:00:00,Dispatch Delivery
EV008201,2025-06-27 00:00:00,Complete Sale
EV009783,2025-06-27 00:00:00,Ship Product
EV007637,2025-06-27 00:00:00,Ship Product
EV008802,2025-06-27 00:00:00,Ship Product
EV006866,2025-06-27 00:00:00,Ship Product
EV006867,2025-06-27 00:00:00,Complete Sale
EV009784,2025-06-27 00:00:00,Complete Sale
EV010540,2025-06-27 00:00:00,Complete Sale
EV008197,2025-06-27 00:00:00,Ship Product
EV012523,2025-06-27 00:00:00,Ship Product
EV014002,2025-06-27 00:00:00,Create Sales Order
EV007508,2025-06-27 00:00:00,Create Sales Order
EV003514,2025-06-27 00:00:00,Dispatch Delivery
EV012521,2025-06-27 00:00:00,Complete Sale
EV015119,2025-06-27 00:00:00,Create Sales Order
EV014610,2025-06-27 00:00:00,Ship Product
EV003503,2025-06-27 00:00:00,Receive Goods
EV014206,2025-06-27 00:00:00,Create Sales Order
EV002096,2025-06-27 00:00:00,Dispatch Delivery
EV013581,2025-06-27 00:00:00,Complete Sale
EV002653,2025-06-27 00:00:00,Dispatch Delivery
EV002741,2025-06-27 00:00:00,Create Purchase Order
EV015120,2025-06-27 01:00:00,Add Sales Order Item
EV014207,2025-06-27 01:00:00,Add Sales Order Item
EV014006,2025-06-27 01:00:00,Add Sales Order Item
EV011230,2025-06-27 01:00:00,Add Sales Order Item
EV007515,2025-06-27 01:00:00,Add Sales Order Item
EV008346,2025-06-27 01:00:00,Add Sales Order Item
EV007512,2025-06-27 01:00:00,Add Sales Order Item
EV007509,2025-06-27 01:00:00,Add Sales Order Item
EV014210,2025-06-27 01:00:00,Add Sales Order Item
EV014003,2025-06-27 01:00:00,Add Sales Order Item
EV001119,2025-06-27 04:00:00,Approve Purchase Order
EV000603,2025-06-27 04:00:00,Approve Purchase Order
EV002742,2025-06-27 04:00:00,Approve Purchase Order
EV004148,2025-06-27 08:00:00,Put Away
EV004038,2025-06-27 08:00:00,Put Away
EV003504,2025-06-27 08:00:00,Put Away
EV010897,2025-06-28 00:00:00,Ship Product
EV000605,2025-06-28 00:00:00,Add PO Item
EV000604,2025-06-28 00:00:00,Add PO Item
EV002915,2025-06-28 00:00:00,Receive Goods
EV001583,2025-06-28 00:00:00,Receive Goods
EV014832,2025-06-28 00:00:00,Return Product
EV002744,2025-06-28 00:00:00,Add PO Item
EV002743,2025-06-28 00:00:00,Add PO Item
EV001120,2025-06-28 00:00:00,Add PO Item
EV014208,2025-06-28 00:00:00,Ship Product
EV007267,2025-06-28 00:00:00,Complete Sale
EV009937,2025-06-28 00:00:00,Create Sales Order
EV008509,2025-06-28 00:00:00,Complete Sale
EV008198,2025-06-28 00:00:00,Complete Sale
EV012527,2025-06-28 00:00:00,Complete Sale
EV012524,2025-06-28 00:00:00,Complete Sale
EV000346,2025-06-28 00:00:00,Receive Goods
EV012526,2025-06-28 00:00:00,Ship Product
EV015122,2025-06-28 00:00:00,Complete Sale
EV003512,2025-06-28 00:00:00,Receive Goods
EV015121,2025-06-28 00:00:00,Ship Product
EV000344,2025-06-28 00:00:00,Receive Goods
EV004095,2025-06-28 00:00:00,Dispatch Delivery
EV004039,2025-06-28 00:00:00,Dispatch Delivery
EV013172,2025-06-28 00:00:00,Create Sales Order
EV008187,2025-06-28 00:00:00,Create Sales Order
EV003510,2025-06-28 00:00:00,Receive Goods
EV013173,2025-06-28 01:00:00,Add Sales Order Item
EV008188,2025-06-28 01:00:00,Add Sales Order Item
EV013177,2025-06-28 01:00:00,Add Sales Order Item
EV009938,2025-06-28 01:00:00,Add Sales Order Item
EV000347,2025-06-28 08:00:00,Put Away
EV000345,2025-06-28 08:00:00,Put Away
EV003513,2025-06-28 08:00:00,Put Away
EV002916,2025-06-28 08:00:00,Put Away
EV001584,2025-06-28 08:00:00,Put Away
EV003511,2025-06-28 08:00:00,Put Away
EV014004,2025-06-29 00:00:00,Ship Product
EV014007,2025-06-29 00:00:00,Ship Product
EV011232,2025-06-29 00:00:00,Complete Sale
EV010895,2025-06-29 00:00:00,Complete Sale
EV010894,2025-06-29 00:00:00,Ship Product
EV012724,2025-06-29 00:00:00,Create Sales Order
EV014611,2025-06-29 00:00:00,Complete Sale
EV010898,2025-06-29 00:00:00,Complete Sale
EV004231,2025-06-29 00:00:00,Receive Goods
EV014168,2025-06-29 00:00:00,Return Product
EV010931,2025-06-29 00:00:00,Create Sales Order
EV014540,2025-06-29 00:00:00,Ship Product
EV008511,2025-06-29 00:00:00,Ship Product
EV007638,2025-06-29 00:00:00,Complete Sale
EV011248,2025-06-29 00:00:00,Create Sales Order
EV014541,2025-06-29 00:00:00,Complete Sale
EV011231,2025-06-29 00:00:00,Ship Product
EV008803,2025-06-29 00:00:00,Complete Sale
EV007516,2025-06-29 00:00:00,Ship Product
EV014209,2025-06-29 00:00:00,Complete Sale
EV012258,2025-06-29 00:00:00,Complete Sale
EV011249,2025-06-29 01:00:00,Add Sales Order Item
EV011252,2025-06-29 01:00:00,Add Sales Order Item
EV010935,2025-06-29 01:00:00,Add Sales Order Item
EV012725,2025-06-29 01:00:00,Add Sales Order Item
EV012728,2025-06-29 01:00:00,Add Sales Order Item
EV012731,2025-06-29 01:00:00,Add Sales Order Item
EV010932,2025-06-29 01:00:00,Add Sales Order Item
EV004232,2025-06-29 08:00:00,Put Away
EV014212,2025-06-30 00:00:00,Complete Sale
EV004043,2025-06-30 00:00:00,Receive Goods
EV014211,2025-06-30 00:00:00,Ship Product
EV013174,2025-06-30 00:00:00,Ship Product
EV006863,2025-06-30 00:00:00,Ship Product
EV013178,2025-06-30 00:00:00,Ship Product
EV008837,2025-06-30 00:00:00,Ship Product
EV008838,2025-06-30 00:00:00,Complete Sale
EV002481,2025-06-30 00:00:00,Dispatch Delivery
EV012475,2025-06-30 00:00:00,Create Sales Order
EV007514,2025-06-30 00:00:00,Complete Sale
EV009312,2025-06-30 00:00:00,Ship Product
EV007513,2025-06-30 00:00:00,Ship Product
EV004150,2025-06-30 00:00:00,Receive Goods
EV005234,2025-06-30 00:00:00,Receive Goods
EV005236,2025-06-30 00:00:00,Receive Goods
EV012022,2025-06-30 00:00:00,Ship Product
EV012604,2025-06-30 00:00:00,Create Sales Order
EV014121,2025-06-30 00:00:00,Create Sales Order
EV002899,2025-06-30 00:00:00,Create Purchase Order
EV014008,2025-06-30 00:00:00,Complete Sale
EV014122,2025-06-30 01:00:00,Add Sales Order Item
EV012608,2025-06-30 01:00:00,Add Sales Order Item
EV012605,2025-06-30 01:00:00,Add Sales Order Item
EV012476,2025-06-30 01:00:00,Add Sales Order Item
EV002900,2025-06-30 04:00:00,Approve Purchase Order
EV004044,2025-06-30 08:00:00,Put Away
EV004151,2025-06-30 08:00:00,Put Away
EV005237,2025-06-30 08:00:00,Put Away
EV005235,2025-06-30 08:00:00,Put Away
EV009780,2025-07-01 00:00:00,Ship Product
EV012557,2025-07-01 00:00:00,Create Sales Order
EV003659,2025-07-01 00:00:00,Create Purchase Order
EV002745,2025-07-01 00:00:00,Dispatch Delivery
EV004215,2025-07-01 00:00:00,Create Purchase Order
EV007517,2025-07-01 00:00:00,Complete Sale
EV000606,2025-07-01 00:00:00,Dispatch Delivery
EV011662,2025-07-01 00:00:00,Create Sales Order
EV014005,2025-07-01 00:00:00,Complete Sale
EV008512,2025-07-01 00:00:00,Complete Sale
EV013175,2025-07-01 00:00:00,Complete Sale
EV002901,2025-07-01 00:00:00,Add PO Item
EV012606,2025-07-01 00:00:00,Ship Product
EV001121,2025-07-01 00:00:00,Dispatch Delivery
EV010936,2025-07-01 00:00:00,Ship Product
EV010937,2025-07-01 00:00:00,Complete Sale
EV008930,2025-07-01 00:00:00,Create Sales Order
EV014608,2025-07-01 00:00:00,Complete Sale
EV001011,2025-07-01 00:00:00,Create Purchase Order
EV009289,2025-07-01 00:00:00,Create Sales Order
EV005972,2025-07-01 00:00:00,Return Product
EV000760,2025-07-01 00:00:00,Receive Goods
EV000763,2025-07-01 00:00:00,Receive Goods
EV012023,2025-07-01 00:00:00,Complete Sale
EV009777,2025-07-01 00:00:00,Ship Product
EV014607,2025-07-01 00:00:00,Ship Product
EV014605,2025-07-01 00:00:00,Complete Sale
EV014604,2025-07-01 00:00:00,Ship Product
EV005577,2025-07-01 00:00:00,Create Sales Order
EV005584,2025-07-01 01:00:00,Add Sales Order Item
EV005578,2025-07-01 01:00:00,Add Sales Order Item
EV012558,2025-07-01 01:00:00,Add Sales Order Item
EV008937,2025-07-01 01:00:00,Add Sales Order Item
EV009290,2025-07-01 01:00:00,Add Sales Order Item
EV005581,2025-07-01 01:00:00,Add Sales Order Item
EV011663,2025-07-01 01:00:00,Add Sales Order Item
EV011666,2025-07-01 01:00:00,Add Sales Order Item
EV008934,2025-07-01 01:00:00,Add Sales Order Item
EV008931,2025-07-01 01:00:00,Add Sales Order Item
EV004216,2025-07-01 04:00:00,Approve Purchase Order
EV003660,2025-07-01 04:00:00,Approve Purchase Order
EV001012,2025-07-01 04:00:00,Approve Purchase Order
EV000764,2025-07-01 08:00:00,Put Away
EV000761,2025-07-01 08:00:00,Put Away
EV011654,2025-07-02 00:00:00,Create Sales Order
EV008189,2025-07-02 00:00:00,Ship Product
EV008190,2025-07-02 00:00:00,Complete Sale
EV008935,2025-07-02 00:00:00,Ship Product
EV013179,2025-07-02 00:00:00,Complete Sale
EV007510,2025-07-02 00:00:00,Ship Product
EV008909,2025-07-02 00:00:00,Create Sales Order
EV009781,2025-07-02 00:00:00,Complete Sale
EV012607,2025-07-02 00:00:00,Complete Sale
EV003662,2025-07-02 00:00:00,Add PO Item
EV001013,2025-07-02 00:00:00,Add PO Item
EV008347,2025-07-02 00:00:00,Ship Product
EV003661,2025-07-02 00:00:00,Add PO Item
EV013023,2025-07-02 00:00:00,Create Sales Order
EV008348,2025-07-02 00:00:00,Complete Sale
EV003519,2025-07-02 00:00:00,Dispatch Delivery
EV009313,2025-07-02 00:00:00,Complete Sale
EV006864,2025-07-02 00:00:00,Complete Sale
EV005579,2025-07-02 00:00:00,Ship Product
EV012559,2025-07-02 00:00:00,Ship Product
EV004217,2025-07-02 00:00:00,Add PO Item
EV003663,2025-07-02 00:00:00,Add PO Item
EV013027,2025-07-02 01:00:00,Add Sales Order Item
EV008913,2025-07-02 01:00:00,Add Sales Order Item
EV008910,2025-07-02 01:00:00,Add Sales Order Item
EV008916,2025-07-02 01:00:00,Add Sales Order Item
EV011655,2025-07-02 01:00:00,Add Sales Order Item
EV013024,2025-07-02 01:00:00,Add Sales Order Item
EV012727,2025-07-03 00:00:00,Complete Sale
EV011168,2025-07-03 00:00:00,Create Sales Order
EV012732,2025-07-03 00:00:00,Ship Product
EV012733,2025-07-03 00:00:00,Complete Sale
EV008912,2025-07-03 00:00:00,Complete Sale
EV008911,2025-07-03 00:00:00,Ship Product
EV012729,2025-07-03 00:00:00,Ship Product
EV012609,2025-07-03 00:00:00,Ship Product
EV015015,2025-07-03 00:00:00,Create Sales Order
EV003443,2025-07-03 00:00:00,Receive Goods
EV008376,2025-07-03 00:00:00,Create Sales Order
EV003445,2025-07-03 00:00:00,Receive Goods
EV004153,2025-07-03 00:00:00,Receive Goods
EV009778,2025-07-03 00:00:00,Complete Sale
EV003160,2025-07-03 00:00:00,Receive Goods
EV014918,2025-07-03 00:00:00,Create Sales Order
EV012726,2025-07-03 00:00:00,Ship Product
EV000611,2025-07-03 00:00:00,Dispatch Delivery
EV009821,2025-07-03 00:00:00,Return Product
EV002926,2025-07-03 00:00:00,Create Purchase Order
EV002656,2025-07-03 00:00:00,Dispatch Delivery
EV003664,2025-07-03 00:00:00,Dispatch Delivery
EV002902,2025-07-03 00:00:00,Dispatch Delivery
EV005580,2025-07-03 00:00:00,Complete Sale
EV009940,2025-07-03 00:00:00,Complete Sale
EV010934,2025-07-03 00:00:00,Complete Sale
EV010933,2025-07-03 00:00:00,Ship Product
EV008936,2025-07-03 00:00:00,Complete Sale
EV009939,2025-07-03 00:00:00,Ship Product
EV008377,2025-07-03 01:00:00,Add Sales Order Item
EV014922,2025-07-03 01:00:00,Add Sales Order Item
EV014919,2025-07-03 01:00:00,Add Sales Order Item
EV008380,2025-07-03 01:00:00,Add Sales Order Item
EV015016,2025-07-03 01:00:00,Add Sales Order Item
EV008383,2025-07-03 01:00:00,Add Sales Order Item
EV011169,2025-07-03 01:00:00,Add Sales Order Item
EV014925,2025-07-03 01:00:00,Add Sales Order Item
EV002927,2025-07-03 04:00:00,Approve Purchase Order
EV003444,2025-07-03 08:00:00,Put Away
EV003446,2025-07-03 08:00:00,Put Away
EV003161,2025-07-03 08:00:00,Put Away
EV004154,2025-07-03 08:00:00,Put Away
EV003517,2025-07-04 00:00:00,Receive Goods
EV003515,2025-07-04 00:00:00,Receive Goods
EV009323,2025-07-04 00:00:00,Create Sales Order
EV001071,2025-07-04 00:00:00,Create Purchase Order
EV009105,2025-07-04 00:00:00,Create Sales Order
EV013025,2025-07-04 00:00:00,Ship Product
EV000607,2025-07-04 00:00:00,Receive Goods
EV008917,2025-07-04 00:00:00,Ship Product
EV000609,2025-07-04 00:00:00,Receive Goods
EV008384,2025-07-04 00:00:00,Ship Product
EV012560,2025-07-04 00:00:00,Complete Sale
EV008381,2025-07-04 00:00:00,Ship Product
EV014123,2025-07-04 00:00:00,Ship Product
EV004218,2025-07-04 00:00:00,Dispatch Delivery
EV009292,2025-07-04 00:00:00,Complete Sale
EV008378,2025-07-04 00:00:00,Ship Product
EV008335,2025-07-04 00:00:00,Create Sales Order
EV015017,2025-07-04 00:00:00,Ship Product
EV001732,2025-07-04 00:00:00,Create Purchase Order
EV008918,2025-07-04 00:00:00,Complete Sale
EV002097,2025-07-04 00:00:00,Receive Goods
EV007511,2025-07-04 00:00:00,Complete Sale
EV008932,2025-07-04 00:00:00,Ship Product
EV002928,2025-07-04 00:00:00,Add PO Item
EV011250,2025-07-04 00:00:00,Ship Product
EV011253,2025-07-04 00:00:00,Ship Product
EV015018,2025-07-04 00:00:00,Complete Sale
EV014926,2025-07-04 00:00:00,Ship Product
EV008938,2025-07-04 00:00:00,Ship Product
EV006987,2025-07-04 00:00:00,Create Sales Order
EV011814,2025-07-04 00:00:00,Create Sales Order
EV009291,2025-07-04 00:00:00,Ship Product
EV001014,2025-07-04 00:00:00,Dispatch Delivery
EV011815,2025-07-04 01:00:00,Add Sales Order Item
EV009109,2025-07-04 01:00:00,Add Sales Order Item
EV008336,2025-07-04 01:00:00,Add Sales Order Item
EV009327,2025-07-04 01:00:00,Add Sales Order Item
EV009324,2025-07-04 01:00:00,Add Sales Order Item
EV009106,2025-07-04 01:00:00,Add Sales Order Item
EV006988,2025-07-04 01:00:00,Add Sales Order Item
EV006991,2025-07-04 01:00:00,Add Sales Order Item
EV001733,2025-07-04 04:00:00,Approve Purchase Order
EV001072,2025-07-04 04:00:00,Approve Purchase Order
EV002098,2025-07-04 08:00:00,Put Away
EV000608,2025-07-04 08:00:00,Put Away
EV000610,2025-07-04 08:00:00,Put Away
EV003516,2025-07-04 08:00:00,Put Away
EV003518,2025-07-04 08:00:00,Put Away
EV005586,2025-07-05 00:00:00,Complete Sale
EV005585,2025-07-05 00:00:00,Ship Product
EV005582,2025-07-05 00:00:00,Ship Product
EV008382,2025-07-05 00:00:00,Complete Sale
EV012758,2025-07-05 00:00:00,Create Sales Order
EV012730,2025-07-05 00:00:00,Complete Sale
EV007800,2025-07-05 00:00:00,Create Sales Order
EV011665,2025-07-05 00:00:00,Complete Sale
EV011656,2025-07-05 00:00:00,Ship Product
EV006992,2025-07-05 00:00:00,Ship Product
EV001073,2025-07-05 00:00:00,Add PO Item
EV011664,2025-07-05 00:00:00,Ship Product
EV011667,2025-07-05 00:00:00,Ship Product
EV011254,2025-07-05 00:00:00,Complete Sale
EV013026,2025-07-05 00:00:00,Complete Sale
EV012477,2025-07-05 00:00:00,Ship Product
EV012610,2025-07-05 00:00:00,Complete Sale
EV002929,2025-07-05 00:00:00,Dispatch Delivery
EV009107,2025-07-05 00:00:00,Ship Product
EV009110,2025-07-05 00:00:00,Ship Product
EV012137,2025-07-05 00:00:00,Return Product
EV001734,2025-07-05 00:00:00,Add PO Item
EV012759,2025-07-05 01:00:00,Add Sales Order Item
EV007801,2025-07-05 01:00:00,Add Sales Order Item
EV012762,2025-07-05 01:00:00,Add Sales Order Item
EV008939,2025-07-06 00:00:00,Complete Sale
EV014927,2025-07-06 00:00:00,Complete Sale
EV005583,2025-07-06 00:00:00,Complete Sale
EV011251,2025-07-06 00:00:00,Complete Sale
EV014923,2025-07-06 00:00:00,Ship Product
EV000614,2025-07-06 00:00:00,Receive Goods
EV008933,2025-07-06 00:00:00,Complete Sale
EV011636,2025-07-06 00:00:00,Create Sales Order
EV009111,2025-07-06 00:00:00,Complete Sale
EV011657,2025-07-06 00:00:00,Complete Sale
EV000612,2025-07-06 00:00:00,Receive Goods
EV005241,2025-07-06 00:00:00,Receive Goods
EV001074,2025-07-06 00:00:00,Dispatch Delivery
EV012763,2025-07-06 00:00:00,Ship Product
EV009325,2025-07-06 00:00:00,Ship Product
EV013028,2025-07-06 00:00:00,Ship Product
EV011668,2025-07-06 00:00:00,Complete Sale
EV008385,2025-07-06 00:00:00,Complete Sale
EV008379,2025-07-06 00:00:00,Complete Sale
EV007594,2025-07-06 00:00:00,Create Sales Order
EV001351,2025-07-06 00:00:00,Create Purchase Order
EV014124,2025-07-06 00:00:00,Complete Sale
EV009480,2025-07-06 00:00:00,Create Sales Order
EV001735,2025-07-06 00:00:00,Dispatch Delivery
EV005239,2025-07-06 00:00:00,Receive Goods
EV007595,2025-07-06 01:00:00,Add Sales Order Item
EV007601,2025-07-06 01:00:00,Add Sales Order Item
EV007598,2025-07-06 01:00:00,Add Sales Order Item
EV009481,2025-07-06 01:00:00,Add Sales Order Item
EV011640,2025-07-06 01:00:00,Add Sales Order Item
EV011637,2025-07-06 01:00:00,Add Sales Order Item
EV001352,2025-07-06 04:00:00,Approve Purchase Order
EV000613,2025-07-06 08:00:00,Put Away
EV000615,2025-07-06 08:00:00,Put Away
EV005240,2025-07-06 08:00:00,Put Away
EV005242,2025-07-06 08:00:00,Put Away
EV009326,2025-07-07 00:00:00,Complete Sale
EV005246,2025-07-07 00:00:00,Receive Goods
EV013365,2025-07-07 00:00:00,Create Sales Order
EV005244,2025-07-07 00:00:00,Receive Goods
EV001353,2025-07-07 00:00:00,Add PO Item
EV011817,2025-07-07 00:00:00,Complete Sale
EV000363,2025-07-07 00:00:00,Receive Goods
EV011816,2025-07-07 00:00:00,Ship Product
EV000365,2025-07-07 00:00:00,Receive Goods
EV013029,2025-07-07 00:00:00,Complete Sale
EV010624,2025-07-07 00:00:00,Create Sales Order
EV007596,2025-07-07 00:00:00,Ship Product
EV008915,2025-07-07 00:00:00,Complete Sale
EV000334,2025-07-07 00:00:00,Receive Goods
EV000336,2025-07-07 00:00:00,Receive Goods
EV009108,2025-07-07 00:00:00,Complete Sale
EV008651,2025-07-07 00:00:00,Create Sales Order
EV001354,2025-07-07 00:00:00,Add PO Item
EV012478,2025-07-07 00:00:00,Complete Sale
EV008914,2025-07-07 00:00:00,Ship Product
EV002162,2025-07-07 00:00:00,Create Purchase Order
EV008338,2025-07-07 00:00:00,Complete Sale
EV007602,2025-07-07 00:00:00,Ship Product
EV001087,2025-07-07 00:00:00,Receive Goods
EV005331,2025-07-07 00:00:00,Create Purchase Order
EV003401,2025-07-07 00:00:00,Receive Goods
EV012764,2025-07-07 00:00:00,Complete Sale
EV004040,2025-07-07 00:00:00,Receive Goods
EV006993,2025-07-07 00:00:00,Complete Sale
EV011170,2025-07-07 00:00:00,Ship Product
EV012760,2025-07-07 00:00:00,Ship Product
EV011171,2025-07-07 00:00:00,Complete Sale
EV008337,2025-07-07 00:00:00,Ship Product
EV013372,2025-07-07 01:00:00,Add Sales Order Item
EV010625,2025-07-07 01:00:00,Add Sales Order Item
EV013366,2025-07-07 01:00:00,Add Sales Order Item
EV008652,2025-07-07 01:00:00,Add Sales Order Item
EV013369,2025-07-07 01:00:00,Add Sales Order Item
EV005332,2025-07-07 04:00:00,Approve Purchase Order
EV002163,2025-07-07 04:00:00,Approve Purchase Order
EV000335,2025-07-07 08:00:00,Put Away
EV005247,2025-07-07 08:00:00,Put Away
EV000366,2025-07-07 08:00:00,Put Away
EV003402,2025-07-07 08:00:00,Put Away
EV000364,2025-07-07 08:00:00,Put Away
EV000337,2025-07-07 08:00:00,Put Away
EV001088,2025-07-07 08:00:00,Put Away
EV005245,2025-07-07 08:00:00,Put Away
EV004041,2025-07-07 08:00:00,Put Away
EV004221,2025-07-08 00:00:00,Dispatch Delivery
EV000019,2025-07-08 00:00:00,Create Purchase Order
EV001500,2025-07-08 00:00:00,Receive Goods
EV008653,2025-07-08 00:00:00,Ship Product
EV006989,2025-07-08 00:00:00,Ship Product
EV007597,2025-07-08 00:00:00,Complete Sale
EV002746,2025-07-08 00:00:00,Receive Goods
EV002930,2025-07-08 00:00:00,Receive Goods
EV003450,2025-07-08 00:00:00,Receive Goods
EV006990,2025-07-08 00:00:00,Complete Sale
EV003448,2025-07-08 00:00:00,Receive Goods
EV012761,2025-07-08 00:00:00,Complete Sale
EV015030,2025-07-08 00:00:00,Create Sales Order
EV002164,2025-07-08 00:00:00,Add PO Item
EV002750,2025-07-08 00:00:00,Dispatch Delivery
EV005333,2025-07-08 00:00:00,Add PO Item
EV012251,2025-07-08 00:00:00,Return Product
EV004237,2025-07-08 00:00:00,Receive Goods
EV001498,2025-07-08 00:00:00,Receive Goods
EV013528,2025-07-08 00:00:00,Create Sales Order
EV007370,2025-07-08 00:00:00,Create Sales Order
EV002748,2025-07-08 00:00:00,Receive Goods
EV007802,2025-07-08 00:00:00,Ship Product
EV009328,2025-07-08 00:00:00,Ship Product
EV014920,2025-07-08 00:00:00,Ship Product
EV013176,2025-07-08 00:00:00,Return Product
EV007803,2025-07-08 00:00:00,Complete Sale
EV014924,2025-07-08 00:00:00,Complete Sale
EV013532,2025-07-08 01:00:00,Add Sales Order Item
EV007371,2025-07-08 01:00:00,Add Sales Order Item
EV015035,2025-07-08 01:00:00,Add Sales Order Item
EV013535,2025-07-08 01:00:00,Add Sales Order Item
EV007374,2025-07-08 01:00:00,Add Sales Order Item
EV015031,2025-07-08 01:00:00,Add Sales Order Item
EV013529,2025-07-08 01:00:00,Add Sales Order Item
EV000020,2025-07-08 04:00:00,Approve Purchase Order
EV001499,2025-07-08 08:00:00,Put Away
EV002749,2025-07-08 08:00:00,Put Away
EV004238,2025-07-08 08:00:00,Put Away
EV003451,2025-07-08 08:00:00,Put Away
EV002747,2025-07-08 08:00:00,Put Away
EV002931,2025-07-08 08:00:00,Put Away
EV003449,2025-07-08 08:00:00,Put Away
EV001501,2025-07-08 08:00:00,Put Away
EV010627,2025-07-09 00:00:00,Complete Sale
EV010494,2025-07-09 00:00:00,Create Sales Order
EV007856,2025-07-09 00:00:00,Create Sales Order
EV008604,2025-07-09 00:00:00,Create Sales Order
EV009980,2025-07-09 00:00:00,Create Sales Order
EV015036,2025-07-09 00:00:00,Ship Product
EV003744,2025-07-09 00:00:00,Create Purchase Order
EV007603,2025-07-09 00:00:00,Complete Sale
EV010626,2025-07-09 00:00:00,Ship Product
EV009329,2025-07-09 00:00:00,Complete Sale
EV009518,2025-07-09 00:00:00,Create Sales Order
EV011641,2025-07-09 00:00:00,Ship Product
EV003522,2025-07-09 00:00:00,Receive Goods
EV000022,2025-07-09 00:00:00,Add PO Item
EV008205,2025-07-09 00:00:00,Create Sales Order
EV003520,2025-07-09 00:00:00,Receive Goods
EV014921,2025-07-09 00:00:00,Complete Sale
EV012259,2025-07-09 00:00:00,Return Product
EV000021,2025-07-09 00:00:00,Add PO Item
EV013367,2025-07-09 00:00:00,Ship Product
EV002720,2025-07-09 00:00:00,Receive Goods
EV008605,2025-07-09 01:00:00,Add Sales Order Item
EV009984,2025-07-09 01:00:00,Add Sales Order Item
EV009987,2025-07-09 01:00:00,Add Sales Order Item
EV008608,2025-07-09 01:00:00,Add Sales Order Item
EV010495,2025-07-09 01:00:00,Add Sales Order Item
EV009519,2025-07-09 01:00:00,Add Sales Order Item
EV007860,2025-07-09 01:00:00,Add Sales Order Item
EV009522,2025-07-09 01:00:00,Add Sales Order Item
EV008212,2025-07-09 01:00:00,Add Sales Order Item
EV008209,2025-07-09 01:00:00,Add Sales Order Item
EV008206,2025-07-09 01:00:00,Add Sales Order Item
EV010498,2025-07-09 01:00:00,Add Sales Order Item
EV007857,2025-07-09 01:00:00,Add Sales Order Item
EV009981,2025-07-09 01:00:00,Add Sales Order Item
EV003745,2025-07-09 04:00:00,Approve Purchase Order
EV003521,2025-07-09 08:00:00,Put Away
EV002721,2025-07-09 08:00:00,Put Away
EV003523,2025-07-09 08:00:00,Put Away
EV013374,2025-07-10 00:00:00,Complete Sale
EV001017,2025-07-10 00:00:00,Dispatch Delivery
EV003895,2025-07-10 00:00:00,Create Purchase Order
EV008207,2025-07-10 00:00:00,Ship Product
EV007884,2025-07-10 00:00:00,Create Sales Order
EV007599,2025-07-10 00:00:00,Ship Product
EV007600,2025-07-10 00:00:00,Complete Sale
EV009740,2025-07-10 00:00:00,Create Sales Order
EV007422,2025-07-10 00:00:00,Create Sales Order
EV013373,2025-07-10 00:00:00,Ship Product
EV008654,2025-07-10 00:00:00,Complete Sale
EV002932,2025-07-10 00:00:00,Dispatch Delivery
EV011954,2025-07-10 00:00:00,Create Sales Order
EV013530,2025-07-10 00:00:00,Ship Product
EV000238,2025-07-10 00:00:00,Receive Goods
EV013533,2025-07-10 00:00:00,Ship Product
EV011642,2025-07-10 00:00:00,Complete Sale
EV001355,2025-07-10 00:00:00,Dispatch Delivery
EV013368,2025-07-10 00:00:00,Complete Sale
EV002479,2025-07-10 00:00:00,Receive Goods
EV002477,2025-07-10 00:00:00,Receive Goods
EV003746,2025-07-10 00:00:00,Add PO Item
EV007426,2025-07-10 01:00:00,Add Sales Order Item
EV011955,2025-07-10 01:00:00,Add Sales Order Item
EV009744,2025-07-10 01:00:00,Add Sales Order Item
EV007885,2025-07-10 01:00:00,Add Sales Order Item
EV009741,2025-07-10 01:00:00,Add Sales Order Item
EV011958,2025-07-10 01:00:00,Add Sales Order Item
EV007423,2025-07-10 01:00:00,Add Sales Order Item
EV003896,2025-07-10 04:00:00,Approve Purchase Order
EV002478,2025-07-10 08:00:00,Put Away
EV000239,2025-07-10 08:00:00,Put Away
EV002480,2025-07-10 08:00:00,Put Away
EV000628,2025-07-11 00:00:00,Create Purchase Order
EV003747,2025-07-11 00:00:00,Dispatch Delivery
EV014434,2025-07-11 00:00:00,Create Sales Order
EV009994,2025-07-11 00:00:00,Create Sales Order
EV005334,2025-07-11 00:00:00,Dispatch Delivery
EV007375,2025-07-11 00:00:00,Ship Product
EV008208,2025-07-11 00:00:00,Complete Sale
EV010970,2025-07-11 00:00:00,Create Sales Order
EV013370,2025-07-11 00:00:00,Ship Product
EV007861,2025-07-11 00:00:00,Ship Product
EV001020,2025-07-11 00:00:00,Dispatch Delivery
EV011638,2025-07-11 00:00:00,Ship Product
EV009482,2025-07-11 00:00:00,Ship Product
EV013531,2025-07-11 00:00:00,Complete Sale
EV008609,2025-07-11 00:00:00,Ship Product
EV008606,2025-07-11 00:00:00,Ship Product
EV003897,2025-07-11 00:00:00,Add PO Item
EV007427,2025-07-11 00:00:00,Ship Product
EV000011,2025-07-11 00:00:00,Receive Goods
EV013534,2025-07-11 00:00:00,Complete Sale
EV015037,2025-07-11 00:00:00,Complete Sale
EV005399,2025-07-11 00:00:00,Create Purchase Order
EV010971,2025-07-11 01:00:00,Add Sales Order Item
EV010974,2025-07-11 01:00:00,Add Sales Order Item
EV010977,2025-07-11 01:00:00,Add Sales Order Item
EV009995,2025-07-11 01:00:00,Add Sales Order Item
EV014438,2025-07-11 01:00:00,Add Sales Order Item
EV014435,2025-07-11 01:00:00,Add Sales Order Item
EV000629,2025-07-11 04:00:00,Approve Purchase Order
EV005400,2025-07-11 04:00:00,Approve Purchase Order
EV000012,2025-07-11 08:00:00,Put Away
EV007858,2025-07-12 00:00:00,Ship Product
EV002371,2025-07-12 00:00:00,Create Purchase Order
EV007886,2025-07-12 00:00:00,Ship Product
EV007424,2025-07-12 00:00:00,Ship Product
EV005946,2025-07-12 00:00:00,Create Sales Order
EV007376,2025-07-12 00:00:00,Complete Sale
EV010975,2025-07-12 00:00:00,Ship Product
EV007887,2025-07-12 00:00:00,Complete Sale
EV000630,2025-07-12 00:00:00,Add PO Item
EV005402,2025-07-12 00:00:00,Add PO Item
EV004224,2025-07-12 00:00:00,Dispatch Delivery
EV007672,2025-07-12 00:00:00,Create Sales Order
EV013371,2025-07-12 00:00:00,Complete Sale
EV013357,2025-07-12 00:00:00,Create Sales Order
EV009521,2025-07-12 00:00:00,Complete Sale
EV009520,2025-07-12 00:00:00,Ship Product
EV007428,2025-07-12 00:00:00,Complete Sale
EV000631,2025-07-12 00:00:00,Add PO Item
EV013536,2025-07-12 00:00:00,Ship Product
EV005401,2025-07-12 00:00:00,Add PO Item
EV008607,2025-07-12 00:00:00,Complete Sale
EV002165,2025-07-12 00:00:00,Dispatch Delivery
EV001738,2025-07-12 00:00:00,Dispatch Delivery
EV013362,2025-07-12 01:00:00,Add Sales Order Item
EV013358,2025-07-12 01:00:00,Add Sales Order Item
EV005947,2025-07-12 01:00:00,Add Sales Order Item
EV005951,2025-07-12 01:00:00,Add Sales Order Item
EV005954,2025-07-12 01:00:00,Add Sales Order Item
EV007679,2025-07-12 01:00:00,Add Sales Order Item
EV007676,2025-07-12 01:00:00,Add Sales Order Item
EV007673,2025-07-12 01:00:00,Add Sales Order Item
EV002372,2025-07-12 04:00:00,Approve Purchase Order
EV007372,2025-07-13 00:00:00,Ship Product
EV003898,2025-07-13 00:00:00,Dispatch Delivery
EV011956,2025-07-13 00:00:00,Ship Product
EV011639,2025-07-13 00:00:00,Complete Sale
EV009483,2025-07-13 00:00:00,Complete Sale
EV009523,2025-07-13 00:00:00,Ship Product
EV002373,2025-07-13 00:00:00,Add PO Item
EV008610,2025-07-13 00:00:00,Complete Sale
EV010499,2025-07-13 00:00:00,Ship Product
EV014436,2025-07-13 00:00:00,Ship Product
EV015032,2025-07-13 00:00:00,Ship Product
EV002903,2025-07-13 00:00:00,Receive Goods
EV010496,2025-07-13 00:00:00,Ship Product
EV010500,2025-07-13 00:00:00,Complete Sale
EV000632,2025-07-13 00:00:00,Dispatch Delivery
EV005632,2025-07-13 00:00:00,Create Sales Order
EV009986,2025-07-13 00:00:00,Complete Sale
EV009985,2025-07-13 00:00:00,Ship Product
EV009983,2025-07-13 00:00:00,Complete Sale
EV007862,2025-07-13 00:00:00,Complete Sale
EV009982,2025-07-13 00:00:00,Ship Product
EV014866,2025-07-13 00:00:00,Create Sales Order
EV007859,2025-07-13 00:00:00,Complete Sale
EV009524,2025-07-13 00:00:00,Complete Sale
EV005639,2025-07-13 01:00:00,Add Sales Order Item
EV005633,2025-07-13 01:00:00,Add Sales Order Item
EV005636,2025-07-13 01:00:00,Add Sales Order Item
EV014870,2025-07-13 01:00:00,Add Sales Order Item
EV014867,2025-07-13 01:00:00,Add Sales Order Item
EV002904,2025-07-13 08:00:00,Put Away
EV015033,2025-07-14 00:00:00,Complete Sale
EV009988,2025-07-14 00:00:00,Ship Product
EV000023,2025-07-14 00:00:00,Dispatch Delivery
EV014150,2025-07-14 00:00:00,Create Sales Order
EV012971,2025-07-14 00:00:00,Create Sales Order
EV010497,2025-07-14 00:00:00,Complete Sale
EV007425,2025-07-14 00:00:00,Complete Sale
EV005956,2025-07-14 00:00:00,Complete Sale
EV005955,2025-07-14 00:00:00,Ship Product
EV010025,2025-07-14 00:00:00,Create Sales Order
EV009743,2025-07-14 00:00:00,Complete Sale
EV009742,2025-07-14 00:00:00,Ship Product
EV008339,2025-07-14 00:00:00,Return Product
EV004427,2025-07-14 00:00:00,Create Purchase Order
EV014622,2025-07-14 00:00:00,Create Sales Order
EV013537,2025-07-14 00:00:00,Complete Sale
EV008210,2025-07-14 00:00:00,Ship Product
EV008213,2025-07-14 00:00:00,Ship Product
EV011960,2025-07-14 00:00:00,Complete Sale
EV011959,2025-07-14 00:00:00,Ship Product
EV007373,2025-07-14 00:00:00,Complete Sale
EV002935,2025-07-14 00:00:00,Dispatch Delivery
EV008214,2025-07-14 00:00:00,Complete Sale
EV010976,2025-07-14 00:00:00,Complete Sale
EV001360,2025-07-14 00:00:00,Dispatch Delivery
EV000183,2025-07-14 00:00:00,Create Purchase Order
EV014626,2025-07-14 01:00:00,Add Sales Order Item
EV014151,2025-07-14 01:00:00,Add Sales Order Item
EV014623,2025-07-14 01:00:00,Add Sales Order Item
EV012972,2025-07-14 01:00:00,Add Sales Order Item
EV010026,2025-07-14 01:00:00,Add Sales Order Item
EV014154,2025-07-14 01:00:00,Add Sales Order Item
EV014630,2025-07-14 01:00:00,Add Sales Order Item
EV004428,2025-07-14 04:00:00,Approve Purchase Order
EV000184,2025-07-14 04:00:00,Approve Purchase Order
EV004429,2025-07-15 00:00:00,Add PO Item
EV014152,2025-07-15 00:00:00,Ship Product
EV009745,2025-07-15 00:00:00,Ship Product
EV000185,2025-07-15 00:00:00,Add PO Item
EV002168,2025-07-15 00:00:00,Dispatch Delivery
EV000186,2025-07-15 00:00:00,Add PO Item
EV002753,2025-07-15 00:00:00,Receive Goods
EV013323,2025-07-15 00:00:00,Create Sales Order
EV002751,2025-07-15 00:00:00,Receive Goods
EV007678,2025-07-15 00:00:00,Complete Sale
EV014440,2025-07-15 00:00:00,Complete Sale
EV000017,2025-07-15 00:00:00,Receive Goods
EV014437,2025-07-15 00:00:00,Complete Sale
EV014439,2025-07-15 00:00:00,Ship Product
EV011957,2025-07-15 00:00:00,Complete Sale
EV005305,2025-07-15 00:00:00,Create Purchase Order
EV005948,2025-07-15 00:00:00,Ship Product
EV007677,2025-07-15 00:00:00,Ship Product
EV005952,2025-07-15 00:00:00,Ship Product
EV009996,2025-07-15 00:00:00,Ship Product
EV000014,2025-07-15 00:00:00,Receive Goods
EV013327,2025-07-15 01:00:00,Add Sales Order Item
EV013324,2025-07-15 01:00:00,Add Sales Order Item
EV013330,2025-07-15 01:00:00,Add Sales Order Item
EV005306,2025-07-15 04:00:00,Approve Purchase Order
EV000015,2025-07-15 08:00:00,Put Away
EV002754,2025-07-15 08:00:00,Put Away
EV000018,2025-07-15 08:00:00,Put Away
EV002752,2025-07-15 08:00:00,Put Away
EV001736,2025-07-16 00:00:00,Receive Goods
EV005641,2025-07-16 00:00:00,Complete Sale
EV005640,2025-07-16 00:00:00,Ship Product
EV014631,2025-07-16 00:00:00,Ship Product
EV010973,2025-07-16 00:00:00,Complete Sale
EV009997,2025-07-16 00:00:00,Complete Sale
EV008211,2025-07-16 00:00:00,Complete Sale
EV013359,2025-07-16 00:00:00,Ship Product
EV010972,2025-07-16 00:00:00,Ship Product
EV009837,2025-07-16 00:00:00,Create Sales Order
EV007674,2025-07-16 00:00:00,Ship Product
EV011577,2025-07-16 00:00:00,Create Sales Order
EV002374,2025-07-16 00:00:00,Dispatch Delivery
EV009989,2025-07-16 00:00:00,Complete Sale
EV014868,2025-07-16 00:00:00,Ship Product
EV013363,2025-07-16 00:00:00,Ship Product
EV005307,2025-07-16 00:00:00,Add PO Item
EV010978,2025-07-16 00:00:00,Ship Product
EV009841,2025-07-16 01:00:00,Add Sales Order Item
EV009838,2025-07-16 01:00:00,Add Sales Order Item
EV009844,2025-07-16 01:00:00,Add Sales Order Item
EV011584,2025-07-16 01:00:00,Add Sales Order Item
EV011581,2025-07-16 01:00:00,Add Sales Order Item
EV011578,2025-07-16 01:00:00,Add Sales Order Item
EV001737,2025-07-16 08:00:00,Put Away
EV014542,2025-07-17 00:00:00,Return Product
EV002936,2025-07-17 00:00:00,Receive Goods
EV009842,2025-07-17 00:00:00,Ship Product
EV009240,2025-07-17 00:00:00,Create Sales Order
EV013364,2025-07-17 00:00:00,Complete Sale
EV009119,2025-07-17 00:00:00,Create Sales Order
EV009746,2025-07-17 00:00:00,Complete Sale
EV014869,2025-07-17 00:00:00,Complete Sale
EV007675,2025-07-17 00:00:00,Complete Sale
EV010979,2025-07-17 00:00:00,Complete Sale
EV001870,2025-07-17 00:00:00,Create Purchase Order
EV009211,2025-07-17 00:00:00,Create Sales Order
EV000187,2025-07-17 00:00:00,Dispatch Delivery
EV000677,2025-07-17 00:00:00,Create Purchase Order
EV013326,2025-07-17 00:00:00,Complete Sale
EV005949,2025-07-17 00:00:00,Complete Sale
EV013325,2025-07-17 00:00:00,Ship Product
EV004430,2025-07-17 00:00:00,Dispatch Delivery
EV010028,2025-07-17 00:00:00,Complete Sale
EV014153,2025-07-17 00:00:00,Complete Sale
EV002862,2025-07-17 00:00:00,Create Purchase Order
EV010712,2025-07-17 00:00:00,Create Sales Order
EV010027,2025-07-17 00:00:00,Ship Product
EV005308,2025-07-17 00:00:00,Dispatch Delivery
EV005634,2025-07-17 00:00:00,Ship Product
EV004197,2025-07-17 00:00:00,Create Purchase Order
EV009845,2025-07-17 00:00:00,Ship Product
EV007681,2025-07-17 00:00:00,Complete Sale
EV007680,2025-07-17 00:00:00,Ship Product
EV005953,2025-07-17 00:00:00,Complete Sale
EV003901,2025-07-17 00:00:00,Dispatch Delivery
EV010713,2025-07-17 01:00:00,Add Sales Order Item
EV009126,2025-07-17 01:00:00,Add Sales Order Item
EV009120,2025-07-17 01:00:00,Add Sales Order Item
EV009244,2025-07-17 01:00:00,Add Sales Order Item
EV009247,2025-07-17 01:00:00,Add Sales Order Item
EV009212,2025-07-17 01:00:00,Add Sales Order Item
EV009123,2025-07-17 01:00:00,Add Sales Order Item
EV009241,2025-07-17 01:00:00,Add Sales Order Item
EV001871,2025-07-17 04:00:00,Approve Purchase Order
EV000678,2025-07-17 04:00:00,Approve Purchase Order
EV002863,2025-07-17 04:00:00,Approve Purchase Order
EV004198,2025-07-17 04:00:00,Approve Purchase Order
EV002937,2025-07-17 08:00:00,Put Away
EV000679,2025-07-18 00:00:00,Add PO Item
EV014632,2025-07-18 00:00:00,Complete Sale
EV009056,2025-07-18 00:00:00,Create Sales Order
EV010714,2025-07-18 00:00:00,Ship Product
EV014872,2025-07-18 00:00:00,Complete Sale
EV009213,2025-07-18 00:00:00,Ship Product
EV000415,2025-07-18 00:00:00,Receive Goods
EV002933,2025-07-18 00:00:00,Receive Goods
EV000086,2025-07-18 00:00:00,Create Purchase Order
EV002484,2025-07-18 00:00:00,Receive Goods
EV013360,2025-07-18 00:00:00,Complete Sale
EV009248,2025-07-18 00:00:00,Ship Product
EV005635,2025-07-18 00:00:00,Complete Sale
EV005637,2025-07-18 00:00:00,Ship Product
EV009124,2025-07-18 00:00:00,Ship Product
EV009125,2025-07-18 00:00:00,Complete Sale
EV010715,2025-07-18 00:00:00,Complete Sale
EV000417,2025-07-18 00:00:00,Receive Goods
EV001808,2025-07-18 00:00:00,Create Purchase Order
EV002482,2025-07-18 00:00:00,Receive Goods
EV014871,2025-07-18 00:00:00,Ship Product
EV011182,2025-07-18 00:00:00,Create Sales Order
EV002865,2025-07-18 00:00:00,Add PO Item
EV002864,2025-07-18 00:00:00,Add PO Item
EV011583,2025-07-18 00:00:00,Complete Sale
EV001872,2025-07-18 00:00:00,Add PO Item
EV011582,2025-07-18 00:00:00,Ship Product
EV011579,2025-07-18 00:00:00,Ship Product
EV004199,2025-07-18 00:00:00,Add PO Item
EV004200,2025-07-18 00:00:00,Add PO Item
EV010234,2025-07-18 00:00:00,Create Sales Order
EV008926,2025-07-18 00:00:00,Return Product
EV005403,2025-07-18 00:00:00,Dispatch Delivery
EV014773,2025-07-18 00:00:00,Create Sales Order
EV009057,2025-07-18 01:00:00,Add Sales Order Item
EV011189,2025-07-18 01:00:00,Add Sales Order Item
EV014774,2025-07-18 01:00:00,Add Sales Order Item
EV009060,2025-07-18 01:00:00,Add Sales Order Item
EV010235,2025-07-18 01:00:00,Add Sales Order Item
EV009063,2025-07-18 01:00:00,Add Sales Order Item
EV011186,2025-07-18 01:00:00,Add Sales Order Item
EV011183,2025-07-18 01:00:00,Add Sales Order Item
EV000087,2025-07-18 04:00:00,Approve Purchase Order
EV001809,2025-07-18 04:00:00,Approve Purchase Order
EV000416,2025-07-18 08:00:00,Put Away
EV002934,2025-07-18 08:00:00,Put Away
EV002483,2025-07-18 08:00:00,Put Away
EV000418,2025-07-18 08:00:00,Put Away
EV002485,2025-07-18 08:00:00,Put Away
EV010537,2025-07-19 00:00:00,Return Product
EV012973,2025-07-19 00:00:00,Ship Product
EV009058,2025-07-19 00:00:00,Ship Product
EV001365,2025-07-19 00:00:00,Dispatch Delivery
EV001873,2025-07-19 00:00:00,Dispatch Delivery
EV005519,2025-07-19 00:00:00,Create Sales Order
EV009843,2025-07-19 00:00:00,Complete Sale
EV013331,2025-07-19 00:00:00,Ship Product
EV009059,2025-07-19 00:00:00,Complete Sale
EV014624,2025-07-19 00:00:00,Ship Product
EV000088,2025-07-19 00:00:00,Add PO Item
EV001810,2025-07-19 00:00:00,Add PO Item
EV009214,2025-07-19 00:00:00,Complete Sale
EV009933,2025-07-19 00:00:00,Create Sales Order
EV000089,2025-07-19 00:00:00,Add PO Item
EV014155,2025-07-19 00:00:00,Ship Product
EV009846,2025-07-19 00:00:00,Complete Sale
EV012702,2025-07-19 00:00:00,Create Sales Order
EV014627,2025-07-19 00:00:00,Ship Product
EV006652,2025-07-19 00:00:00,Create Sales Order
EV006653,2025-07-19 01:00:00,Add Sales Order Item
EV005520,2025-07-19 01:00:00,Add Sales Order Item
EV012703,2025-07-19 01:00:00,Add Sales Order Item
EV006656,2025-07-19 01:00:00,Add Sales Order Item
EV009934,2025-07-19 01:00:00,Add Sales Order Item
EV005524,2025-07-19 01:00:00,Add Sales Order Item
EV005527,2025-07-19 01:00:00,Add Sales Order Item
EV001356,2025-07-20 00:00:00,Receive Goods
EV004201,2025-07-20 00:00:00,Dispatch Delivery
EV012974,2025-07-20 00:00:00,Complete Sale
EV011190,2025-07-20 00:00:00,Ship Product
EV000637,2025-07-20 00:00:00,Dispatch Delivery
EV009249,2025-07-20 00:00:00,Complete Sale
EV011580,2025-07-20 00:00:00,Complete Sale
EV005638,2025-07-20 00:00:00,Complete Sale
EV005528,2025-07-20 00:00:00,Ship Product
EV001358,2025-07-20 00:00:00,Receive Goods
EV005529,2025-07-20 00:00:00,Complete Sale
EV001793,2025-07-20 00:00:00,Create Purchase Order
EV000633,2025-07-20 00:00:00,Receive Goods
EV009935,2025-07-20 00:00:00,Ship Product
EV000635,2025-07-20 00:00:00,Receive Goods
EV013328,2025-07-20 00:00:00,Ship Product
EV013329,2025-07-20 00:00:00,Complete Sale
EV013332,2025-07-20 00:00:00,Complete Sale
EV000680,2025-07-20 00:00:00,Dispatch Delivery
EV011191,2025-07-20 00:00:00,Complete Sale
EV001794,2025-07-20 04:00:00,Approve Purchase Order
EV001357,2025-07-20 08:00:00,Put Away
EV000634,2025-07-20 08:00:00,Put Away
EV001359,2025-07-20 08:00:00,Put Away
EV000636,2025-07-20 08:00:00,Put Away
EV005850,2025-07-21 00:00:00,Create Sales Order
EV011187,2025-07-21 00:00:00,Ship Product
EV012219,2025-07-21 00:00:00,Create Sales Order
EV011585,2025-07-21 00:00:00,Ship Product
EV000024,2025-07-21 00:00:00,Receive Goods
EV002866,2025-07-21 00:00:00,Dispatch Delivery
EV014628,2025-07-21 00:00:00,Complete Sale
EV003667,2025-07-21 00:00:00,Receive Goods
EV001163,2025-07-21 00:00:00,Create Purchase Order
EV013717,2025-07-21 00:00:00,Create Sales Order
EV009839,2025-07-21 00:00:00,Ship Product
EV014156,2025-07-21 00:00:00,Complete Sale
EV001795,2025-07-21 00:00:00,Add PO Item
EV011188,2025-07-21 00:00:00,Complete Sale
EV008215,2025-07-21 00:00:00,Create Sales Order
EV009245,2025-07-21 00:00:00,Ship Product
EV003778,2025-07-21 00:00:00,Create Purchase Order
EV004093,2025-07-21 00:00:00,Receive Goods
EV000026,2025-07-21 00:00:00,Receive Goods
EV014625,2025-07-21 00:00:00,Complete Sale
EV004091,2025-07-21 00:00:00,Receive Goods
EV003665,2025-07-21 00:00:00,Receive Goods
EV009121,2025-07-21 00:00:00,Ship Product
EV005521,2025-07-21 00:00:00,Ship Product
EV009128,2025-07-21 00:00:00,Complete Sale
EV003576,2025-07-21 00:00:00,Create Purchase Order
EV009127,2025-07-21 00:00:00,Ship Product
EV009936,2025-07-21 00:00:00,Complete Sale
EV009061,2025-07-21 00:00:00,Ship Product
EV003669,2025-07-21 00:00:00,Receive Goods
EV005851,2025-07-21 01:00:00,Add Sales Order Item
EV008216,2025-07-21 01:00:00,Add Sales Order Item
EV012220,2025-07-21 01:00:00,Add Sales Order Item
EV012223,2025-07-21 01:00:00,Add Sales Order Item
EV005854,2025-07-21 01:00:00,Add Sales Order Item
EV013718,2025-07-21 01:00:00,Add Sales Order Item
EV008222,2025-07-21 01:00:00,Add Sales Order Item
EV008219,2025-07-21 01:00:00,Add Sales Order Item
EV001164,2025-07-21 04:00:00,Approve Purchase Order
EV003779,2025-07-21 04:00:00,Approve Purchase Order
EV003577,2025-07-21 04:00:00,Approve Purchase Order
EV003670,2025-07-21 08:00:00,Put Away
EV000025,2025-07-21 08:00:00,Put Away
EV003668,2025-07-21 08:00:00,Put Away
EV003666,2025-07-21 08:00:00,Put Away
EV000027,2025-07-21 08:00:00,Put Away
EV004094,2025-07-21 08:00:00,Put Away
EV004092,2025-07-21 08:00:00,Put Away
EV012704,2025-07-22 00:00:00,Ship Product
EV009064,2025-07-22 00:00:00,Ship Product
EV002166,2025-07-22 00:00:00,Receive Goods
EV011184,2025-07-22 00:00:00,Ship Product
EV012705,2025-07-22 00:00:00,Complete Sale
EV010236,2025-07-22 00:00:00,Ship Product
EV003780,2025-07-22 00:00:00,Add PO Item
EV001191,2025-07-22 00:00:00,Create Purchase Order
EV005311,2025-07-22 00:00:00,Dispatch Delivery
EV001739,2025-07-22 00:00:00,Receive Goods
EV008981,2025-07-22 00:00:00,Create Sales Order
EV009062,2025-07-22 00:00:00,Complete Sale
EV009246,2025-07-22 00:00:00,Complete Sale
EV002651,2025-07-22 00:00:00,Receive Goods
EV000049,2025-07-22 00:00:00,Create Purchase Order
EV009242,2025-07-22 00:00:00,Ship Product
EV009122,2025-07-22 00:00:00,Complete Sale
EV003578,2025-07-22 00:00:00,Add PO Item
EV005942,2025-07-22 00:00:00,Create Sales Order
EV001165,2025-07-22 00:00:00,Add PO Item
EV001167,2025-07-22 00:00:00,Add PO Item
EV001166,2025-07-22 00:00:00,Add PO Item
EV008982,2025-07-22 01:00:00,Add Sales Order Item
EV005943,2025-07-22 01:00:00,Add Sales Order Item
EV000050,2025-07-22 04:00:00,Approve Purchase Order
EV001192,2025-07-22 04:00:00,Approve Purchase Order
EV002652,2025-07-22 08:00:00,Put Away
EV002167,2025-07-22 08:00:00,Put Away
EV001740,2025-07-22 08:00:00,Put Away
EV008984,2025-07-23 00:00:00,Complete Sale
EV000051,2025-07-23 00:00:00,Add PO Item
EV008983,2025-07-23 00:00:00,Ship Product
EV000052,2025-07-23 00:00:00,Add PO Item
EV010188,2025-07-23 00:00:00,Create Sales Order
EV001193,2025-07-23 00:00:00,Add PO Item
EV009243,2025-07-23 00:00:00,Complete Sale
EV002020,2025-07-23 00:00:00,Create Purchase Order
EV005522,2025-07-23 00:00:00,Complete Sale
EV002377,2025-07-23 00:00:00,Dispatch Delivery
EV014775,2025-07-23 00:00:00,Ship Product
EV003850,2025-07-23 00:00:00,Create Purchase Order
EV001720,2025-07-23 00:00:00,Create Purchase Order
EV000367,2025-07-23 00:00:00,Create Purchase Order
EV005950,2025-07-23 00:00:00,Return Product
EV012221,2025-07-23 00:00:00,Ship Product
EV011586,2025-07-23 00:00:00,Complete Sale
EV009840,2025-07-23 00:00:00,Complete Sale
EV000090,2025-07-23 00:00:00,Dispatch Delivery
EV000651,2025-07-23 00:00:00,Create Purchase Order
EV011074,2025-07-23 00:00:00,Create Sales Order
EV010196,2025-07-23 01:00:00,Add Sales Order Item
EV010192,2025-07-23 01:00:00,Add Sales Order Item
EV010189,2025-07-23 01:00:00,Add Sales Order Item
EV011075,2025-07-23 01:00:00,Add Sales Order Item
EV002021,2025-07-23 04:00:00,Approve Purchase Order
EV001721,2025-07-23 04:00:00,Approve Purchase Order
EV000368,2025-07-23 04:00:00,Approve Purchase Order
EV003851,2025-07-23 04:00:00,Approve Purchase Order
EV000652,2025-07-23 04:00:00,Approve Purchase Order
EV005526,2025-07-24 00:00:00,Complete Sale
EV001722,2025-07-24 00:00:00,Add PO Item
EV010237,2025-07-24 00:00:00,Complete Sale
EV011185,2025-07-24 00:00:00,Complete Sale
EV000422,2025-07-24 00:00:00,Receive Goods
EV002022,2025-07-24 00:00:00,Add PO Item
EV014776,2025-07-24 00:00:00,Complete Sale
EV001361,2025-07-24 00:00:00,Receive Goods
EV001363,2025-07-24 00:00:00,Receive Goods
EV012224,2025-07-24 00:00:00,Ship Product
EV012222,2025-07-24 00:00:00,Complete Sale
EV000370,2025-07-24 00:00:00,Add PO Item
EV000369,2025-07-24 00:00:00,Add PO Item
EV008677,2025-07-24 00:00:00,Create Sales Order
EV009314,2025-07-24 00:00:00,Return Product
EV006654,2025-07-24 00:00:00,Ship Product
EV011833,2025-07-24 00:00:00,Create Sales Order
EV006657,2025-07-24 00:00:00,Ship Product
EV003852,2025-07-24 00:00:00,Add PO Item
EV001876,2025-07-24 00:00:00,Dispatch Delivery
EV000653,2025-07-24 00:00:00,Add PO Item
EV008223,2025-07-24 00:00:00,Ship Product
EV015133,2025-07-24 00:00:00,Create Sales Order
EV005525,2025-07-24 00:00:00,Ship Product
EV001168,2025-07-24 00:00:00,Dispatch Delivery
EV009065,2025-07-24 00:00:00,Complete Sale
EV006571,2025-07-24 00:00:00,Create Sales Order
EV004431,2025-07-24 00:00:00,Receive Goods
EV002204,2025-07-24 00:00:00,Create Purchase Order
EV001194,2025-07-24 00:00:00,Dispatch Delivery
EV000420,2025-07-24 00:00:00,Receive Goods
EV001075,2025-07-24 00:00:00,Receive Goods
EV009867,2025-07-24 00:00:00,Create Sales Order
EV014462,2025-07-24 00:00:00,Create Sales Order
EV002380,2025-07-24 00:00:00,Dispatch Delivery
EV005855,2025-07-24 00:00:00,Ship Product
EV005856,2025-07-24 00:00:00,Complete Sale
EV014463,2025-07-24 01:00:00,Add Sales Order Item
EV008684,2025-07-24 01:00:00,Add Sales Order Item
EV014466,2025-07-24 01:00:00,Add Sales Order Item
EV008681,2025-07-24 01:00:00,Add Sales Order Item
EV009868,2025-07-24 01:00:00,Add Sales Order Item
EV006572,2025-07-24 01:00:00,Add Sales Order Item
EV011840,2025-07-24 01:00:00,Add Sales Order Item
EV011837,2025-07-24 01:00:00,Add Sales Order Item
EV011834,2025-07-24 01:00:00,Add Sales Order Item
EV008678,2025-07-24 01:00:00,Add Sales Order Item
EV006575,2025-07-24 01:00:00,Add Sales Order Item
EV015134,2025-07-24 01:00:00,Add Sales Order Item
EV006578,2025-07-24 01:00:00,Add Sales Order Item
EV014469,2025-07-24 01:00:00,Add Sales Order Item
EV002205,2025-07-24 04:00:00,Approve Purchase Order
EV004432,2025-07-24 08:00:00,Put Away
EV000423,2025-07-24 08:00:00,Put Away
EV000421,2025-07-24 08:00:00,Put Away
EV001076,2025-07-24 08:00:00,Put Away
EV001362,2025-07-24 08:00:00,Put Away
EV001364,2025-07-24 08:00:00,Put Away
EV002207,2025-07-25 00:00:00,Add PO Item
EV014471,2025-07-25 00:00:00,Complete Sale
EV012225,2025-07-25 00:00:00,Complete Sale
EV002654,2025-07-25 00:00:00,Receive Goods
EV002206,2025-07-25 00:00:00,Add PO Item
EV005944,2025-07-25 00:00:00,Ship Product
EV011378,2025-07-25 00:00:00,Create Sales Order
EV006658,2025-07-25 00:00:00,Complete Sale
EV008220,2025-07-25 00:00:00,Ship Product
EV002169,2025-07-25 00:00:00,Receive Goods
EV001811,2025-07-25 00:00:00,Dispatch Delivery
EV006579,2025-07-25 00:00:00,Ship Product
EV006574,2025-07-25 00:00:00,Complete Sale
EV006580,2025-07-25 00:00:00,Complete Sale
EV014470,2025-07-25 00:00:00,Ship Product
EV005404,2025-07-25 00:00:00,Receive Goods
EV005406,2025-07-25 00:00:00,Receive Goods
EV006573,2025-07-25 00:00:00,Ship Product
EV003579,2025-07-25 00:00:00,Dispatch Delivery
EV006868,2025-07-25 00:00:00,Return Product
EV011382,2025-07-25 01:00:00,Add Sales Order Item
EV011379,2025-07-25 01:00:00,Add Sales Order Item
EV005407,2025-07-25 08:00:00,Put Away
EV005405,2025-07-25 08:00:00,Put Away
EV002655,2025-07-25 08:00:00,Put Away
EV002170,2025-07-25 08:00:00,Put Away
EV002208,2025-07-26 00:00:00,Dispatch Delivery
EV010198,2025-07-26 00:00:00,Complete Sale
EV010197,2025-07-26 00:00:00,Ship Product
EV004098,2025-07-26 00:00:00,Receive Goods
EV004096,2025-07-26 00:00:00,Receive Goods
EV015019,2025-07-26 00:00:00,Create Sales Order
EV005852,2025-07-26 00:00:00,Ship Product
EV011076,2025-07-26 00:00:00,Ship Product
EV005853,2025-07-26 00:00:00,Complete Sale
EV005945,2025-07-26 00:00:00,Complete Sale
EV008217,2025-07-26 00:00:00,Ship Product
EV011077,2025-07-26 00:00:00,Complete Sale
EV001874,2025-07-26 00:00:00,Receive Goods
EV002871,2025-07-26 00:00:00,Dispatch Delivery
EV006655,2025-07-26 00:00:00,Complete Sale
EV001814,2025-07-26 00:00:00,Dispatch Delivery
EV013719,2025-07-26 00:00:00,Ship Product
EV003949,2025-07-26 00:00:00,Create Purchase Order
EV001796,2025-07-26 00:00:00,Dispatch Delivery
EV006576,2025-07-26 00:00:00,Ship Product
EV008682,2025-07-26 00:00:00,Ship Product
EV004560,2025-07-26 00:00:00,Create Purchase Order
EV014524,2025-07-26 00:00:00,Create Sales Order
EV008685,2025-07-26 00:00:00,Ship Product
EV008224,2025-07-26 00:00:00,Complete Sale
EV014525,2025-07-26 01:00:00,Add Sales Order Item
EV015026,2025-07-26 01:00:00,Add Sales Order Item
EV015020,2025-07-26 01:00:00,Add Sales Order Item
EV015023,2025-07-26 01:00:00,Add Sales Order Item
EV003950,2025-07-26 04:00:00,Approve Purchase Order
EV004561,2025-07-26 04:00:00,Approve Purchase Order
EV004097,2025-07-26 08:00:00,Put Away
EV004099,2025-07-26 08:00:00,Put Away
EV001875,2025-07-26 08:00:00,Put Away
EV001723,2025-07-27 00:00:00,Dispatch Delivery
EV010191,2025-07-27 00:00:00,Complete Sale
EV009963,2025-07-27 00:00:00,Create Sales Order
EV010193,2025-07-27 00:00:00,Ship Product
EV003952,2025-07-27 00:00:00,Add PO Item
EV007198,2025-07-27 00:00:00,Create Sales Order
EV003072,2025-07-27 00:00:00,Create Purchase Order
EV003951,2025-07-27 00:00:00,Add PO Item
EV000028,2025-07-27 00:00:00,Create Purchase Order
EV010190,2025-07-27 00:00:00,Ship Product
EV000053,2025-07-27 00:00:00,Dispatch Delivery
EV008221,2025-07-27 00:00:00,Complete Sale
EV011380,2025-07-27 00:00:00,Ship Product
EV008218,2025-07-27 00:00:00,Complete Sale
EV000683,2025-07-27 00:00:00,Dispatch Delivery
EV012550,2025-07-27 00:00:00,Create Sales Order
EV006577,2025-07-27 00:00:00,Complete Sale
EV011838,2025-07-27 00:00:00,Ship Product
EV000638,2025-07-27 00:00:00,Receive Goods
EV008253,2025-07-27 00:00:00,Create Sales Order
EV011835,2025-07-27 00:00:00,Ship Product
EV004563,2025-07-27 00:00:00,Add PO Item
EV000640,2025-07-27 00:00:00,Receive Goods
EV004562,2025-07-27 00:00:00,Add PO Item
EV009967,2025-07-27 01:00:00,Add Sales Order Item
EV008254,2025-07-27 01:00:00,Add Sales Order Item
EV009964,2025-07-27 01:00:00,Add Sales Order Item
EV007199,2025-07-27 01:00:00,Add Sales Order Item
EV009970,2025-07-27 01:00:00,Add Sales Order Item
EV012551,2025-07-27 01:00:00,Add Sales Order Item
EV012554,2025-07-27 01:00:00,Add Sales Order Item
EV000029,2025-07-27 04:00:00,Approve Purchase Order
EV003073,2025-07-27 04:00:00,Approve Purchase Order
EV000641,2025-07-27 08:00:00,Put Away
EV000639,2025-07-27 08:00:00,Put Away
EV013720,2025-07-28 00:00:00,Complete Sale
EV012555,2025-07-28 00:00:00,Ship Product
EV008679,2025-07-28 00:00:00,Ship Product
EV013315,2025-07-28 00:00:00,Create Sales Order
EV012552,2025-07-28 00:00:00,Ship Product
EV003074,2025-07-28 00:00:00,Add PO Item
EV003075,2025-07-28 00:00:00,Add PO Item
EV000032,2025-07-28 00:00:00,Add PO Item
EV000030,2025-07-28 00:00:00,Add PO Item
EV000654,2025-07-28 00:00:00,Dispatch Delivery
EV015135,2025-07-28 00:00:00,Ship Product
EV000031,2025-07-28 00:00:00,Add PO Item
EV008686,2025-07-28 00:00:00,Complete Sale
EV007863,2025-07-28 00:00:00,Create Sales Order
EV002078,2025-07-28 00:00:00,Create Purchase Order
EV014612,2025-07-28 00:00:00,Create Sales Order
EV008683,2025-07-28 00:00:00,Complete Sale
EV014464,2025-07-28 00:00:00,Ship Product
EV011836,2025-07-28 00:00:00,Complete Sale
EV009869,2025-07-28 00:00:00,Ship Product
EV015136,2025-07-28 00:00:00,Complete Sale
EV014467,2025-07-28 00:00:00,Ship Product
EV011384,2025-07-28 00:00:00,Complete Sale
EV003781,2025-07-28 00:00:00,Dispatch Delivery
EV011383,2025-07-28 00:00:00,Ship Product
EV007864,2025-07-28 01:00:00,Add Sales Order Item
EV014619,2025-07-28 01:00:00,Add Sales Order Item
EV013316,2025-07-28 01:00:00,Add Sales Order Item
EV014616,2025-07-28 01:00:00,Add Sales Order Item
EV014613,2025-07-28 01:00:00,Add Sales Order Item
EV007867,2025-07-28 01:00:00,Add Sales Order Item
EV002079,2025-07-28 04:00:00,Approve Purchase Order
EV010194,2025-07-29 00:00:00,Complete Sale
EV001122,2025-07-29 00:00:00,Receive Goods
EV011842,2025-07-29 00:00:00,Complete Sale
EV004311,2025-07-29 00:00:00,Create Purchase Order
EV002080,2025-07-29 00:00:00,Add PO Item
EV011381,2025-07-29 00:00:00,Complete Sale
EV012553,2025-07-29 00:00:00,Complete Sale
EV002026,2025-07-29 00:00:00,Dispatch Delivery
EV003582,2025-07-29 00:00:00,Dispatch Delivery
EV005957,2025-07-29 00:00:00,Return Product
EV003748,2025-07-29 00:00:00,Receive Goods
EV011841,2025-07-29 00:00:00,Ship Product
EV005314,2025-07-29 00:00:00,Dispatch Delivery
EV002023,2025-07-29 00:00:00,Dispatch Delivery
EV011839,2025-07-29 00:00:00,Complete Sale
EV009250,2025-07-29 00:00:00,Return Product
EV012556,2025-07-29 00:00:00,Complete Sale
EV014465,2025-07-29 00:00:00,Complete Sale
EV003853,2025-07-29 00:00:00,Dispatch Delivery
EV004312,2025-07-29 04:00:00,Approve Purchase Order
EV001123,2025-07-29 08:00:00,Put Away
EV003749,2025-07-29 08:00:00,Put Away
EV004313,2025-07-30 00:00:00,Add PO Item
EV014468,2025-07-30 00:00:00,Complete Sale
EV006281,2025-07-30 00:00:00,Create Sales Order
EV004314,2025-07-30 00:00:00,Add PO Item
EV004682,2025-07-30 00:00:00,Create Purchase Order
EV007865,2025-07-30 00:00:00,Ship Product
EV004202,2025-07-30 00:00:00,Receive Goods
EV006514,2025-07-30 00:00:00,Create Sales Order
EV004204,2025-07-30 00:00:00,Receive Goods
EV009965,2025-07-30 00:00:00,Ship Product
EV002237,2025-07-30 00:00:00,Create Purchase Order
EV013317,2025-07-30 00:00:00,Ship Product
EV000371,2025-07-30 00:00:00,Dispatch Delivery
EV001826,2025-07-30 00:00:00,Create Purchase Order
EV008680,2025-07-30 00:00:00,Complete Sale
EV015027,2025-07-30 00:00:00,Ship Product
EV009870,2025-07-30 00:00:00,Complete Sale
EV006285,2025-07-30 01:00:00,Add Sales Order Item
EV006518,2025-07-30 01:00:00,Add Sales Order Item
EV006515,2025-07-30 01:00:00,Add Sales Order Item
EV006282,2025-07-30 01:00:00,Add Sales Order Item
EV004683,2025-07-30 04:00:00,Approve Purchase Order
EV001827,2025-07-30 04:00:00,Approve Purchase Order
EV002238,2025-07-30 04:00:00,Approve Purchase Order
EV004205,2025-07-30 08:00:00,Put Away
EV004203,2025-07-30 08:00:00,Put Away
EV007866,2025-07-31 00:00:00,Complete Sale
EV001879,2025-07-31 00:00:00,Dispatch Delivery
EV014614,2025-07-31 00:00:00,Ship Product
EV014617,2025-07-31 00:00:00,Ship Product
EV013703,2025-07-31 00:00:00,Create Sales Order
EV008386,2025-07-31 00:00:00,Create Sales Order
EV001173,2025-07-31 00:00:00,Receive Goods
EV001171,2025-07-31 00:00:00,Receive Goods
EV001169,2025-07-31 00:00:00,Receive Goods
EV014364,2025-07-31 00:00:00,Create Sales Order
EV003784,2025-07-31 00:00:00,Dispatch Delivery
EV000058,2025-07-31 00:00:00,Dispatch Delivery
EV009966,2025-07-31 00:00:00,Complete Sale
EV002876,2025-07-31 00:00:00,Dispatch Delivery
EV002990,2025-07-31 00:00:00,Create Purchase Order
EV001828,2025-07-31 00:00:00,Add PO Item
EV002869,2025-07-31 00:00:00,Receive Goods
EV014526,2025-07-31 00:00:00,Ship Product
EV007604,2025-07-31 00:00:00,Return Product
EV002657,2025-07-31 00:00:00,Receive Goods
EV003904,2025-07-31 00:00:00,Create Purchase Order
EV015021,2025-07-31 00:00:00,Ship Product
EV002867,2025-07-31 00:00:00,Receive Goods
EV009968,2025-07-31 00:00:00,Ship Product
EV015024,2025-07-31 00:00:00,Ship Product
EV001877,2025-07-31 00:00:00,Receive Goods
EV001175,2025-07-31 00:00:00,Dispatch Delivery
EV009969,2025-07-31 00:00:00,Complete Sale
EV004684,2025-07-31 00:00:00,Add PO Item
EV008255,2025-07-31 00:00:00,Ship Product
EV006645,2025-07-31 00:00:00,Create Sales Order
EV015025,2025-07-31 00:00:00,Complete Sale
EV002239,2025-07-31 00:00:00,Add PO Item
EV006646,2025-07-31 01:00:00,Add Sales Order Item
EV014368,2025-07-31 01:00:00,Add Sales Order Item
EV013704,2025-07-31 01:00:00,Add Sales Order Item
EV008393,2025-07-31 01:00:00,Add Sales Order Item
EV008387,2025-07-31 01:00:00,Add Sales Order Item
EV006649,2025-07-31 01:00:00,Add Sales Order Item
EV014365,2025-07-31 01:00:00,Add Sales Order Item
EV008390,2025-07-31 01:00:00,Add Sales Order Item
EV003905,2025-07-31 04:00:00,Approve Purchase Order
EV002991,2025-07-31 04:00:00,Approve Purchase Order
EV002658,2025-07-31 08:00:00,Put Away
EV001878,2025-07-31 08:00:00,Put Away
EV002868,2025-07-31 08:00:00,Put Away
EV001170,2025-07-31 08:00:00,Put Away
EV001172,2025-07-31 08:00:00,Put Away
EV001174,2025-07-31 08:00:00,Put Away
EV002870,2025-07-31 08:00:00,Put Away
EV007200,2025-08-01 00:00:00,Ship Product
EV004219,2025-08-01 00:00:00,Receive Goods
EV014527,2025-08-01 00:00:00,Complete Sale
EV008391,2025-08-01 00:00:00,Ship Product
EV001015,2025-08-01 00:00:00,Receive Goods
EV013318,2025-08-01 00:00:00,Complete Sale
EV000033,2025-08-01 00:00:00,Dispatch Delivery
EV003907,2025-08-01 00:00:00,Add PO Item
EV014366,2025-08-01 00:00:00,Ship Product
EV001437,2025-08-01 00:00:00,Create Purchase Order
EV008256,2025-08-01 00:00:00,Complete Sale
EV004564,2025-08-01 00:00:00,Dispatch Delivery
EV001726,2025-08-01 00:00:00,Dispatch Delivery
EV003906,2025-08-01 00:00:00,Add PO Item
EV009971,2025-08-01 00:00:00,Ship Product
EV008388,2025-08-01 00:00:00,Ship Product
EV014369,2025-08-01 00:00:00,Ship Product
EV001197,2025-08-01 00:00:00,Dispatch Delivery
EV014367,2025-08-01 00:00:00,Complete Sale
EV002992,2025-08-01 00:00:00,Add PO Item
EV011270,2025-08-01 00:00:00,Create Sales Order
EV000657,2025-08-01 00:00:00,Dispatch Delivery
EV015028,2025-08-01 00:00:00,Complete Sale
EV014618,2025-08-01 00:00:00,Complete Sale
EV002081,2025-08-01 00:00:00,Dispatch Delivery
EV003953,2025-08-01 00:00:00,Dispatch Delivery
EV000686,2025-08-01 00:00:00,Dispatch Delivery
EV011274,2025-08-01 01:00:00,Add Sales Order Item
EV011271,2025-08-01 01:00:00,Add Sales Order Item
EV011277,2025-08-01 01:00:00,Add Sales Order Item
EV001438,2025-08-01 04:00:00,Approve Purchase Order
EV001016,2025-08-01 08:00:00,Put Away
EV004220,2025-08-01 08:00:00,Put Away
EV003076,2025-08-02 00:00:00,Dispatch Delivery
EV010850,2025-08-02 00:00:00,Create Sales Order
EV011272,2025-08-02 00:00:00,Ship Product
EV001797,2025-08-02 00:00:00,Receive Goods
EV014359,2025-08-02 00:00:00,Create Sales Order
EV007868,2025-08-02 00:00:00,Ship Product
EV001439,2025-08-02 00:00:00,Add PO Item
EV002240,2025-08-02 00:00:00,Dispatch Delivery
EV014615,2025-08-02 00:00:00,Complete Sale
EV009972,2025-08-02 00:00:00,Complete Sale
EV014620,2025-08-02 00:00:00,Ship Product
EV015022,2025-08-02 00:00:00,Complete Sale
EV006283,2025-08-02 00:00:00,Ship Product
EV006286,2025-08-02 00:00:00,Ship Product
EV006913,2025-08-02 00:00:00,Create Sales Order
EV003787,2025-08-02 00:00:00,Dispatch Delivery
EV002029,2025-08-02 00:00:00,Dispatch Delivery
EV014363,2025-08-02 01:00:00,Add Sales Order Item
EV014360,2025-08-02 01:00:00,Add Sales Order Item
EV010854,2025-08-02 01:00:00,Add Sales Order Item
EV010851,2025-08-02 01:00:00,Add Sales Order Item
EV006914,2025-08-02 01:00:00,Add Sales Order Item
EV010857,2025-08-02 01:00:00,Add Sales Order Item
EV001798,2025-08-02 08:00:00,Put Away
EV005668,2025-08-03 00:00:00,Create Sales Order
EV002993,2025-08-03 00:00:00,Dispatch Delivery
EV000376,2025-08-03 00:00:00,Dispatch Delivery
EV013489,2025-08-03 00:00:00,Create Sales Order
EV000063,2025-08-03 00:00:00,Dispatch Delivery
EV007201,2025-08-03 00:00:00,Complete Sale
EV008389,2025-08-03 00:00:00,Complete Sale
EV014097,2025-08-03 00:00:00,Create Sales Order
EV008394,2025-08-03 00:00:00,Ship Product
EV013644,2025-08-03 00:00:00,Create Sales Order
EV008392,2025-08-03 00:00:00,Complete Sale
EV008523,2025-08-03 00:00:00,Create Sales Order
EV006287,2025-08-03 00:00:00,Complete Sale
EV013009,2025-08-03 00:00:00,Create Sales Order
EV011276,2025-08-03 00:00:00,Complete Sale
EV014370,2025-08-03 00:00:00,Complete Sale
EV006650,2025-08-03 00:00:00,Ship Product
EV000381,2025-08-03 00:00:00,Dispatch Delivery
EV014621,2025-08-03 00:00:00,Complete Sale
EV011453,2025-08-03 00:00:00,Create Sales Order
EV002213,2025-08-03 00:00:00,Dispatch Delivery
EV011273,2025-08-03 00:00:00,Complete Sale
EV007869,2025-08-03 00:00:00,Complete Sale
EV013221,2025-08-03 00:00:00,Create Sales Order
EV013706,2025-08-03 00:00:00,Complete Sale
EV013705,2025-08-03 00:00:00,Ship Product
EV006519,2025-08-03 00:00:00,Ship Product
EV006520,2025-08-03 00:00:00,Complete Sale
EV011275,2025-08-03 00:00:00,Ship Product
EV001729,2025-08-03 00:00:00,Dispatch Delivery
EV005669,2025-08-03 01:00:00,Add Sales Order Item
EV013645,2025-08-03 01:00:00,Add Sales Order Item
EV013016,2025-08-03 01:00:00,Add Sales Order Item
EV014098,2025-08-03 01:00:00,Add Sales Order Item
EV008524,2025-08-03 01:00:00,Add Sales Order Item
EV013010,2025-08-03 01:00:00,Add Sales Order Item
EV013496,2025-08-03 01:00:00,Add Sales Order Item
EV013493,2025-08-03 01:00:00,Add Sales Order Item
EV013228,2025-08-03 01:00:00,Add Sales Order Item
EV013225,2025-08-03 01:00:00,Add Sales Order Item
EV013013,2025-08-03 01:00:00,Add Sales Order Item
EV013222,2025-08-03 01:00:00,Add Sales Order Item
EV013490,2025-08-03 01:00:00,Add Sales Order Item
EV011454,2025-08-03 01:00:00,Add Sales Order Item
EV000188,2025-08-04 00:00:00,Receive Goods
EV010855,2025-08-04 00:00:00,Ship Product
EV004315,2025-08-04 00:00:00,Dispatch Delivery
EV004569,2025-08-04 00:00:00,Dispatch Delivery
EV013011,2025-08-04 00:00:00,Ship Product
EV004320,2025-08-04 00:00:00,Dispatch Delivery
EV006516,2025-08-04 00:00:00,Ship Product
EV006517,2025-08-04 00:00:00,Complete Sale
EV010858,2025-08-04 00:00:00,Ship Product
EV003954,2025-08-04 00:00:00,Receive Goods
EV013012,2025-08-04 00:00:00,Complete Sale
EV011455,2025-08-04 00:00:00,Ship Product
EV000190,2025-08-04 00:00:00,Receive Goods
EV006135,2025-08-04 00:00:00,Create Sales Order
EV009645,2025-08-04 00:00:00,Create Sales Order
EV006284,2025-08-04 00:00:00,Complete Sale
EV004871,2025-08-04 00:00:00,Create Purchase Order
EV001829,2025-08-04 00:00:00,Dispatch Delivery
EV004685,2025-08-04 00:00:00,Dispatch Delivery
EV001812,2025-08-04 00:00:00,Receive Goods
EV003956,2025-08-04 00:00:00,Receive Goods
EV006139,2025-08-04 01:00:00,Add Sales Order Item
EV009649,2025-08-04 01:00:00,Add Sales Order Item
EV006136,2025-08-04 01:00:00,Add Sales Order Item
EV006142,2025-08-04 01:00:00,Add Sales Order Item
EV009646,2025-08-04 01:00:00,Add Sales Order Item
EV004872,2025-08-04 04:00:00,Approve Purchase Order
EV000191,2025-08-04 08:00:00,Put Away
EV000189,2025-08-04 08:00:00,Put Away
EV003957,2025-08-04 08:00:00,Put Away
EV001813,2025-08-04 08:00:00,Put Away
EV003955,2025-08-04 08:00:00,Put Away
EV010859,2025-08-05 00:00:00,Complete Sale
EV008395,2025-08-05 00:00:00,Complete Sale
EV013074,2025-08-05 00:00:00,Create Sales Order
EV008420,2025-08-05 00:00:00,Create Sales Order
EV002218,2025-08-05 00:00:00,Dispatch Delivery
EV001324,2025-08-05 00:00:00,Create Purchase Order
EV006647,2025-08-05 00:00:00,Ship Product
EV005587,2025-08-05 00:00:00,Create Sales Order
EV014361,2025-08-05 00:00:00,Ship Product
EV011278,2025-08-05 00:00:00,Ship Product
EV004874,2025-08-05 00:00:00,Add PO Item
EV003908,2025-08-05 00:00:00,Dispatch Delivery
EV011279,2025-08-05 00:00:00,Complete Sale
EV006140,2025-08-05 00:00:00,Ship Product
EV002874,2025-08-05 00:00:00,Receive Goods
EV012786,2025-08-05 00:00:00,Create Sales Order
EV004873,2025-08-05 00:00:00,Add PO Item
EV002872,2025-08-05 00:00:00,Receive Goods
EV001440,2025-08-05 00:00:00,Dispatch Delivery
EV006651,2025-08-05 00:00:00,Complete Sale
EV008525,2025-08-05 00:00:00,Ship Product
EV006648,2025-08-05 00:00:00,Complete Sale
EV002449,2025-08-05 00:00:00,Create Purchase Order
EV004222,2025-08-05 00:00:00,Receive Goods
EV001815,2025-08-05 00:00:00,Receive Goods
EV008421,2025-08-05 01:00:00,Add Sales Order Item
EV008424,2025-08-05 01:00:00,Add Sales Order Item
EV012790,2025-08-05 01:00:00,Add Sales Order Item
EV005588,2025-08-05 01:00:00,Add Sales Order Item
EV013075,2025-08-05 01:00:00,Add Sales Order Item
EV012787,2025-08-05 01:00:00,Add Sales Order Item
EV001325,2025-08-05 04:00:00,Approve Purchase Order
EV002450,2025-08-05 04:00:00,Approve Purchase Order
EV001816,2025-08-05 08:00:00,Put Away
EV002875,2025-08-05 08:00:00,Put Away
EV004223,2025-08-05 08:00:00,Put Away
EV002873,2025-08-05 08:00:00,Put Away
EV005589,2025-08-06 00:00:00,Ship Product
EV010445,2025-08-06 00:00:00,Create Sales Order
EV010853,2025-08-06 00:00:00,Complete Sale
EV011456,2025-08-06 00:00:00,Complete Sale
EV002451,2025-08-06 00:00:00,Add PO Item
EV010852,2025-08-06 00:00:00,Ship Product
EV002452,2025-08-06 00:00:00,Add PO Item
EV002243,2025-08-06 00:00:00,Dispatch Delivery
EV003958,2025-08-06 00:00:00,Dispatch Delivery
EV013497,2025-08-06 00:00:00,Ship Product
EV006143,2025-08-06 00:00:00,Ship Product
EV013223,2025-08-06 00:00:00,Ship Product
EV013224,2025-08-06 00:00:00,Complete Sale
EV002084,2025-08-06 00:00:00,Dispatch Delivery
EV010856,2025-08-06 00:00:00,Complete Sale
EV001326,2025-08-06 00:00:00,Add PO Item
EV010446,2025-08-06 01:00:00,Add Sales Order Item
EV010449,2025-08-06 01:00:00,Add Sales Order Item
EV005670,2025-08-07 00:00:00,Ship Product
EV014889,2025-08-07 00:00:00,Create Sales Order
EV008526,2025-08-07 00:00:00,Complete Sale
EV013226,2025-08-07 00:00:00,Ship Product
EV013646,2025-08-07 00:00:00,Ship Product
EV013227,2025-08-07 00:00:00,Complete Sale
EV013229,2025-08-07 00:00:00,Ship Product
EV006915,2025-08-07 00:00:00,Ship Product
EV006141,2025-08-07 00:00:00,Complete Sale
EV003210,2025-08-07 00:00:00,Create Purchase Order
EV001880,2025-08-07 00:00:00,Receive Goods
EV007660,2025-08-07 00:00:00,Create Sales Order
EV005002,2025-08-07 00:00:00,Create Purchase Order
EV001327,2025-08-07 00:00:00,Dispatch Delivery
EV005671,2025-08-07 00:00:00,Complete Sale
EV000660,2025-08-07 00:00:00,Dispatch Delivery
EV012788,2025-08-07 00:00:00,Ship Product
EV009650,2025-08-07 00:00:00,Ship Product
EV008422,2025-08-07 00:00:00,Ship Product
EV014362,2025-08-07 00:00:00,Complete Sale
EV000681,2025-08-07 00:00:00,Receive Goods
EV014099,2025-08-07 00:00:00,Ship Product
EV014890,2025-08-07 01:00:00,Add Sales Order Item
EV007661,2025-08-07 01:00:00,Add Sales Order Item
EV005003,2025-08-07 04:00:00,Approve Purchase Order
EV003211,2025-08-07 04:00:00,Approve Purchase Order
EV000682,2025-08-07 08:00:00,Put Away
EV001881,2025-08-07 08:00:00,Put Away
EV006144,2025-08-08 00:00:00,Complete Sale
EV008622,2025-08-08 00:00:00,Create Sales Order
EV005005,2025-08-08 00:00:00,Add PO Item
EV013076,2025-08-08 00:00:00,Ship Product
EV013230,2025-08-08 00:00:00,Complete Sale
EV010447,2025-08-08 00:00:00,Ship Product
EV005004,2025-08-08 00:00:00,Add PO Item
EV013014,2025-08-08 00:00:00,Ship Product
EV009647,2025-08-08 00:00:00,Ship Product
EV013017,2025-08-08 00:00:00,Ship Product
EV005590,2025-08-08 00:00:00,Complete Sale
EV003212,2025-08-08 00:00:00,Add PO Item
EV012226,2025-08-08 00:00:00,Return Product
EV013491,2025-08-08 00:00:00,Ship Product
EV013498,2025-08-08 00:00:00,Complete Sale
EV008423,2025-08-08 00:00:00,Complete Sale
EV001021,2025-08-08 00:00:00,Receive Goods
EV013494,2025-08-08 00:00:00,Ship Product
EV002027,2025-08-08 00:00:00,Receive Goods
EV002024,2025-08-08 00:00:00,Receive Goods
EV002453,2025-08-08 00:00:00,Dispatch Delivery
EV006137,2025-08-08 00:00:00,Ship Product
EV011355,2025-08-08 00:00:00,Create Sales Order
EV010428,2025-08-08 00:00:00,Create Sales Order
EV012789,2025-08-08 00:00:00,Complete Sale
EV011359,2025-08-08 01:00:00,Add Sales Order Item
EV011362,2025-08-08 01:00:00,Add Sales Order Item
EV011356,2025-08-08 01:00:00,Add Sales Order Item
EV008623,2025-08-08 01:00:00,Add Sales Order Item
EV010432,2025-08-08 01:00:00,Add Sales Order Item
EV010429,2025-08-08 01:00:00,Add Sales Order Item
EV008626,2025-08-08 01:00:00,Add Sales Order Item
EV008630,2025-08-08 01:00:00,Add Sales Order Item
EV002025,2025-08-08 08:00:00,Put Away
EV002028,2025-08-08 08:00:00,Put Away
EV001022,2025-08-08 08:00:00,Put Away
EV009648,2025-08-09 00:00:00,Complete Sale
EV012583,2025-08-09 00:00:00,Create Sales Order
EV003961,2025-08-09 00:00:00,Receive Goods
EV012791,2025-08-09 00:00:00,Ship Product
EV003959,2025-08-09 00:00:00,Receive Goods
EV012792,2025-08-09 00:00:00,Complete Sale
EV005523,2025-08-09 00:00:00,Return Product
EV011363,2025-08-09 00:00:00,Ship Product
EV013647,2025-08-09 00:00:00,Complete Sale
EV002241,2025-08-09 00:00:00,Receive Goods
EV013015,2025-08-09 00:00:00,Complete Sale
EV006138,2025-08-09 00:00:00,Complete Sale
EV005530,2025-08-09 00:00:00,Return Product
EV010980,2025-08-09 00:00:00,Create Sales Order
EV009651,2025-08-09 00:00:00,Complete Sale
EV006916,2025-08-09 00:00:00,Complete Sale
EV002996,2025-08-09 00:00:00,Dispatch Delivery
EV014100,2025-08-09 00:00:00,Complete Sale
EV013018,2025-08-09 00:00:00,Complete Sale
EV006560,2025-08-09 00:00:00,Create Sales Order
EV010450,2025-08-09 00:00:00,Ship Product
EV010451,2025-08-09 00:00:00,Complete Sale
EV011679,2025-08-09 00:00:00,Create Sales Order
EV011680,2025-08-09 01:00:00,Add Sales Order Item
EV010987,2025-08-09 01:00:00,Add Sales Order Item
EV012587,2025-08-09 01:00:00,Add Sales Order Item
EV010984,2025-08-09 01:00:00,Add Sales Order Item
EV010981,2025-08-09 01:00:00,Add Sales Order Item
EV006564,2025-08-09 01:00:00,Add Sales Order Item
EV006561,2025-08-09 01:00:00,Add Sales Order Item
EV012591,2025-08-09 01:00:00,Add Sales Order Item
EV012584,2025-08-09 01:00:00,Add Sales Order Item
EV002242,2025-08-09 08:00:00,Put Away
EV003962,2025-08-09 08:00:00,Put Away
EV003960,2025-08-09 08:00:00,Put Away
EV010448,2025-08-10 00:00:00,Complete Sale
EV008085,2025-08-10 00:00:00,Create Sales Order
EV007663,2025-08-10 00:00:00,Complete Sale
EV008425,2025-08-10 00:00:00,Ship Product
EV007662,2025-08-10 00:00:00,Ship Product
EV002671,2025-08-10 00:00:00,Create Purchase Order
EV008625,2025-08-10 00:00:00,Complete Sale
EV006825,2025-08-10 00:00:00,Create Sales Order
EV008624,2025-08-10 00:00:00,Ship Product
EV003820,2025-08-10 00:00:00,Create Purchase Order
EV008627,2025-08-10 00:00:00,Ship Product
EV004875,2025-08-10 00:00:00,Dispatch Delivery
EV011360,2025-08-10 00:00:00,Ship Product
EV003899,2025-08-10 00:00:00,Receive Goods
EV011361,2025-08-10 00:00:00,Complete Sale
EV014629,2025-08-10 00:00:00,Return Product
EV011364,2025-08-10 00:00:00,Complete Sale
EV002879,2025-08-10 00:00:00,Receive Goods
EV010982,2025-08-10 00:00:00,Ship Product
EV001443,2025-08-10 00:00:00,Dispatch Delivery
EV004688,2025-08-10 00:00:00,Dispatch Delivery
EV004574,2025-08-10 00:00:00,Dispatch Delivery
EV014891,2025-08-10 00:00:00,Ship Product
EV000308,2025-08-10 00:00:00,Create Purchase Order
EV013495,2025-08-10 00:00:00,Complete Sale
EV013492,2025-08-10 00:00:00,Complete Sale
EV013077,2025-08-10 00:00:00,Complete Sale
EV008572,2025-08-10 00:00:00,Create Sales Order
EV011681,2025-08-10 00:00:00,Ship Product
EV011682,2025-08-10 00:00:00,Complete Sale
EV010983,2025-08-10 00:00:00,Complete Sale
EV002877,2025-08-10 00:00:00,Receive Goods
EV008086,2025-08-10 01:00:00,Add Sales Order Item
EV006826,2025-08-10 01:00:00,Add Sales Order Item
EV006829,2025-08-10 01:00:00,Add Sales Order Item
EV008089,2025-08-10 01:00:00,Add Sales Order Item
EV008092,2025-08-10 01:00:00,Add Sales Order Item
EV008576,2025-08-10 01:00:00,Add Sales Order Item
EV008573,2025-08-10 01:00:00,Add Sales Order Item
EV000309,2025-08-10 04:00:00,Approve Purchase Order
EV002672,2025-08-10 04:00:00,Approve Purchase Order
EV003821,2025-08-10 04:00:00,Approve Purchase Order
EV003900,2025-08-10 08:00:00,Put Away
EV002880,2025-08-10 08:00:00,Put Away
EV002878,2025-08-10 08:00:00,Put Away
EV002674,2025-08-11 00:00:00,Add PO Item
EV002673,2025-08-11 00:00:00,Add PO Item
EV012328,2025-08-11 00:00:00,Create Sales Order
EV006213,2025-08-11 00:00:00,Create Sales Order
EV011357,2025-08-11 00:00:00,Ship Product
EV008631,2025-08-11 00:00:00,Ship Product
EV006827,2025-08-11 00:00:00,Ship Product
EV000036,2025-08-11 00:00:00,Receive Goods
EV000310,2025-08-11 00:00:00,Add PO Item
EV003822,2025-08-11 00:00:00,Add PO Item
EV000038,2025-08-11 00:00:00,Receive Goods
EV001330,2025-08-11 00:00:00,Dispatch Delivery
EV005642,2025-08-11 00:00:00,Create Sales Order
EV002456,2025-08-11 00:00:00,Receive Goods
EV010430,2025-08-11 00:00:00,Ship Product
EV001195,2025-08-11 00:00:00,Receive Goods
EV011233,2025-08-11 00:00:00,Create Sales Order
EV002454,2025-08-11 00:00:00,Receive Goods
EV005408,2025-08-11 00:00:00,Create Purchase Order
EV014892,2025-08-11 00:00:00,Complete Sale
EV000034,2025-08-11 00:00:00,Receive Goods
EV007557,2025-08-11 00:00:00,Create Sales Order
EV006565,2025-08-11 00:00:00,Ship Product
EV006563,2025-08-11 00:00:00,Complete Sale
EV013446,2025-08-11 00:00:00,Create Sales Order
EV006562,2025-08-11 00:00:00,Ship Product
EV005647,2025-08-11 01:00:00,Add Sales Order Item
EV011237,2025-08-11 01:00:00,Add Sales Order Item
EV005643,2025-08-11 01:00:00,Add Sales Order Item
EV006214,2025-08-11 01:00:00,Add Sales Order Item
EV012329,2025-08-11 01:00:00,Add Sales Order Item
EV006220,2025-08-11 01:00:00,Add Sales Order Item
EV006217,2025-08-11 01:00:00,Add Sales Order Item
EV007561,2025-08-11 01:00:00,Add Sales Order Item
EV011234,2025-08-11 01:00:00,Add Sales Order Item
EV007558,2025-08-11 01:00:00,Add Sales Order Item
EV007564,2025-08-11 01:00:00,Add Sales Order Item
EV013447,2025-08-11 01:00:00,Add Sales Order Item
EV005409,2025-08-11 04:00:00,Approve Purchase Order
EV000037,2025-08-11 08:00:00,Put Away
EV002455,2025-08-11 08:00:00,Put Away
EV002457,2025-08-11 08:00:00,Put Away
EV000039,2025-08-11 08:00:00,Put Away
EV000035,2025-08-11 08:00:00,Put Away
EV001196,2025-08-11 08:00:00,Put Away
EV006566,2025-08-12 00:00:00,Complete Sale
EV010431,2025-08-12 00:00:00,Complete Sale
EV001366,2025-08-12 00:00:00,Receive Goods
EV004325,2025-08-12 00:00:00,Dispatch Delivery
EV010988,2025-08-12 00:00:00,Ship Product
EV007559,2025-08-12 00:00:00,Ship Product
EV008090,2025-08-12 00:00:00,Ship Product
EV001446,2025-08-12 00:00:00,Dispatch Delivery
EV003580,2025-08-12 00:00:00,Receive Goods
EV002601,2025-08-12 00:00:00,Create Purchase Order
EV003213,2025-08-12 00:00:00,Dispatch Delivery
EV014401,2025-08-12 00:00:00,Create Sales Order
EV012330,2025-08-12 00:00:00,Ship Product
EV011358,2025-08-12 00:00:00,Complete Sale
EV004880,2025-08-12 00:00:00,Dispatch Delivery
EV005006,2025-08-12 00:00:00,Dispatch Delivery
EV012592,2025-08-12 00:00:00,Ship Product
EV008628,2025-08-12 00:00:00,Complete Sale
EV008426,2025-08-12 00:00:00,Complete Sale
EV005410,2025-08-12 00:00:00,Add PO Item
EV006221,2025-08-12 00:00:00,Ship Product
EV013361,2025-08-12 00:00:00,Return Product
EV001368,2025-08-12 00:00:00,Receive Goods
EV002030,2025-08-12 00:00:00,Receive Goods
EV008091,2025-08-12 00:00:00,Complete Sale
EV014402,2025-08-12 01:00:00,Add Sales Order Item
EV002602,2025-08-12 04:00:00,Approve Purchase Order
EV002031,2025-08-12 08:00:00,Put Away
EV001369,2025-08-12 08:00:00,Put Away
EV001367,2025-08-12 08:00:00,Put Away
EV003581,2025-08-12 08:00:00,Put Away
EV005411,2025-08-13 00:00:00,Dispatch Delivery
EV011798,2025-08-13 00:00:00,Create Sales Order
EV010433,2025-08-13 00:00:00,Ship Product
EV015034,2025-08-13 00:00:00,Return Product
EV008574,2025-08-13 00:00:00,Ship Product
EV012331,2025-08-13 00:00:00,Complete Sale
EV008577,2025-08-13 00:00:00,Ship Product
EV012585,2025-08-13 00:00:00,Ship Product
EV002603,2025-08-13 00:00:00,Add PO Item
EV002604,2025-08-13 00:00:00,Add PO Item
EV006828,2025-08-13 00:00:00,Complete Sale
EV006222,2025-08-13 00:00:00,Complete Sale
EV008632,2025-08-13 00:00:00,Complete Sale
EV002680,2025-08-13 00:00:00,Create Purchase Order
EV012451,2025-08-13 00:00:00,Create Sales Order
EV013119,2025-08-13 00:00:00,Create Sales Order
EV003077,2025-08-13 00:00:00,Receive Goods
EV003079,2025-08-13 00:00:00,Receive Goods
EV003591,2025-08-13 00:00:00,Create Purchase Order
EV002244,2025-08-13 00:00:00,Receive Goods
EV012458,2025-08-13 01:00:00,Add Sales Order Item
EV013124,2025-08-13 01:00:00,Add Sales Order Item
EV013120,2025-08-13 01:00:00,Add Sales Order Item
EV012455,2025-08-13 01:00:00,Add Sales Order Item
EV011802,2025-08-13 01:00:00,Add Sales Order Item
EV011799,2025-08-13 01:00:00,Add Sales Order Item
EV012452,2025-08-13 01:00:00,Add Sales Order Item
EV003592,2025-08-13 04:00:00,Approve Purchase Order
EV002681,2025-08-13 04:00:00,Approve Purchase Order
EV002245,2025-08-13 08:00:00,Put Away
EV003080,2025-08-13 08:00:00,Put Away
EV003078,2025-08-13 08:00:00,Put Away
EV011238,2025-08-14 00:00:00,Ship Product
EV012586,2025-08-14 00:00:00,Complete Sale
EV000684,2025-08-14 00:00:00,Receive Goods
EV000488,2025-08-14 00:00:00,Create Purchase Order
EV012588,2025-08-14 00:00:00,Ship Product
EV002682,2025-08-14 00:00:00,Add PO Item
EV007560,2025-08-14 00:00:00,Complete Sale
EV007565,2025-08-14 00:00:00,Ship Product
EV001830,2025-08-14 00:00:00,Receive Goods
EV003823,2025-08-14 00:00:00,Dispatch Delivery
EV012593,2025-08-14 00:00:00,Complete Sale
EV012459,2025-08-14 00:00:00,Ship Product
EV004318,2025-08-14 00:00:00,Receive Goods
EV004316,2025-08-14 00:00:00,Receive Goods
EV000311,2025-08-14 00:00:00,Dispatch Delivery
EV004323,2025-08-14 00:00:00,Receive Goods
EV010985,2025-08-14 00:00:00,Ship Product
EV010986,2025-08-14 00:00:00,Complete Sale
EV008578,2025-08-14 00:00:00,Complete Sale
EV004321,2025-08-14 00:00:00,Receive Goods
EV001331,2025-08-14 00:00:00,Receive Goods
EV003594,2025-08-14 00:00:00,Add PO Item
EV015029,2025-08-14 00:00:00,Return Product
EV003595,2025-08-14 00:00:00,Add PO Item
EV010990,2025-08-14 00:00:00,Create Sales Order
EV003593,2025-08-14 00:00:00,Add PO Item
EV010989,2025-08-14 00:00:00,Complete Sale
EV002458,2025-08-14 00:00:00,Dispatch Delivery
EV010991,2025-08-14 01:00:00,Add Sales Order Item
EV010994,2025-08-14 01:00:00,Add Sales Order Item
EV000489,2025-08-14 04:00:00,Approve Purchase Order
EV004319,2025-08-14 08:00:00,Put Away
EV001332,2025-08-14 08:00:00,Put Away
EV004322,2025-08-14 08:00:00,Put Away
EV004324,2025-08-14 08:00:00,Put Away
EV004317,2025-08-14 08:00:00,Put Away
EV000685,2025-08-14 08:00:00,Put Away
EV001831,2025-08-14 08:00:00,Put Away
EV012234,2025-08-15 00:00:00,Create Sales Order
EV008087,2025-08-15 00:00:00,Ship Product
EV007566,2025-08-15 00:00:00,Complete Sale
EV002675,2025-08-15 00:00:00,Dispatch Delivery
EV006830,2025-08-15 00:00:00,Ship Product
EV011754,2025-08-15 00:00:00,Create Sales Order
EV006218,2025-08-15 00:00:00,Ship Product
EV011235,2025-08-15 00:00:00,Ship Product
EV006219,2025-08-15 00:00:00,Complete Sale
EV008575,2025-08-15 00:00:00,Complete Sale
EV008225,2025-08-15 00:00:00,Return Product
EV015086,2025-08-15 00:00:00,Create Sales Order
EV008821,2025-08-15 00:00:00,Create Sales Order
EV013448,2025-08-15 00:00:00,Ship Product
EV010434,2025-08-15 00:00:00,Complete Sale
EV000490,2025-08-15 00:00:00,Add PO Item
EV008093,2025-08-15 00:00:00,Ship Product
EV008094,2025-08-15 00:00:00,Complete Sale
EV011801,2025-08-15 00:00:00,Complete Sale
EV011800,2025-08-15 00:00:00,Ship Product
EV007563,2025-08-15 00:00:00,Complete Sale
EV007562,2025-08-15 00:00:00,Ship Product
EV000655,2025-08-15 00:00:00,Receive Goods
EV005644,2025-08-15 00:00:00,Ship Product
EV012453,2025-08-15 00:00:00,Ship Product
EV008822,2025-08-15 01:00:00,Add Sales Order Item
EV011761,2025-08-15 01:00:00,Add Sales Order Item
EV011758,2025-08-15 01:00:00,Add Sales Order Item
EV012241,2025-08-15 01:00:00,Add Sales Order Item
EV012238,2025-08-15 01:00:00,Add Sales Order Item
EV012235,2025-08-15 01:00:00,Add Sales Order Item
EV008825,2025-08-15 01:00:00,Add Sales Order Item
EV011755,2025-08-15 01:00:00,Add Sales Order Item
EV015087,2025-08-15 01:00:00,Add Sales Order Item
EV008828,2025-08-15 01:00:00,Add Sales Order Item
EV000656,2025-08-15 08:00:00,Put Away
EV008829,2025-08-16 00:00:00,Ship Product
EV011239,2025-08-16 00:00:00,Complete Sale
EV004936,2025-08-16 00:00:00,Create Purchase Order
EV015088,2025-08-16 00:00:00,Ship Product
EV006831,2025-08-16 00:00:00,Complete Sale
EV008823,2025-08-16 00:00:00,Ship Product
EV007639,2025-08-16 00:00:00,Create Sales Order
EV003596,2025-08-16 00:00:00,Dispatch Delivery
EV003557,2025-08-16 00:00:00,Create Purchase Order
EV005011,2025-08-16 00:00:00,Dispatch Delivery
EV012589,2025-08-16 00:00:00,Complete Sale
EV005648,2025-08-16 00:00:00,Ship Product
EV006215,2025-08-16 00:00:00,Ship Product
EV015089,2025-08-16 00:00:00,Complete Sale
EV011759,2025-08-16 00:00:00,Ship Product
EV009384,2025-08-16 00:00:00,Create Sales Order
EV004686,2025-08-16 00:00:00,Receive Goods
EV010992,2025-08-16 00:00:00,Ship Product
EV012460,2025-08-16 00:00:00,Complete Sale
EV003583,2025-08-16 00:00:00,Receive Goods
EV005335,2025-08-16 00:00:00,Receive Goods
EV004972,2025-08-16 00:00:00,Create Purchase Order
EV010993,2025-08-16 00:00:00,Complete Sale
EV012236,2025-08-16 00:00:00,Ship Product
EV012237,2025-08-16 00:00:00,Complete Sale
EV012240,2025-08-16 00:00:00,Complete Sale
EV012239,2025-08-16 00:00:00,Ship Product
EV012209,2025-08-16 00:00:00,Create Sales Order
EV005649,2025-08-16 00:00:00,Complete Sale
EV013125,2025-08-16 00:00:00,Ship Product
EV013121,2025-08-16 00:00:00,Ship Product
EV014403,2025-08-16 00:00:00,Ship Product
EV014404,2025-08-16 00:00:00,Complete Sale
EV012454,2025-08-16 00:00:00,Complete Sale
EV007644,2025-08-16 01:00:00,Add Sales Order Item
EV012210,2025-08-16 01:00:00,Add Sales Order Item
EV007647,2025-08-16 01:00:00,Add Sales Order Item
EV009388,2025-08-16 01:00:00,Add Sales Order Item
EV012216,2025-08-16 01:00:00,Add Sales Order Item
EV009385,2025-08-16 01:00:00,Add Sales Order Item
EV007640,2025-08-16 01:00:00,Add Sales Order Item
EV012213,2025-08-16 01:00:00,Add Sales Order Item
EV003558,2025-08-16 04:00:00,Approve Purchase Order
EV004937,2025-08-16 04:00:00,Approve Purchase Order
EV004973,2025-08-16 04:00:00,Approve Purchase Order
EV003584,2025-08-16 08:00:00,Put Away
EV004687,2025-08-16 08:00:00,Put Away
EV005336,2025-08-16 08:00:00,Put Away
EV011236,2025-08-17 00:00:00,Complete Sale
EV010995,2025-08-17 00:00:00,Ship Product
EV010996,2025-08-17 00:00:00,Complete Sale
EV004330,2025-08-17 00:00:00,Create Purchase Order
EV004938,2025-08-17 00:00:00,Add PO Item
EV003902,2025-08-17 00:00:00,Receive Goods
EV005414,2025-08-17 00:00:00,Dispatch Delivery
EV013126,2025-08-17 00:00:00,Complete Sale
EV012211,2025-08-17 00:00:00,Ship Product
EV010938,2025-08-17 00:00:00,Create Sales Order
EV000491,2025-08-17 00:00:00,Dispatch Delivery
EV008088,2025-08-17 00:00:00,Complete Sale
EV007998,2025-08-17 00:00:00,Create Sales Order
EV005645,2025-08-17 00:00:00,Complete Sale
EV004975,2025-08-17 00:00:00,Add PO Item
EV007648,2025-08-17 00:00:00,Ship Product
EV013449,2025-08-17 00:00:00,Complete Sale
EV004974,2025-08-17 00:00:00,Add PO Item
EV012242,2025-08-17 00:00:00,Ship Product
EV012243,2025-08-17 00:00:00,Complete Sale
EV003560,2025-08-17 00:00:00,Add PO Item
EV003559,2025-08-17 00:00:00,Add PO Item
EV008830,2025-08-17 00:00:00,Complete Sale
EV004296,2025-08-17 00:00:00,Create Purchase Order
EV007645,2025-08-17 00:00:00,Ship Product
EV010942,2025-08-17 01:00:00,Add Sales Order Item
EV008002,2025-08-17 01:00:00,Add Sales Order Item
EV007999,2025-08-17 01:00:00,Add Sales Order Item
EV010945,2025-08-17 01:00:00,Add Sales Order Item
EV010939,2025-08-17 01:00:00,Add Sales Order Item
EV004297,2025-08-17 04:00:00,Approve Purchase Order
EV004331,2025-08-17 04:00:00,Approve Purchase Order
EV003903,2025-08-17 08:00:00,Put Away
EV007646,2025-08-18 00:00:00,Complete Sale
EV013122,2025-08-18 00:00:00,Complete Sale
EV009754,2025-08-18 00:00:00,Create Sales Order
EV008000,2025-08-18 00:00:00,Ship Product
EV004298,2025-08-18 00:00:00,Add PO Item
EV008004,2025-08-18 00:00:00,Complete Sale
EV006216,2025-08-18 00:00:00,Complete Sale
EV004299,2025-08-18 00:00:00,Add PO Item
EV011804,2025-08-18 00:00:00,Complete Sale
EV001328,2025-08-18 00:00:00,Receive Goods
EV002683,2025-08-18 00:00:00,Dispatch Delivery
EV003561,2025-08-18 00:00:00,Dispatch Delivery
EV008824,2025-08-18 00:00:00,Complete Sale
EV011756,2025-08-18 00:00:00,Ship Product
EV008003,2025-08-18 00:00:00,Ship Product
EV012457,2025-08-18 00:00:00,Complete Sale
EV004332,2025-08-18 00:00:00,Add PO Item
EV000404,2025-08-18 00:00:00,Create Purchase Order
EV011760,2025-08-18 00:00:00,Complete Sale
EV004179,2025-08-18 00:00:00,Create Purchase Order
EV007641,2025-08-18 00:00:00,Ship Product
EV011803,2025-08-18 00:00:00,Ship Product
EV012456,2025-08-18 00:00:00,Ship Product
EV009755,2025-08-18 01:00:00,Add Sales Order Item
EV009758,2025-08-18 01:00:00,Add Sales Order Item
EV000405,2025-08-18 04:00:00,Approve Purchase Order
EV004180,2025-08-18 04:00:00,Approve Purchase Order
EV001329,2025-08-18 08:00:00,Put Away
EV000658,2025-08-19 00:00:00,Receive Goods
EV001198,2025-08-19 00:00:00,Receive Goods
EV000406,2025-08-19 00:00:00,Add PO Item
EV013499,2025-08-19 00:00:00,Return Product
EV008826,2025-08-19 00:00:00,Ship Product
EV012217,2025-08-19 00:00:00,Ship Product
EV012297,2025-08-19 00:00:00,Create Sales Order
EV002605,2025-08-19 00:00:00,Dispatch Delivery
EV009389,2025-08-19 00:00:00,Ship Product
EV007642,2025-08-19 00:00:00,Complete Sale
EV004181,2025-08-19 00:00:00,Add PO Item
EV009484,2025-08-19 00:00:00,Create Sales Order
EV010738,2025-08-19 00:00:00,Create Sales Order
EV004981,2025-08-19 00:00:00,Create Purchase Order
EV004395,2025-08-19 00:00:00,Create Purchase Order
EV002082,2025-08-19 00:00:00,Receive Goods
EV007649,2025-08-19 00:00:00,Complete Sale
EV011757,2025-08-19 00:00:00,Complete Sale
EV012212,2025-08-19 00:00:00,Complete Sale
EV010403,2025-08-19 00:00:00,Create Sales Order
EV005312,2025-08-19 00:00:00,Receive Goods
EV010742,2025-08-19 01:00:00,Add Sales Order Item
EV009488,2025-08-19 01:00:00,Add Sales Order Item
EV010404,2025-08-19 01:00:00,Add Sales Order Item
EV009491,2025-08-19 01:00:00,Add Sales Order Item
EV012305,2025-08-19 01:00:00,Add Sales Order Item
EV010739,2025-08-19 01:00:00,Add Sales Order Item
EV010407,2025-08-19 01:00:00,Add Sales Order Item
EV012298,2025-08-19 01:00:00,Add Sales Order Item
EV012301,2025-08-19 01:00:00,Add Sales Order Item
EV009485,2025-08-19 01:00:00,Add Sales Order Item
EV010745,2025-08-19 01:00:00,Add Sales Order Item
EV004982,2025-08-19 04:00:00,Approve Purchase Order
EV004396,2025-08-19 04:00:00,Approve Purchase Order
EV001199,2025-08-19 08:00:00,Put Away
EV002083,2025-08-19 08:00:00,Put Away
EV005313,2025-08-19 08:00:00,Put Away
EV000659,2025-08-19 08:00:00,Put Away
EV008827,2025-08-20 00:00:00,Complete Sale
EV014142,2025-08-20 00:00:00,Create Sales Order
EV009386,2025-08-20 00:00:00,Ship Product
EV001018,2025-08-20 00:00:00,Receive Goods
EV008831,2025-08-20 00:00:00,Create Sales Order
EV012214,2025-08-20 00:00:00,Ship Product
EV007250,2025-08-20 00:00:00,Create Sales Order
EV012218,2025-08-20 00:00:00,Complete Sale
EV004397,2025-08-20 00:00:00,Add PO Item
EV000091,2025-08-20 00:00:00,Receive Goods
EV000093,2025-08-20 00:00:00,Receive Goods
EV010940,2025-08-20 00:00:00,Ship Product
EV004983,2025-08-20 00:00:00,Add PO Item
EV000492,2025-08-20 00:00:00,Receive Goods
EV008001,2025-08-20 00:00:00,Complete Sale
EV010395,2025-08-20 00:00:00,Create Sales Order
EV002537,2025-08-20 00:00:00,Create Purchase Order
EV002378,2025-08-20 00:00:00,Receive Goods
EV012215,2025-08-20 00:00:00,Complete Sale
EV011762,2025-08-20 00:00:00,Ship Product
EV010396,2025-08-20 01:00:00,Add Sales Order Item
EV014143,2025-08-20 01:00:00,Add Sales Order Item
EV007254,2025-08-20 01:00:00,Add Sales Order Item
EV007257,2025-08-20 01:00:00,Add Sales Order Item
EV008832,2025-08-20 01:00:00,Add Sales Order Item
EV007251,2025-08-20 01:00:00,Add Sales Order Item
EV002538,2025-08-20 04:00:00,Approve Purchase Order
EV000493,2025-08-20 08:00:00,Put Away
EV000092,2025-08-20 08:00:00,Put Away
EV001019,2025-08-20 08:00:00,Put Away
EV000094,2025-08-20 08:00:00,Put Away
EV002379,2025-08-20 08:00:00,Put Away
EV002459,2025-08-21 00:00:00,Receive Goods
EV004300,2025-08-21 00:00:00,Dispatch Delivery
EV005309,2025-08-21 00:00:00,Receive Goods
EV003937,2025-08-21 00:00:00,Create Purchase Order
EV002994,2025-08-21 00:00:00,Receive Goods
EV004182,2025-08-21 00:00:00,Dispatch Delivery
EV010744,2025-08-21 00:00:00,Complete Sale
EV004398,2025-08-21 00:00:00,Dispatch Delivery
EV010743,2025-08-21 00:00:00,Ship Product
EV010740,2025-08-21 00:00:00,Ship Product
EV004984,2025-08-21 00:00:00,Dispatch Delivery
EV004939,2025-08-21 00:00:00,Dispatch Delivery
EV009489,2025-08-21 00:00:00,Ship Product
EV002684,2025-08-21 00:00:00,Receive Goods
EV003826,2025-08-21 00:00:00,Dispatch Delivery
EV002461,2025-08-21 00:00:00,Receive Goods
EV009390,2025-08-21 00:00:00,Complete Sale
EV008120,2025-08-21 00:00:00,Create Sales Order
EV007255,2025-08-21 00:00:00,Ship Product
EV010408,2025-08-21 00:00:00,Ship Product
EV010946,2025-08-21 00:00:00,Ship Product
EV010943,2025-08-21 00:00:00,Ship Product
EV004225,2025-08-21 00:00:00,Receive Goods
EV002539,2025-08-21 00:00:00,Add PO Item
EV008121,2025-08-21 01:00:00,Add Sales Order Item
EV008124,2025-08-21 01:00:00,Add Sales Order Item
EV008127,2025-08-21 01:00:00,Add Sales Order Item
EV003938,2025-08-21 04:00:00,Approve Purchase Order
EV002685,2025-08-21 08:00:00,Put Away
EV002462,2025-08-21 08:00:00,Put Away
EV004226,2025-08-21 08:00:00,Put Away
EV005310,2025-08-21 08:00:00,Put Away
EV002460,2025-08-21 08:00:00,Put Away
EV002995,2025-08-21 08:00:00,Put Away
EV009387,2025-08-22 00:00:00,Complete Sale
EV001176,2025-08-22 00:00:00,Receive Goods
EV001178,2025-08-22 00:00:00,Receive Goods
EV009492,2025-08-22 00:00:00,Ship Product
EV004976,2025-08-22 00:00:00,Dispatch Delivery
EV010941,2025-08-22 00:00:00,Complete Sale
EV013993,2025-08-22 00:00:00,Create Sales Order
EV001458,2025-08-22 00:00:00,Create Purchase Order
EV009757,2025-08-22 00:00:00,Complete Sale
EV010195,2025-08-22 00:00:00,Return Product
EV009756,2025-08-22 00:00:00,Ship Product
EV003939,2025-08-22 00:00:00,Add PO Item
EV001180,2025-08-22 00:00:00,Receive Goods
EV010947,2025-08-22 00:00:00,Complete Sale
EV007256,2025-08-22 00:00:00,Complete Sale
EV004328,2025-08-22 00:00:00,Receive Goods
EV010405,2025-08-22 00:00:00,Ship Product
EV004326,2025-08-22 00:00:00,Receive Goods
EV011763,2025-08-22 00:00:00,Complete Sale
EV000470,2025-08-22 00:00:00,Create Purchase Order
EV007689,2025-08-22 00:00:00,Create Sales Order
EV004239,2025-08-22 00:00:00,Create Purchase Order
EV007252,2025-08-22 00:00:00,Ship Product
EV002610,2025-08-22 00:00:00,Dispatch Delivery
EV013994,2025-08-22 01:00:00,Add Sales Order Item
EV007693,2025-08-22 01:00:00,Add Sales Order Item
EV007696,2025-08-22 01:00:00,Add Sales Order Item
EV007690,2025-08-22 01:00:00,Add Sales Order Item
EV001459,2025-08-22 04:00:00,Approve Purchase Order
EV004240,2025-08-22 04:00:00,Approve Purchase Order
EV000471,2025-08-22 04:00:00,Approve Purchase Order
EV001177,2025-08-22 08:00:00,Put Away
EV004327,2025-08-22 08:00:00,Put Away
EV001181,2025-08-22 08:00:00,Put Away
EV001179,2025-08-22 08:00:00,Put Away
EV004329,2025-08-22 08:00:00,Put Away
EV010563,2025-08-23 00:00:00,Create Sales Order
EV008110,2025-08-23 00:00:00,Create Sales Order
EV006317,2025-08-23 00:00:00,Create Sales Order
EV002211,2025-08-23 00:00:00,Receive Goods
EV011843,2025-08-23 00:00:00,Return Product
EV002615,2025-08-23 00:00:00,Dispatch Delivery
EV001460,2025-08-23 00:00:00,Add PO Item
EV007692,2025-08-23 00:00:00,Complete Sale
EV004241,2025-08-23 00:00:00,Add PO Item
EV014893,2025-08-23 00:00:00,Return Product
EV003909,2025-08-23 00:00:00,Receive Goods
EV012299,2025-08-23 00:00:00,Ship Product
EV012483,2025-08-23 00:00:00,Create Sales Order
EV008833,2025-08-23 00:00:00,Ship Product
EV002209,2025-08-23 00:00:00,Receive Goods
EV010435,2025-08-23 00:00:00,Create Sales Order
EV010944,2025-08-23 00:00:00,Complete Sale
EV000472,2025-08-23 00:00:00,Add PO Item
EV009759,2025-08-23 00:00:00,Ship Product
EV003911,2025-08-23 00:00:00,Receive Goods
EV001441,2025-08-23 00:00:00,Receive Goods
EV007691,2025-08-23 00:00:00,Ship Product
EV004333,2025-08-23 00:00:00,Dispatch Delivery
EV009490,2025-08-23 00:00:00,Complete Sale
EV007253,2025-08-23 00:00:00,Complete Sale
EV006705,2025-08-23 00:00:00,Create Sales Order
EV010409,2025-08-23 00:00:00,Complete Sale
EV009486,2025-08-23 00:00:00,Ship Product
EV010741,2025-08-23 00:00:00,Complete Sale
EV001768,2025-08-23 00:00:00,Create Purchase Order
EV000095,2025-08-23 00:00:00,Create Purchase Order
EV004942,2025-08-23 00:00:00,Dispatch Delivery
EV004945,2025-08-23 00:00:00,Create Purchase Order
EV010436,2025-08-23 01:00:00,Add Sales Order Item
EV010564,2025-08-23 01:00:00,Add Sales Order Item
EV010439,2025-08-23 01:00:00,Add Sales Order Item
EV008117,2025-08-23 01:00:00,Add Sales Order Item
EV008114,2025-08-23 01:00:00,Add Sales Order Item
EV006710,2025-08-23 01:00:00,Add Sales Order Item
EV010442,2025-08-23 01:00:00,Add Sales Order Item
EV006706,2025-08-23 01:00:00,Add Sales Order Item
EV012484,2025-08-23 01:00:00,Add Sales Order Item
EV006321,2025-08-23 01:00:00,Add Sales Order Item
EV006318,2025-08-23 01:00:00,Add Sales Order Item
EV008111,2025-08-23 01:00:00,Add Sales Order Item
EV006324,2025-08-23 01:00:00,Add Sales Order Item
EV004946,2025-08-23 04:00:00,Approve Purchase Order
EV000096,2025-08-23 04:00:00,Approve Purchase Order
EV001769,2025-08-23 04:00:00,Approve Purchase Order
EV002212,2025-08-23 08:00:00,Put Away
EV001442,2025-08-23 08:00:00,Put Away
EV003910,2025-08-23 08:00:00,Put Away
EV003912,2025-08-23 08:00:00,Put Away
EV002210,2025-08-23 08:00:00,Put Away
EV008125,2025-08-24 00:00:00,Ship Product
EV009493,2025-08-24 00:00:00,Complete Sale
EV008834,2025-08-24 00:00:00,Complete Sale
EV000054,2025-08-24 00:00:00,Receive Goods
EV000056,2025-08-24 00:00:00,Receive Goods
EV012302,2025-08-24 00:00:00,Ship Product
EV010397,2025-08-24 00:00:00,Ship Product
EV011418,2025-08-24 00:00:00,Create Sales Order
EV010438,2025-08-24 00:00:00,Complete Sale
EV010441,2025-08-24 00:00:00,Complete Sale
EV010746,2025-08-24 00:00:00,Ship Product
EV000473,2025-08-24 00:00:00,Dispatch Delivery
EV010440,2025-08-24 00:00:00,Ship Product
EV002085,2025-08-24 00:00:00,Receive Goods
EV009760,2025-08-24 00:00:00,Complete Sale
EV006711,2025-08-24 00:00:00,Ship Product
EV010437,2025-08-24 00:00:00,Ship Product
EV012306,2025-08-24 00:00:00,Ship Product
EV004947,2025-08-24 00:00:00,Add PO Item
EV000098,2025-08-24 00:00:00,Add PO Item
EV010406,2025-08-24 00:00:00,Complete Sale
EV005560,2025-08-24 00:00:00,Create Sales Order
EV001771,2025-08-24 00:00:00,Add PO Item
EV011222,2025-08-24 00:00:00,Create Sales Order
EV008112,2025-08-24 00:00:00,Ship Product
EV001770,2025-08-24 00:00:00,Add PO Item
EV007259,2025-08-24 00:00:00,Complete Sale
EV001724,2025-08-24 00:00:00,Receive Goods
EV007258,2025-08-24 00:00:00,Ship Product
EV006707,2025-08-24 00:00:00,Ship Product
EV000097,2025-08-24 00:00:00,Add PO Item
EV011223,2025-08-24 01:00:00,Add Sales Order Item
EV011226,2025-08-24 01:00:00,Add Sales Order Item
EV005561,2025-08-24 01:00:00,Add Sales Order Item
EV011422,2025-08-24 01:00:00,Add Sales Order Item
EV011419,2025-08-24 01:00:00,Add Sales Order Item
EV005564,2025-08-24 01:00:00,Add Sales Order Item
EV005567,2025-08-24 01:00:00,Add Sales Order Item
EV001725,2025-08-24 08:00:00,Put Away
EV000055,2025-08-24 08:00:00,Put Away
EV002086,2025-08-24 08:00:00,Put Away
EV000057,2025-08-24 08:00:00,Put Away
EV008113,2025-08-25 00:00:00,Complete Sale
EV003782,2025-08-25 00:00:00,Receive Goods
EV012471,2025-08-25 00:00:00,Create Sales Order
EV002381,2025-08-25 00:00:00,Receive Goods
EV014145,2025-08-25 00:00:00,Complete Sale
EV004336,2025-08-25 00:00:00,Dispatch Delivery
EV006319,2025-08-25 00:00:00,Ship Product
EV001285,2025-08-25 00:00:00,Create Purchase Order
EV002540,2025-08-25 00:00:00,Dispatch Delivery
EV010444,2025-08-25 00:00:00,Complete Sale
EV010443,2025-08-25 00:00:00,Ship Product
EV006322,2025-08-25 00:00:00,Ship Product
EV008118,2025-08-25 00:00:00,Ship Product
EV000494,2025-08-25 00:00:00,Dispatch Delivery
EV000099,2025-08-25 00:00:00,Dispatch Delivery
EV005565,2025-08-25 00:00:00,Ship Product
EV006323,2025-08-25 00:00:00,Complete Sale
EV000407,2025-08-25 00:00:00,Dispatch Delivery
EV009487,2025-08-25 00:00:00,Complete Sale
EV000661,2025-08-25 00:00:00,Receive Goods
EV014144,2025-08-25 00:00:00,Ship Product
EV008128,2025-08-25 00:00:00,Ship Product
EV004206,2025-08-25 00:00:00,Create Purchase Order
EV004977,2025-08-25 00:00:00,Receive Goods
EV010565,2025-08-25 00:00:00,Ship Product
EV012300,2025-08-25 00:00:00,Complete Sale
EV012571,2025-08-25 00:00:00,Create Sales Order
EV007695,2025-08-25 00:00:00,Complete Sale
EV004979,2025-08-25 00:00:00,Receive Goods
EV008126,2025-08-25 00:00:00,Complete Sale
EV003829,2025-08-25 00:00:00,Dispatch Delivery
EV010566,2025-08-25 00:00:00,Complete Sale
EV007694,2025-08-25 00:00:00,Ship Product
EV006567,2025-08-25 00:00:00,Create Sales Order
EV012303,2025-08-25 00:00:00,Complete Sale
EV003214,2025-08-25 00:00:00,Receive Goods
EV003566,2025-08-25 00:00:00,Dispatch Delivery
EV012472,2025-08-25 01:00:00,Add Sales Order Item
EV012572,2025-08-25 01:00:00,Add Sales Order Item
EV006568,2025-08-25 01:00:00,Add Sales Order Item
EV001286,2025-08-25 04:00:00,Approve Purchase Order
EV004207,2025-08-25 04:00:00,Approve Purchase Order
EV002382,2025-08-25 08:00:00,Put Away
EV004980,2025-08-25 08:00:00,Put Away
EV004978,2025-08-25 08:00:00,Put Away
EV000662,2025-08-25 08:00:00,Put Away
EV003215,2025-08-25 08:00:00,Put Away
EV003783,2025-08-25 08:00:00,Put Away
EV002375,2025-08-26 00:00:00,Receive Goods
EV014213,2025-08-26 00:00:00,Create Sales Order
EV005568,2025-08-26 00:00:00,Ship Product
EV013996,2025-08-26 00:00:00,Complete Sale
EV004209,2025-08-26 00:00:00,Add PO Item
EV006712,2025-08-26 00:00:00,Complete Sale
EV005563,2025-08-26 00:00:00,Complete Sale
EV006708,2025-08-26 00:00:00,Complete Sale
EV012307,2025-08-26 00:00:00,Complete Sale
EV001772,2025-08-26 00:00:00,Dispatch Delivery
EV005562,2025-08-26 00:00:00,Ship Product
EV014251,2025-08-26 00:00:00,Create Sales Order
EV003854,2025-08-26 00:00:00,Receive Goods
EV004208,2025-08-26 00:00:00,Add PO Item
EV012485,2025-08-26 00:00:00,Ship Product
EV013995,2025-08-26 00:00:00,Ship Product
EV005566,2025-08-26 00:00:00,Complete Sale
EV008782,2025-08-26 00:00:00,Create Sales Order
EV013418,2025-08-26 00:00:00,Create Sales Order
EV005315,2025-08-26 00:00:00,Receive Goods
EV010398,2025-08-26 00:00:00,Complete Sale
EV008122,2025-08-26 00:00:00,Ship Product
EV008129,2025-08-26 00:00:00,Complete Sale
EV010747,2025-08-26 00:00:00,Complete Sale
EV003599,2025-08-26 00:00:00,Receive Goods
EV003601,2025-08-26 00:00:00,Receive Goods
EV013180,2025-08-26 00:00:00,Create Sales Order
EV011683,2025-08-26 00:00:00,Return Product
EV001287,2025-08-26 00:00:00,Add PO Item
EV012574,2025-08-26 00:00:00,Complete Sale
EV006320,2025-08-26 00:00:00,Complete Sale
EV012573,2025-08-26 00:00:00,Ship Product
EV014024,2025-08-26 00:00:00,Create Sales Order
EV003597,2025-08-26 00:00:00,Receive Goods
EV013419,2025-08-26 01:00:00,Add Sales Order Item
EV013422,2025-08-26 01:00:00,Add Sales Order Item
EV008786,2025-08-26 01:00:00,Add Sales Order Item
EV014214,2025-08-26 01:00:00,Add Sales Order Item
EV008783,2025-08-26 01:00:00,Add Sales Order Item
EV014028,2025-08-26 01:00:00,Add Sales Order Item
EV014252,2025-08-26 01:00:00,Add Sales Order Item
EV014025,2025-08-26 01:00:00,Add Sales Order Item
EV013181,2025-08-26 01:00:00,Add Sales Order Item
EV003598,2025-08-26 08:00:00,Put Away
EV003600,2025-08-26 08:00:00,Put Away
EV005316,2025-08-26 08:00:00,Put Away
EV003855,2025-08-26 08:00:00,Put Away
EV003602,2025-08-26 08:00:00,Put Away
EV002376,2025-08-26 08:00:00,Put Away
EV008119,2025-08-27 00:00:00,Complete Sale
EV014029,2025-08-27 00:00:00,Ship Product
EV008115,2025-08-27 00:00:00,Ship Product
EV009139,2025-08-27 00:00:00,Create Sales Order
EV000687,2025-08-27 00:00:00,Receive Goods
EV012486,2025-08-27 00:00:00,Complete Sale
EV008123,2025-08-27 00:00:00,Complete Sale
EV004689,2025-08-27 00:00:00,Receive Goods
EV013423,2025-08-27 00:00:00,Ship Product
EV011227,2025-08-27 00:00:00,Ship Product
EV012473,2025-08-27 00:00:00,Ship Product
EV003571,2025-08-27 00:00:00,Dispatch Delivery
EV002997,2025-08-27 00:00:00,Receive Goods
EV007697,2025-08-27 00:00:00,Ship Product
EV015062,2025-08-27 00:00:00,Create Sales Order
EV009143,2025-08-27 01:00:00,Add Sales Order Item
EV009140,2025-08-27 01:00:00,Add Sales Order Item
EV015063,2025-08-27 01:00:00,Add Sales Order Item
EV004690,2025-08-27 08:00:00,Put Away
EV000688,2025-08-27 08:00:00,Put Away
EV002998,2025-08-27 08:00:00,Put Away
EV005569,2025-08-28 00:00:00,Complete Sale
EV013420,2025-08-28 00:00:00,Ship Product
EV004185,2025-08-28 00:00:00,Dispatch Delivery
EV004242,2025-08-28 00:00:00,Dispatch Delivery
EV004188,2025-08-28 00:00:00,Dispatch Delivery
EV003978,2025-08-28 00:00:00,Create Purchase Order
EV000408,2025-08-28 00:00:00,Receive Goods
EV006325,2025-08-28 00:00:00,Ship Product
EV000801,2025-08-28 00:00:00,Create Purchase Order
EV009141,2025-08-28 00:00:00,Ship Product
EV013421,2025-08-28 00:00:00,Complete Sale
EV003940,2025-08-28 00:00:00,Dispatch Delivery
EV004878,2025-08-28 00:00:00,Receive Goods
EV011420,2025-08-28 00:00:00,Ship Product
EV000061,2025-08-28 00:00:00,Receive Goods
EV004876,2025-08-28 00:00:00,Receive Goods
EV002764,2025-08-28 00:00:00,Create Purchase Order
EV003562,2025-08-28 00:00:00,Receive Goods
EV000059,2025-08-28 00:00:00,Receive Goods
EV012698,2025-08-28 00:00:00,Create Sales Order
EV013588,2025-08-28 00:00:00,Create Sales Order
EV014030,2025-08-28 00:00:00,Complete Sale
EV011228,2025-08-28 00:00:00,Complete Sale
EV012474,2025-08-28 00:00:00,Complete Sale
EV013183,2025-08-28 00:00:00,Complete Sale
EV003785,2025-08-28 00:00:00,Receive Goods
EV012590,2025-08-28 00:00:00,Return Product
EV006901,2025-08-28 00:00:00,Create Sales Order
EV011224,2025-08-28 00:00:00,Ship Product
EV003564,2025-08-28 00:00:00,Receive Goods
EV004948,2025-08-28 00:00:00,Dispatch Delivery
EV001444,2025-08-28 00:00:00,Receive Goods
EV013182,2025-08-28 00:00:00,Ship Product
EV013589,2025-08-28 01:00:00,Add Sales Order Item
EV012699,2025-08-28 01:00:00,Add Sales Order Item
EV006902,2025-08-28 01:00:00,Add Sales Order Item
EV013592,2025-08-28 01:00:00,Add Sales Order Item
EV003979,2025-08-28 04:00:00,Approve Purchase Order
EV000802,2025-08-28 04:00:00,Approve Purchase Order
EV002765,2025-08-28 04:00:00,Approve Purchase Order
EV004877,2025-08-28 08:00:00,Put Away
EV000062,2025-08-28 08:00:00,Put Away
EV003563,2025-08-28 08:00:00,Put Away
EV001445,2025-08-28 08:00:00,Put Away
EV003565,2025-08-28 08:00:00,Put Away
EV004879,2025-08-28 08:00:00,Put Away
EV003786,2025-08-28 08:00:00,Put Away
EV000060,2025-08-28 08:00:00,Put Away
EV000409,2025-08-28 08:00:00,Put Away
EV008116,2025-08-29 00:00:00,Complete Sale
EV002606,2025-08-29 00:00:00,Receive Goods
EV013424,2025-08-29 00:00:00,Complete Sale
EV007698,2025-08-29 00:00:00,Complete Sale
EV002766,2025-08-29 00:00:00,Add PO Item
EV002813,2025-08-29 00:00:00,Create Purchase Order
EV006326,2025-08-29 00:00:00,Complete Sale
EV011423,2025-08-29 00:00:00,Ship Product
EV011424,2025-08-29 00:00:00,Complete Sale
EV000803,2025-08-29 00:00:00,Add PO Item
EV008046,2025-08-29 00:00:00,Create Sales Order
EV011421,2025-08-29 00:00:00,Complete Sale
EV003981,2025-08-29 00:00:00,Add PO Item
EV004565,2025-08-29 00:00:00,Receive Goods
EV013593,2025-08-29 00:00:00,Ship Product
EV009662,2025-08-29 00:00:00,Create Sales Order
EV001461,2025-08-29 00:00:00,Dispatch Delivery
EV004567,2025-08-29 00:00:00,Receive Goods
EV001727,2025-08-29 00:00:00,Receive Goods
EV002608,2025-08-29 00:00:00,Receive Goods
EV003980,2025-08-29 00:00:00,Add PO Item
EV013594,2025-08-29 00:00:00,Complete Sale
EV008047,2025-08-29 01:00:00,Add Sales Order Item
EV008050,2025-08-29 01:00:00,Add Sales Order Item
EV009663,2025-08-29 01:00:00,Add Sales Order Item
EV009666,2025-08-29 01:00:00,Add Sales Order Item
EV009669,2025-08-29 01:00:00,Add Sales Order Item
EV002814,2025-08-29 04:00:00,Approve Purchase Order
EV004566,2025-08-29 08:00:00,Put Away
EV004568,2025-08-29 08:00:00,Put Away
EV001728,2025-08-29 08:00:00,Put Away
EV002607,2025-08-29 08:00:00,Put Away
EV002609,2025-08-29 08:00:00,Put Away
EV002543,2025-08-30 00:00:00,Dispatch Delivery
EV002815,2025-08-30 00:00:00,Add PO Item
EV004987,2025-08-30 00:00:00,Dispatch Delivery
EV002817,2025-08-30 00:00:00,Add PO Item
EV006569,2025-08-30 00:00:00,Ship Product
EV004951,2025-08-30 00:00:00,Dispatch Delivery
EV002816,2025-08-30 00:00:00,Add PO Item
EV006903,2025-08-30 00:00:00,Ship Product
EV004881,2025-08-30 00:00:00,Receive Goods
EV005832,2025-08-30 00:00:00,Create Sales Order
EV009142,2025-08-30 00:00:00,Complete Sale
EV012700,2025-08-30 00:00:00,Ship Product
EV003788,2025-08-30 00:00:00,Receive Goods
EV015064,2025-08-30 00:00:00,Ship Product
EV011225,2025-08-30 00:00:00,Complete Sale
EV014253,2025-08-30 00:00:00,Ship Product
EV008788,2025-08-30 00:00:00,Complete Sale
EV008787,2025-08-30 00:00:00,Ship Product
EV004883,2025-08-30 00:00:00,Receive Goods
EV014254,2025-08-30 00:00:00,Complete Sale
EV000374,2025-08-30 00:00:00,Receive Goods
EV001447,2025-08-30 00:00:00,Receive Goods
EV004990,2025-08-30 00:00:00,Dispatch Delivery
EV014588,2025-08-30 00:00:00,Create Sales Order
EV000372,2025-08-30 00:00:00,Receive Goods
EV005836,2025-08-30 01:00:00,Add Sales Order Item
EV014589,2025-08-30 01:00:00,Add Sales Order Item
EV005833,2025-08-30 01:00:00,Add Sales Order Item
EV005839,2025-08-30 01:00:00,Add Sales Order Item
EV001448,2025-08-30 08:00:00,Put Away
EV003789,2025-08-30 08:00:00,Put Away
EV004882,2025-08-30 08:00:00,Put Away
EV004884,2025-08-30 08:00:00,Put Away
EV000375,2025-08-30 08:00:00,Put Away
EV000373,2025-08-30 08:00:00,Put Away
EV000377,2025-08-31 00:00:00,Receive Goods
EV000379,2025-08-31 00:00:00,Receive Goods
EV011107,2025-08-31 00:00:00,Create Sales Order
EV012701,2025-08-31 00:00:00,Complete Sale
EV002214,2025-08-31 00:00:00,Receive Goods
EV008629,2025-08-31 00:00:00,Return Product
EV008784,2025-08-31 00:00:00,Ship Product
EV012343,2025-08-31 00:00:00,Create Sales Order
EV000382,2025-08-31 00:00:00,Receive Goods
EV000384,2025-08-31 00:00:00,Receive Goods
EV009144,2025-08-31 00:00:00,Ship Product
EV009145,2025-08-31 00:00:00,Complete Sale
EV007643,2025-08-31 00:00:00,Return Product
EV001730,2025-08-31 00:00:00,Receive Goods
EV013078,2025-08-31 00:00:00,Create Sales Order
EV001288,2025-08-31 00:00:00,Dispatch Delivery
EV002216,2025-08-31 00:00:00,Receive Goods
EV003147,2025-08-31 00:00:00,Create Purchase Order
EV015065,2025-08-31 00:00:00,Complete Sale
EV014215,2025-08-31 00:00:00,Ship Product
EV008048,2025-08-31 00:00:00,Ship Product
EV001044,2025-08-31 00:00:00,Create Purchase Order
EV000064,2025-08-31 00:00:00,Receive Goods
EV000066,2025-08-31 00:00:00,Receive Goods
EV008049,2025-08-31 00:00:00,Complete Sale
EV014026,2025-08-31 00:00:00,Ship Product
EV002818,2025-08-31 00:00:00,Dispatch Delivery
EV012304,2025-08-31 00:00:00,Return Product
EV000534,2025-08-31 00:00:00,Create Purchase Order
EV011111,2025-08-31 01:00:00,Add Sales Order Item
EV013085,2025-08-31 01:00:00,Add Sales Order Item
EV011108,2025-08-31 01:00:00,Add Sales Order Item
EV013082,2025-08-31 01:00:00,Add Sales Order Item
EV012344,2025-08-31 01:00:00,Add Sales Order Item
EV013079,2025-08-31 01:00:00,Add Sales Order Item
EV000535,2025-08-31 04:00:00,Approve Purchase Order
EV003148,2025-08-31 04:00:00,Approve Purchase Order
EV001045,2025-08-31 04:00:00,Approve Purchase Order
EV000378,2025-08-31 08:00:00,Put Away
EV002215,2025-08-31 08:00:00,Put Away
EV002217,2025-08-31 08:00:00,Put Away
EV001731,2025-08-31 08:00:00,Put Away
EV000380,2025-08-31 08:00:00,Put Away
EV000065,2025-08-31 08:00:00,Put Away
EV000067,2025-08-31 08:00:00,Put Away
EV000383,2025-08-31 08:00:00,Put Away
EV000385,2025-08-31 08:00:00,Put Away
EV004572,2025-09-01 00:00:00,Receive Goods
EV004570,2025-09-01 00:00:00,Receive Goods
EV000536,2025-09-01 00:00:00,Add PO Item
EV003824,2025-09-01 00:00:00,Receive Goods
EV000100,2025-09-01 00:00:00,Receive Goods
EV000312,2025-09-01 00:00:00,Receive Goods
EV000102,2025-09-01 00:00:00,Receive Goods
EV005840,2025-09-01 00:00:00,Ship Product
EV001035,2025-09-01 00:00:00,Create Purchase Order
EV006904,2025-09-01 00:00:00,Complete Sale
EV009591,2025-09-01 00:00:00,Create Sales Order
EV002541,2025-09-01 00:00:00,Receive Goods
EV009667,2025-09-01 00:00:00,Ship Product
EV008051,2025-09-01 00:00:00,Ship Product
EV002611,2025-09-01 00:00:00,Receive Goods
EV008052,2025-09-01 00:00:00,Complete Sale
EV003149,2025-09-01 00:00:00,Add PO Item
EV002613,2025-09-01 00:00:00,Receive Goods
EV001046,2025-09-01 00:00:00,Add PO Item
EV001464,2025-09-01 00:00:00,Dispatch Delivery
EV004210,2025-09-01 00:00:00,Dispatch Delivery
EV006570,2025-09-01 00:00:00,Complete Sale
EV009592,2025-09-01 01:00:00,Add Sales Order Item
EV001036,2025-09-01 04:00:00,Approve Purchase Order
EV002612,2025-09-01 08:00:00,Put Away
EV004573,2025-09-01 08:00:00,Put Away
EV000313,2025-09-01 08:00:00,Put Away
EV000103,2025-09-01 08:00:00,Put Away
EV002614,2025-09-01 08:00:00,Put Away
EV000101,2025-09-01 08:00:00,Put Away
EV002542,2025-09-01 08:00:00,Put Away
EV004571,2025-09-01 08:00:00,Put Away
EV003825,2025-09-01 08:00:00,Put Away
EV002678,2025-09-02 00:00:00,Receive Goods
EV013590,2025-09-02 00:00:00,Ship Product
EV005834,2025-09-02 00:00:00,Ship Product
EV013591,2025-09-02 00:00:00,Complete Sale
EV005841,2025-09-02 00:00:00,Complete Sale
EV002676,2025-09-02 00:00:00,Receive Goods
EV014027,2025-09-02 00:00:00,Complete Sale
EV009664,2025-09-02 00:00:00,Ship Product
EV008095,2025-09-02 00:00:00,Create Sales Order
EV009670,2025-09-02 00:00:00,Ship Product
EV005837,2025-09-02 00:00:00,Ship Product
EV008785,2025-09-02 00:00:00,Complete Sale
EV003982,2025-09-02 00:00:00,Dispatch Delivery
EV009593,2025-09-02 00:00:00,Ship Product
EV001037,2025-09-02 00:00:00,Add PO Item
EV002546,2025-09-02 00:00:00,Dispatch Delivery
EV013080,2025-09-02 00:00:00,Ship Product
EV002219,2025-09-02 00:00:00,Receive Goods
EV002616,2025-09-02 00:00:00,Receive Goods
EV014216,2025-09-02 00:00:00,Complete Sale
EV000896,2025-09-02 00:00:00,Create Purchase Order
EV002618,2025-09-02 00:00:00,Receive Goods
EV002221,2025-09-02 00:00:00,Receive Goods
EV008100,2025-09-02 01:00:00,Add Sales Order Item
EV008096,2025-09-02 01:00:00,Add Sales Order Item
EV000897,2025-09-02 04:00:00,Approve Purchase Order
EV002617,2025-09-02 08:00:00,Put Away
EV002619,2025-09-02 08:00:00,Put Away
EV002677,2025-09-02 08:00:00,Put Away
EV002679,2025-09-02 08:00:00,Put Away
EV002222,2025-09-02 08:00:00,Put Away
EV002220,2025-09-02 08:00:00,Put Away
EV005838,2025-09-03 00:00:00,Complete Sale
EV000899,2025-09-03 00:00:00,Add PO Item
EV009668,2025-09-03 00:00:00,Complete Sale
EV003871,2025-09-03 00:00:00,Create Purchase Order
EV012345,2025-09-03 00:00:00,Ship Product
EV013081,2025-09-03 00:00:00,Complete Sale
EV009671,2025-09-03 00:00:00,Complete Sale
EV001142,2025-09-03 00:00:00,Create Purchase Order
EV013086,2025-09-03 00:00:00,Ship Product
EV013083,2025-09-03 00:00:00,Ship Product
EV001777,2025-09-03 00:00:00,Dispatch Delivery
EV000807,2025-09-03 00:00:00,Dispatch Delivery
EV001053,2025-09-03 00:00:00,Create Purchase Order
EV000898,2025-09-03 00:00:00,Add PO Item
EV001143,2025-09-03 04:00:00,Approve Purchase Order
EV003872,2025-09-03 04:00:00,Approve Purchase Order
EV001054,2025-09-03 04:00:00,Approve Purchase Order
EV003567,2025-09-04 00:00:00,Receive Goods
EV003941,2025-09-04 00:00:00,Receive Goods
EV002825,2025-09-04 00:00:00,Dispatch Delivery
EV003569,2025-09-04 00:00:00,Receive Goods
EV009925,2025-09-04 00:00:00,Create Sales Order
EV011113,2025-09-04 00:00:00,Complete Sale
EV009450,2025-09-04 00:00:00,Create Sales Order
EV000537,2025-09-04 00:00:00,Dispatch Delivery
EV001144,2025-09-04 00:00:00,Add PO Item
EV003873,2025-09-04 00:00:00,Add PO Item
EV011109,2025-09-04 00:00:00,Ship Product
EV011112,2025-09-04 00:00:00,Ship Product
EV002767,2025-09-04 00:00:00,Dispatch Delivery
EV004337,2025-09-04 00:00:00,Receive Goods
EV009594,2025-09-04 00:00:00,Complete Sale
EV005835,2025-09-04 00:00:00,Complete Sale
EV000804,2025-09-04 00:00:00,Dispatch Delivery
EV014590,2025-09-04 00:00:00,Ship Product
EV001038,2025-09-04 00:00:00,Dispatch Delivery
EV010807,2025-09-04 00:00:00,Create Sales Order
EV001055,2025-09-04 00:00:00,Add PO Item
EV013087,2025-09-04 00:00:00,Complete Sale
EV006728,2025-09-04 00:00:00,Create Sales Order
EV012346,2025-09-04 00:00:00,Complete Sale
EV004954,2025-09-04 00:00:00,Dispatch Delivery
EV009665,2025-09-04 00:00:00,Complete Sale
EV000113,2025-09-04 00:00:00,Create Purchase Order
EV013084,2025-09-04 00:00:00,Complete Sale
EV001047,2025-09-04 00:00:00,Dispatch Delivery
EV010808,2025-09-04 01:00:00,Add Sales Order Item
EV009926,2025-09-04 01:00:00,Add Sales Order Item
EV010811,2025-09-04 01:00:00,Add Sales Order Item
EV009454,2025-09-04 01:00:00,Add Sales Order Item
EV006735,2025-09-04 01:00:00,Add Sales Order Item
EV006729,2025-09-04 01:00:00,Add Sales Order Item
EV009451,2025-09-04 01:00:00,Add Sales Order Item
EV006732,2025-09-04 01:00:00,Add Sales Order Item
EV000114,2025-09-04 04:00:00,Approve Purchase Order
EV003570,2025-09-04 08:00:00,Put Away
EV004338,2025-09-04 08:00:00,Put Away
EV003568,2025-09-04 08:00:00,Put Away
EV003942,2025-09-04 08:00:00,Put Away
EV008097,2025-09-05 00:00:00,Ship Product
EV000115,2025-09-05 00:00:00,Add PO Item
EV006302,2025-09-05 00:00:00,Create Sales Order
EV006733,2025-09-05 00:00:00,Ship Product
EV005842,2025-09-05 00:00:00,Create Sales Order
EV012002,2025-09-05 00:00:00,Create Sales Order
EV012856,2025-09-05 00:00:00,Create Sales Order
EV014241,2025-09-05 00:00:00,Create Sales Order
EV010809,2025-09-05 00:00:00,Ship Product
EV010948,2025-09-05 00:00:00,Create Sales Order
EV000900,2025-09-05 00:00:00,Dispatch Delivery
EV006677,2025-09-05 00:00:00,Create Sales Order
EV014245,2025-09-05 01:00:00,Add Sales Order Item
EV005843,2025-09-05 01:00:00,Add Sales Order Item
EV012006,2025-09-05 01:00:00,Add Sales Order Item
EV006681,2025-09-05 01:00:00,Add Sales Order Item
EV014242,2025-09-05 01:00:00,Add Sales Order Item
EV010949,2025-09-05 01:00:00,Add Sales Order Item
EV006303,2025-09-05 01:00:00,Add Sales Order Item
EV006678,2025-09-05 01:00:00,Add Sales Order Item
EV010953,2025-09-05 01:00:00,Add Sales Order Item
EV012003,2025-09-05 01:00:00,Add Sales Order Item
EV012860,2025-09-05 01:00:00,Add Sales Order Item
EV014248,2025-09-05 01:00:00,Add Sales Order Item
EV012857,2025-09-05 01:00:00,Add Sales Order Item
EV000575,2025-09-06 00:00:00,Create Purchase Order
EV003574,2025-09-06 00:00:00,Receive Goods
EV012861,2025-09-06 00:00:00,Ship Product
EV006730,2025-09-06 00:00:00,Ship Product
EV011110,2025-09-06 00:00:00,Complete Sale
EV006736,2025-09-06 00:00:00,Ship Product
EV003153,2025-09-06 00:00:00,Dispatch Delivery
EV002544,2025-09-06 00:00:00,Receive Goods
EV011425,2025-09-06 00:00:00,Return Product
EV008101,2025-09-06 00:00:00,Ship Product
EV006737,2025-09-06 00:00:00,Complete Sale
EV007260,2025-09-06 00:00:00,Create Sales Order
EV013822,2025-09-06 00:00:00,Create Sales Order
EV002770,2025-09-06 00:00:00,Dispatch Delivery
EV012821,2025-09-06 00:00:00,Create Sales Order
EV003150,2025-09-06 00:00:00,Dispatch Delivery
EV006497,2025-09-06 00:00:00,Create Sales Order
EV006734,2025-09-06 00:00:00,Complete Sale
EV010568,2025-09-06 00:00:00,Create Sales Order
EV010779,2025-09-06 00:00:00,Create Sales Order
EV003572,2025-09-06 00:00:00,Receive Goods
EV014188,2025-09-06 00:00:00,Create Sales Order
EV009455,2025-09-06 00:00:00,Ship Product
EV001782,2025-09-06 00:00:00,Dispatch Delivery
EV006682,2025-09-06 00:00:00,Ship Product
EV012862,2025-09-06 00:00:00,Complete Sale
EV014591,2025-09-06 00:00:00,Complete Sale
EV010572,2025-09-06 01:00:00,Add Sales Order Item
EV010569,2025-09-06 01:00:00,Add Sales Order Item
EV007261,2025-09-06 01:00:00,Add Sales Order Item
EV006504,2025-09-06 01:00:00,Add Sales Order Item
EV012822,2025-09-06 01:00:00,Add Sales Order Item
EV010783,2025-09-06 01:00:00,Add Sales Order Item
EV013823,2025-09-06 01:00:00,Add Sales Order Item
EV012825,2025-09-06 01:00:00,Add Sales Order Item
EV010780,2025-09-06 01:00:00,Add Sales Order Item
EV006498,2025-09-06 01:00:00,Add Sales Order Item
EV006501,2025-09-06 01:00:00,Add Sales Order Item
EV014189,2025-09-06 01:00:00,Add Sales Order Item
EV012828,2025-09-06 01:00:00,Add Sales Order Item
EV000576,2025-09-06 04:00:00,Approve Purchase Order
EV003575,2025-09-06 08:00:00,Put Away
EV002545,2025-09-06 08:00:00,Put Away
EV003573,2025-09-06 08:00:00,Put Away
EV006679,2025-09-07 00:00:00,Ship Product
EV008098,2025-09-07 00:00:00,Complete Sale
EV010810,2025-09-07 00:00:00,Complete Sale
EV012849,2025-09-07 00:00:00,Create Sales Order
EV006680,2025-09-07 00:00:00,Complete Sale
EV005374,2025-09-07 00:00:00,Create Purchase Order
EV009927,2025-09-07 00:00:00,Ship Product
EV006683,2025-09-07 00:00:00,Complete Sale
EV003874,2025-09-07 00:00:00,Dispatch Delivery
EV009600,2025-09-07 00:00:00,Create Sales Order
EV009456,2025-09-07 00:00:00,Complete Sale
EV012858,2025-09-07 00:00:00,Ship Product
EV004949,2025-09-07 00:00:00,Receive Goods
EV006731,2025-09-07 00:00:00,Complete Sale
EV000577,2025-09-07 00:00:00,Add PO Item
EV012826,2025-09-07 00:00:00,Ship Product
EV000116,2025-09-07 00:00:00,Dispatch Delivery
EV009698,2025-09-07 00:00:00,Create Sales Order
EV014246,2025-09-07 00:00:00,Ship Product
EV012283,2025-09-07 00:00:00,Create Sales Order
EV009699,2025-09-07 01:00:00,Add Sales Order Item
EV012284,2025-09-07 01:00:00,Add Sales Order Item
EV009604,2025-09-07 01:00:00,Add Sales Order Item
EV012850,2025-09-07 01:00:00,Add Sales Order Item
EV012853,2025-09-07 01:00:00,Add Sales Order Item
EV009601,2025-09-07 01:00:00,Add Sales Order Item
EV005375,2025-09-07 04:00:00,Approve Purchase Order
EV004950,2025-09-07 08:00:00,Put Away
EV005376,2025-09-08 00:00:00,Add PO Item
EV005844,2025-09-08 00:00:00,Ship Product
EV003417,2025-09-08 00:00:00,Create Purchase Order
EV004211,2025-09-08 00:00:00,Receive Goods
EV010570,2025-09-08 00:00:00,Ship Product
EV004213,2025-09-08 00:00:00,Receive Goods
EV014247,2025-09-08 00:00:00,Complete Sale
EV009700,2025-09-08 00:00:00,Ship Product
EV007263,2025-09-08 00:00:00,Complete Sale
EV001145,2025-09-08 00:00:00,Dispatch Delivery
EV007262,2025-09-08 00:00:00,Ship Product
EV012004,2025-09-08 00:00:00,Ship Product
EV000905,2025-09-08 00:00:00,Dispatch Delivery
EV004183,2025-09-08 00:00:00,Receive Goods
EV000495,2025-09-08 00:00:00,Receive Goods
EV012285,2025-09-08 00:00:00,Ship Product
EV002890,2025-09-08 00:00:00,Create Purchase Order
EV010812,2025-09-08 00:00:00,Ship Product
EV010796,2025-09-08 00:00:00,Create Sales Order
EV003827,2025-09-08 00:00:00,Receive Goods
EV003270,2025-09-08 00:00:00,Create Purchase Order
EV005377,2025-09-08 00:00:00,Add PO Item
EV012859,2025-09-08 00:00:00,Complete Sale
EV012827,2025-09-08 00:00:00,Complete Sale
EV004985,2025-09-08 00:00:00,Receive Goods
EV007098,2025-09-08 00:00:00,Create Sales Order
EV014190,2025-09-08 00:00:00,Ship Product
EV008102,2025-09-08 00:00:00,Complete Sale
EV007102,2025-09-08 01:00:00,Add Sales Order Item
EV010797,2025-09-08 01:00:00,Add Sales Order Item
EV007099,2025-09-08 01:00:00,Add Sales Order Item
EV003418,2025-09-08 04:00:00,Approve Purchase Order
EV002891,2025-09-08 04:00:00,Approve Purchase Order
EV003271,2025-09-08 04:00:00,Approve Purchase Order
EV003828,2025-09-08 08:00:00,Put Away
EV004184,2025-09-08 08:00:00,Put Away
EV004214,2025-09-08 08:00:00,Put Away
EV004986,2025-09-08 08:00:00,Put Away
EV004212,2025-09-08 08:00:00,Put Away
EV000496,2025-09-08 08:00:00,Put Away
EV003272,2025-09-09 00:00:00,Add PO Item
EV010781,2025-09-09 00:00:00,Ship Product
EV004952,2025-09-09 00:00:00,Receive Goods
EV010571,2025-09-09 00:00:00,Complete Sale
EV010813,2025-09-09 00:00:00,Complete Sale
EV000540,2025-09-09 00:00:00,Dispatch Delivery
EV002547,2025-09-09 00:00:00,Receive Goods
EV014249,2025-09-09 00:00:00,Ship Product
EV002838,2025-09-09 00:00:00,Create Purchase Order
EV003419,2025-09-09 00:00:00,Add PO Item
EV012007,2025-09-09 00:00:00,Ship Product
EV013824,2025-09-09 00:00:00,Ship Product
EV013435,2025-09-09 00:00:00,Create Sales Order
EV006398,2025-09-09 00:00:00,Create Sales Order
EV012854,2025-09-09 00:00:00,Ship Product
EV010951,2025-09-09 00:00:00,Complete Sale
EV010950,2025-09-09 00:00:00,Ship Product
EV009452,2025-09-09 00:00:00,Ship Product
EV005009,2025-09-09 00:00:00,Receive Goods
EV002892,2025-09-09 00:00:00,Add PO Item
EV005130,2025-09-09 00:00:00,Create Purchase Order
EV009701,2025-09-09 00:00:00,Complete Sale
EV003154,2025-09-09 00:00:00,Receive Goods
EV003151,2025-09-09 00:00:00,Receive Goods
EV005007,2025-09-09 00:00:00,Receive Goods
EV009928,2025-09-09 00:00:00,Complete Sale
EV013436,2025-09-09 01:00:00,Add Sales Order Item
EV013442,2025-09-09 01:00:00,Add Sales Order Item
EV006399,2025-09-09 01:00:00,Add Sales Order Item
EV013439,2025-09-09 01:00:00,Add Sales Order Item
EV002839,2025-09-09 04:00:00,Approve Purchase Order
EV005131,2025-09-09 04:00:00,Approve Purchase Order
EV005008,2025-09-09 08:00:00,Put Away
EV003152,2025-09-09 08:00:00,Put Away
EV003155,2025-09-09 08:00:00,Put Away
EV005010,2025-09-09 08:00:00,Put Away
EV004953,2025-09-09 08:00:00,Put Away
EV002548,2025-09-09 08:00:00,Put Away
EV006305,2025-09-10 00:00:00,Complete Sale
EV001041,2025-09-10 00:00:00,Dispatch Delivery
EV005132,2025-09-10 00:00:00,Add PO Item
EV012829,2025-09-10 00:00:00,Ship Product
EV009602,2025-09-10 00:00:00,Ship Product
EV013648,2025-09-10 00:00:00,Create Sales Order
EV012823,2025-09-10 00:00:00,Ship Product
EV007148,2025-09-10 00:00:00,Create Sales Order
EV012286,2025-09-10 00:00:00,Complete Sale
EV012830,2025-09-10 00:00:00,Complete Sale
EV013544,2025-09-10 00:00:00,Create Sales Order
EV006304,2025-09-10 00:00:00,Ship Product
EV014244,2025-09-10 00:00:00,Complete Sale
EV002823,2025-09-10 00:00:00,Receive Goods
EV013830,2025-09-10 00:00:00,Create Sales Order
EV009605,2025-09-10 00:00:00,Ship Product
EV002821,2025-09-10 00:00:00,Receive Goods
EV010954,2025-09-10 00:00:00,Ship Product
EV002819,2025-09-10 00:00:00,Receive Goods
EV006503,2025-09-10 00:00:00,Complete Sale
EV006502,2025-09-10 00:00:00,Ship Product
EV006499,2025-09-10 00:00:00,Ship Product
EV014191,2025-09-10 00:00:00,Complete Sale
EV010782,2025-09-10 00:00:00,Complete Sale
EV012008,2025-09-10 00:00:00,Complete Sale
EV014243,2025-09-10 00:00:00,Ship Product
EV005776,2025-09-10 00:00:00,Create Sales Order
EV012005,2025-09-10 00:00:00,Complete Sale
EV009603,2025-09-10 00:00:00,Complete Sale
EV001056,2025-09-10 00:00:00,Dispatch Delivery
EV003420,2025-09-10 00:00:00,Dispatch Delivery
EV009453,2025-09-10 00:00:00,Complete Sale
EV002840,2025-09-10 00:00:00,Add PO Item
EV005845,2025-09-10 00:00:00,Complete Sale
EV009330,2025-09-10 00:00:00,Create Sales Order
EV012855,2025-09-10 00:00:00,Complete Sale
EV012928,2025-09-10 00:00:00,Create Sales Order
EV014250,2025-09-10 00:00:00,Complete Sale
EV010573,2025-09-10 00:00:00,Ship Product
EV012929,2025-09-10 01:00:00,Add Sales Order Item
EV013545,2025-09-10 01:00:00,Add Sales Order Item
EV013834,2025-09-10 01:00:00,Add Sales Order Item
EV012932,2025-09-10 01:00:00,Add Sales Order Item
EV007155,2025-09-10 01:00:00,Add Sales Order Item
EV005777,2025-09-10 01:00:00,Add Sales Order Item
EV013548,2025-09-10 01:00:00,Add Sales Order Item
EV007152,2025-09-10 01:00:00,Add Sales Order Item
EV013831,2025-09-10 01:00:00,Add Sales Order Item
EV009334,2025-09-10 01:00:00,Add Sales Order Item
EV013649,2025-09-10 01:00:00,Add Sales Order Item
EV005783,2025-09-10 01:00:00,Add Sales Order Item
EV007149,2025-09-10 01:00:00,Add Sales Order Item
EV009331,2025-09-10 01:00:00,Add Sales Order Item
EV005780,2025-09-10 01:00:00,Add Sales Order Item
EV002820,2025-09-10 08:00:00,Put Away
EV002824,2025-09-10 08:00:00,Put Away
EV002822,2025-09-10 08:00:00,Put Away
EV000810,2025-09-11 00:00:00,Dispatch Delivery
EV006506,2025-09-11 00:00:00,Complete Sale
EV006500,2025-09-11 00:00:00,Complete Sale
EV001050,2025-09-11 00:00:00,Dispatch Delivery
EV014056,2025-09-11 00:00:00,Create Sales Order
EV002950,2025-09-11 00:00:00,Create Purchase Order
EV006505,2025-09-11 00:00:00,Ship Product
EV005805,2025-09-11 00:00:00,Create Sales Order
EV013825,2025-09-11 00:00:00,Complete Sale
EV010784,2025-09-11 00:00:00,Ship Product
EV003838,2025-09-11 00:00:00,Create Purchase Order
EV007150,2025-09-11 00:00:00,Ship Product
EV005781,2025-09-11 00:00:00,Ship Product
EV000538,2025-09-11 00:00:00,Receive Goods
EV010574,2025-09-11 00:00:00,Complete Sale
EV005778,2025-09-11 00:00:00,Ship Product
EV005779,2025-09-11 00:00:00,Complete Sale
EV005812,2025-09-11 01:00:00,Add Sales Order Item
EV014063,2025-09-11 01:00:00,Add Sales Order Item
EV014057,2025-09-11 01:00:00,Add Sales Order Item
EV005809,2025-09-11 01:00:00,Add Sales Order Item
EV014060,2025-09-11 01:00:00,Add Sales Order Item
EV005806,2025-09-11 01:00:00,Add Sales Order Item
EV002951,2025-09-11 04:00:00,Approve Purchase Order
EV003839,2025-09-11 04:00:00,Approve Purchase Order
EV000539,2025-09-11 08:00:00,Put Away
EV007100,2025-09-12 00:00:00,Ship Product
EV014712,2025-09-12 00:00:00,Create Sales Order
EV003840,2025-09-12 00:00:00,Add PO Item
EV012930,2025-09-12 00:00:00,Ship Product
EV012824,2025-09-12 00:00:00,Complete Sale
EV012933,2025-09-12 00:00:00,Ship Product
EV007156,2025-09-12 00:00:00,Ship Product
EV007157,2025-09-12 00:00:00,Complete Sale
EV008179,2025-09-12 00:00:00,Create Sales Order
EV007103,2025-09-12 00:00:00,Ship Product
EV002953,2025-09-12 00:00:00,Add PO Item
EV007151,2025-09-12 00:00:00,Complete Sale
EV012931,2025-09-12 00:00:00,Complete Sale
EV005807,2025-09-12 00:00:00,Ship Product
EV010785,2025-09-12 00:00:00,Complete Sale
EV003877,2025-09-12 00:00:00,Dispatch Delivery
EV003830,2025-09-12 00:00:00,Receive Goods
EV002952,2025-09-12 00:00:00,Add PO Item
EV009606,2025-09-12 00:00:00,Complete Sale
EV013833,2025-09-12 00:00:00,Complete Sale
EV012851,2025-09-12 00:00:00,Ship Product
EV007104,2025-09-12 00:00:00,Complete Sale
EV002893,2025-09-12 00:00:00,Dispatch Delivery
EV013443,2025-09-12 00:00:00,Ship Product
EV003842,2025-09-12 00:00:00,Add PO Item
EV010798,2025-09-12 00:00:00,Ship Product
EV013549,2025-09-12 00:00:00,Ship Product
EV013444,2025-09-12 00:00:00,Complete Sale
EV003841,2025-09-12 00:00:00,Add PO Item
EV013123,2025-09-12 00:00:00,Return Product
EV005810,2025-09-12 00:00:00,Ship Product
EV013550,2025-09-12 00:00:00,Complete Sale
EV010955,2025-09-12 00:00:00,Complete Sale
EV013832,2025-09-12 00:00:00,Ship Product
EV001309,2025-09-12 00:00:00,Create Purchase Order
EV014713,2025-09-12 01:00:00,Add Sales Order Item
EV014717,2025-09-12 01:00:00,Add Sales Order Item
EV008180,2025-09-12 01:00:00,Add Sales Order Item
EV008183,2025-09-12 01:00:00,Add Sales Order Item
EV001310,2025-09-12 04:00:00,Approve Purchase Order
EV003831,2025-09-12 08:00:00,Put Away
EV011482,2025-09-13 00:00:00,Create Sales Order
EV006709,2025-09-13 00:00:00,Return Product
EV006400,2025-09-13 00:00:00,Ship Product
EV008181,2025-09-13 00:00:00,Ship Product
EV005014,2025-09-13 00:00:00,Receive Goods
EV013437,2025-09-13 00:00:00,Ship Product
EV005808,2025-09-13 00:00:00,Complete Sale
EV011070,2025-09-13 00:00:00,Create Sales Order
EV005378,2025-09-13 00:00:00,Dispatch Delivery
EV007359,2025-09-13 00:00:00,Create Sales Order
EV004575,2025-09-13 00:00:00,Receive Goods
EV005782,2025-09-13 00:00:00,Complete Sale
EV001311,2025-09-13 00:00:00,Add PO Item
EV000808,2025-09-13 00:00:00,Receive Goods
EV000578,2025-09-13 00:00:00,Dispatch Delivery
EV000910,2025-09-13 00:00:00,Dispatch Delivery
EV000543,2025-09-13 00:00:00,Dispatch Delivery
EV010799,2025-09-13 00:00:00,Complete Sale
EV009336,2025-09-13 00:00:00,Complete Sale
EV009335,2025-09-13 00:00:00,Ship Product
EV004577,2025-09-13 00:00:00,Receive Goods
EV005012,2025-09-13 00:00:00,Receive Goods
EV003273,2025-09-13 00:00:00,Dispatch Delivery
EV010860,2025-09-13 00:00:00,Create Sales Order
EV007101,2025-09-13 00:00:00,Complete Sale
EV002954,2025-09-13 00:00:00,Dispatch Delivery
EV007363,2025-09-13 01:00:00,Add Sales Order Item
EV011071,2025-09-13 01:00:00,Add Sales Order Item
EV007360,2025-09-13 01:00:00,Add Sales Order Item
EV010861,2025-09-13 01:00:00,Add Sales Order Item
EV011483,2025-09-13 01:00:00,Add Sales Order Item
EV005015,2025-09-13 08:00:00,Put Away
EV004576,2025-09-13 08:00:00,Put Away
EV004578,2025-09-13 08:00:00,Put Away
EV005013,2025-09-13 08:00:00,Put Away
EV000809,2025-09-13 08:00:00,Put Away
EV005415,2025-09-14 00:00:00,Receive Goods
EV007364,2025-09-14 00:00:00,Ship Product
EV012934,2025-09-14 00:00:00,Complete Sale
EV000117,2025-09-14 00:00:00,Receive Goods
EV011073,2025-09-14 00:00:00,Complete Sale
EV011072,2025-09-14 00:00:00,Ship Product
EV001124,2025-09-14 00:00:00,Create Purchase Order
EV013547,2025-09-14 00:00:00,Complete Sale
EV013546,2025-09-14 00:00:00,Ship Product
EV000805,2025-09-14 00:00:00,Receive Goods
EV002896,2025-09-14 00:00:00,Dispatch Delivery
EV012852,2025-09-14 00:00:00,Complete Sale
EV010863,2025-09-14 00:00:00,Complete Sale
EV010862,2025-09-14 00:00:00,Ship Product
EV005811,2025-09-14 00:00:00,Complete Sale
EV013441,2025-09-14 00:00:00,Complete Sale
EV006401,2025-09-14 00:00:00,Complete Sale
EV002830,2025-09-14 00:00:00,Receive Goods
EV002828,2025-09-14 00:00:00,Receive Goods
EV002826,2025-09-14 00:00:00,Receive Goods
EV005785,2025-09-14 00:00:00,Complete Sale
EV005784,2025-09-14 00:00:00,Ship Product
EV004502,2025-09-14 00:00:00,Create Purchase Order
EV004955,2025-09-14 00:00:00,Receive Goods
EV002768,2025-09-14 00:00:00,Receive Goods
EV013835,2025-09-14 00:00:00,Ship Product
EV013440,2025-09-14 00:00:00,Ship Product
EV005646,2025-09-14 00:00:00,Return Product
EV004503,2025-09-14 04:00:00,Approve Purchase Order
EV001125,2025-09-14 04:00:00,Approve Purchase Order
EV002769,2025-09-14 08:00:00,Put Away
EV005416,2025-09-14 08:00:00,Put Away
EV002827,2025-09-14 08:00:00,Put Away
EV002831,2025-09-14 08:00:00,Put Away
EV004956,2025-09-14 08:00:00,Put Away
EV002829,2025-09-14 08:00:00,Put Away
EV000118,2025-09-14 08:00:00,Put Away
EV000806,2025-09-14 08:00:00,Put Away
EV009332,2025-09-15 00:00:00,Ship Product
EV011457,2025-09-15 00:00:00,Create Sales Order
EV014058,2025-09-15 00:00:00,Ship Product
EV002841,2025-09-15 00:00:00,Dispatch Delivery
EV014064,2025-09-15 00:00:00,Ship Product
EV004243,2025-09-15 00:00:00,Receive Goods
EV008182,2025-09-15 00:00:00,Complete Sale
EV004504,2025-09-15 00:00:00,Add PO Item
EV005722,2025-09-15 00:00:00,Create Sales Order
EV013650,2025-09-15 00:00:00,Ship Product
EV000122,2025-09-15 00:00:00,Dispatch Delivery
EV007153,2025-09-15 00:00:00,Ship Product
EV000119,2025-09-15 00:00:00,Dispatch Delivery
EV008099,2025-09-15 00:00:00,Return Product
EV001126,2025-09-15 00:00:00,Add PO Item
EV004186,2025-09-15 00:00:00,Receive Goods
EV007154,2025-09-15 00:00:00,Complete Sale
EV001312,2025-09-15 00:00:00,Dispatch Delivery
EV007365,2025-09-15 00:00:00,Complete Sale
EV013438,2025-09-15 00:00:00,Complete Sale
EV004189,2025-09-15 00:00:00,Receive Goods
EV005723,2025-09-15 01:00:00,Add Sales Order Item
EV005726,2025-09-15 01:00:00,Add Sales Order Item
EV005729,2025-09-15 01:00:00,Add Sales Order Item
EV011461,2025-09-15 01:00:00,Add Sales Order Item
EV011458,2025-09-15 01:00:00,Add Sales Order Item
EV011464,2025-09-15 01:00:00,Add Sales Order Item
EV004190,2025-09-15 08:00:00,Put Away
EV004187,2025-09-15 08:00:00,Put Away
EV004244,2025-09-15 08:00:00,Put Away
EV009428,2025-09-16 00:00:00,Create Sales Order
EV014065,2025-09-16 00:00:00,Complete Sale
EV014719,2025-09-16 00:00:00,Complete Sale
EV009333,2025-09-16 00:00:00,Complete Sale
EV013836,2025-09-16 00:00:00,Complete Sale
EV014286,2025-09-16 00:00:00,Create Sales Order
EV003843,2025-09-16 00:00:00,Dispatch Delivery
EV005133,2025-09-16 00:00:00,Dispatch Delivery
EV005186,2025-09-16 00:00:00,Create Purchase Order
EV012935,2025-09-16 00:00:00,Create Sales Order
EV008184,2025-09-16 00:00:00,Ship Product
EV000541,2025-09-16 00:00:00,Receive Goods
EV014062,2025-09-16 00:00:00,Complete Sale
EV014061,2025-09-16 00:00:00,Ship Product
EV002771,2025-09-16 00:00:00,Receive Goods
EV014718,2025-09-16 00:00:00,Ship Product
EV005813,2025-09-16 00:00:00,Ship Product
EV005477,2025-09-16 00:00:00,Create Sales Order
EV001462,2025-09-16 00:00:00,Receive Goods
EV011555,2025-09-16 00:00:00,Create Sales Order
EV011556,2025-09-16 01:00:00,Add Sales Order Item
EV005478,2025-09-16 01:00:00,Add Sales Order Item
EV011559,2025-09-16 01:00:00,Add Sales Order Item
EV014290,2025-09-16 01:00:00,Add Sales Order Item
EV009429,2025-09-16 01:00:00,Add Sales Order Item
EV014287,2025-09-16 01:00:00,Add Sales Order Item
EV005481,2025-09-16 01:00:00,Add Sales Order Item
EV014293,2025-09-16 01:00:00,Add Sales Order Item
EV005484,2025-09-16 01:00:00,Add Sales Order Item
EV012939,2025-09-16 01:00:00,Add Sales Order Item
EV012936,2025-09-16 01:00:00,Add Sales Order Item
EV005187,2025-09-16 04:00:00,Approve Purchase Order
EV001463,2025-09-16 08:00:00,Put Away
EV000542,2025-09-16 08:00:00,Put Away
EV002772,2025-09-16 08:00:00,Put Away
EV014288,2025-09-17 00:00:00,Ship Product
EV013651,2025-09-17 00:00:00,Complete Sale
EV011465,2025-09-17 00:00:00,Ship Product
EV012940,2025-09-17 00:00:00,Ship Product
EV011484,2025-09-17 00:00:00,Ship Product
EV003423,2025-09-17 00:00:00,Dispatch Delivery
EV002959,2025-09-17 00:00:00,Dispatch Delivery
EV005188,2025-09-17 00:00:00,Add PO Item
EV012941,2025-09-17 00:00:00,Complete Sale
EV002897,2025-09-17 00:00:00,Receive Goods
EV014714,2025-09-17 00:00:00,Ship Product
EV014289,2025-09-17 00:00:00,Complete Sale
EV001245,2025-09-17 00:00:00,Create Purchase Order
EV005479,2025-09-17 00:00:00,Ship Product
EV005730,2025-09-17 00:00:00,Ship Product
EV004988,2025-09-17 00:00:00,Receive Goods
EV004334,2025-09-17 00:00:00,Receive Goods
EV011557,2025-09-17 00:00:00,Ship Product
EV005388,2025-09-17 00:00:00,Dispatch Delivery
EV006539,2025-09-17 00:00:00,Create Sales Order
EV003276,2025-09-17 00:00:00,Dispatch Delivery
EV004991,2025-09-17 00:00:00,Receive Goods
EV014059,2025-09-17 00:00:00,Complete Sale
EV006540,2025-09-17 01:00:00,Add Sales Order Item
EV006543,2025-09-17 01:00:00,Add Sales Order Item
EV006546,2025-09-17 01:00:00,Add Sales Order Item
EV001246,2025-09-17 04:00:00,Approve Purchase Order
EV004989,2025-09-17 08:00:00,Put Away
EV002898,2025-09-17 08:00:00,Put Away
EV004335,2025-09-17 08:00:00,Put Away
EV004992,2025-09-17 08:00:00,Put Away
EV005383,2025-09-18 00:00:00,Dispatch Delivery
EV004940,2025-09-18 00:00:00,Receive Goods
EV014759,2025-09-18 00:00:00,Create Sales Order
EV003426,2025-09-18 00:00:00,Dispatch Delivery
EV010693,2025-09-18 00:00:00,Create Sales Order
EV004399,2025-09-18 00:00:00,Receive Goods
EV011462,2025-09-18 00:00:00,Ship Product
EV001247,2025-09-18 00:00:00,Add PO Item
EV005731,2025-09-18 00:00:00,Complete Sale
EV005480,2025-09-18 00:00:00,Complete Sale
EV014294,2025-09-18 00:00:00,Ship Product
EV004885,2025-09-18 00:00:00,Create Purchase Order
EV002171,2025-09-18 00:00:00,Create Purchase Order
EV008185,2025-09-18 00:00:00,Complete Sale
EV015090,2025-09-18 00:00:00,Create Sales Order
EV005485,2025-09-18 00:00:00,Ship Product
EV011466,2025-09-18 00:00:00,Complete Sale
EV007361,2025-09-18 00:00:00,Ship Product
EV014715,2025-09-18 00:00:00,Complete Sale
EV005486,2025-09-18 00:00:00,Complete Sale
EV005814,2025-09-18 00:00:00,Complete Sale
EV001146,2025-09-18 00:00:00,Receive Goods
EV014763,2025-09-18 01:00:00,Add Sales Order Item
EV014760,2025-09-18 01:00:00,Add Sales Order Item
EV010700,2025-09-18 01:00:00,Add Sales Order Item
EV010694,2025-09-18 01:00:00,Add Sales Order Item
EV014766,2025-09-18 01:00:00,Add Sales Order Item
EV015091,2025-09-18 01:00:00,Add Sales Order Item
EV015094,2025-09-18 01:00:00,Add Sales Order Item
EV015097,2025-09-18 01:00:00,Add Sales Order Item
EV010697,2025-09-18 01:00:00,Add Sales Order Item
EV004886,2025-09-18 04:00:00,Approve Purchase Order
EV002172,2025-09-18 04:00:00,Approve Purchase Order
EV004941,2025-09-18 08:00:00,Put Away
EV004400,2025-09-18 08:00:00,Put Away
EV001147,2025-09-18 08:00:00,Put Away
EV005727,2025-09-19 00:00:00,Ship Product
EV010701,2025-09-19 00:00:00,Ship Product
EV010702,2025-09-19 00:00:00,Complete Sale
EV001342,2025-09-19 00:00:00,Create Purchase Order
EV014767,2025-09-19 00:00:00,Ship Product
EV014761,2025-09-19 00:00:00,Ship Product
EV005412,2025-09-19 00:00:00,Receive Goods
EV014768,2025-09-19 00:00:00,Complete Sale
EV002173,2025-09-19 00:00:00,Add PO Item
EV006544,2025-09-19 00:00:00,Ship Product
EV003421,2025-09-19 00:00:00,Receive Goods
EV011459,2025-09-19 00:00:00,Ship Product
EV005728,2025-09-19 00:00:00,Complete Sale
EV011485,2025-09-19 00:00:00,Complete Sale
EV011558,2025-09-19 00:00:00,Complete Sale
EV004887,2025-09-19 00:00:00,Add PO Item
EV001127,2025-09-19 00:00:00,Dispatch Delivery
EV004505,2025-09-19 00:00:00,Dispatch Delivery
EV013692,2025-09-19 00:00:00,Create Sales Order
EV011078,2025-09-19 00:00:00,Create Sales Order
EV000162,2025-09-19 00:00:00,Create Purchase Order
EV013693,2025-09-19 01:00:00,Add Sales Order Item
EV011082,2025-09-19 01:00:00,Add Sales Order Item
EV011079,2025-09-19 01:00:00,Add Sales Order Item
EV013696,2025-09-19 01:00:00,Add Sales Order Item
EV001343,2025-09-19 04:00:00,Approve Purchase Order
EV000163,2025-09-19 04:00:00,Approve Purchase Order
EV003422,2025-09-19 08:00:00,Put Away
EV005413,2025-09-19 08:00:00,Put Away
EV007362,2025-09-20 00:00:00,Complete Sale
EV001248,2025-09-20 00:00:00,Dispatch Delivery
EV005482,2025-09-20 00:00:00,Ship Product
EV004888,2025-09-20 00:00:00,Dispatch Delivery
EV011463,2025-09-20 00:00:00,Complete Sale
EV003983,2025-09-20 00:00:00,Receive Goods
EV003985,2025-09-20 00:00:00,Receive Goods
EV003424,2025-09-20 00:00:00,Receive Goods
EV005417,2025-09-20 00:00:00,Create Purchase Order
EV004943,2025-09-20 00:00:00,Receive Goods
EV005724,2025-09-20 00:00:00,Ship Product
EV002844,2025-09-20 00:00:00,Dispatch Delivery
EV014295,2025-09-20 00:00:00,Complete Sale
EV001344,2025-09-20 00:00:00,Add PO Item
EV000579,2025-09-20 00:00:00,Receive Goods
EV005483,2025-09-20 00:00:00,Complete Sale
EV011460,2025-09-20 00:00:00,Complete Sale
EV000544,2025-09-20 00:00:00,Receive Goods
EV005136,2025-09-20 00:00:00,Dispatch Delivery
EV005725,2025-09-20 00:00:00,Complete Sale
EV001057,2025-09-20 00:00:00,Receive Goods
EV000164,2025-09-20 00:00:00,Add PO Item
EV005418,2025-09-20 04:00:00,Approve Purchase Order
EV001058,2025-09-20 08:00:00,Put Away
EV000545,2025-09-20 08:00:00,Put Away
EV004944,2025-09-20 08:00:00,Put Away
EV003425,2025-09-20 08:00:00,Put Away
EV003986,2025-09-20 08:00:00,Put Away
EV000580,2025-09-20 08:00:00,Put Away
EV003984,2025-09-20 08:00:00,Put Away
EV002894,2025-09-21 00:00:00,Receive Goods
EV014528,2025-09-21 00:00:00,Create Sales Order
EV011560,2025-09-21 00:00:00,Ship Product
EV006545,2025-09-21 00:00:00,Complete Sale
EV001345,2025-09-21 00:00:00,Dispatch Delivery
EV001315,2025-09-21 00:00:00,Dispatch Delivery
EV009430,2025-09-21 00:00:00,Ship Product
EV006547,2025-09-21 00:00:00,Ship Product
EV006548,2025-09-21 00:00:00,Complete Sale
EV014762,2025-09-21 00:00:00,Complete Sale
EV006541,2025-09-21 00:00:00,Ship Product
EV014291,2025-09-21 00:00:00,Ship Product
EV000474,2025-09-21 00:00:00,Receive Goods
EV004112,2025-09-21 00:00:00,Create Purchase Order
EV002174,2025-09-21 00:00:00,Dispatch Delivery
EV005189,2025-09-21 00:00:00,Dispatch Delivery
EV005419,2025-09-21 00:00:00,Add PO Item
EV000811,2025-09-21 00:00:00,Receive Goods
EV015092,2025-09-21 00:00:00,Ship Product
EV008633,2025-09-21 00:00:00,Create Sales Order
EV012937,2025-09-21 00:00:00,Ship Product
EV014532,2025-09-21 01:00:00,Add Sales Order Item
EV014529,2025-09-21 01:00:00,Add Sales Order Item
EV014535,2025-09-21 01:00:00,Add Sales Order Item
EV008634,2025-09-21 01:00:00,Add Sales Order Item
EV008637,2025-09-21 01:00:00,Add Sales Order Item
EV004113,2025-09-21 04:00:00,Approve Purchase Order
EV000812,2025-09-21 08:00:00,Put Away
EV000475,2025-09-21 08:00:00,Put Away
EV002895,2025-09-21 08:00:00,Put Away
EV010164,2025-09-22 00:00:00,Create Sales Order
EV005473,2025-09-22 00:00:00,Create Sales Order
EV005420,2025-09-22 00:00:00,Dispatch Delivery
EV002964,2025-09-22 00:00:00,Dispatch Delivery
EV010695,2025-09-22 00:00:00,Ship Product
EV000120,2025-09-22 00:00:00,Receive Goods
EV000123,2025-09-22 00:00:00,Receive Goods
EV001465,2025-09-22 00:00:00,Receive Goods
EV005192,2025-09-22 00:00:00,Dispatch Delivery
EV012938,2025-09-22 00:00:00,Complete Sale
EV011080,2025-09-22 00:00:00,Ship Product
EV001048,2025-09-22 00:00:00,Receive Goods
EV001039,2025-09-22 00:00:00,Receive Goods
EV001089,2025-09-22 00:00:00,Create Purchase Order
EV006542,2025-09-22 00:00:00,Complete Sale
EV015095,2025-09-22 00:00:00,Ship Product
EV014716,2025-09-22 00:00:00,Return Product
EV014765,2025-09-22 00:00:00,Complete Sale
EV004114,2025-09-22 00:00:00,Add PO Item
EV015093,2025-09-22 00:00:00,Complete Sale
EV004506,2025-09-22 00:00:00,Receive Goods
EV007749,2025-09-22 00:00:00,Create Sales Order
EV014764,2025-09-22 00:00:00,Ship Product
EV004301,2025-09-22 00:00:00,Receive Goods
EV015098,2025-09-22 00:00:00,Ship Product
EV004303,2025-09-22 00:00:00,Receive Goods
EV009747,2025-09-22 00:00:00,Create Sales Order
EV005474,2025-09-22 01:00:00,Add Sales Order Item
EV009748,2025-09-22 01:00:00,Add Sales Order Item
EV007756,2025-09-22 01:00:00,Add Sales Order Item
EV009751,2025-09-22 01:00:00,Add Sales Order Item
EV007750,2025-09-22 01:00:00,Add Sales Order Item
EV007753,2025-09-22 01:00:00,Add Sales Order Item
EV010165,2025-09-22 01:00:00,Add Sales Order Item
EV001090,2025-09-22 04:00:00,Approve Purchase Order
EV001049,2025-09-22 08:00:00,Put Away
EV000124,2025-09-22 08:00:00,Put Away
EV004304,2025-09-22 08:00:00,Put Away
EV001040,2025-09-22 08:00:00,Put Away
EV001466,2025-09-22 08:00:00,Put Away
EV004302,2025-09-22 08:00:00,Put Away
EV004507,2025-09-22 08:00:00,Put Away
EV000121,2025-09-22 08:00:00,Put Away
EV005381,2025-09-23 00:00:00,Receive Goods
EV001773,2025-09-23 00:00:00,Receive Goods
EV010699,2025-09-23 00:00:00,Complete Sale
EV008789,2025-09-23 00:00:00,Create Sales Order
EV015096,2025-09-23 00:00:00,Complete Sale
EV012461,2025-09-23 00:00:00,Create Sales Order
EV005379,2025-09-23 00:00:00,Receive Goods
EV004787,2025-09-23 00:00:00,Create Purchase Order
EV004351,2025-09-23 00:00:00,Create Purchase Order
EV010698,2025-09-23 00:00:00,Ship Product
EV001775,2025-09-23 00:00:00,Receive Goods
EV007757,2025-09-23 00:00:00,Ship Product
EV000165,2025-09-23 00:00:00,Dispatch Delivery
EV002223,2025-09-23 00:00:00,Create Purchase Order
EV010567,2025-09-23 00:00:00,Return Product
EV003618,2025-09-23 00:00:00,Create Purchase Order
EV011561,2025-09-23 00:00:00,Complete Sale
EV001091,2025-09-23 00:00:00,Add PO Item
EV007751,2025-09-23 00:00:00,Ship Product
EV011643,2025-09-23 00:00:00,Create Sales Order
EV014292,2025-09-23 00:00:00,Complete Sale
EV011081,2025-09-23 00:00:00,Complete Sale
EV002847,2025-09-23 00:00:00,Dispatch Delivery
EV001249,2025-09-23 00:00:00,Receive Goods
EV009431,2025-09-23 00:00:00,Complete Sale
EV011647,2025-09-23 01:00:00,Add Sales Order Item
EV008793,2025-09-23 01:00:00,Add Sales Order Item
EV008790,2025-09-23 01:00:00,Add Sales Order Item
EV011650,2025-09-23 01:00:00,Add Sales Order Item
EV012468,2025-09-23 01:00:00,Add Sales Order Item
EV012465,2025-09-23 01:00:00,Add Sales Order Item
EV011644,2025-09-23 01:00:00,Add Sales Order Item
EV008796,2025-09-23 01:00:00,Add Sales Order Item
EV012462,2025-09-23 01:00:00,Add Sales Order Item
EV004352,2025-09-23 04:00:00,Approve Purchase Order
EV002224,2025-09-23 04:00:00,Approve Purchase Order
EV003619,2025-09-23 04:00:00,Approve Purchase Order
EV004788,2025-09-23 04:00:00,Approve Purchase Order
EV001774,2025-09-23 08:00:00,Put Away
EV001250,2025-09-23 08:00:00,Put Away
EV005380,2025-09-23 08:00:00,Put Away
EV005382,2025-09-23 08:00:00,Put Away
EV001776,2025-09-23 08:00:00,Put Away
EV015099,2025-09-24 00:00:00,Complete Sale
EV008638,2025-09-24 00:00:00,Ship Product
EV011083,2025-09-24 00:00:00,Ship Product
EV004353,2025-09-24 00:00:00,Add PO Item
EV003620,2025-09-24 00:00:00,Add PO Item
EV003621,2025-09-24 00:00:00,Add PO Item
EV012506,2025-09-24 00:00:00,Create Sales Order
EV004354,2025-09-24 00:00:00,Add PO Item
EV011139,2025-09-24 00:00:00,Create Sales Order
EV003427,2025-09-24 00:00:00,Receive Goods
EV007752,2025-09-24 00:00:00,Complete Sale
EV004891,2025-09-24 00:00:00,Dispatch Delivery
EV007754,2025-09-24 00:00:00,Ship Product
EV001974,2025-09-24 00:00:00,Create Purchase Order
EV014531,2025-09-24 00:00:00,Complete Sale
EV014530,2025-09-24 00:00:00,Ship Product
EV002226,2025-09-24 00:00:00,Add PO Item
EV002225,2025-09-24 00:00:00,Add PO Item
EV008798,2025-09-24 00:00:00,Complete Sale
EV004789,2025-09-24 00:00:00,Add PO Item
EV002177,2025-09-24 00:00:00,Dispatch Delivery
EV013694,2025-09-24 00:00:00,Ship Product
EV010696,2025-09-24 00:00:00,Complete Sale
EV013697,2025-09-24 00:00:00,Ship Product
EV007758,2025-09-24 00:00:00,Complete Sale
EV008797,2025-09-24 00:00:00,Ship Product
EV012510,2025-09-24 01:00:00,Add Sales Order Item
EV012507,2025-09-24 01:00:00,Add Sales Order Item
EV011140,2025-09-24 01:00:00,Add Sales Order Item
EV001975,2025-09-24 04:00:00,Approve Purchase Order
EV003428,2025-09-24 08:00:00,Put Away
EV001318,2025-09-25 00:00:00,Create Purchase Order
EV012508,2025-09-25 00:00:00,Ship Product
EV012470,2025-09-25 00:00:00,Complete Sale
EV011651,2025-09-25 00:00:00,Ship Product
EV007755,2025-09-25 00:00:00,Complete Sale
EV003729,2025-09-25 00:00:00,Create Purchase Order
EV012469,2025-09-25 00:00:00,Ship Product
EV008639,2025-09-25 00:00:00,Complete Sale
EV004355,2025-09-25 00:00:00,Dispatch Delivery
EV008794,2025-09-25 00:00:00,Ship Product
EV000168,2025-09-25 00:00:00,Dispatch Delivery
EV003129,2025-09-25 00:00:00,Create Purchase Order
EV014533,2025-09-25 00:00:00,Ship Product
EV009750,2025-09-25 00:00:00,Complete Sale
EV009749,2025-09-25 00:00:00,Ship Product
EV006633,2025-09-25 00:00:00,Create Sales Order
EV001977,2025-09-25 00:00:00,Add PO Item
EV006331,2025-09-25 00:00:00,Create Sales Order
EV008795,2025-09-25 00:00:00,Complete Sale
EV001976,2025-09-25 00:00:00,Add PO Item
EV010906,2025-09-25 00:00:00,Create Sales Order
EV010907,2025-09-25 01:00:00,Add Sales Order Item
EV006332,2025-09-25 01:00:00,Add Sales Order Item
EV006634,2025-09-25 01:00:00,Add Sales Order Item
EV010913,2025-09-25 01:00:00,Add Sales Order Item
EV010910,2025-09-25 01:00:00,Add Sales Order Item
EV003730,2025-09-25 04:00:00,Approve Purchase Order
EV001319,2025-09-25 04:00:00,Approve Purchase Order
EV003130,2025-09-25 04:00:00,Approve Purchase Order
EV010911,2025-09-26 00:00:00,Ship Product
EV005475,2025-09-26 00:00:00,Ship Product
EV011490,2025-09-26 00:00:00,Create Sales Order
EV010166,2025-09-26 00:00:00,Ship Product
EV014534,2025-09-26 00:00:00,Complete Sale
EV011084,2025-09-26 00:00:00,Complete Sale
EV014536,2025-09-26 00:00:00,Ship Product
EV014537,2025-09-26 00:00:00,Complete Sale
EV005148,2025-09-26 00:00:00,Create Purchase Order
EV011048,2025-09-26 00:00:00,Create Sales Order
EV008635,2025-09-26 00:00:00,Ship Product
EV006120,2025-09-26 00:00:00,Create Sales Order
EV011645,2025-09-26 00:00:00,Ship Product
EV006333,2025-09-26 00:00:00,Ship Product
EV011646,2025-09-26 00:00:00,Complete Sale
EV011648,2025-09-26 00:00:00,Ship Product
EV006869,2025-09-26 00:00:00,Create Sales Order
EV013983,2025-09-26 00:00:00,Create Sales Order
EV010167,2025-09-26 00:00:00,Complete Sale
EV012466,2025-09-26 00:00:00,Ship Product
EV003731,2025-09-26 00:00:00,Add PO Item
EV003131,2025-09-26 00:00:00,Add PO Item
EV013698,2025-09-26 00:00:00,Complete Sale
EV001320,2025-09-26 00:00:00,Add PO Item
EV013695,2025-09-26 00:00:00,Complete Sale
EV011491,2025-09-26 01:00:00,Add Sales Order Item
EV006121,2025-09-26 01:00:00,Add Sales Order Item
EV011497,2025-09-26 01:00:00,Add Sales Order Item
EV006877,2025-09-26 01:00:00,Add Sales Order Item
EV006124,2025-09-26 01:00:00,Add Sales Order Item
EV006127,2025-09-26 01:00:00,Add Sales Order Item
EV013990,2025-09-26 01:00:00,Add Sales Order Item
EV006870,2025-09-26 01:00:00,Add Sales Order Item
EV011494,2025-09-26 01:00:00,Add Sales Order Item
EV013987,2025-09-26 01:00:00,Add Sales Order Item
EV006874,2025-09-26 01:00:00,Add Sales Order Item
EV013984,2025-09-26 01:00:00,Add Sales Order Item
EV011052,2025-09-26 01:00:00,Add Sales Order Item
EV011049,2025-09-26 01:00:00,Add Sales Order Item
EV005149,2025-09-26 04:00:00,Approve Purchase Order
EV008791,2025-09-27 00:00:00,Ship Product
EV005152,2025-09-27 00:00:00,Add PO Item
EV006334,2025-09-27 00:00:00,Complete Sale
EV002267,2025-09-27 00:00:00,Create Purchase Order
EV011207,2025-09-27 00:00:00,Create Sales Order
EV001978,2025-09-27 00:00:00,Dispatch Delivery
EV012509,2025-09-27 00:00:00,Complete Sale
EV011652,2025-09-27 00:00:00,Complete Sale
EV001348,2025-09-27 00:00:00,Dispatch Delivery
EV013988,2025-09-27 00:00:00,Ship Product
EV003132,2025-09-27 00:00:00,Dispatch Delivery
EV001092,2025-09-27 00:00:00,Dispatch Delivery
EV009752,2025-09-27 00:00:00,Ship Product
EV009753,2025-09-27 00:00:00,Complete Sale
EV005151,2025-09-27 00:00:00,Add PO Item
EV011141,2025-09-27 00:00:00,Ship Product
EV005150,2025-09-27 00:00:00,Add PO Item
EV005476,2025-09-27 00:00:00,Complete Sale
EV011103,2025-09-27 00:00:00,Create Sales Order
EV011649,2025-09-27 00:00:00,Complete Sale
EV008186,2025-09-27 00:00:00,Return Product
EV008636,2025-09-27 00:00:00,Complete Sale
EV003168,2025-09-27 00:00:00,Create Purchase Order
EV011104,2025-09-27 01:00:00,Add Sales Order Item
EV011208,2025-09-27 01:00:00,Add Sales Order Item
EV011215,2025-09-27 01:00:00,Add Sales Order Item
EV011212,2025-09-27 01:00:00,Add Sales Order Item
EV003169,2025-09-27 04:00:00,Approve Purchase Order
EV002268,2025-09-27 04:00:00,Approve Purchase Order
EV012511,2025-09-28 00:00:00,Ship Product
EV002270,2025-09-28 00:00:00,Add PO Item
EV004118,2025-09-28 00:00:00,Dispatch Delivery
EV004115,2025-09-28 00:00:00,Dispatch Delivery
EV013985,2025-09-28 00:00:00,Ship Product
EV012463,2025-09-28 00:00:00,Ship Product
EV012467,2025-09-28 00:00:00,Complete Sale
EV003170,2025-09-28 00:00:00,Add PO Item
EV002269,2025-09-28 00:00:00,Add PO Item
EV004072,2025-09-28 00:00:00,Create Purchase Order
EV006635,2025-09-28 00:00:00,Ship Product
EV010952,2025-09-28 00:00:00,Return Product
EV001042,2025-09-28 00:00:00,Receive Goods
EV011105,2025-09-28 00:00:00,Ship Product
EV006871,2025-09-28 00:00:00,Ship Product
EV011213,2025-09-28 00:00:00,Ship Product
EV011216,2025-09-28 00:00:00,Ship Product
EV010613,2025-09-28 00:00:00,Create Sales Order
EV001182,2025-09-28 00:00:00,Create Purchase Order
EV005384,2025-09-28 00:00:00,Receive Goods
EV006122,2025-09-28 00:00:00,Ship Product
EV005386,2025-09-28 00:00:00,Receive Goods
EV001251,2025-09-28 00:00:00,Dispatch Delivery
EV006636,2025-09-28 00:00:00,Complete Sale
EV011498,2025-09-28 00:00:00,Ship Product
EV000442,2025-09-28 00:00:00,Create Purchase Order
EV011106,2025-09-28 00:00:00,Complete Sale
EV006125,2025-09-28 00:00:00,Ship Product
EV010912,2025-09-28 00:00:00,Complete Sale
EV010621,2025-09-28 01:00:00,Add Sales Order Item
EV010617,2025-09-28 01:00:00,Add Sales Order Item
EV010614,2025-09-28 01:00:00,Add Sales Order Item
EV001183,2025-09-28 04:00:00,Approve Purchase Order
EV000443,2025-09-28 04:00:00,Approve Purchase Order
EV004073,2025-09-28 04:00:00,Approve Purchase Order
EV001043,2025-09-28 08:00:00,Put Away
EV005385,2025-09-28 08:00:00,Put Away
EV005387,2025-09-28 08:00:00,Put Away
EV001184,2025-09-29 00:00:00,Add PO Item
EV006129,2025-09-29 00:00:00,Complete Sale
EV006875,2025-09-29 00:00:00,Ship Product
EV001938,2025-09-29 00:00:00,Create Purchase Order
EV002227,2025-09-29 00:00:00,Dispatch Delivery
EV000445,2025-09-29 00:00:00,Add PO Item
EV013986,2025-09-29 00:00:00,Complete Sale
EV010909,2025-09-29 00:00:00,Complete Sale
EV011214,2025-09-29 00:00:00,Complete Sale
EV010908,2025-09-29 00:00:00,Ship Product
EV003732,2025-09-29 00:00:00,Dispatch Delivery
EV004360,2025-09-29 00:00:00,Dispatch Delivery
EV005421,2025-09-29 00:00:00,Receive Goods
EV013989,2025-09-29 00:00:00,Complete Sale
EV008792,2025-09-29 00:00:00,Complete Sale
EV001051,2025-09-29 00:00:00,Receive Goods
EV003622,2025-09-29 00:00:00,Dispatch Delivery
EV009607,2025-09-29 00:00:00,Create Sales Order
EV011499,2025-09-29 00:00:00,Complete Sale
EV005153,2025-09-29 00:00:00,Dispatch Delivery
EV001289,2025-09-29 00:00:00,Receive Goods
EV000444,2025-09-29 00:00:00,Add PO Item
EV011493,2025-09-29 00:00:00,Complete Sale
EV011492,2025-09-29 00:00:00,Ship Product
EV004074,2025-09-29 00:00:00,Add PO Item
EV007020,2025-09-29 00:00:00,Create Sales Order
EV004075,2025-09-29 00:00:00,Add PO Item
EV006878,2025-09-29 00:00:00,Ship Product
EV002271,2025-09-29 00:00:00,Dispatch Delivery
EV006128,2025-09-29 00:00:00,Ship Product
EV011142,2025-09-29 00:00:00,Complete Sale
EV009608,2025-09-29 01:00:00,Add Sales Order Item
EV007021,2025-09-29 01:00:00,Add Sales Order Item
EV009611,2025-09-29 01:00:00,Add Sales Order Item
EV001939,2025-09-29 04:00:00,Approve Purchase Order
EV005422,2025-09-29 08:00:00,Put Away
EV001290,2025-09-29 08:00:00,Put Away
EV001052,2025-09-29 08:00:00,Put Away
EV011050,2025-09-30 00:00:00,Ship Product
EV010915,2025-09-30 00:00:00,Complete Sale
EV005137,2025-09-30 00:00:00,Receive Goods
EV013991,2025-09-30 00:00:00,Ship Product
EV005423,2025-09-30 00:00:00,Dispatch Delivery
EV012512,2025-09-30 00:00:00,Complete Sale
EV010914,2025-09-30 00:00:00,Ship Product
EV006893,2025-09-30 00:00:00,Create Sales Order
EV013992,2025-09-30 00:00:00,Complete Sale
EV001349,2025-09-30 00:00:00,Receive Goods
EV015203,2025-09-30 00:00:00,Create Sales Order
EV006879,2025-09-30 00:00:00,Complete Sale
EV011495,2025-09-30 00:00:00,Ship Product
EV004894,2025-09-30 00:00:00,Dispatch Delivery
EV012052,2025-09-30 00:00:00,Create Sales Order
EV006126,2025-09-30 00:00:00,Complete Sale
EV001185,2025-09-30 00:00:00,Dispatch Delivery
EV006123,2025-09-30 00:00:00,Complete Sale
EV004790,2025-09-30 00:00:00,Dispatch Delivery
EV000446,2025-09-30 00:00:00,Dispatch Delivery
EV012464,2025-09-30 00:00:00,Complete Sale
EV011217,2025-09-30 00:00:00,Complete Sale
EV006872,2025-09-30 00:00:00,Complete Sale
EV004889,2025-09-30 00:00:00,Receive Goods
EV001940,2025-09-30 00:00:00,Add PO Item
EV001321,2025-09-30 00:00:00,Dispatch Delivery
EV015210,2025-09-30 01:00:00,Add Sales Order Item
EV012053,2025-09-30 01:00:00,Add Sales Order Item
EV006894,2025-09-30 01:00:00,Add Sales Order Item
EV015207,2025-09-30 01:00:00,Add Sales Order Item
EV015204,2025-09-30 01:00:00,Add Sales Order Item
EV004890,2025-09-30 08:00:00,Put Away
EV001350,2025-09-30 08:00:00,Put Away
EV005138,2025-09-30 08:00:00,Put Away
EV001780,2025-10-01 00:00:00,Receive Goods
EV001778,2025-10-01 00:00:00,Receive Goods
EV006876,2025-10-01 00:00:00,Complete Sale
EV011496,2025-10-01 00:00:00,Complete Sale
EV001941,2025-10-01 00:00:00,Dispatch Delivery
EV004121,2025-10-01 00:00:00,Dispatch Delivery
EV004116,2025-10-01 00:00:00,Receive Goods
EV004076,2025-10-01 00:00:00,Dispatch Delivery
EV009609,2025-10-01 00:00:00,Ship Product
EV010622,2025-10-01 00:00:00,Ship Product
EV001128,2025-10-01 00:00:00,Receive Goods
EV011210,2025-10-01 00:00:00,Complete Sale
EV011209,2025-10-01 00:00:00,Ship Product
EV011054,2025-10-01 00:00:00,Complete Sale
EV011053,2025-10-01 00:00:00,Ship Product
EV014342,2025-10-01 00:00:00,Create Sales Order
EV014346,2025-10-01 01:00:00,Add Sales Order Item
EV014343,2025-10-01 01:00:00,Add Sales Order Item
EV001129,2025-10-01 08:00:00,Put Away
EV004117,2025-10-01 08:00:00,Put Away
EV001779,2025-10-01 08:00:00,Put Away
EV001781,2025-10-01 08:00:00,Put Away
EV001932,2025-10-02 00:00:00,Create Purchase Order
EV009684,2025-10-02 00:00:00,Create Sales Order
EV014852,2025-10-02 00:00:00,Create Sales Order
EV002230,2025-10-02 00:00:00,Receive Goods
EV002228,2025-10-02 00:00:00,Receive Goods
EV001799,2025-10-02 00:00:00,Create Purchase Order
EV004358,2025-10-02 00:00:00,Receive Goods
EV000171,2025-10-02 00:00:00,Dispatch Delivery
EV011051,2025-10-02 00:00:00,Complete Sale
EV004793,2025-10-02 00:00:00,Dispatch Delivery
EV007650,2025-10-02 00:00:00,Create Sales Order
EV003625,2025-10-02 00:00:00,Receive Goods
EV008029,2025-10-02 00:00:00,Create Sales Order
EV003623,2025-10-02 00:00:00,Receive Goods
EV007022,2025-10-02 00:00:00,Ship Product
EV004356,2025-10-02 00:00:00,Receive Goods
EV006896,2025-10-02 00:00:00,Complete Sale
EV006895,2025-10-02 00:00:00,Ship Product
EV012009,2025-10-02 00:00:00,Return Product
EV007657,2025-10-02 01:00:00,Add Sales Order Item
EV014859,2025-10-02 01:00:00,Add Sales Order Item
EV014856,2025-10-02 01:00:00,Add Sales Order Item
EV014853,2025-10-02 01:00:00,Add Sales Order Item
EV007654,2025-10-02 01:00:00,Add Sales Order Item
EV007651,2025-10-02 01:00:00,Add Sales Order Item
EV009685,2025-10-02 01:00:00,Add Sales Order Item
EV009688,2025-10-02 01:00:00,Add Sales Order Item
EV008036,2025-10-02 01:00:00,Add Sales Order Item
EV008030,2025-10-02 01:00:00,Add Sales Order Item
EV008033,2025-10-02 01:00:00,Add Sales Order Item
EV001933,2025-10-02 04:00:00,Approve Purchase Order
EV001800,2025-10-02 04:00:00,Approve Purchase Order
EV003624,2025-10-02 08:00:00,Put Away
EV002231,2025-10-02 08:00:00,Put Away
EV004357,2025-10-02 08:00:00,Put Away
EV003626,2025-10-02 08:00:00,Put Away
EV002229,2025-10-02 08:00:00,Put Away
EV004359,2025-10-02 08:00:00,Put Away
EV006130,2025-10-03 00:00:00,Return Product
EV014697,2025-10-03 00:00:00,Create Sales Order
EV007023,2025-10-03 00:00:00,Complete Sale
EV006095,2025-10-03 00:00:00,Create Sales Order
EV012178,2025-10-03 00:00:00,Create Sales Order
EV009610,2025-10-03 00:00:00,Complete Sale
EV010623,2025-10-03 00:00:00,Complete Sale
EV012672,2025-10-03 00:00:00,Create Sales Order
EV012086,2025-10-03 00:00:00,Create Sales Order
EV002276,2025-10-03 00:00:00,Dispatch Delivery
EV001346,2025-10-03 00:00:00,Receive Goods
EV008037,2025-10-03 00:00:00,Ship Product
EV000903,2025-10-03 00:00:00,Receive Goods
EV010716,2025-10-03 00:00:00,Create Sales Order
EV010615,2025-10-03 00:00:00,Ship Product
EV010618,2025-10-03 00:00:00,Ship Product
EV003627,2025-10-03 00:00:00,Dispatch Delivery
EV008034,2025-10-03 00:00:00,Ship Product
EV000901,2025-10-03 00:00:00,Receive Goods
EV009612,2025-10-03 00:00:00,Ship Product
EV001934,2025-10-03 00:00:00,Add PO Item
EV006529,2025-10-03 00:00:00,Create Sales Order
EV008556,2025-10-03 00:00:00,Create Sales Order
EV009686,2025-10-03 00:00:00,Ship Product
EV001801,2025-10-03 00:00:00,Add PO Item
EV001802,2025-10-03 00:00:00,Add PO Item
EV006533,2025-10-03 01:00:00,Add Sales Order Item
EV006530,2025-10-03 01:00:00,Add Sales Order Item
EV006536,2025-10-03 01:00:00,Add Sales Order Item
EV008557,2025-10-03 01:00:00,Add Sales Order Item
EV012087,2025-10-03 01:00:00,Add Sales Order Item
EV012090,2025-10-03 01:00:00,Add Sales Order Item
EV012673,2025-10-03 01:00:00,Add Sales Order Item
EV006099,2025-10-03 01:00:00,Add Sales Order Item
EV012676,2025-10-03 01:00:00,Add Sales Order Item
EV012182,2025-10-03 01:00:00,Add Sales Order Item
EV006102,2025-10-03 01:00:00,Add Sales Order Item
EV012093,2025-10-03 01:00:00,Add Sales Order Item
EV014698,2025-10-03 01:00:00,Add Sales Order Item
EV012679,2025-10-03 01:00:00,Add Sales Order Item
EV012179,2025-10-03 01:00:00,Add Sales Order Item
EV010717,2025-10-03 01:00:00,Add Sales Order Item
EV006096,2025-10-03 01:00:00,Add Sales Order Item
EV001347,2025-10-03 08:00:00,Put Away
EV000904,2025-10-03 08:00:00,Put Away
EV000902,2025-10-03 08:00:00,Put Away
EV011591,2025-10-04 00:00:00,Create Sales Order
EV015211,2025-10-04 00:00:00,Ship Product
EV010619,2025-10-04 00:00:00,Complete Sale
EV009689,2025-10-04 00:00:00,Ship Product
EV000287,2025-10-04 00:00:00,Create Purchase Order
EV012183,2025-10-04 00:00:00,Ship Product
EV014857,2025-10-04 00:00:00,Ship Product
EV010718,2025-10-04 00:00:00,Ship Product
EV014855,2025-10-04 00:00:00,Complete Sale
EV013333,2025-10-04 00:00:00,Create Sales Order
EV012185,2025-10-04 00:00:00,Create Sales Order
EV014854,2025-10-04 00:00:00,Ship Product
EV015212,2025-10-04 00:00:00,Complete Sale
EV005436,2025-10-04 00:00:00,Create Sales Order
EV006534,2025-10-04 00:00:00,Ship Product
EV006532,2025-10-04 00:00:00,Complete Sale
EV006531,2025-10-04 00:00:00,Ship Product
EV005650,2025-10-04 00:00:00,Create Sales Order
EV003735,2025-10-04 00:00:00,Dispatch Delivery
EV001785,2025-10-04 00:00:00,Receive Goods
EV003171,2025-10-04 00:00:00,Dispatch Delivery
EV001981,2025-10-04 00:00:00,Receive Goods
EV001979,2025-10-04 00:00:00,Receive Goods
EV005391,2025-10-04 00:00:00,Receive Goods
EV006535,2025-10-04 00:00:00,Complete Sale
EV001959,2025-10-04 00:00:00,Create Purchase Order
EV005389,2025-10-04 00:00:00,Receive Goods
EV004122,2025-10-04 00:00:00,Receive Goods
EV001783,2025-10-04 00:00:00,Receive Goods
EV004892,2025-10-04 00:00:00,Receive Goods
EV002232,2025-10-04 00:00:00,Dispatch Delivery
EV013334,2025-10-04 01:00:00,Add Sales Order Item
EV013337,2025-10-04 01:00:00,Add Sales Order Item
EV013340,2025-10-04 01:00:00,Add Sales Order Item
EV011592,2025-10-04 01:00:00,Add Sales Order Item
EV011595,2025-10-04 01:00:00,Add Sales Order Item
EV005443,2025-10-04 01:00:00,Add Sales Order Item
EV005651,2025-10-04 01:00:00,Add Sales Order Item
EV005654,2025-10-04 01:00:00,Add Sales Order Item
EV005440,2025-10-04 01:00:00,Add Sales Order Item
EV005437,2025-10-04 01:00:00,Add Sales Order Item
EV005657,2025-10-04 01:00:00,Add Sales Order Item
EV012192,2025-10-04 01:00:00,Add Sales Order Item
EV012189,2025-10-04 01:00:00,Add Sales Order Item
EV012186,2025-10-04 01:00:00,Add Sales Order Item
EV001960,2025-10-04 04:00:00,Approve Purchase Order
EV000288,2025-10-04 04:00:00,Approve Purchase Order
EV001786,2025-10-04 08:00:00,Put Away
EV004123,2025-10-04 08:00:00,Put Away
EV001784,2025-10-04 08:00:00,Put Away
EV005390,2025-10-04 08:00:00,Put Away
EV001980,2025-10-04 08:00:00,Put Away
EV005392,2025-10-04 08:00:00,Put Away
EV004893,2025-10-04 08:00:00,Put Away
EV001982,2025-10-04 08:00:00,Put Away
EV015206,2025-10-05 00:00:00,Complete Sale
EV012054,2025-10-05 00:00:00,Ship Product
EV009687,2025-10-05 00:00:00,Complete Sale
EV010616,2025-10-05 00:00:00,Complete Sale
EV010719,2025-10-05 00:00:00,Complete Sale
EV008038,2025-10-05 00:00:00,Complete Sale
EV009367,2025-10-05 00:00:00,Create Sales Order
EV008286,2025-10-05 00:00:00,Create Sales Order
EV008559,2025-10-05 00:00:00,Complete Sale
EV007655,2025-10-05 00:00:00,Ship Product
EV012680,2025-10-05 00:00:00,Ship Product
EV015205,2025-10-05 00:00:00,Ship Product
EV003875,2025-10-05 00:00:00,Receive Goods
EV014348,2025-10-05 00:00:00,Complete Sale
EV001961,2025-10-05 00:00:00,Add PO Item
EV014347,2025-10-05 00:00:00,Ship Product
EV008558,2025-10-05 00:00:00,Ship Product
EV008035,2025-10-05 00:00:00,Complete Sale
EV004119,2025-10-05 00:00:00,Receive Goods
EV009613,2025-10-05 00:00:00,Complete Sale
EV015209,2025-10-05 00:00:00,Complete Sale
EV015208,2025-10-05 00:00:00,Ship Product
EV006100,2025-10-05 00:00:00,Ship Product
EV000915,2025-10-05 00:00:00,Create Purchase Order
EV006101,2025-10-05 00:00:00,Complete Sale
EV006103,2025-10-05 00:00:00,Ship Product
EV006104,2025-10-05 00:00:00,Complete Sale
EV012863,2025-10-05 00:00:00,Create Sales Order
EV001983,2025-10-05 00:00:00,Dispatch Delivery
EV010391,2025-10-05 00:00:00,Create Sales Order
EV005160,2025-10-05 00:00:00,Dispatch Delivery
EV000289,2025-10-05 00:00:00,Add PO Item
EV011294,2025-10-05 00:00:00,Create Sales Order
EV012091,2025-10-05 00:00:00,Ship Product
EV011684,2025-10-05 00:00:00,Create Sales Order
EV001803,2025-10-05 00:00:00,Dispatch Delivery
EV008287,2025-10-05 01:00:00,Add Sales Order Item
EV009371,2025-10-05 01:00:00,Add Sales Order Item
EV011295,2025-10-05 01:00:00,Add Sales Order Item
EV012867,2025-10-05 01:00:00,Add Sales Order Item
EV011298,2025-10-05 01:00:00,Add Sales Order Item
EV012864,2025-10-05 01:00:00,Add Sales Order Item
EV009374,2025-10-05 01:00:00,Add Sales Order Item
EV008290,2025-10-05 01:00:00,Add Sales Order Item
EV011691,2025-10-05 01:00:00,Add Sales Order Item
EV011301,2025-10-05 01:00:00,Add Sales Order Item
EV011685,2025-10-05 01:00:00,Add Sales Order Item
EV010392,2025-10-05 01:00:00,Add Sales Order Item
EV009368,2025-10-05 01:00:00,Add Sales Order Item
EV011688,2025-10-05 01:00:00,Add Sales Order Item
EV000916,2025-10-05 04:00:00,Approve Purchase Order
EV004120,2025-10-05 08:00:00,Put Away
EV003876,2025-10-05 08:00:00,Put Away
EV013341,2025-10-06 00:00:00,Ship Product
EV014574,2025-10-06 00:00:00,Create Sales Order
EV009792,2025-10-06 00:00:00,Create Sales Order
EV004370,2025-10-06 00:00:00,Create Purchase Order
EV014345,2025-10-06 00:00:00,Complete Sale
EV012681,2025-10-06 00:00:00,Complete Sale
EV014146,2025-10-06 00:00:00,Create Sales Order
EV004365,2025-10-06 00:00:00,Dispatch Delivery
EV014858,2025-10-06 00:00:00,Complete Sale
EV006097,2025-10-06 00:00:00,Ship Product
EV000917,2025-10-06 00:00:00,Add PO Item
EV012094,2025-10-06 00:00:00,Ship Product
EV012092,2025-10-06 00:00:00,Complete Sale
EV012089,2025-10-06 00:00:00,Complete Sale
EV012088,2025-10-06 00:00:00,Ship Product
EV012095,2025-10-06 00:00:00,Complete Sale
EV000906,2025-10-06 00:00:00,Receive Goods
EV000908,2025-10-06 00:00:00,Receive Goods
EV009190,2025-10-06 00:00:00,Create Sales Order
EV011296,2025-10-06 00:00:00,Ship Product
EV012055,2025-10-06 00:00:00,Complete Sale
EV009690,2025-10-06 00:00:00,Complete Sale
EV007656,2025-10-06 00:00:00,Complete Sale
EV014344,2025-10-06 00:00:00,Ship Product
EV004363,2025-10-06 00:00:00,Receive Goods
EV012674,2025-10-06 00:00:00,Ship Product
EV011299,2025-10-06 00:00:00,Ship Product
EV012184,2025-10-06 00:00:00,Complete Sale
EV004361,2025-10-06 00:00:00,Receive Goods
EV005134,2025-10-06 00:00:00,Receive Goods
EV007652,2025-10-06 00:00:00,Ship Product
EV012180,2025-10-06 00:00:00,Ship Product
EV012374,2025-10-06 00:00:00,Create Sales Order
EV014147,2025-10-06 01:00:00,Add Sales Order Item
EV012375,2025-10-06 01:00:00,Add Sales Order Item
EV014575,2025-10-06 01:00:00,Add Sales Order Item
EV014578,2025-10-06 01:00:00,Add Sales Order Item
EV014581,2025-10-06 01:00:00,Add Sales Order Item
EV009799,2025-10-06 01:00:00,Add Sales Order Item
EV009793,2025-10-06 01:00:00,Add Sales Order Item
EV009796,2025-10-06 01:00:00,Add Sales Order Item
EV012378,2025-10-06 01:00:00,Add Sales Order Item
EV009191,2025-10-06 01:00:00,Add Sales Order Item
EV009194,2025-10-06 01:00:00,Add Sales Order Item
EV009197,2025-10-06 01:00:00,Add Sales Order Item
EV004371,2025-10-06 04:00:00,Approve Purchase Order
EV000909,2025-10-06 08:00:00,Put Away
EV000907,2025-10-06 08:00:00,Put Away
EV004364,2025-10-06 08:00:00,Put Away
EV005135,2025-10-06 08:00:00,Put Away
EV004362,2025-10-06 08:00:00,Put Away
EV007658,2025-10-07 00:00:00,Ship Product
EV010199,2025-10-07 00:00:00,Create Sales Order
EV005047,2025-10-07 00:00:00,Create Purchase Order
EV002235,2025-10-07 00:00:00,Receive Goods
EV005424,2025-10-07 00:00:00,Receive Goods
EV002233,2025-10-07 00:00:00,Receive Goods
EV004081,2025-10-07 00:00:00,Dispatch Delivery
EV013338,2025-10-07 00:00:00,Ship Product
EV006793,2025-10-07 00:00:00,Create Sales Order
EV012734,2025-10-07 00:00:00,Create Sales Order
EV015108,2025-10-07 00:00:00,Create Sales Order
EV006783,2025-10-07 00:00:00,Create Sales Order
EV001944,2025-10-07 00:00:00,Dispatch Delivery
EV004372,2025-10-07 00:00:00,Add PO Item
EV004373,2025-10-07 00:00:00,Add PO Item
EV013445,2025-10-07 00:00:00,Return Product
EV009198,2025-10-07 00:00:00,Ship Product
EV014699,2025-10-07 00:00:00,Ship Product
EV001935,2025-10-07 00:00:00,Dispatch Delivery
EV000451,2025-10-07 00:00:00,Dispatch Delivery
EV012193,2025-10-07 00:00:00,Ship Product
EV012865,2025-10-07 00:00:00,Ship Product
EV014860,2025-10-07 00:00:00,Ship Product
EV014861,2025-10-07 00:00:00,Complete Sale
EV003736,2025-10-07 00:00:00,Receive Goods
EV011303,2025-10-07 00:00:00,Complete Sale
EV009192,2025-10-07 00:00:00,Ship Product
EV012187,2025-10-07 00:00:00,Ship Product
EV003133,2025-10-07 00:00:00,Receive Goods
EV011689,2025-10-07 00:00:00,Ship Product
EV012188,2025-10-07 00:00:00,Complete Sale
EV008031,2025-10-07 00:00:00,Ship Product
EV005652,2025-10-07 00:00:00,Ship Product
EV004791,2025-10-07 00:00:00,Receive Goods
EV005653,2025-10-07 00:00:00,Complete Sale
EV005655,2025-10-07 00:00:00,Ship Product
EV005658,2025-10-07 00:00:00,Ship Product
EV011302,2025-10-07 00:00:00,Ship Product
EV010203,2025-10-07 01:00:00,Add Sales Order Item
EV006790,2025-10-07 01:00:00,Add Sales Order Item
EV012735,2025-10-07 01:00:00,Add Sales Order Item
EV010200,2025-10-07 01:00:00,Add Sales Order Item
EV015109,2025-10-07 01:00:00,Add Sales Order Item
EV012738,2025-10-07 01:00:00,Add Sales Order Item
EV006787,2025-10-07 01:00:00,Add Sales Order Item
EV006784,2025-10-07 01:00:00,Add Sales Order Item
EV006794,2025-10-07 01:00:00,Add Sales Order Item
EV005048,2025-10-07 04:00:00,Approve Purchase Order
EV003134,2025-10-07 08:00:00,Put Away
EV004792,2025-10-07 08:00:00,Put Away
EV002234,2025-10-07 08:00:00,Put Away
EV005425,2025-10-07 08:00:00,Put Away
EV003737,2025-10-07 08:00:00,Put Away
EV002236,2025-10-07 08:00:00,Put Away
EV006098,2025-10-08 00:00:00,Complete Sale
EV001806,2025-10-08 00:00:00,Receive Goods
EV012736,2025-10-08 00:00:00,Ship Product
EV002845,2025-10-08 00:00:00,Receive Goods
EV012377,2025-10-08 00:00:00,Complete Sale
EV006410,2025-10-08 00:00:00,Create Sales Order
EV012678,2025-10-08 00:00:00,Complete Sale
EV012376,2025-10-08 00:00:00,Ship Product
EV012677,2025-10-08 00:00:00,Ship Product
EV011300,2025-10-08 00:00:00,Complete Sale
EV013335,2025-10-08 00:00:00,Ship Product
EV008292,2025-10-08 00:00:00,Complete Sale
EV009691,2025-10-08 00:00:00,Create Sales Order
EV003733,2025-10-08 00:00:00,Receive Goods
EV011596,2025-10-08 00:00:00,Ship Product
EV011297,2025-10-08 00:00:00,Complete Sale
EV011594,2025-10-08 00:00:00,Complete Sale
EV011593,2025-10-08 00:00:00,Ship Product
EV008291,2025-10-08 00:00:00,Ship Product
EV014700,2025-10-08 00:00:00,Complete Sale
EV009375,2025-10-08 00:00:00,Ship Product
EV005441,2025-10-08 00:00:00,Ship Product
EV001804,2025-10-08 00:00:00,Receive Goods
EV005049,2025-10-08 00:00:00,Add PO Item
EV007659,2025-10-08 00:00:00,Complete Sale
EV012181,2025-10-08 00:00:00,Complete Sale
EV007653,2025-10-08 00:00:00,Complete Sale
EV012675,2025-10-08 00:00:00,Complete Sale
EV006788,2025-10-08 00:00:00,Ship Product
EV006789,2025-10-08 00:00:00,Complete Sale
EV012868,2025-10-08 00:00:00,Ship Product
EV013342,2025-10-08 00:00:00,Complete Sale
EV009794,2025-10-08 00:00:00,Ship Product
EV004670,2025-10-08 00:00:00,Create Purchase Order
EV001988,2025-10-08 00:00:00,Dispatch Delivery
EV012866,2025-10-08 00:00:00,Complete Sale
EV009795,2025-10-08 00:00:00,Complete Sale
EV009719,2025-10-08 00:00:00,Create Sales Order
EV009199,2025-10-08 00:00:00,Complete Sale
EV012082,2025-10-08 00:00:00,Create Sales Order
EV011690,2025-10-08 00:00:00,Complete Sale
EV015038,2025-10-08 00:00:00,Create Sales Order
EV005659,2025-10-08 00:00:00,Complete Sale
EV005656,2025-10-08 00:00:00,Complete Sale
EV005438,2025-10-08 00:00:00,Ship Product
EV011692,2025-10-08 00:00:00,Ship Product
EV009826,2025-10-08 00:00:00,Create Sales Order
EV006537,2025-10-08 00:00:00,Ship Product
EV009195,2025-10-08 00:00:00,Ship Product
EV001188,2025-10-08 00:00:00,Dispatch Delivery
EV002281,2025-10-08 00:00:00,Dispatch Delivery
EV012194,2025-10-08 00:00:00,Complete Sale
EV009726,2025-10-08 01:00:00,Add Sales Order Item
EV009830,2025-10-08 01:00:00,Add Sales Order Item
EV009720,2025-10-08 01:00:00,Add Sales Order Item
EV006414,2025-10-08 01:00:00,Add Sales Order Item
EV006417,2025-10-08 01:00:00,Add Sales Order Item
EV015042,2025-10-08 01:00:00,Add Sales Order Item
EV009723,2025-10-08 01:00:00,Add Sales Order Item
EV012083,2025-10-08 01:00:00,Add Sales Order Item
EV006411,2025-10-08 01:00:00,Add Sales Order Item
EV015039,2025-10-08 01:00:00,Add Sales Order Item
EV009695,2025-10-08 01:00:00,Add Sales Order Item
EV009827,2025-10-08 01:00:00,Add Sales Order Item
EV015045,2025-10-08 01:00:00,Add Sales Order Item
EV009692,2025-10-08 01:00:00,Add Sales Order Item
EV004671,2025-10-08 04:00:00,Approve Purchase Order
EV001805,2025-10-08 08:00:00,Put Away
EV003734,2025-10-08 08:00:00,Put Away
EV002846,2025-10-08 08:00:00,Put Away
EV001807,2025-10-08 08:00:00,Put Away
EV011693,2025-10-09 00:00:00,Complete Sale
EV009196,2025-10-09 00:00:00,Complete Sale
EV000918,2025-10-09 00:00:00,Dispatch Delivery
EV012096,2025-10-09 00:00:00,Create Sales Order
EV006796,2025-10-09 00:00:00,Complete Sale
EV003848,2025-10-09 00:00:00,Receive Goods
EV005439,2025-10-09 00:00:00,Complete Sale
EV014579,2025-10-09 00:00:00,Ship Product
EV004794,2025-10-09 00:00:00,Receive Goods
EV009800,2025-10-09 00:00:00,Ship Product
EV003846,2025-10-09 00:00:00,Receive Goods
EV003844,2025-10-09 00:00:00,Receive Goods
EV014149,2025-10-09 00:00:00,Complete Sale
EV013699,2025-10-09 00:00:00,Create Sales Order
EV006538,2025-10-09 00:00:00,Complete Sale
EV004672,2025-10-09 00:00:00,Add PO Item
EV010202,2025-10-09 00:00:00,Complete Sale
EV008331,2025-10-09 00:00:00,Create Sales Order
EV008032,2025-10-09 00:00:00,Complete Sale
EV006412,2025-10-09 00:00:00,Ship Product
EV009193,2025-10-09 00:00:00,Complete Sale
EV008289,2025-10-09 00:00:00,Complete Sale
EV008288,2025-10-09 00:00:00,Ship Product
EV014148,2025-10-09 00:00:00,Ship Product
EV010201,2025-10-09 00:00:00,Ship Product
EV014580,2025-10-09 00:00:00,Complete Sale
EV005442,2025-10-09 00:00:00,Complete Sale
EV005444,2025-10-09 00:00:00,Ship Product
EV012190,2025-10-09 00:00:00,Ship Product
EV007480,2025-10-09 00:00:00,Create Sales Order
EV002175,2025-10-09 00:00:00,Receive Goods
EV010620,2025-10-09 00:00:00,Return Product
EV006795,2025-10-09 00:00:00,Ship Product
EV013336,2025-10-09 00:00:00,Complete Sale
EV014582,2025-10-09 00:00:00,Ship Product
EV011597,2025-10-09 00:00:00,Complete Sale
EV013339,2025-10-09 00:00:00,Complete Sale
EV008640,2025-10-09 00:00:00,Return Product
EV012097,2025-10-09 01:00:00,Add Sales Order Item
EV007481,2025-10-09 01:00:00,Add Sales Order Item
EV012103,2025-10-09 01:00:00,Add Sales Order Item
EV013700,2025-10-09 01:00:00,Add Sales Order Item
EV008332,2025-10-09 01:00:00,Add Sales Order Item
EV012100,2025-10-09 01:00:00,Add Sales Order Item
EV004795,2025-10-09 08:00:00,Put Away
EV003845,2025-10-09 08:00:00,Put Away
EV002176,2025-10-09 08:00:00,Put Away
EV003847,2025-10-09 08:00:00,Put Away
EV003849,2025-10-09 08:00:00,Put Away
EV007384,2025-10-10 00:00:00,Create Sales Order
EV006637,2025-10-10 00:00:00,Return Product
EV004413,2025-10-10 00:00:00,Create Purchase Order
EV009370,2025-10-10 00:00:00,Complete Sale
EV011778,2025-10-10 00:00:00,Create Sales Order
EV013266,2025-10-10 00:00:00,Create Sales Order
EV011829,2025-10-10 00:00:00,Create Sales Order
EV011687,2025-10-10 00:00:00,Complete Sale
EV002246,2025-10-10 00:00:00,Create Purchase Order
EV012737,2025-10-10 00:00:00,Complete Sale
EV006145,2025-10-10 00:00:00,Create Sales Order
EV006413,2025-10-10 00:00:00,Complete Sale
EV004895,2025-10-10 00:00:00,Receive Goods
EV015040,2025-10-10 00:00:00,Ship Product
EV015041,2025-10-10 00:00:00,Complete Sale
EV005445,2025-10-10 00:00:00,Complete Sale
EV011686,2025-10-10 00:00:00,Ship Product
EV012869,2025-10-10 00:00:00,Complete Sale
EV009630,2025-10-10 00:00:00,Create Sales Order
EV009369,2025-10-10 00:00:00,Ship Product
EV010393,2025-10-10 00:00:00,Ship Product
EV005167,2025-10-10 00:00:00,Dispatch Delivery
EV015046,2025-10-10 00:00:00,Ship Product
EV004084,2025-10-10 00:00:00,Receive Goods
EV010256,2025-10-10 00:00:00,Create Sales Order
EV003878,2025-10-10 00:00:00,Receive Goods
EV013211,2025-10-10 00:00:00,Create Sales Order
EV014576,2025-10-10 00:00:00,Ship Product
EV009376,2025-10-10 00:00:00,Complete Sale
EV001322,2025-10-10 00:00:00,Receive Goods
EV009721,2025-10-10 00:00:00,Ship Product
EV006077,2025-10-10 00:00:00,Create Sales Order
EV012191,2025-10-10 00:00:00,Complete Sale
EV001186,2025-10-10 00:00:00,Receive Goods
EV001962,2025-10-10 00:00:00,Dispatch Delivery
EV009801,2025-10-10 00:00:00,Complete Sale
EV009372,2025-10-10 00:00:00,Ship Product
EV009727,2025-10-10 00:00:00,Ship Product
EV014583,2025-10-10 00:00:00,Complete Sale
EV004082,2025-10-10 00:00:00,Receive Goods
EV011518,2025-10-10 00:00:00,Create Sales Order
EV013212,2025-10-10 01:00:00,Add Sales Order Item
EV011830,2025-10-10 01:00:00,Add Sales Order Item
EV006078,2025-10-10 01:00:00,Add Sales Order Item
EV013267,2025-10-10 01:00:00,Add Sales Order Item
EV007391,2025-10-10 01:00:00,Add Sales Order Item
EV013215,2025-10-10 01:00:00,Add Sales Order Item
EV011525,2025-10-10 01:00:00,Add Sales Order Item
EV011779,2025-10-10 01:00:00,Add Sales Order Item
EV013218,2025-10-10 01:00:00,Add Sales Order Item
EV009637,2025-10-10 01:00:00,Add Sales Order Item
EV011782,2025-10-10 01:00:00,Add Sales Order Item
EV009631,2025-10-10 01:00:00,Add Sales Order Item
EV007385,2025-10-10 01:00:00,Add Sales Order Item
EV013270,2025-10-10 01:00:00,Add Sales Order Item
EV007388,2025-10-10 01:00:00,Add Sales Order Item
EV006146,2025-10-10 01:00:00,Add Sales Order Item
EV011519,2025-10-10 01:00:00,Add Sales Order Item
EV006149,2025-10-10 01:00:00,Add Sales Order Item
EV011522,2025-10-10 01:00:00,Add Sales Order Item
EV010257,2025-10-10 01:00:00,Add Sales Order Item
EV009634,2025-10-10 01:00:00,Add Sales Order Item
EV002247,2025-10-10 04:00:00,Approve Purchase Order
EV004414,2025-10-10 04:00:00,Approve Purchase Order
EV003879,2025-10-10 08:00:00,Put Away
EV004896,2025-10-10 08:00:00,Put Away
EV004085,2025-10-10 08:00:00,Put Away
EV004083,2025-10-10 08:00:00,Put Away
EV001323,2025-10-10 08:00:00,Put Away
EV001187,2025-10-10 08:00:00,Put Away
EV005958,2025-10-11 00:00:00,Create Sales Order
EV012379,2025-10-11 00:00:00,Ship Product
EV006419,2025-10-11 00:00:00,Complete Sale
EV010205,2025-10-11 00:00:00,Complete Sale
EV006791,2025-10-11 00:00:00,Ship Product
EV006418,2025-10-11 00:00:00,Ship Product
EV015047,2025-10-11 00:00:00,Complete Sale
EV009693,2025-10-11 00:00:00,Ship Product
EV000290,2025-10-11 00:00:00,Dispatch Delivery
EV012101,2025-10-11 00:00:00,Ship Product
EV003274,2025-10-11 00:00:00,Receive Goods
EV012084,2025-10-11 00:00:00,Ship Product
EV004374,2025-10-11 00:00:00,Dispatch Delivery
EV006905,2025-10-11 00:00:00,Create Sales Order
EV009797,2025-10-11 00:00:00,Ship Product
EV009798,2025-10-11 00:00:00,Complete Sale
EV011784,2025-10-11 00:00:00,Complete Sale
EV006150,2025-10-11 00:00:00,Ship Product
EV002848,2025-10-11 00:00:00,Receive Goods
EV009694,2025-10-11 00:00:00,Complete Sale
EV010394,2025-10-11 00:00:00,Complete Sale
EV009373,2025-10-11 00:00:00,Complete Sale
EV000911,2025-10-11 00:00:00,Receive Goods
EV000913,2025-10-11 00:00:00,Receive Goods
EV011783,2025-10-11 00:00:00,Ship Product
EV004416,2025-10-11 00:00:00,Add PO Item
EV010204,2025-10-11 00:00:00,Ship Product
EV003172,2025-10-11 00:00:00,Receive Goods
EV015111,2025-10-11 00:00:00,Complete Sale
EV009829,2025-10-11 00:00:00,Complete Sale
EV002248,2025-10-11 00:00:00,Add PO Item
EV009722,2025-10-11 00:00:00,Complete Sale
EV013271,2025-10-11 00:00:00,Ship Product
EV009828,2025-10-11 00:00:00,Ship Product
EV015110,2025-10-11 00:00:00,Ship Product
EV005050,2025-10-11 00:00:00,Dispatch Delivery
EV011523,2025-10-11 00:00:00,Ship Product
EV004415,2025-10-11 00:00:00,Add PO Item
EV006785,2025-10-11 00:00:00,Ship Product
EV005959,2025-10-11 01:00:00,Add Sales Order Item
EV006906,2025-10-11 01:00:00,Add Sales Order Item
EV005962,2025-10-11 01:00:00,Add Sales Order Item
EV005965,2025-10-11 01:00:00,Add Sales Order Item
EV003173,2025-10-11 08:00:00,Put Away
EV002849,2025-10-11 08:00:00,Put Away
EV000914,2025-10-11 08:00:00,Put Away
EV000912,2025-10-11 08:00:00,Put Away
EV003275,2025-10-11 08:00:00,Put Away
EV005964,2025-10-12 00:00:00,Complete Sale
EV008333,2025-10-12 00:00:00,Ship Product
EV003630,2025-10-12 00:00:00,Receive Goods
EV012739,2025-10-12 00:00:00,Ship Product
EV009635,2025-10-12 00:00:00,Ship Product
EV014577,2025-10-12 00:00:00,Complete Sale
EV001986,2025-10-12 00:00:00,Receive Goods
EV006792,2025-10-12 00:00:00,Complete Sale
EV011780,2025-10-12 00:00:00,Ship Product
EV010258,2025-10-12 00:00:00,Ship Product
EV001252,2025-10-12 00:00:00,Receive Goods
EV009697,2025-10-12 00:00:00,Complete Sale
EV009832,2025-10-12 00:00:00,Complete Sale
EV009831,2025-10-12 00:00:00,Ship Product
EV012946,2025-10-12 00:00:00,Create Sales Order
EV013701,2025-10-12 00:00:00,Ship Product
EV012085,2025-10-12 00:00:00,Complete Sale
EV010814,2025-10-12 00:00:00,Create Sales Order
EV001984,2025-10-12 00:00:00,Receive Goods
EV002310,2025-10-12 00:00:00,Create Purchase Order
EV011520,2025-10-12 00:00:00,Ship Product
EV001093,2025-10-12 00:00:00,Receive Goods
EV013268,2025-10-12 00:00:00,Ship Product
EV009696,2025-10-12 00:00:00,Ship Product
EV011832,2025-10-12 00:00:00,Complete Sale
EV011831,2025-10-12 00:00:00,Ship Product
EV011526,2025-10-12 00:00:00,Ship Product
EV005960,2025-10-12 00:00:00,Ship Product
EV003628,2025-10-12 00:00:00,Receive Goods
EV005961,2025-10-12 00:00:00,Complete Sale
EV009728,2025-10-12 00:00:00,Complete Sale
EV013213,2025-10-12 00:00:00,Ship Product
EV005393,2025-10-12 00:00:00,Create Purchase Order
EV005963,2025-10-12 00:00:00,Ship Product
EV012740,2025-10-12 00:00:00,Complete Sale
EV008655,2025-10-12 00:00:00,Create Sales Order
EV002178,2025-10-12 00:00:00,Receive Goods
EV010815,2025-10-12 01:00:00,Add Sales Order Item
EV008663,2025-10-12 01:00:00,Add Sales Order Item
EV008659,2025-10-12 01:00:00,Add Sales Order Item
EV012947,2025-10-12 01:00:00,Add Sales Order Item
EV008656,2025-10-12 01:00:00,Add Sales Order Item
EV002311,2025-10-12 04:00:00,Approve Purchase Order
EV005394,2025-10-12 04:00:00,Approve Purchase Order
EV003631,2025-10-12 08:00:00,Put Away
EV001253,2025-10-12 08:00:00,Put Away
EV001987,2025-10-12 08:00:00,Put Away
EV001094,2025-10-12 08:00:00,Put Away
EV003629,2025-10-12 08:00:00,Put Away
EV001985,2025-10-12 08:00:00,Put Away
EV002179,2025-10-12 08:00:00,Put Away
EV006147,2025-10-13 00:00:00,Ship Product
EV009636,2025-10-13 00:00:00,Complete Sale
EV006194,2025-10-13 00:00:00,Create Sales Order
EV015044,2025-10-13 00:00:00,Complete Sale
EV013219,2025-10-13 00:00:00,Ship Product
EV009638,2025-10-13 00:00:00,Ship Product
EV009639,2025-10-13 00:00:00,Complete Sale
EV015043,2025-10-13 00:00:00,Ship Product
EV013216,2025-10-13 00:00:00,Ship Product
EV010259,2025-10-13 00:00:00,Complete Sale
EV008657,2025-10-13 00:00:00,Ship Product
EV005395,2025-10-13 00:00:00,Add PO Item
EV002312,2025-10-13 00:00:00,Add PO Item
EV011524,2025-10-13 00:00:00,Complete Sale
EV002249,2025-10-13 00:00:00,Dispatch Delivery
EV013272,2025-10-13 00:00:00,Complete Sale
EV001313,2025-10-13 00:00:00,Receive Goods
EV013269,2025-10-13 00:00:00,Complete Sale
EV006415,2025-10-13 00:00:00,Ship Product
EV006786,2025-10-13 00:00:00,Complete Sale
EV011781,2025-10-13 00:00:00,Complete Sale
EV012104,2025-10-13 00:00:00,Ship Product
EV012380,2025-10-13 00:00:00,Complete Sale
EV006080,2025-10-13 00:00:00,Complete Sale
EV006079,2025-10-13 00:00:00,Ship Product
EV009724,2025-10-13 00:00:00,Ship Product
EV008334,2025-10-13 00:00:00,Complete Sale
EV012102,2025-10-13 00:00:00,Complete Sale
EV004379,2025-10-13 00:00:00,Dispatch Delivery
EV010652,2025-10-13 00:00:00,Create Sales Order
EV006151,2025-10-13 00:00:00,Complete Sale
EV006201,2025-10-13 01:00:00,Add Sales Order Item
EV006195,2025-10-13 01:00:00,Add Sales Order Item
EV010659,2025-10-13 01:00:00,Add Sales Order Item
EV006198,2025-10-13 01:00:00,Add Sales Order Item
EV010656,2025-10-13 01:00:00,Add Sales Order Item
EV010653,2025-10-13 01:00:00,Add Sales Order Item
EV001314,2025-10-13 08:00:00,Put Away
EV004079,2025-10-14 00:00:00,Receive Goods
EV012098,2025-10-14 00:00:00,Ship Product
EV011521,2025-10-14 00:00:00,Complete Sale
EV009632,2025-10-14 00:00:00,Ship Product
EV013131,2025-10-14 00:00:00,Create Sales Order
EV007387,2025-10-14 00:00:00,Complete Sale
EV002313,2025-10-14 00:00:00,Dispatch Delivery
EV013702,2025-10-14 00:00:00,Complete Sale
EV009725,2025-10-14 00:00:00,Complete Sale
EV007482,2025-10-14 00:00:00,Ship Product
EV011527,2025-10-14 00:00:00,Complete Sale
EV004077,2025-10-14 00:00:00,Receive Goods
EV012105,2025-10-14 00:00:00,Complete Sale
EV007386,2025-10-14 00:00:00,Ship Product
EV007483,2025-10-14 00:00:00,Complete Sale
EV000291,2025-10-14 00:00:00,Receive Goods
EV009556,2025-10-14 00:00:00,Create Sales Order
EV007392,2025-10-14 00:00:00,Ship Product
EV006148,2025-10-14 00:00:00,Complete Sale
EV008538,2025-10-14 00:00:00,Create Sales Order
EV013217,2025-10-14 00:00:00,Complete Sale
EV013214,2025-10-14 00:00:00,Complete Sale
EV002842,2025-10-14 00:00:00,Receive Goods
EV009633,2025-10-14 00:00:00,Complete Sale
EV013258,2025-10-14 00:00:00,Create Sales Order
EV013132,2025-10-14 01:00:00,Add Sales Order Item
EV013259,2025-10-14 01:00:00,Add Sales Order Item
EV009557,2025-10-14 01:00:00,Add Sales Order Item
EV008539,2025-10-14 01:00:00,Add Sales Order Item
EV008542,2025-10-14 01:00:00,Add Sales Order Item
EV004080,2025-10-14 08:00:00,Put Away
EV002843,2025-10-14 08:00:00,Put Away
EV004078,2025-10-14 08:00:00,Put Away
EV000292,2025-10-14 08:00:00,Put Away
EV003162,2025-10-15 00:00:00,Create Purchase Order
EV013220,2025-10-15 00:00:00,Complete Sale
EV012099,2025-10-15 00:00:00,Complete Sale
EV003277,2025-10-15 00:00:00,Receive Goods
EV008658,2025-10-15 00:00:00,Complete Sale
EV004673,2025-10-15 00:00:00,Dispatch Delivery
EV005053,2025-10-15 00:00:00,Dispatch Delivery
EV008540,2025-10-15 00:00:00,Ship Product
EV000293,2025-10-15 00:00:00,Dispatch Delivery
EV011764,2025-10-15 00:00:00,Create Sales Order
EV008541,2025-10-15 00:00:00,Complete Sale
EV001989,2025-10-15 00:00:00,Receive Goods
EV001991,2025-10-15 00:00:00,Receive Goods
EV007389,2025-10-15 00:00:00,Ship Product
EV006416,2025-10-15 00:00:00,Complete Sale
EV013133,2025-10-15 00:00:00,Ship Product
EV012948,2025-10-15 00:00:00,Ship Product
EV011768,2025-10-15 01:00:00,Add Sales Order Item
EV011765,2025-10-15 01:00:00,Add Sales Order Item
EV011771,2025-10-15 01:00:00,Add Sales Order Item
EV003163,2025-10-15 04:00:00,Approve Purchase Order
EV001992,2025-10-15 08:00:00,Put Away
EV001990,2025-10-15 08:00:00,Put Away
EV003278,2025-10-15 08:00:00,Put Away
EV006199,2025-10-16 00:00:00,Ship Product
EV006549,2025-10-16 00:00:00,Return Product
EV007393,2025-10-16 00:00:00,Complete Sale
EV008527,2025-10-16 00:00:00,Create Sales Order
EV011059,2025-10-16 00:00:00,Create Sales Order
EV006762,2025-10-16 00:00:00,Create Sales Order
EV014349,2025-10-16 00:00:00,Create Sales Order
EV005966,2025-10-16 00:00:00,Ship Product
EV005396,2025-10-16 00:00:00,Dispatch Delivery
EV011211,2025-10-16 00:00:00,Return Product
EV003164,2025-10-16 00:00:00,Add PO Item
EV012611,2025-10-16 00:00:00,Create Sales Order
EV001817,2025-10-16 00:00:00,Create Purchase Order
EV004384,2025-10-16 00:00:00,Dispatch Delivery
EV006907,2025-10-16 00:00:00,Ship Product
EV006908,2025-10-16 00:00:00,Complete Sale
EV006909,2025-10-16 00:00:00,Create Sales Order
EV010657,2025-10-16 00:00:00,Ship Product
EV010658,2025-10-16 00:00:00,Complete Sale
EV010660,2025-10-16 00:00:00,Ship Product
EV007780,2025-10-16 00:00:00,Create Sales Order
EV011060,2025-10-16 01:00:00,Add Sales Order Item
EV011064,2025-10-16 01:00:00,Add Sales Order Item
EV014353,2025-10-16 01:00:00,Add Sales Order Item
EV007784,2025-10-16 01:00:00,Add Sales Order Item
EV011067,2025-10-16 01:00:00,Add Sales Order Item
EV014356,2025-10-16 01:00:00,Add Sales Order Item
EV007781,2025-10-16 01:00:00,Add Sales Order Item
EV006763,2025-10-16 01:00:00,Add Sales Order Item
EV012615,2025-10-16 01:00:00,Add Sales Order Item
EV008534,2025-10-16 01:00:00,Add Sales Order Item
EV008531,2025-10-16 01:00:00,Add Sales Order Item
EV014350,2025-10-16 01:00:00,Add Sales Order Item
EV008528,2025-10-16 01:00:00,Add Sales Order Item
EV012618,2025-10-16 01:00:00,Add Sales Order Item
EV006910,2025-10-16 01:00:00,Add Sales Order Item
EV006766,2025-10-16 01:00:00,Add Sales Order Item
EV007787,2025-10-16 01:00:00,Add Sales Order Item
EV012612,2025-10-16 01:00:00,Add Sales Order Item
EV001818,2025-10-16 04:00:00,Approve Purchase Order
EV008660,2025-10-17 00:00:00,Ship Product
EV008664,2025-10-17 00:00:00,Ship Product
EV008661,2025-10-17 00:00:00,Complete Sale
EV004417,2025-10-17 00:00:00,Dispatch Delivery
EV008665,2025-10-17 00:00:00,Complete Sale
EV009558,2025-10-17 00:00:00,Ship Product
EV001936,2025-10-17 00:00:00,Receive Goods
EV011311,2025-10-17 00:00:00,Create Sales Order
EV012949,2025-10-17 00:00:00,Complete Sale
EV005156,2025-10-17 00:00:00,Receive Goods
EV012748,2025-10-17 00:00:00,Create Sales Order
EV013134,2025-10-17 00:00:00,Complete Sale
EV007390,2025-10-17 00:00:00,Complete Sale
EV005158,2025-10-17 00:00:00,Receive Goods
EV005154,2025-10-17 00:00:00,Receive Goods
EV006912,2025-10-17 00:00:00,Complete Sale
EV007783,2025-10-17 00:00:00,Complete Sale
EV007782,2025-10-17 00:00:00,Ship Product
EV010661,2025-10-17 00:00:00,Complete Sale
EV006911,2025-10-17 00:00:00,Ship Product
EV006959,2025-10-17 00:00:00,Create Sales Order
EV002274,2025-10-17 00:00:00,Receive Goods
EV002558,2025-10-17 00:00:00,Create Purchase Order
EV003165,2025-10-17 00:00:00,Dispatch Delivery
EV002272,2025-10-17 00:00:00,Receive Goods
EV013260,2025-10-17 00:00:00,Ship Product
EV010816,2025-10-17 00:00:00,Ship Product
EV001819,2025-10-17 00:00:00,Add PO Item
EV006960,2025-10-17 01:00:00,Add Sales Order Item
EV012749,2025-10-17 01:00:00,Add Sales Order Item
EV012752,2025-10-17 01:00:00,Add Sales Order Item
EV006967,2025-10-17 01:00:00,Add Sales Order Item
EV011312,2025-10-17 01:00:00,Add Sales Order Item
EV011315,2025-10-17 01:00:00,Add Sales Order Item
EV006964,2025-10-17 01:00:00,Add Sales Order Item
EV012755,2025-10-17 01:00:00,Add Sales Order Item
EV011318,2025-10-17 01:00:00,Add Sales Order Item
EV002559,2025-10-17 04:00:00,Approve Purchase Order
EV001937,2025-10-17 08:00:00,Put Away
EV005159,2025-10-17 08:00:00,Put Away
EV002273,2025-10-17 08:00:00,Put Away
EV002275,2025-10-17 08:00:00,Put Away
EV005155,2025-10-17 08:00:00,Put Away
EV005157,2025-10-17 08:00:00,Put Away
EV001189,2025-10-18 00:00:00,Receive Goods
EV012613,2025-10-18 00:00:00,Ship Product
EV007788,2025-10-18 00:00:00,Ship Product
EV013261,2025-10-18 00:00:00,Complete Sale
EV010817,2025-10-18 00:00:00,Complete Sale
EV007808,2025-10-18 00:00:00,Create Sales Order
EV008543,2025-10-18 00:00:00,Ship Product
EV004045,2025-10-18 00:00:00,Create Purchase Order
EV000296,2025-10-18 00:00:00,Dispatch Delivery
EV008533,2025-10-18 00:00:00,Complete Sale
EV008532,2025-10-18 00:00:00,Ship Product
EV002560,2025-10-18 00:00:00,Add PO Item
EV002561,2025-10-18 00:00:00,Add PO Item
EV011446,2025-10-18 00:00:00,Create Sales Order
EV000294,2025-10-18 00:00:00,Receive Goods
EV009559,2025-10-18 00:00:00,Complete Sale
EV010238,2025-10-18 00:00:00,Create Sales Order
EV007785,2025-10-18 00:00:00,Ship Product
EV006202,2025-10-18 00:00:00,Ship Product
EV002316,2025-10-18 00:00:00,Dispatch Delivery
EV010655,2025-10-18 00:00:00,Complete Sale
EV006767,2025-10-18 00:00:00,Ship Product
EV006768,2025-10-18 00:00:00,Complete Sale
EV010654,2025-10-18 00:00:00,Ship Product
EV008799,2025-10-18 00:00:00,Return Product
EV011772,2025-10-18 00:00:00,Ship Product
EV007218,2025-10-18 00:00:00,Create Sales Order
EV011769,2025-10-18 00:00:00,Ship Product
EV005967,2025-10-18 00:00:00,Complete Sale
EV006197,2025-10-18 00:00:00,Complete Sale
EV006196,2025-10-18 00:00:00,Ship Product
EV006200,2025-10-18 00:00:00,Complete Sale
EV007219,2025-10-18 01:00:00,Add Sales Order Item
EV011447,2025-10-18 01:00:00,Add Sales Order Item
EV011450,2025-10-18 01:00:00,Add Sales Order Item
EV007809,2025-10-18 01:00:00,Add Sales Order Item
EV010239,2025-10-18 01:00:00,Add Sales Order Item
EV004046,2025-10-18 04:00:00,Approve Purchase Order
EV000295,2025-10-18 08:00:00,Put Away
EV001190,2025-10-18 08:00:00,Put Away
EV004676,2025-10-19 00:00:00,Dispatch Delivery
EV011773,2025-10-19 00:00:00,Complete Sale
EV002562,2025-10-19 00:00:00,Dispatch Delivery
EV011770,2025-10-19 00:00:00,Complete Sale
EV004047,2025-10-19 00:00:00,Add PO Item
EV008535,2025-10-19 00:00:00,Ship Product
EV004623,2025-10-19 00:00:00,Create Purchase Order
EV008662,2025-10-19 00:00:00,Return Product
EV008544,2025-10-19 00:00:00,Complete Sale
EV012754,2025-10-19 00:00:00,Complete Sale
EV012753,2025-10-19 00:00:00,Ship Product
EV008600,2025-10-19 00:00:00,Create Sales Order
EV007577,2025-10-19 00:00:00,Create Sales Order
EV012614,2025-10-19 00:00:00,Complete Sale
EV006459,2025-10-19 00:00:00,Create Sales Order
EV006203,2025-10-19 00:00:00,Complete Sale
EV010240,2025-10-19 00:00:00,Ship Product
EV011766,2025-10-19 00:00:00,Ship Product
EV002252,2025-10-19 00:00:00,Dispatch Delivery
EV014351,2025-10-19 00:00:00,Ship Product
EV007789,2025-10-19 00:00:00,Complete Sale
EV011319,2025-10-19 00:00:00,Ship Product
EV011320,2025-10-19 00:00:00,Complete Sale
EV009945,2025-10-19 00:00:00,Create Sales Order
EV006961,2025-10-19 00:00:00,Ship Product
EV006962,2025-10-19 00:00:00,Complete Sale
EV006965,2025-10-19 00:00:00,Ship Product
EV006966,2025-10-19 00:00:00,Complete Sale
EV005190,2025-10-19 00:00:00,Receive Goods
EV008601,2025-10-19 01:00:00,Add Sales Order Item
EV009946,2025-10-19 01:00:00,Add Sales Order Item
EV006460,2025-10-19 01:00:00,Add Sales Order Item
EV006463,2025-10-19 01:00:00,Add Sales Order Item
EV009949,2025-10-19 01:00:00,Add Sales Order Item
EV007578,2025-10-19 01:00:00,Add Sales Order Item
EV006466,2025-10-19 01:00:00,Add Sales Order Item
EV007584,2025-10-19 01:00:00,Add Sales Order Item
EV007581,2025-10-19 01:00:00,Add Sales Order Item
EV004624,2025-10-19 04:00:00,Approve Purchase Order
EV005191,2025-10-19 08:00:00,Put Away
EV007579,2025-10-20 00:00:00,Ship Product
EV012619,2025-10-20 00:00:00,Ship Product
EV002967,2025-10-20 00:00:00,Receive Goods
EV008602,2025-10-20 00:00:00,Ship Product
EV013482,2025-10-20 00:00:00,Create Sales Order
EV002250,2025-10-20 00:00:00,Receive Goods
EV004625,2025-10-20 00:00:00,Add PO Item
EV008603,2025-10-20 00:00:00,Complete Sale
EV006461,2025-10-20 00:00:00,Ship Product
EV004422,2025-10-20 00:00:00,Dispatch Delivery
EV012750,2025-10-20 00:00:00,Ship Product
EV006467,2025-10-20 00:00:00,Ship Product
EV007786,2025-10-20 00:00:00,Complete Sale
EV006968,2025-10-20 00:00:00,Ship Product
EV005193,2025-10-20 00:00:00,Receive Goods
EV014354,2025-10-20 00:00:00,Ship Product
EV002965,2025-10-20 00:00:00,Receive Goods
EV011065,2025-10-20 00:00:00,Ship Product
EV004626,2025-10-20 00:00:00,Add PO Item
EV001787,2025-10-20 00:00:00,Create Purchase Order
EV006764,2025-10-20 00:00:00,Ship Product
EV014320,2025-10-20 00:00:00,Create Sales Order
EV007790,2025-10-20 00:00:00,Create Sales Order
EV012887,2025-10-20 00:00:00,Create Sales Order
EV006994,2025-10-20 00:00:00,Create Sales Order
EV005056,2025-10-20 00:00:00,Dispatch Delivery
EV012891,2025-10-20 01:00:00,Add Sales Order Item
EV006995,2025-10-20 01:00:00,Add Sales Order Item
EV007791,2025-10-20 01:00:00,Add Sales Order Item
EV012888,2025-10-20 01:00:00,Add Sales Order Item
EV013483,2025-10-20 01:00:00,Add Sales Order Item
EV013486,2025-10-20 01:00:00,Add Sales Order Item
EV007797,2025-10-20 01:00:00,Add Sales Order Item
EV007794,2025-10-20 01:00:00,Add Sales Order Item
EV014321,2025-10-20 01:00:00,Add Sales Order Item
EV001788,2025-10-20 04:00:00,Approve Purchase Order
EV005194,2025-10-20 08:00:00,Put Away
EV002251,2025-10-20 08:00:00,Put Away
EV002966,2025-10-20 08:00:00,Put Away
EV002968,2025-10-20 08:00:00,Put Away
EV006462,2025-10-21 00:00:00,Complete Sale
EV004377,2025-10-21 00:00:00,Receive Goods
EV012620,2025-10-21 00:00:00,Complete Sale
EV004375,2025-10-21 00:00:00,Receive Goods
EV007585,2025-10-21 00:00:00,Ship Product
EV011316,2025-10-21 00:00:00,Ship Product
EV002277,2025-10-21 00:00:00,Receive Goods
EV011061,2025-10-21 00:00:00,Ship Product
EV007583,2025-10-21 00:00:00,Complete Sale
EV007582,2025-10-21 00:00:00,Ship Product
EV004368,2025-10-21 00:00:00,Receive Goods
EV011066,2025-10-21 00:00:00,Complete Sale
EV000166,2025-10-21 00:00:00,Receive Goods
EV010241,2025-10-21 00:00:00,Complete Sale
EV007580,2025-10-21 00:00:00,Complete Sale
EV011767,2025-10-21 00:00:00,Complete Sale
EV001789,2025-10-21 00:00:00,Add PO Item
EV004366,2025-10-21 00:00:00,Receive Goods
EV013487,2025-10-21 00:00:00,Ship Product
EV006765,2025-10-21 00:00:00,Complete Sale
EV014355,2025-10-21 00:00:00,Complete Sale
EV009950,2025-10-21 00:00:00,Ship Product
EV014352,2025-10-21 00:00:00,Complete Sale
EV002279,2025-10-21 00:00:00,Receive Goods
EV006464,2025-10-21 00:00:00,Ship Product
EV012616,2025-10-21 00:00:00,Ship Product
EV011068,2025-10-21 00:00:00,Ship Product
EV006465,2025-10-21 00:00:00,Complete Sale
EV004024,2025-10-21 00:00:00,Create Purchase Order
EV005051,2025-10-21 00:00:00,Receive Goods
EV013664,2025-10-21 00:00:00,Create Sales Order
EV008536,2025-10-21 00:00:00,Complete Sale
EV014357,2025-10-21 00:00:00,Ship Product
EV004850,2025-10-21 00:00:00,Create Purchase Order
EV004048,2025-10-21 00:00:00,Dispatch Delivery
EV008529,2025-10-21 00:00:00,Ship Product
EV007810,2025-10-21 00:00:00,Ship Product
EV012756,2025-10-21 00:00:00,Ship Product
EV001820,2025-10-21 00:00:00,Dispatch Delivery
EV007812,2025-10-21 00:00:00,Create Sales Order
EV012757,2025-10-21 00:00:00,Complete Sale
EV012751,2025-10-21 00:00:00,Complete Sale
EV006996,2025-10-21 00:00:00,Ship Product
EV007813,2025-10-21 01:00:00,Add Sales Order Item
EV007816,2025-10-21 01:00:00,Add Sales Order Item
EV013665,2025-10-21 01:00:00,Add Sales Order Item
EV007819,2025-10-21 01:00:00,Add Sales Order Item
EV013668,2025-10-21 01:00:00,Add Sales Order Item
EV004025,2025-10-21 04:00:00,Approve Purchase Order
EV004851,2025-10-21 04:00:00,Approve Purchase Order
EV000167,2025-10-21 08:00:00,Put Away
EV002278,2025-10-21 08:00:00,Put Away
EV005052,2025-10-21 08:00:00,Put Away
EV004378,2025-10-21 08:00:00,Put Away
EV002280,2025-10-21 08:00:00,Put Away
EV004376,2025-10-21 08:00:00,Put Away
EV004369,2025-10-21 08:00:00,Put Away
EV004367,2025-10-21 08:00:00,Put Away
EV004026,2025-10-22 00:00:00,Add PO Item
EV013484,2025-10-22 00:00:00,Ship Product
EV012889,2025-10-22 00:00:00,Ship Product
EV007795,2025-10-22 00:00:00,Ship Product
EV009948,2025-10-22 00:00:00,Complete Sale
EV009947,2025-10-22 00:00:00,Ship Product
EV007817,2025-10-22 00:00:00,Ship Product
EV008530,2025-10-22 00:00:00,Complete Sale
EV004852,2025-10-22 00:00:00,Add PO Item
EV009077,2025-10-22 00:00:00,Create Sales Order
EV002957,2025-10-22 00:00:00,Receive Goods
EV002955,2025-10-22 00:00:00,Receive Goods
EV009951,2025-10-22 00:00:00,Complete Sale
EV004674,2025-10-22 00:00:00,Receive Goods
EV004679,2025-10-22 00:00:00,Dispatch Delivery
EV012617,2025-10-22 00:00:00,Complete Sale
EV012967,2025-10-22 00:00:00,Create Sales Order
EV006969,2025-10-22 00:00:00,Complete Sale
EV004529,2025-10-22 00:00:00,Create Purchase Order
EV007811,2025-10-22 00:00:00,Complete Sale
EV012890,2025-10-22 00:00:00,Complete Sale
EV008308,2025-10-22 00:00:00,Create Sales Order
EV006468,2025-10-22 00:00:00,Complete Sale
EV011313,2025-10-22 00:00:00,Ship Product
EV007621,2025-10-22 00:00:00,Create Sales Order
EV012308,2025-10-22 00:00:00,Create Sales Order
EV009078,2025-10-22 01:00:00,Add Sales Order Item
EV012312,2025-10-22 01:00:00,Add Sales Order Item
EV012315,2025-10-22 01:00:00,Add Sales Order Item
EV008309,2025-10-22 01:00:00,Add Sales Order Item
EV009081,2025-10-22 01:00:00,Add Sales Order Item
EV012309,2025-10-22 01:00:00,Add Sales Order Item
EV007622,2025-10-22 01:00:00,Add Sales Order Item
EV012968,2025-10-22 01:00:00,Add Sales Order Item
EV004530,2025-10-22 04:00:00,Approve Purchase Order
EV004675,2025-10-22 08:00:00,Put Away
EV002956,2025-10-22 08:00:00,Put Away
EV002958,2025-10-22 08:00:00,Put Away
EV012310,2025-10-23 00:00:00,Ship Product
EV011451,2025-10-23 00:00:00,Ship Product
EV011062,2025-10-23 00:00:00,Complete Sale
EV001790,2025-10-23 00:00:00,Dispatch Delivery
EV011448,2025-10-23 00:00:00,Ship Product
EV007586,2025-10-23 00:00:00,Complete Sale
EV004027,2025-10-23 00:00:00,Dispatch Delivery
EV004531,2025-10-23 00:00:00,Add PO Item
EV005165,2025-10-23 00:00:00,Receive Goods
EV005660,2025-10-23 00:00:00,Return Product
EV006997,2025-10-23 00:00:00,Complete Sale
EV011317,2025-10-23 00:00:00,Complete Sale
EV007220,2025-10-23 00:00:00,Ship Product
EV011118,2025-10-23 00:00:00,Create Sales Order
EV013488,2025-10-23 00:00:00,Complete Sale
EV005161,2025-10-23 00:00:00,Receive Goods
EV007820,2025-10-23 00:00:00,Ship Product
EV005163,2025-10-23 00:00:00,Receive Goods
EV000169,2025-10-23 00:00:00,Receive Goods
EV008310,2025-10-23 00:00:00,Ship Product
EV006885,2025-10-23 00:00:00,Create Sales Order
EV014358,2025-10-23 00:00:00,Complete Sale
EV004425,2025-10-23 00:00:00,Receive Goods
EV004423,2025-10-23 00:00:00,Receive Goods
EV010916,2025-10-23 00:00:00,Create Sales Order
EV011069,2025-10-23 00:00:00,Complete Sale
EV004382,2025-10-23 00:00:00,Receive Goods
EV008304,2025-10-23 00:00:00,Create Sales Order
EV004380,2025-10-23 00:00:00,Receive Goods
EV008305,2025-10-23 01:00:00,Add Sales Order Item
EV011119,2025-10-23 01:00:00,Add Sales Order Item
EV011122,2025-10-23 01:00:00,Add Sales Order Item
EV010917,2025-10-23 01:00:00,Add Sales Order Item
EV006886,2025-10-23 01:00:00,Add Sales Order Item
EV005162,2025-10-23 08:00:00,Put Away
EV000170,2025-10-23 08:00:00,Put Away
EV004381,2025-10-23 08:00:00,Put Away
EV005164,2025-10-23 08:00:00,Put Away
EV004426,2025-10-23 08:00:00,Put Away
EV004383,2025-10-23 08:00:00,Put Away
EV004424,2025-10-23 08:00:00,Put Away
EV005166,2025-10-23 08:00:00,Put Away
EV008306,2025-10-24 00:00:00,Ship Product
EV009083,2025-10-24 00:00:00,Complete Sale
EV002577,2025-10-24 00:00:00,Create Purchase Order
EV000985,2025-10-24 00:00:00,Create Purchase Order
EV010918,2025-10-24 00:00:00,Ship Product
EV008311,2025-10-24 00:00:00,Complete Sale
EV009082,2025-10-24 00:00:00,Ship Product
EV008307,2025-10-24 00:00:00,Complete Sale
EV001821,2025-10-24 00:00:00,Receive Goods
EV006887,2025-10-24 00:00:00,Ship Product
EV013485,2025-10-24 00:00:00,Complete Sale
EV007814,2025-10-24 00:00:00,Ship Product
EV007799,2025-10-24 00:00:00,Complete Sale
EV010050,2025-10-24 00:00:00,Create Sales Order
EV007623,2025-10-24 00:00:00,Ship Product
EV011452,2025-10-24 00:00:00,Complete Sale
EV011449,2025-10-24 00:00:00,Complete Sale
EV007821,2025-10-24 00:00:00,Complete Sale
EV007818,2025-10-24 00:00:00,Complete Sale
EV007796,2025-10-24 00:00:00,Complete Sale
EV000314,2025-10-24 00:00:00,Create Purchase Order
EV011314,2025-10-24 00:00:00,Complete Sale
EV007798,2025-10-24 00:00:00,Ship Product
EV004627,2025-10-24 00:00:00,Dispatch Delivery
EV010054,2025-10-24 01:00:00,Add Sales Order Item
EV010057,2025-10-24 01:00:00,Add Sales Order Item
EV010051,2025-10-24 01:00:00,Add Sales Order Item
EV002578,2025-10-24 04:00:00,Approve Purchase Order
EV000315,2025-10-24 04:00:00,Approve Purchase Order
EV000986,2025-10-24 04:00:00,Approve Purchase Order
EV001822,2025-10-24 08:00:00,Put Away
EV007793,2025-10-25 00:00:00,Complete Sale
EV012892,2025-10-25 00:00:00,Ship Product
EV007324,2025-10-25 00:00:00,Create Sales Order
EV012316,2025-10-25 00:00:00,Ship Product
EV012311,2025-10-25 00:00:00,Complete Sale
EV007792,2025-10-25 00:00:00,Ship Product
EV000989,2025-10-25 00:00:00,Add PO Item
EV013666,2025-10-25 00:00:00,Ship Product
EV000988,2025-10-25 00:00:00,Add PO Item
EV000316,2025-10-25 00:00:00,Add PO Item
EV015112,2025-10-25 00:00:00,Create Sales Order
EV007222,2025-10-25 00:00:00,Create Sales Order
EV006888,2025-10-25 00:00:00,Complete Sale
EV007221,2025-10-25 00:00:00,Complete Sale
EV006228,2025-10-25 00:00:00,Create Sales Order
EV005054,2025-10-25 00:00:00,Receive Goods
EV014322,2025-10-25 00:00:00,Ship Product
EV005068,2025-10-25 00:00:00,Create Purchase Order
EV014323,2025-10-25 00:00:00,Complete Sale
EV002319,2025-10-25 00:00:00,Dispatch Delivery
EV002579,2025-10-25 00:00:00,Add PO Item
EV010919,2025-10-25 00:00:00,Complete Sale
EV001945,2025-10-25 00:00:00,Receive Goods
EV011653,2025-10-25 00:00:00,Return Product
EV000987,2025-10-25 00:00:00,Add PO Item
EV011120,2025-10-25 00:00:00,Ship Product
EV001823,2025-10-25 00:00:00,Dispatch Delivery
EV002255,2025-10-25 00:00:00,Dispatch Delivery
EV006204,2025-10-25 00:00:00,Return Product
EV015116,2025-10-25 01:00:00,Add Sales Order Item
EV007223,2025-10-25 01:00:00,Add Sales Order Item
EV007226,2025-10-25 01:00:00,Add Sales Order Item
EV007328,2025-10-25 01:00:00,Add Sales Order Item
EV006229,2025-10-25 01:00:00,Add Sales Order Item
EV015113,2025-10-25 01:00:00,Add Sales Order Item
EV007332,2025-10-25 01:00:00,Add Sales Order Item
EV006232,2025-10-25 01:00:00,Add Sales Order Item
EV007325,2025-10-25 01:00:00,Add Sales Order Item
EV005069,2025-10-25 04:00:00,Approve Purchase Order
EV005055,2025-10-25 08:00:00,Put Away
EV001946,2025-10-25 08:00:00,Put Away
EV002253,2025-10-26 00:00:00,Receive Goods
EV011121,2025-10-26 00:00:00,Complete Sale
EV002960,2025-10-26 00:00:00,Receive Goods
EV005070,2025-10-26 00:00:00,Add PO Item
EV007225,2025-10-26 00:00:00,Complete Sale
EV007815,2025-10-26 00:00:00,Complete Sale
EV007224,2025-10-26 00:00:00,Ship Product
EV007227,2025-10-26 00:00:00,Ship Product
EV004385,2025-10-26 00:00:00,Receive Goods
EV013669,2025-10-26 00:00:00,Ship Product
EV009079,2025-10-26 00:00:00,Ship Product
EV010284,2025-10-26 00:00:00,Create Sales Order
EV004387,2025-10-26 00:00:00,Receive Goods
EV010055,2025-10-26 00:00:00,Ship Product
EV002962,2025-10-26 00:00:00,Receive Goods
EV005397,2025-10-26 00:00:00,Receive Goods
EV007624,2025-10-26 00:00:00,Complete Sale
EV009729,2025-10-26 00:00:00,Return Product
EV004677,2025-10-26 00:00:00,Receive Goods
EV012893,2025-10-26 00:00:00,Complete Sale
EV010288,2025-10-26 01:00:00,Add Sales Order Item
EV010291,2025-10-26 01:00:00,Add Sales Order Item
EV010285,2025-10-26 01:00:00,Add Sales Order Item
EV004678,2025-10-26 08:00:00,Put Away
EV002254,2025-10-26 08:00:00,Put Away
EV002961,2025-10-26 08:00:00,Put Away
EV002963,2025-10-26 08:00:00,Put Away
EV004388,2025-10-26 08:00:00,Put Away
EV004386,2025-10-26 08:00:00,Put Away
EV005398,2025-10-26 08:00:00,Put Away
EV004030,2025-10-27 00:00:00,Dispatch Delivery
EV013670,2025-10-27 00:00:00,Complete Sale
EV012712,2025-10-27 00:00:00,Create Sales Order
EV002567,2025-10-27 00:00:00,Dispatch Delivery
EV004897,2025-10-27 00:00:00,Create Purchase Order
EV012313,2025-10-27 00:00:00,Ship Product
EV006233,2025-10-27 00:00:00,Ship Product
EV001942,2025-10-27 00:00:00,Receive Goods
EV012317,2025-10-27 00:00:00,Complete Sale
EV012314,2025-10-27 00:00:00,Complete Sale
EV011124,2025-10-27 00:00:00,Complete Sale
EV007327,2025-10-27 00:00:00,Complete Sale
EV007326,2025-10-27 00:00:00,Ship Product
EV011123,2025-10-27 00:00:00,Ship Product
EV012969,2025-10-27 00:00:00,Ship Product
EV013667,2025-10-27 00:00:00,Complete Sale
EV012719,2025-10-27 01:00:00,Add Sales Order Item
EV012713,2025-10-27 01:00:00,Add Sales Order Item
EV012716,2025-10-27 01:00:00,Add Sales Order Item
EV004898,2025-10-27 04:00:00,Approve Purchase Order
EV001943,2025-10-27 08:00:00,Put Away
EV005168,2025-10-28 00:00:00,Receive Goods
EV009973,2025-10-28 00:00:00,Create Sales Order
EV010556,2025-10-28 00:00:00,Create Sales Order
EV009080,2025-10-28 00:00:00,Complete Sale
EV001824,2025-10-28 00:00:00,Receive Goods
EV001963,2025-10-28 00:00:00,Receive Goods
EV004051,2025-10-28 00:00:00,Dispatch Delivery
EV014132,2025-10-28 00:00:00,Create Sales Order
EV005170,2025-10-28 00:00:00,Receive Goods
EV004853,2025-10-28 00:00:00,Dispatch Delivery
EV006234,2025-10-28 00:00:00,Complete Sale
EV010260,2025-10-28 00:00:00,Create Sales Order
EV010056,2025-10-28 00:00:00,Complete Sale
EV010292,2025-10-28 00:00:00,Ship Product
EV007304,2025-10-28 00:00:00,Create Sales Order
EV000447,2025-10-28 00:00:00,Receive Goods
EV000449,2025-10-28 00:00:00,Receive Goods
EV005172,2025-10-28 00:00:00,Receive Goods
EV006367,2025-10-28 00:00:00,Create Sales Order
EV004049,2025-10-28 00:00:00,Receive Goods
EV004899,2025-10-28 00:00:00,Add PO Item
EV007228,2025-10-28 00:00:00,Complete Sale
EV004632,2025-10-28 00:00:00,Dispatch Delivery
EV006368,2025-10-28 01:00:00,Add Sales Order Item
EV014139,2025-10-28 01:00:00,Add Sales Order Item
EV006371,2025-10-28 01:00:00,Add Sales Order Item
EV009974,2025-10-28 01:00:00,Add Sales Order Item
EV010264,2025-10-28 01:00:00,Add Sales Order Item
EV007308,2025-10-28 01:00:00,Add Sales Order Item
EV010557,2025-10-28 01:00:00,Add Sales Order Item
EV014136,2025-10-28 01:00:00,Add Sales Order Item
EV007305,2025-10-28 01:00:00,Add Sales Order Item
EV009977,2025-10-28 01:00:00,Add Sales Order Item
EV010560,2025-10-28 01:00:00,Add Sales Order Item
EV014133,2025-10-28 01:00:00,Add Sales Order Item
EV007311,2025-10-28 01:00:00,Add Sales Order Item
EV010261,2025-10-28 01:00:00,Add Sales Order Item
EV001964,2025-10-28 08:00:00,Put Away
EV000448,2025-10-28 08:00:00,Put Away
EV001825,2025-10-28 08:00:00,Put Away
EV005173,2025-10-28 08:00:00,Put Away
EV000450,2025-10-28 08:00:00,Put Away
EV005171,2025-10-28 08:00:00,Put Away
EV004050,2025-10-28 08:00:00,Put Away
EV005169,2025-10-28 08:00:00,Put Away
EV002580,2025-10-29 00:00:00,Dispatch Delivery
EV005071,2025-10-29 00:00:00,Dispatch Delivery
EV010052,2025-10-29 00:00:00,Ship Product
EV008340,2025-10-29 00:00:00,Create Sales Order
EV014134,2025-10-29 00:00:00,Ship Product
EV007309,2025-10-29 00:00:00,Ship Product
EV003913,2025-10-29 00:00:00,Create Purchase Order
EV004680,2025-10-29 00:00:00,Receive Goods
EV012970,2025-10-29 00:00:00,Complete Sale
EV004532,2025-10-29 00:00:00,Dispatch Delivery
EV015115,2025-10-29 00:00:00,Complete Sale
EV015114,2025-10-29 00:00:00,Ship Product
EV004856,2025-10-29 00:00:00,Dispatch Delivery
EV010058,2025-10-29 00:00:00,Ship Product
EV002565,2025-10-29 00:00:00,Receive Goods
EV012720,2025-10-29 00:00:00,Ship Product
EV002563,2025-10-29 00:00:00,Receive Goods
EV008341,2025-10-29 01:00:00,Add Sales Order Item
EV003914,2025-10-29 04:00:00,Approve Purchase Order
EV004681,2025-10-29 08:00:00,Put Away
EV002566,2025-10-29 08:00:00,Put Away
EV002564,2025-10-29 08:00:00,Put Away
EV000317,2025-10-30 00:00:00,Dispatch Delivery
EV004028,2025-10-30 00:00:00,Receive Goods
EV005888,2025-10-30 00:00:00,Create Sales Order
EV010558,2025-10-30 00:00:00,Ship Product
EV008476,2025-10-30 00:00:00,Create Sales Order
EV012721,2025-10-30 00:00:00,Complete Sale
EV009978,2025-10-30 00:00:00,Ship Product
EV000172,2025-10-30 00:00:00,Receive Goods
EV004508,2025-10-30 00:00:00,Create Purchase Order
EV014137,2025-10-30 00:00:00,Ship Product
EV006372,2025-10-30 00:00:00,Ship Product
EV010265,2025-10-30 00:00:00,Ship Product
EV010293,2025-10-30 00:00:00,Complete Sale
EV010286,2025-10-30 00:00:00,Ship Product
EV007312,2025-10-30 00:00:00,Ship Product
EV015117,2025-10-30 00:00:00,Ship Product
EV010262,2025-10-30 00:00:00,Ship Product
EV005057,2025-10-30 00:00:00,Receive Goods
EV006231,2025-10-30 00:00:00,Complete Sale
EV002572,2025-10-30 00:00:00,Dispatch Delivery
EV007329,2025-10-30 00:00:00,Ship Product
EV007330,2025-10-30 00:00:00,Complete Sale
EV007333,2025-10-30 00:00:00,Ship Product
EV006873,2025-10-30 00:00:00,Return Product
EV003915,2025-10-30 00:00:00,Add PO Item
EV006373,2025-10-30 00:00:00,Complete Sale
EV006230,2025-10-30 00:00:00,Ship Product
EV006369,2025-10-30 00:00:00,Ship Product
EV006370,2025-10-30 00:00:00,Complete Sale
EV007310,2025-10-30 00:00:00,Complete Sale
EV007306,2025-10-30 00:00:00,Ship Product
EV005889,2025-10-30 01:00:00,Add Sales Order Item
EV008480,2025-10-30 01:00:00,Add Sales Order Item
EV008477,2025-10-30 01:00:00,Add Sales Order Item
EV004509,2025-10-30 04:00:00,Approve Purchase Order
EV004029,2025-10-30 08:00:00,Put Away
EV000173,2025-10-30 08:00:00,Put Away
EV005058,2025-10-30 08:00:00,Put Away
EV001993,2025-10-31 00:00:00,Create Purchase Order
EV011143,2025-10-31 00:00:00,Create Sales Order
EV010053,2025-10-31 00:00:00,Complete Sale
EV002773,2025-10-31 00:00:00,Create Purchase Order
EV012717,2025-10-31 00:00:00,Ship Product
EV012718,2025-10-31 00:00:00,Complete Sale
EV000297,2025-10-31 00:00:00,Receive Goods
EV000990,2025-10-31 00:00:00,Dispatch Delivery
EV001389,2025-10-31 00:00:00,Create Purchase Order
EV007334,2025-10-31 00:00:00,Complete Sale
EV004510,2025-10-31 00:00:00,Add PO Item
EV004535,2025-10-31 00:00:00,Dispatch Delivery
EV008481,2025-10-31 00:00:00,Ship Product
EV015118,2025-10-31 00:00:00,Complete Sale
EV005891,2025-10-31 00:00:00,Complete Sale
EV008482,2025-10-31 00:00:00,Complete Sale
EV005890,2025-10-31 00:00:00,Ship Product
EV010059,2025-10-31 00:00:00,Complete Sale
EV009614,2025-10-31 00:00:00,Create Sales Order
EV002284,2025-10-31 00:00:00,Receive Goods
EV002282,2025-10-31 00:00:00,Receive Goods
EV009979,2025-10-31 00:00:00,Complete Sale
EV010287,2025-10-31 00:00:00,Complete Sale
EV004630,2025-10-31 00:00:00,Receive Goods
EV007307,2025-10-31 00:00:00,Complete Sale
EV004628,2025-10-31 00:00:00,Receive Goods
EV010289,2025-10-31 00:00:00,Ship Product
EV010263,2025-10-31 00:00:00,Complete Sale
EV014138,2025-10-31 00:00:00,Complete Sale
EV007313,2025-10-31 00:00:00,Complete Sale
EV014135,2025-10-31 00:00:00,Complete Sale
EV009975,2025-10-31 00:00:00,Ship Product
EV004637,2025-10-31 00:00:00,Dispatch Delivery
EV003916,2025-10-31 00:00:00,Dispatch Delivery
EV010290,2025-10-31 00:00:00,Complete Sale
EV009615,2025-10-31 01:00:00,Add Sales Order Item
EV011147,2025-10-31 01:00:00,Add Sales Order Item
EV011144,2025-10-31 01:00:00,Add Sales Order Item
EV001390,2025-10-31 04:00:00,Approve Purchase Order
EV001994,2025-10-31 04:00:00,Approve Purchase Order
EV002774,2025-10-31 04:00:00,Approve Purchase Order
EV004631,2025-10-31 08:00:00,Put Away
EV004629,2025-10-31 08:00:00,Put Away
EV000298,2025-10-31 08:00:00,Put Away
EV002283,2025-10-31 08:00:00,Put Away
EV002285,2025-10-31 08:00:00,Put Away
EV000997,2025-11-01 00:00:00,Dispatch Delivery
EV006659,2025-11-01 00:00:00,Create Sales Order
EV010136,2025-11-01 00:00:00,Create Sales Order
EV005591,2025-11-01 00:00:00,Create Sales Order
EV003458,2025-11-01 00:00:00,Create Purchase Order
EV002776,2025-11-01 00:00:00,Add PO Item
EV002775,2025-11-01 00:00:00,Add PO Item
EV001391,2025-11-01 00:00:00,Add PO Item
EV002256,2025-11-01 00:00:00,Receive Goods
EV014173,2025-11-01 00:00:00,Create Sales Order
EV015123,2025-11-01 00:00:00,Create Sales Order
EV004533,2025-11-01 00:00:00,Receive Goods
EV004418,2025-11-01 00:00:00,Receive Goods
EV004420,2025-11-01 00:00:00,Receive Goods
EV001995,2025-11-01 00:00:00,Add PO Item
EV012714,2025-11-01 00:00:00,Ship Product
EV005511,2025-11-01 00:00:00,Create Sales Order
EV011626,2025-11-01 00:00:00,Create Sales Order
EV010266,2025-11-01 00:00:00,Complete Sale
EV009976,2025-11-01 00:00:00,Complete Sale
EV010561,2025-11-01 00:00:00,Ship Product
EV005570,2025-11-01 00:00:00,Create Sales Order
EV008012,2025-11-01 00:00:00,Create Sales Order
EV005072,2025-11-01 00:00:00,Receive Goods
EV010559,2025-11-01 00:00:00,Complete Sale
EV005595,2025-11-01 01:00:00,Add Sales Order Item
EV010137,2025-11-01 01:00:00,Add Sales Order Item
EV005574,2025-11-01 01:00:00,Add Sales Order Item
EV015130,2025-11-01 01:00:00,Add Sales Order Item
EV005512,2025-11-01 01:00:00,Add Sales Order Item
EV010140,2025-11-01 01:00:00,Add Sales Order Item
EV011630,2025-11-01 01:00:00,Add Sales Order Item
EV011627,2025-11-01 01:00:00,Add Sales Order Item
EV010144,2025-11-01 01:00:00,Add Sales Order Item
EV011633,2025-11-01 01:00:00,Add Sales Order Item
EV008016,2025-11-01 01:00:00,Add Sales Order Item
EV008013,2025-11-01 01:00:00,Add Sales Order Item
EV015127,2025-11-01 01:00:00,Add Sales Order Item
EV006660,2025-11-01 01:00:00,Add Sales Order Item
EV005598,2025-11-01 01:00:00,Add Sales Order Item
EV015124,2025-11-01 01:00:00,Add Sales Order Item
EV005592,2025-11-01 01:00:00,Add Sales Order Item
EV008019,2025-11-01 01:00:00,Add Sales Order Item
EV005571,2025-11-01 01:00:00,Add Sales Order Item
EV014174,2025-11-01 01:00:00,Add Sales Order Item
EV003459,2025-11-01 04:00:00,Approve Purchase Order
EV004421,2025-11-01 08:00:00,Put Away
EV005073,2025-11-01 08:00:00,Put Away
EV002257,2025-11-01 08:00:00,Put Away
EV004534,2025-11-01 08:00:00,Put Away
EV004419,2025-11-01 08:00:00,Put Away
EV005575,2025-11-02 00:00:00,Ship Product
EV014049,2025-11-02 00:00:00,Create Sales Order
EV005599,2025-11-02 00:00:00,Ship Product
EV005600,2025-11-02 00:00:00,Complete Sale
EV003460,2025-11-02 00:00:00,Add PO Item
EV010145,2025-11-02 00:00:00,Ship Product
EV006091,2025-11-02 00:00:00,Create Sales Order
EV000919,2025-11-02 00:00:00,Receive Goods
EV006661,2025-11-02 00:00:00,Ship Product
EV012715,2025-11-02 00:00:00,Complete Sale
EV008343,2025-11-02 00:00:00,Complete Sale
EV008342,2025-11-02 00:00:00,Ship Product
EV003481,2025-11-02 00:00:00,Create Purchase Order
EV008478,2025-11-02 00:00:00,Ship Product
EV007194,2025-11-02 00:00:00,Create Sales Order
EV008403,2025-11-02 00:00:00,Create Sales Order
EV014140,2025-11-02 00:00:00,Ship Product
EV005892,2025-11-02 00:00:00,Create Sales Order
EV008407,2025-11-02 01:00:00,Add Sales Order Item
EV007195,2025-11-02 01:00:00,Add Sales Order Item
EV014053,2025-11-02 01:00:00,Add Sales Order Item
EV005893,2025-11-02 01:00:00,Add Sales Order Item
EV008404,2025-11-02 01:00:00,Add Sales Order Item
EV014050,2025-11-02 01:00:00,Add Sales Order Item
EV008410,2025-11-02 01:00:00,Add Sales Order Item
EV006092,2025-11-02 01:00:00,Add Sales Order Item
EV003482,2025-11-02 04:00:00,Approve Purchase Order
EV000920,2025-11-02 08:00:00,Put Away
EV001316,2025-11-03 00:00:00,Receive Goods
EV006105,2025-11-03 00:00:00,Return Product
EV007066,2025-11-03 00:00:00,Create Sales Order
EV004900,2025-11-03 00:00:00,Dispatch Delivery
EV009457,2025-11-03 00:00:00,Create Sales Order
EV000222,2025-11-03 00:00:00,Create Purchase Order
EV008750,2025-11-03 00:00:00,Create Sales Order
EV006662,2025-11-03 00:00:00,Complete Sale
EV004511,2025-11-03 00:00:00,Dispatch Delivery
EV013055,2025-11-03 00:00:00,Create Sales Order
EV008479,2025-11-03 00:00:00,Complete Sale
EV003483,2025-11-03 00:00:00,Add PO Item
EV015125,2025-11-03 00:00:00,Ship Product
EV013679,2025-11-03 00:00:00,Create Sales Order
EV015128,2025-11-03 00:00:00,Ship Product
EV011148,2025-11-03 00:00:00,Ship Product
EV015131,2025-11-03 00:00:00,Ship Product
EV014175,2025-11-03 00:00:00,Ship Product
EV000320,2025-11-03 00:00:00,Dispatch Delivery
EV005074,2025-11-03 00:00:00,Dispatch Delivery
EV004031,2025-11-03 00:00:00,Receive Goods
EV005576,2025-11-03 00:00:00,Complete Sale
EV004536,2025-11-03 00:00:00,Receive Goods
EV010562,2025-11-03 00:00:00,Complete Sale
EV014550,2025-11-03 00:00:00,Create Sales Order
EV009458,2025-11-03 01:00:00,Add Sales Order Item
EV008751,2025-11-03 01:00:00,Add Sales Order Item
EV007067,2025-11-03 01:00:00,Add Sales Order Item
EV008757,2025-11-03 01:00:00,Add Sales Order Item
EV008754,2025-11-03 01:00:00,Add Sales Order Item
EV009461,2025-11-03 01:00:00,Add Sales Order Item
EV014551,2025-11-03 01:00:00,Add Sales Order Item
EV013680,2025-11-03 01:00:00,Add Sales Order Item
EV013056,2025-11-03 01:00:00,Add Sales Order Item
EV014554,2025-11-03 01:00:00,Add Sales Order Item
EV000223,2025-11-03 04:00:00,Approve Purchase Order
EV004032,2025-11-03 08:00:00,Put Away
EV004537,2025-11-03 08:00:00,Put Away
EV001317,2025-11-03 08:00:00,Put Away
EV001104,2025-11-04 00:00:00,Create Purchase Order
EV004633,2025-11-04 00:00:00,Receive Goods
EV004635,2025-11-04 00:00:00,Receive Goods
EV014141,2025-11-04 00:00:00,Complete Sale
EV005593,2025-11-04 00:00:00,Ship Product
EV009616,2025-11-04 00:00:00,Ship Product
EV015132,2025-11-04 00:00:00,Complete Sale
EV000454,2025-11-04 00:00:00,Receive Goods
EV013240,2025-11-04 00:00:00,Create Sales Order
EV000452,2025-11-04 00:00:00,Receive Goods
EV008755,2025-11-04 00:00:00,Ship Product
EV008756,2025-11-04 00:00:00,Complete Sale
EV002881,2025-11-04 00:00:00,Create Purchase Order
EV004052,2025-11-04 00:00:00,Receive Goods
EV010146,2025-11-04 00:00:00,Complete Sale
EV005597,2025-11-04 00:00:00,Complete Sale
EV002583,2025-11-04 00:00:00,Dispatch Delivery
EV008406,2025-11-04 00:00:00,Complete Sale
EV011149,2025-11-04 00:00:00,Complete Sale
EV008411,2025-11-04 00:00:00,Ship Product
EV000224,2025-11-04 00:00:00,Add PO Item
EV008020,2025-11-04 00:00:00,Ship Product
EV008021,2025-11-04 00:00:00,Complete Sale
EV005596,2025-11-04 00:00:00,Ship Product
EV008405,2025-11-04 00:00:00,Ship Product
EV007196,2025-11-04 00:00:00,Ship Product
EV013241,2025-11-04 01:00:00,Add Sales Order Item
EV013244,2025-11-04 01:00:00,Add Sales Order Item
EV013247,2025-11-04 01:00:00,Add Sales Order Item
EV002882,2025-11-04 04:00:00,Approve Purchase Order
EV001105,2025-11-04 04:00:00,Approve Purchase Order
EV000453,2025-11-04 08:00:00,Put Away
EV000455,2025-11-04 08:00:00,Put Away
EV004053,2025-11-04 08:00:00,Put Away
EV004636,2025-11-04 08:00:00,Put Away
EV004634,2025-11-04 08:00:00,Put Away
EV012433,2025-11-05 00:00:00,Create Sales Order
EV014176,2025-11-05 00:00:00,Complete Sale
EV008014,2025-11-05 00:00:00,Ship Product
EV004733,2025-11-05 00:00:00,Create Purchase Order
EV005572,2025-11-05 00:00:00,Ship Product
EV002883,2025-11-05 00:00:00,Add PO Item
EV001107,2025-11-05 00:00:00,Add PO Item
EV009617,2025-11-05 00:00:00,Complete Sale
EV015126,2025-11-05 00:00:00,Complete Sale
EV011628,2025-11-05 00:00:00,Ship Product
EV008412,2025-11-05 00:00:00,Complete Sale
EV001004,2025-11-05 00:00:00,Dispatch Delivery
EV001106,2025-11-05 00:00:00,Add PO Item
EV001996,2025-11-05 00:00:00,Dispatch Delivery
EV004538,2025-11-05 00:00:00,Dispatch Delivery
EV009463,2025-11-05 00:00:00,Complete Sale
EV009462,2025-11-05 00:00:00,Ship Product
EV010138,2025-11-05 00:00:00,Ship Product
EV005573,2025-11-05 00:00:00,Complete Sale
EV015129,2025-11-05 00:00:00,Complete Sale
EV011145,2025-11-05 00:00:00,Ship Product
EV012434,2025-11-05 01:00:00,Add Sales Order Item
EV012437,2025-11-05 01:00:00,Add Sales Order Item
EV004734,2025-11-05 04:00:00,Approve Purchase Order
EV007068,2025-11-06 00:00:00,Ship Product
EV011146,2025-11-06 00:00:00,Complete Sale
EV011634,2025-11-06 00:00:00,Ship Product
EV009460,2025-11-06 00:00:00,Complete Sale
EV007197,2025-11-06 00:00:00,Complete Sale
EV009459,2025-11-06 00:00:00,Ship Product
EV005075,2025-11-06 00:00:00,Receive Goods
EV001392,2025-11-06 00:00:00,Dispatch Delivery
EV008017,2025-11-06 00:00:00,Ship Product
EV004735,2025-11-06 00:00:00,Add PO Item
EV002568,2025-11-06 00:00:00,Receive Goods
EV005080,2025-11-06 00:00:00,Create Purchase Order
EV008015,2025-11-06 00:00:00,Complete Sale
EV014051,2025-11-06 00:00:00,Ship Product
EV002570,2025-11-06 00:00:00,Receive Goods
EV005594,2025-11-06 00:00:00,Complete Sale
EV012911,2025-11-06 00:00:00,Create Sales Order
EV002884,2025-11-06 00:00:00,Dispatch Delivery
EV014054,2025-11-06 00:00:00,Ship Product
EV012838,2025-11-06 00:00:00,Create Sales Order
EV014055,2025-11-06 00:00:00,Complete Sale
EV005513,2025-11-06 00:00:00,Ship Product
EV011631,2025-11-06 00:00:00,Ship Product
EV010141,2025-11-06 00:00:00,Ship Product
EV012438,2025-11-06 00:00:00,Ship Product
EV010139,2025-11-06 00:00:00,Complete Sale
EV008759,2025-11-06 00:00:00,Complete Sale
EV008758,2025-11-06 00:00:00,Ship Product
EV000318,2025-11-06 00:00:00,Receive Goods
EV014633,2025-11-06 00:00:00,Create Sales Order
EV012839,2025-11-06 01:00:00,Add Sales Order Item
EV014634,2025-11-06 01:00:00,Add Sales Order Item
EV014637,2025-11-06 01:00:00,Add Sales Order Item
EV012842,2025-11-06 01:00:00,Add Sales Order Item
EV014640,2025-11-06 01:00:00,Add Sales Order Item
EV012912,2025-11-06 01:00:00,Add Sales Order Item
EV005081,2025-11-06 04:00:00,Approve Purchase Order
EV002569,2025-11-06 08:00:00,Put Away
EV002571,2025-11-06 08:00:00,Put Away
EV005076,2025-11-06 08:00:00,Put Away
EV000319,2025-11-06 08:00:00,Put Away
EV001108,2025-11-07 00:00:00,Dispatch Delivery
EV011632,2025-11-07 00:00:00,Complete Sale
EV014552,2025-11-07 00:00:00,Ship Product
EV011028,2025-11-07 00:00:00,Create Sales Order
EV006093,2025-11-07 00:00:00,Ship Product
EV003461,2025-11-07 00:00:00,Dispatch Delivery
EV014555,2025-11-07 00:00:00,Ship Product
EV008018,2025-11-07 00:00:00,Complete Sale
EV008752,2025-11-07 00:00:00,Ship Product
EV010142,2025-11-07 00:00:00,Complete Sale
EV014635,2025-11-07 00:00:00,Ship Product
EV006388,2025-11-07 00:00:00,Create Sales Order
EV013242,2025-11-07 00:00:00,Ship Product
EV003484,2025-11-07 00:00:00,Dispatch Delivery
EV001626,2025-11-07 00:00:00,Create Purchase Order
EV012840,2025-11-07 00:00:00,Ship Product
EV005082,2025-11-07 00:00:00,Add PO Item
EV005894,2025-11-07 00:00:00,Ship Product
EV002782,2025-11-07 00:00:00,Dispatch Delivery
EV011629,2025-11-07 00:00:00,Complete Sale
EV013243,2025-11-07 00:00:00,Complete Sale
EV000552,2025-11-07 00:00:00,Create Purchase Order
EV004640,2025-11-07 00:00:00,Receive Goods
EV004638,2025-11-07 00:00:00,Receive Goods
EV005077,2025-11-07 00:00:00,Dispatch Delivery
EV002777,2025-11-07 00:00:00,Dispatch Delivery
EV008408,2025-11-07 00:00:00,Ship Product
EV013343,2025-11-07 00:00:00,Create Sales Order
EV005895,2025-11-07 00:00:00,Complete Sale
EV012439,2025-11-07 00:00:00,Complete Sale
EV011032,2025-11-07 01:00:00,Add Sales Order Item
EV013347,2025-11-07 01:00:00,Add Sales Order Item
EV006395,2025-11-07 01:00:00,Add Sales Order Item
EV006392,2025-11-07 01:00:00,Add Sales Order Item
EV006389,2025-11-07 01:00:00,Add Sales Order Item
EV013350,2025-11-07 01:00:00,Add Sales Order Item
EV013344,2025-11-07 01:00:00,Add Sales Order Item
EV011029,2025-11-07 01:00:00,Add Sales Order Item
EV011035,2025-11-07 01:00:00,Add Sales Order Item
EV001627,2025-11-07 04:00:00,Approve Purchase Order
EV000553,2025-11-07 04:00:00,Approve Purchase Order
EV004641,2025-11-07 08:00:00,Put Away
EV004639,2025-11-07 08:00:00,Put Away
EV009871,2025-11-08 00:00:00,Create Sales Order
EV000554,2025-11-08 00:00:00,Add PO Item
EV000225,2025-11-08 00:00:00,Dispatch Delivery
EV008753,2025-11-08 00:00:00,Complete Sale
EV004514,2025-11-08 00:00:00,Dispatch Delivery
EV012841,2025-11-08 00:00:00,Complete Sale
EV004539,2025-11-08 00:00:00,Receive Goods
EV014052,2025-11-08 00:00:00,Complete Sale
EV005514,2025-11-08 00:00:00,Complete Sale
EV014556,2025-11-08 00:00:00,Complete Sale
EV013248,2025-11-08 00:00:00,Ship Product
EV007069,2025-11-08 00:00:00,Complete Sale
EV011036,2025-11-08 00:00:00,Ship Product
EV013681,2025-11-08 00:00:00,Ship Product
EV003429,2025-11-08 00:00:00,Create Purchase Order
EV011635,2025-11-08 00:00:00,Complete Sale
EV006094,2025-11-08 00:00:00,Complete Sale
EV001999,2025-11-08 00:00:00,Dispatch Delivery
EV002581,2025-11-08 00:00:00,Receive Goods
EV013245,2025-11-08 00:00:00,Ship Product
EV006169,2025-11-08 00:00:00,Create Sales Order
EV010206,2025-11-08 00:00:00,Create Sales Order
EV006963,2025-11-08 00:00:00,Return Product
EV001628,2025-11-08 00:00:00,Add PO Item
EV013057,2025-11-08 00:00:00,Ship Product
EV006170,2025-11-08 01:00:00,Add Sales Order Item
EV009872,2025-11-08 01:00:00,Add Sales Order Item
EV010213,2025-11-08 01:00:00,Add Sales Order Item
EV009875,2025-11-08 01:00:00,Add Sales Order Item
EV010210,2025-11-08 01:00:00,Add Sales Order Item
EV010207,2025-11-08 01:00:00,Add Sales Order Item
EV003430,2025-11-08 04:00:00,Approve Purchase Order
EV004540,2025-11-08 08:00:00,Put Away
EV002582,2025-11-08 08:00:00,Put Away
EV012844,2025-11-09 00:00:00,Complete Sale
EV012843,2025-11-09 00:00:00,Ship Product
EV014636,2025-11-09 00:00:00,Complete Sale
EV002686,2025-11-09 00:00:00,Create Purchase Order
EV008409,2025-11-09 00:00:00,Complete Sale
EV010211,2025-11-09 00:00:00,Ship Product
EV007331,2025-11-09 00:00:00,Return Product
EV012435,2025-11-09 00:00:00,Ship Product
EV002573,2025-11-09 00:00:00,Receive Goods
EV002575,2025-11-09 00:00:00,Receive Goods
EV008537,2025-11-09 00:00:00,Return Product
EV003464,2025-11-09 00:00:00,Dispatch Delivery
EV013246,2025-11-09 00:00:00,Complete Sale
EV014553,2025-11-09 00:00:00,Complete Sale
EV000228,2025-11-09 00:00:00,Dispatch Delivery
EV013058,2025-11-09 00:00:00,Complete Sale
EV003431,2025-11-09 00:00:00,Add PO Item
EV006171,2025-11-09 00:00:00,Ship Product
EV001395,2025-11-09 00:00:00,Dispatch Delivery
EV011033,2025-11-09 00:00:00,Ship Product
EV013682,2025-11-09 00:00:00,Complete Sale
EV003432,2025-11-09 00:00:00,Add PO Item
EV005896,2025-11-09 00:00:00,Create Sales Order
EV013351,2025-11-09 00:00:00,Ship Product
EV010212,2025-11-09 00:00:00,Complete Sale
EV000555,2025-11-09 00:00:00,Dispatch Delivery
EV005083,2025-11-09 00:00:00,Dispatch Delivery
EV003487,2025-11-09 00:00:00,Dispatch Delivery
EV005897,2025-11-09 01:00:00,Add Sales Order Item
EV005903,2025-11-09 01:00:00,Add Sales Order Item
EV005900,2025-11-09 01:00:00,Add Sales Order Item
EV002687,2025-11-09 04:00:00,Approve Purchase Order
EV002574,2025-11-09 08:00:00,Put Away
EV002576,2025-11-09 08:00:00,Put Away
EV013249,2025-11-10 00:00:00,Complete Sale
EV010209,2025-11-10 00:00:00,Complete Sale
EV009876,2025-11-10 00:00:00,Ship Product
EV008687,2025-11-10 00:00:00,Create Sales Order
EV001113,2025-11-10 00:00:00,Dispatch Delivery
EV009877,2025-11-10 00:00:00,Complete Sale
EV005078,2025-11-10 00:00:00,Receive Goods
EV010208,2025-11-10 00:00:00,Ship Product
EV000321,2025-11-10 00:00:00,Receive Goods
EV011698,2025-11-10 00:00:00,Create Sales Order
EV002688,2025-11-10 00:00:00,Add PO Item
EV008708,2025-11-10 00:00:00,Create Sales Order
EV014641,2025-11-10 00:00:00,Ship Product
EV014642,2025-11-10 00:00:00,Complete Sale
EV011030,2025-11-10 00:00:00,Ship Product
EV011037,2025-11-10 00:00:00,Complete Sale
EV005846,2025-11-10 00:00:00,Create Sales Order
EV004736,2025-11-10 00:00:00,Dispatch Delivery
EV004517,2025-11-10 00:00:00,Dispatch Delivery
EV012913,2025-11-10 00:00:00,Ship Product
EV010920,2025-11-10 00:00:00,Return Product
EV005847,2025-11-10 01:00:00,Add Sales Order Item
EV008691,2025-11-10 01:00:00,Add Sales Order Item
EV011702,2025-11-10 01:00:00,Add Sales Order Item
EV011699,2025-11-10 01:00:00,Add Sales Order Item
EV008715,2025-11-10 01:00:00,Add Sales Order Item
EV008712,2025-11-10 01:00:00,Add Sales Order Item
EV008709,2025-11-10 01:00:00,Add Sales Order Item
EV008688,2025-11-10 01:00:00,Add Sales Order Item
EV000322,2025-11-10 08:00:00,Put Away
EV005079,2025-11-10 08:00:00,Put Away
EV010214,2025-11-11 00:00:00,Ship Product
EV013348,2025-11-11 00:00:00,Ship Product
EV001000,2025-11-11 00:00:00,Receive Goods
EV001002,2025-11-11 00:00:00,Receive Goods
EV006172,2025-11-11 00:00:00,Complete Sale
EV009873,2025-11-11 00:00:00,Ship Product
EV006256,2025-11-11 00:00:00,Create Sales Order
EV013352,2025-11-11 00:00:00,Complete Sale
EV002002,2025-11-11 00:00:00,Dispatch Delivery
EV002314,2025-11-11 00:00:00,Receive Goods
EV008690,2025-11-11 00:00:00,Complete Sale
EV008689,2025-11-11 00:00:00,Ship Product
EV014557,2025-11-11 00:00:00,Return Product
EV011034,2025-11-11 00:00:00,Complete Sale
EV011063,2025-11-11 00:00:00,Return Product
EV002258,2025-11-11 00:00:00,Create Purchase Order
EV006397,2025-11-11 00:00:00,Complete Sale
EV006396,2025-11-11 00:00:00,Ship Product
EV000998,2025-11-11 00:00:00,Receive Goods
EV014638,2025-11-11 00:00:00,Ship Product
EV006390,2025-11-11 00:00:00,Ship Product
EV012436,2025-11-11 00:00:00,Complete Sale
EV011703,2025-11-11 00:00:00,Ship Product
EV006393,2025-11-11 00:00:00,Ship Product
EV000831,2025-11-11 00:00:00,Create Purchase Order
EV006260,2025-11-11 01:00:00,Add Sales Order Item
EV006257,2025-11-11 01:00:00,Add Sales Order Item
EV002259,2025-11-11 04:00:00,Approve Purchase Order
EV000832,2025-11-11 04:00:00,Approve Purchase Order
EV002315,2025-11-11 08:00:00,Put Away
EV000999,2025-11-11 08:00:00,Put Away
EV001001,2025-11-11 08:00:00,Put Away
EV001003,2025-11-11 08:00:00,Put Away
EV002261,2025-11-12 00:00:00,Add PO Item
EV002260,2025-11-12 00:00:00,Add PO Item
EV014639,2025-11-12 00:00:00,Complete Sale
EV008716,2025-11-12 00:00:00,Ship Product
EV008171,2025-11-12 00:00:00,Create Sales Order
EV010575,2025-11-12 00:00:00,Create Sales Order
EV011031,2025-11-12 00:00:00,Complete Sale
EV006752,2025-11-12 00:00:00,Create Sales Order
EV000556,2025-11-12 00:00:00,Receive Goods
EV000833,2025-11-12 00:00:00,Add PO Item
EV010215,2025-11-12 00:00:00,Complete Sale
EV004957,2025-11-12 00:00:00,Create Purchase Order
EV011704,2025-11-12 00:00:00,Complete Sale
EV013345,2025-11-12 00:00:00,Ship Product
EV014983,2025-11-12 00:00:00,Create Sales Order
EV012914,2025-11-12 00:00:00,Complete Sale
EV005981,2025-11-12 00:00:00,Create Sales Order
EV006391,2025-11-12 00:00:00,Complete Sale
EV005084,2025-11-12 00:00:00,Receive Goods
EV005902,2025-11-12 00:00:00,Complete Sale
EV000834,2025-11-12 00:00:00,Add PO Item
EV005901,2025-11-12 00:00:00,Ship Product
EV014990,2025-11-12 01:00:00,Add Sales Order Item
EV010579,2025-11-12 01:00:00,Add Sales Order Item
EV006756,2025-11-12 01:00:00,Add Sales Order Item
EV014984,2025-11-12 01:00:00,Add Sales Order Item
EV006753,2025-11-12 01:00:00,Add Sales Order Item
EV006759,2025-11-12 01:00:00,Add Sales Order Item
EV005985,2025-11-12 01:00:00,Add Sales Order Item
EV005982,2025-11-12 01:00:00,Add Sales Order Item
EV010582,2025-11-12 01:00:00,Add Sales Order Item
EV010576,2025-11-12 01:00:00,Add Sales Order Item
EV014987,2025-11-12 01:00:00,Add Sales Order Item
EV008172,2025-11-12 01:00:00,Add Sales Order Item
EV004958,2025-11-12 04:00:00,Approve Purchase Order
EV000557,2025-11-12 08:00:00,Put Away
EV005085,2025-11-12 08:00:00,Put Away
EV006262,2025-11-13 00:00:00,Complete Sale
EV006261,2025-11-13 00:00:00,Ship Product
EV010216,2025-11-13 00:00:00,Create Sales Order
EV009874,2025-11-13 00:00:00,Complete Sale
EV013346,2025-11-13 00:00:00,Complete Sale
EV006394,2025-11-13 00:00:00,Complete Sale
EV004512,2025-11-13 00:00:00,Receive Goods
EV013349,2025-11-13 00:00:00,Complete Sale
EV008130,2025-11-13 00:00:00,Create Sales Order
EV004959,2025-11-13 00:00:00,Add PO Item
EV004901,2025-11-13 00:00:00,Receive Goods
EV008717,2025-11-13 00:00:00,Complete Sale
EV011528,2025-11-13 00:00:00,Create Sales Order
EV002887,2025-11-13 00:00:00,Dispatch Delivery
EV000231,2025-11-13 00:00:00,Dispatch Delivery
EV008137,2025-11-13 01:00:00,Add Sales Order Item
EV008131,2025-11-13 01:00:00,Add Sales Order Item
EV010217,2025-11-13 01:00:00,Add Sales Order Item
EV008134,2025-11-13 01:00:00,Add Sales Order Item
EV011529,2025-11-13 01:00:00,Add Sales Order Item
EV004513,2025-11-13 08:00:00,Put Away
EV004902,2025-11-13 08:00:00,Put Away
EV005848,2025-11-14 00:00:00,Ship Product
EV001629,2025-11-14 00:00:00,Dispatch Delivery
EV011700,2025-11-14 00:00:00,Ship Product
EV005986,2025-11-14 00:00:00,Ship Product
EV006757,2025-11-14 00:00:00,Ship Product
EV006758,2025-11-14 00:00:00,Complete Sale
EV011701,2025-11-14 00:00:00,Complete Sale
EV011157,2025-11-14 00:00:00,Create Sales Order
EV010577,2025-11-14 00:00:00,Ship Product
EV008713,2025-11-14 00:00:00,Ship Product
EV010580,2025-11-14 00:00:00,Ship Product
EV008710,2025-11-14 00:00:00,Ship Product
EV010581,2025-11-14 00:00:00,Complete Sale
EV008396,2025-11-14 00:00:00,Create Sales Order
EV003166,2025-11-14 00:00:00,Receive Goods
EV002584,2025-11-14 00:00:00,Receive Goods
EV006205,2025-11-14 00:00:00,Create Sales Order
EV005904,2025-11-14 00:00:00,Ship Product
EV005898,2025-11-14 00:00:00,Ship Product
EV013615,2025-11-14 00:00:00,Create Sales Order
EV013616,2025-11-14 01:00:00,Add Sales Order Item
EV013619,2025-11-14 01:00:00,Add Sales Order Item
EV008397,2025-11-14 01:00:00,Add Sales Order Item
EV011161,2025-11-14 01:00:00,Add Sales Order Item
EV006206,2025-11-14 01:00:00,Add Sales Order Item
EV008400,2025-11-14 01:00:00,Add Sales Order Item
EV011158,2025-11-14 01:00:00,Add Sales Order Item
EV002585,2025-11-14 08:00:00,Put Away
EV003167,2025-11-14 08:00:00,Put Away
EV013617,2025-11-15 00:00:00,Ship Product
EV004739,2025-11-15 00:00:00,Dispatch Delivery
EV013135,2025-11-15 00:00:00,Create Sales Order
EV003433,2025-11-15 00:00:00,Dispatch Delivery
EV002938,2025-11-15 00:00:00,Create Purchase Order
EV008714,2025-11-15 00:00:00,Complete Sale
EV008711,2025-11-15 00:00:00,Complete Sale
EV006374,2025-11-15 00:00:00,Create Sales Order
EV001005,2025-11-15 00:00:00,Receive Goods
EV001007,2025-11-15 00:00:00,Receive Goods
EV001009,2025-11-15 00:00:00,Receive Goods
EV008692,2025-11-15 00:00:00,Ship Product
EV012647,2025-11-15 00:00:00,Create Sales Order
EV000835,2025-11-15 00:00:00,Dispatch Delivery
EV012010,2025-11-15 00:00:00,Create Sales Order
EV003545,2025-11-15 00:00:00,Create Purchase Order
EV005899,2025-11-15 00:00:00,Complete Sale
EV005987,2025-11-15 00:00:00,Complete Sale
EV006306,2025-11-15 00:00:00,Create Sales Order
EV014988,2025-11-15 00:00:00,Ship Product
EV006375,2025-11-15 01:00:00,Add Sales Order Item
EV012011,2025-11-15 01:00:00,Add Sales Order Item
EV013136,2025-11-15 01:00:00,Add Sales Order Item
EV012014,2025-11-15 01:00:00,Add Sales Order Item
EV012017,2025-11-15 01:00:00,Add Sales Order Item
EV012648,2025-11-15 01:00:00,Add Sales Order Item
EV013142,2025-11-15 01:00:00,Add Sales Order Item
EV013139,2025-11-15 01:00:00,Add Sales Order Item
EV006307,2025-11-15 01:00:00,Add Sales Order Item
EV002939,2025-11-15 04:00:00,Approve Purchase Order
EV003546,2025-11-15 04:00:00,Approve Purchase Order
EV001010,2025-11-15 08:00:00,Put Away
EV001006,2025-11-15 08:00:00,Put Away
EV001008,2025-11-15 08:00:00,Put Away
EV002940,2025-11-16 00:00:00,Add PO Item
EV012649,2025-11-16 00:00:00,Ship Product
EV012650,2025-11-16 00:00:00,Complete Sale
EV005983,2025-11-16 00:00:00,Ship Product
EV002689,2025-11-16 00:00:00,Dispatch Delivery
EV002262,2025-11-16 00:00:00,Dispatch Delivery
EV000921,2025-11-16 00:00:00,Create Purchase Order
EV006259,2025-11-16 00:00:00,Complete Sale
EV005849,2025-11-16 00:00:00,Complete Sale
EV008135,2025-11-16 00:00:00,Ship Product
EV008693,2025-11-16 00:00:00,Complete Sale
EV010583,2025-11-16 00:00:00,Ship Product
EV010578,2025-11-16 00:00:00,Complete Sale
EV014986,2025-11-16 00:00:00,Complete Sale
EV014985,2025-11-16 00:00:00,Ship Product
EV008138,2025-11-16 00:00:00,Ship Product
EV013618,2025-11-16 00:00:00,Complete Sale
EV008173,2025-11-16 00:00:00,Ship Product
EV013843,2025-11-16 00:00:00,Create Sales Order
EV005905,2025-11-16 00:00:00,Complete Sale
EV011162,2025-11-16 00:00:00,Ship Product
EV003547,2025-11-16 00:00:00,Add PO Item
EV011114,2025-11-16 00:00:00,Create Sales Order
EV006258,2025-11-16 00:00:00,Ship Product
EV002885,2025-11-16 00:00:00,Receive Goods
EV013844,2025-11-16 01:00:00,Add Sales Order Item
EV011115,2025-11-16 01:00:00,Add Sales Order Item
EV000922,2025-11-16 04:00:00,Approve Purchase Order
EV002886,2025-11-16 08:00:00,Put Away
EV003490,2025-11-17 00:00:00,Dispatch Delivery
EV000923,2025-11-17 00:00:00,Add PO Item
EV008402,2025-11-17 00:00:00,Complete Sale
EV008401,2025-11-17 00:00:00,Ship Product
EV013140,2025-11-17 00:00:00,Ship Product
EV003462,2025-11-17 00:00:00,Receive Goods
EV008132,2025-11-17 00:00:00,Ship Product
EV014989,2025-11-17 00:00:00,Complete Sale
EV000558,2025-11-17 00:00:00,Dispatch Delivery
EV006760,2025-11-17 00:00:00,Ship Product
EV006755,2025-11-17 00:00:00,Complete Sale
EV006754,2025-11-17 00:00:00,Ship Product
EV002286,2025-11-17 00:00:00,Create Purchase Order
EV014991,2025-11-17 00:00:00,Ship Product
EV002778,2025-11-17 00:00:00,Receive Goods
EV010584,2025-11-17 00:00:00,Complete Sale
EV002783,2025-11-17 00:00:00,Receive Goods
EV002780,2025-11-17 00:00:00,Receive Goods
EV013889,2025-11-17 00:00:00,Create Sales Order
EV009640,2025-11-17 00:00:00,Create Sales Order
EV002785,2025-11-17 00:00:00,Receive Goods
EV005317,2025-11-17 00:00:00,Create Purchase Order
EV001632,2025-11-17 00:00:00,Dispatch Delivery
EV013890,2025-11-17 01:00:00,Add Sales Order Item
EV013893,2025-11-17 01:00:00,Add Sales Order Item
EV009641,2025-11-17 01:00:00,Add Sales Order Item
EV002287,2025-11-17 04:00:00,Approve Purchase Order
EV005318,2025-11-17 04:00:00,Approve Purchase Order
EV002781,2025-11-17 08:00:00,Put Away
EV002784,2025-11-17 08:00:00,Put Away
EV002786,2025-11-17 08:00:00,Put Away
EV003463,2025-11-17 08:00:00,Put Away
EV002779,2025-11-17 08:00:00,Put Away
EV002941,2025-11-18 00:00:00,Dispatch Delivery
EV008398,2025-11-18 00:00:00,Ship Product
EV008399,2025-11-18 00:00:00,Complete Sale
EV004960,2025-11-18 00:00:00,Dispatch Delivery
EV008136,2025-11-18 00:00:00,Complete Sale
EV002290,2025-11-18 00:00:00,Add PO Item
EV003434,2025-11-18 00:00:00,Receive Goods
EV002289,2025-11-18 00:00:00,Add PO Item
EV002288,2025-11-18 00:00:00,Add PO Item
EV008133,2025-11-18 00:00:00,Complete Sale
EV006507,2025-11-18 00:00:00,Create Sales Order
EV004466,2025-11-18 00:00:00,Create Purchase Order
EV012015,2025-11-18 00:00:00,Ship Product
EV003436,2025-11-18 00:00:00,Receive Goods
EV008174,2025-11-18 00:00:00,Complete Sale
EV008139,2025-11-18 00:00:00,Complete Sale
EV013846,2025-11-18 00:00:00,Complete Sale
EV013845,2025-11-18 00:00:00,Ship Product
EV000226,2025-11-18 00:00:00,Receive Goods
EV005319,2025-11-18 00:00:00,Add PO Item
EV005320,2025-11-18 00:00:00,Add PO Item
EV004515,2025-11-18 00:00:00,Receive Goods
EV014992,2025-11-18 00:00:00,Complete Sale
EV012205,2025-11-18 00:00:00,Create Sales Order
EV011530,2025-11-18 00:00:00,Ship Product
EV010219,2025-11-18 00:00:00,Complete Sale
EV010218,2025-11-18 00:00:00,Ship Product
EV013141,2025-11-18 00:00:00,Complete Sale
EV011163,2025-11-18 00:00:00,Complete Sale
EV006761,2025-11-18 00:00:00,Complete Sale
EV001635,2025-11-18 00:00:00,Dispatch Delivery
EV005984,2025-11-18 00:00:00,Complete Sale
EV006508,2025-11-18 01:00:00,Add Sales Order Item
EV006511,2025-11-18 01:00:00,Add Sales Order Item
EV012206,2025-11-18 01:00:00,Add Sales Order Item
EV004467,2025-11-18 04:00:00,Approve Purchase Order
EV003437,2025-11-18 08:00:00,Put Away
EV004516,2025-11-18 08:00:00,Put Away
EV000227,2025-11-18 08:00:00,Put Away
EV003435,2025-11-18 08:00:00,Put Away
EV011116,2025-11-19 00:00:00,Ship Product
EV013620,2025-11-19 00:00:00,Ship Product
EV004468,2025-11-19 00:00:00,Add PO Item
EV000229,2025-11-19 00:00:00,Receive Goods
EV003488,2025-11-19 00:00:00,Receive Goods
EV006207,2025-11-19 00:00:00,Ship Product
EV002692,2025-11-19 00:00:00,Dispatch Delivery
EV011159,2025-11-19 00:00:00,Ship Product
EV013137,2025-11-19 00:00:00,Ship Product
EV006376,2025-11-19 00:00:00,Ship Product
EV012016,2025-11-19 00:00:00,Complete Sale
EV000230,2025-11-19 08:00:00,Put Away
EV003489,2025-11-19 08:00:00,Put Away
EV000559,2025-11-20 00:00:00,Receive Goods
EV010997,2025-11-20 00:00:00,Create Sales Order
EV013143,2025-11-20 00:00:00,Ship Product
EV012207,2025-11-20 00:00:00,Ship Product
EV006308,2025-11-20 00:00:00,Ship Product
EV012208,2025-11-20 00:00:00,Complete Sale
EV011117,2025-11-20 00:00:00,Complete Sale
EV006208,2025-11-20 00:00:00,Complete Sale
EV011531,2025-11-20 00:00:00,Complete Sale
EV006512,2025-11-20 00:00:00,Ship Product
EV002437,2025-11-20 00:00:00,Create Purchase Order
EV013138,2025-11-20 00:00:00,Complete Sale
EV010095,2025-11-20 00:00:00,Create Sales Order
EV004518,2025-11-20 00:00:00,Receive Goods
EV011203,2025-11-20 00:00:00,Create Sales Order
EV001791,2025-11-20 00:00:00,Receive Goods
EV006377,2025-11-20 00:00:00,Complete Sale
EV012012,2025-11-20 00:00:00,Ship Product
EV012018,2025-11-20 00:00:00,Ship Product
EV006509,2025-11-20 00:00:00,Ship Product
EV002291,2025-11-20 00:00:00,Dispatch Delivery
EV003485,2025-11-20 00:00:00,Receive Goods
EV004737,2025-11-20 00:00:00,Receive Goods
EV000143,2025-11-20 00:00:00,Create Purchase Order
EV011204,2025-11-20 01:00:00,Add Sales Order Item
EV010099,2025-11-20 01:00:00,Add Sales Order Item
EV010102,2025-11-20 01:00:00,Add Sales Order Item
EV010998,2025-11-20 01:00:00,Add Sales Order Item
EV010096,2025-11-20 01:00:00,Add Sales Order Item
EV002438,2025-11-20 04:00:00,Approve Purchase Order
EV000144,2025-11-20 04:00:00,Approve Purchase Order
EV003486,2025-11-20 08:00:00,Put Away
EV004738,2025-11-20 08:00:00,Put Away
EV004519,2025-11-20 08:00:00,Put Away
EV001792,2025-11-20 08:00:00,Put Away
EV000560,2025-11-20 08:00:00,Put Away
EV013891,2025-11-21 00:00:00,Ship Product
EV002317,2025-11-21 00:00:00,Receive Goods
EV007271,2025-11-21 00:00:00,Create Sales Order
EV012019,2025-11-21 00:00:00,Complete Sale
EV011160,2025-11-21 00:00:00,Complete Sale
EV009642,2025-11-21 00:00:00,Ship Product
EV009643,2025-11-21 00:00:00,Complete Sale
EV006309,2025-11-21 00:00:00,Complete Sale
EV013144,2025-11-21 00:00:00,Complete Sale
EV013621,2025-11-21 00:00:00,Complete Sale
EV000146,2025-11-21 00:00:00,Add PO Item
EV000145,2025-11-21 00:00:00,Add PO Item
EV002439,2025-11-21 00:00:00,Add PO Item
EV007272,2025-11-21 01:00:00,Add Sales Order Item
EV007275,2025-11-21 01:00:00,Add Sales Order Item
EV002318,2025-11-21 08:00:00,Put Away
EV012013,2025-11-22 00:00:00,Complete Sale
EV010100,2025-11-22 00:00:00,Ship Product
EV000924,2025-11-22 00:00:00,Dispatch Delivery
EV003551,2025-11-22 00:00:00,Dispatch Delivery
EV006832,2025-11-22 00:00:00,Create Sales Order
EV010101,2025-11-22 00:00:00,Complete Sale
EV003548,2025-11-22 00:00:00,Dispatch Delivery
EV005321,2025-11-22 00:00:00,Dispatch Delivery
EV006513,2025-11-22 00:00:00,Complete Sale
EV010864,2025-11-22 00:00:00,Create Sales Order
EV011874,2025-11-22 00:00:00,Create Sales Order
EV013892,2025-11-22 00:00:00,Complete Sale
EV013791,2025-11-22 00:00:00,Create Sales Order
EV013895,2025-11-22 00:00:00,Complete Sale
EV013894,2025-11-22 00:00:00,Ship Product
EV006510,2025-11-22 00:00:00,Complete Sale
EV008971,2025-11-22 00:00:00,Create Sales Order
EV011875,2025-11-22 01:00:00,Add Sales Order Item
EV013795,2025-11-22 01:00:00,Add Sales Order Item
EV006833,2025-11-22 01:00:00,Add Sales Order Item
EV006836,2025-11-22 01:00:00,Add Sales Order Item
EV008975,2025-11-22 01:00:00,Add Sales Order Item
EV013798,2025-11-22 01:00:00,Add Sales Order Item
EV011878,2025-11-22 01:00:00,Add Sales Order Item
EV008978,2025-11-22 01:00:00,Add Sales Order Item
EV010865,2025-11-22 01:00:00,Add Sales Order Item
EV008972,2025-11-22 01:00:00,Add Sales Order Item
EV013792,2025-11-22 01:00:00,Add Sales Order Item
EV002263,2025-11-23 00:00:00,Receive Goods
EV012403,2025-11-23 00:00:00,Create Sales Order
EV009644,2025-11-23 00:00:00,Return Product
EV013794,2025-11-23 00:00:00,Complete Sale
EV010098,2025-11-23 00:00:00,Complete Sale
EV002440,2025-11-23 00:00:00,Dispatch Delivery
EV010097,2025-11-23 00:00:00,Ship Product
EV002265,2025-11-23 00:00:00,Receive Goods
EV013793,2025-11-23 00:00:00,Ship Product
EV008666,2025-11-23 00:00:00,Create Sales Order
EV000232,2025-11-23 00:00:00,Receive Goods
EV011206,2025-11-23 00:00:00,Complete Sale
EV011205,2025-11-23 00:00:00,Ship Product
EV002690,2025-11-23 00:00:00,Receive Goods
EV000927,2025-11-23 00:00:00,Dispatch Delivery
EV011000,2025-11-23 00:00:00,Complete Sale
EV010999,2025-11-23 00:00:00,Ship Product
EV001997,2025-11-23 00:00:00,Receive Goods
EV007273,2025-11-23 00:00:00,Ship Product
EV002888,2025-11-23 00:00:00,Receive Goods
EV012407,2025-11-23 01:00:00,Add Sales Order Item
EV008667,2025-11-23 01:00:00,Add Sales Order Item
EV012404,2025-11-23 01:00:00,Add Sales Order Item
EV002264,2025-11-23 08:00:00,Put Away
EV000233,2025-11-23 08:00:00,Put Away
EV002266,2025-11-23 08:00:00,Put Away
EV001998,2025-11-23 08:00:00,Put Away
EV002889,2025-11-23 08:00:00,Put Away
EV002691,2025-11-23 08:00:00,Put Away
EV005326,2025-11-24 00:00:00,Dispatch Delivery
EV000147,2025-11-24 00:00:00,Dispatch Delivery
EV006152,2025-11-24 00:00:00,Create Sales Order
EV004155,2025-11-24 00:00:00,Create Purchase Order
EV006288,2025-11-24 00:00:00,Create Sales Order
EV007277,2025-11-24 00:00:00,Complete Sale
EV007276,2025-11-24 00:00:00,Ship Product
EV002347,2025-11-24 00:00:00,Create Purchase Order
EV008344,2025-11-24 00:00:00,Return Product
EV004469,2025-11-24 00:00:00,Dispatch Delivery
EV002944,2025-11-24 00:00:00,Dispatch Delivery
EV013800,2025-11-24 00:00:00,Complete Sale
EV013799,2025-11-24 00:00:00,Ship Product
EV008973,2025-11-24 00:00:00,Ship Product
EV004763,2025-11-24 00:00:00,Create Purchase Order
EV006295,2025-11-24 01:00:00,Add Sales Order Item
EV006153,2025-11-24 01:00:00,Add Sales Order Item
EV006159,2025-11-24 01:00:00,Add Sales Order Item
EV006156,2025-11-24 01:00:00,Add Sales Order Item
EV006292,2025-11-24 01:00:00,Add Sales Order Item
EV006289,2025-11-24 01:00:00,Add Sales Order Item
EV004156,2025-11-24 04:00:00,Approve Purchase Order
EV002348,2025-11-24 04:00:00,Approve Purchase Order
EV004764,2025-11-24 04:00:00,Approve Purchase Order
EV001111,2025-11-25 00:00:00,Receive Goods
EV010867,2025-11-25 00:00:00,Complete Sale
EV012405,2025-11-25 00:00:00,Ship Product
EV000991,2025-11-25 00:00:00,Receive Goods
EV000995,2025-11-25 00:00:00,Receive Goods
EV000993,2025-11-25 00:00:00,Receive Goods
EV010866,2025-11-25 00:00:00,Ship Product
EV004854,2025-11-25 00:00:00,Receive Goods
EV011932,2025-11-25 00:00:00,Create Sales Order
EV000836,2025-11-25 00:00:00,Receive Goods
EV004740,2025-11-25 00:00:00,Receive Goods
EV006154,2025-11-25 00:00:00,Ship Product
EV010103,2025-11-25 00:00:00,Ship Product
EV002349,2025-11-25 00:00:00,Add PO Item
EV001109,2025-11-25 00:00:00,Receive Goods
EV004765,2025-11-25 00:00:00,Add PO Item
EV004961,2025-11-25 00:00:00,Receive Goods
EV006834,2025-11-25 00:00:00,Ship Product
EV008669,2025-11-25 00:00:00,Complete Sale
EV011876,2025-11-25 00:00:00,Ship Product
EV008359,2025-11-25 00:00:00,Create Sales Order
EV003465,2025-11-25 00:00:00,Receive Goods
EV014111,2025-11-25 00:00:00,Create Sales Order
EV007274,2025-11-25 00:00:00,Complete Sale
EV004157,2025-11-25 00:00:00,Add PO Item
EV000838,2025-11-25 00:00:00,Receive Goods
EV008668,2025-11-25 00:00:00,Ship Product
EV008974,2025-11-25 00:00:00,Complete Sale
EV008366,2025-11-25 01:00:00,Add Sales Order Item
EV011936,2025-11-25 01:00:00,Add Sales Order Item
EV014118,2025-11-25 01:00:00,Add Sales Order Item
EV014115,2025-11-25 01:00:00,Add Sales Order Item
EV008363,2025-11-25 01:00:00,Add Sales Order Item
EV014112,2025-11-25 01:00:00,Add Sales Order Item
EV008360,2025-11-25 01:00:00,Add Sales Order Item
EV011933,2025-11-25 01:00:00,Add Sales Order Item
EV004855,2025-11-25 08:00:00,Put Away
EV001112,2025-11-25 08:00:00,Put Away
EV000837,2025-11-25 08:00:00,Put Away
EV003466,2025-11-25 08:00:00,Put Away
EV000992,2025-11-25 08:00:00,Put Away
EV000839,2025-11-25 08:00:00,Put Away
EV001110,2025-11-25 08:00:00,Put Away
EV000996,2025-11-25 08:00:00,Put Away
EV004962,2025-11-25 08:00:00,Put Away
EV000994,2025-11-25 08:00:00,Put Away
EV004741,2025-11-25 08:00:00,Put Away
EV014275,2025-11-26 00:00:00,Create Sales Order
EV014119,2025-11-26 00:00:00,Ship Product
EV008976,2025-11-26 00:00:00,Ship Product
EV002350,2025-11-26 00:00:00,Dispatch Delivery
EV002693,2025-11-26 00:00:00,Receive Goods
EV004857,2025-11-26 00:00:00,Receive Goods
EV012639,2025-11-26 00:00:00,Create Sales Order
EV011877,2025-11-26 00:00:00,Complete Sale
EV008494,2025-11-26 00:00:00,Create Sales Order
EV002441,2025-11-26 00:00:00,Receive Goods
EV012408,2025-11-26 00:00:00,Ship Product
EV008362,2025-11-26 00:00:00,Complete Sale
EV013796,2025-11-26 00:00:00,Ship Product
EV002000,2025-11-26 00:00:00,Receive Goods
EV008361,2025-11-26 00:00:00,Ship Product
EV014279,2025-11-26 01:00:00,Add Sales Order Item
EV012640,2025-11-26 01:00:00,Add Sales Order Item
EV008495,2025-11-26 01:00:00,Add Sales Order Item
EV012643,2025-11-26 01:00:00,Add Sales Order Item
EV014276,2025-11-26 01:00:00,Add Sales Order Item
EV004858,2025-11-26 08:00:00,Put Away
EV002694,2025-11-26 08:00:00,Put Away
EV002001,2025-11-26 08:00:00,Put Away
EV002442,2025-11-26 08:00:00,Put Away
EV005329,2025-11-27 00:00:00,Receive Goods
EV007005,2025-11-27 00:00:00,Create Sales Order
EV006835,2025-11-27 00:00:00,Complete Sale
EV006837,2025-11-27 00:00:00,Ship Product
EV004766,2025-11-27 00:00:00,Dispatch Delivery
EV006155,2025-11-27 00:00:00,Complete Sale
EV003491,2025-11-27 00:00:00,Receive Goods
EV010104,2025-11-27 00:00:00,Complete Sale
EV011532,2025-11-27 00:00:00,Return Product
EV008977,2025-11-27 00:00:00,Complete Sale
EV005973,2025-11-27 00:00:00,Create Sales Order
EV012406,2025-11-27 00:00:00,Complete Sale
EV008979,2025-11-27 00:00:00,Ship Product
EV011879,2025-11-27 00:00:00,Ship Product
EV008980,2025-11-27 00:00:00,Complete Sale
EV012409,2025-11-27 00:00:00,Complete Sale
EV005327,2025-11-27 00:00:00,Receive Goods
EV012642,2025-11-27 00:00:00,Complete Sale
EV003943,2025-11-27 00:00:00,Create Purchase Order
EV006296,2025-11-27 00:00:00,Ship Product
EV012641,2025-11-27 00:00:00,Ship Product
EV007006,2025-11-27 01:00:00,Add Sales Order Item
EV005974,2025-11-27 01:00:00,Add Sales Order Item
EV003944,2025-11-27 04:00:00,Approve Purchase Order
EV003492,2025-11-27 08:00:00,Put Away
EV005330,2025-11-27 08:00:00,Put Away
EV005328,2025-11-27 08:00:00,Put Away
EV013797,2025-11-28 00:00:00,Complete Sale
EV014113,2025-11-28 00:00:00,Ship Product
EV004472,2025-11-28 00:00:00,Dispatch Delivery
EV014114,2025-11-28 00:00:00,Complete Sale
EV001114,2025-11-28 00:00:00,Receive Goods
EV009730,2025-11-28 00:00:00,Create Sales Order
EV003945,2025-11-28 00:00:00,Add PO Item
EV007007,2025-11-28 00:00:00,Ship Product
EV001116,2025-11-28 00:00:00,Receive Goods
EV014120,2025-11-28 00:00:00,Complete Sale
EV006157,2025-11-28 00:00:00,Ship Product
EV002942,2025-11-28 00:00:00,Receive Goods
EV007080,2025-11-28 00:00:00,Create Sales Order
EV007081,2025-11-28 01:00:00,Add Sales Order Item
EV009734,2025-11-28 01:00:00,Add Sales Order Item
EV009737,2025-11-28 01:00:00,Add Sales Order Item
EV009731,2025-11-28 01:00:00,Add Sales Order Item
EV007084,2025-11-28 01:00:00,Add Sales Order Item
EV001117,2025-11-28 08:00:00,Put Away
EV002943,2025-11-28 08:00:00,Put Away
EV001115,2025-11-28 08:00:00,Put Away
EV002695,2025-11-29 00:00:00,Create Purchase Order
EV003549,2025-11-29 00:00:00,Receive Goods
EV004158,2025-11-29 00:00:00,Dispatch Delivery
EV006293,2025-11-29 00:00:00,Ship Product
EV006290,2025-11-29 00:00:00,Ship Product
EV006291,2025-11-29 00:00:00,Complete Sale
EV011617,2025-11-29 00:00:00,Create Sales Order
EV012644,2025-11-29 00:00:00,Ship Product
EV008368,2025-11-29 00:00:00,Complete Sale
EV006161,2025-11-29 00:00:00,Complete Sale
EV006183,2025-11-29 00:00:00,Create Sales Order
EV000925,2025-11-29 00:00:00,Receive Goods
EV014280,2025-11-29 00:00:00,Ship Product
EV006297,2025-11-29 00:00:00,Complete Sale
EV006838,2025-11-29 00:00:00,Complete Sale
EV011934,2025-11-29 00:00:00,Ship Product
EV000152,2025-11-29 00:00:00,Dispatch Delivery
EV015184,2025-11-29 00:00:00,Create Sales Order
EV006160,2025-11-29 00:00:00,Ship Product
EV000689,2025-11-29 00:00:00,Create Purchase Order
EV003554,2025-11-29 00:00:00,Dispatch Delivery
EV002003,2025-11-29 00:00:00,Receive Goods
EV003552,2025-11-29 00:00:00,Receive Goods
EV008364,2025-11-29 00:00:00,Ship Product
EV011880,2025-11-29 00:00:00,Complete Sale
EV002443,2025-11-29 00:00:00,Dispatch Delivery
EV008367,2025-11-29 00:00:00,Ship Product
EV015189,2025-11-29 01:00:00,Add Sales Order Item
EV006187,2025-11-29 01:00:00,Add Sales Order Item
EV011618,2025-11-29 01:00:00,Add Sales Order Item
EV006184,2025-11-29 01:00:00,Add Sales Order Item
EV015185,2025-11-29 01:00:00,Add Sales Order Item
EV000690,2025-11-29 04:00:00,Approve Purchase Order
EV002696,2025-11-29 04:00:00,Approve Purchase Order
EV002004,2025-11-29 08:00:00,Put Away
EV000926,2025-11-29 08:00:00,Put Away
EV003553,2025-11-29 08:00:00,Put Away
EV003550,2025-11-29 08:00:00,Put Away
EV007617,2025-11-30 00:00:00,Create Sales Order
EV014117,2025-11-30 00:00:00,Complete Sale
EV006158,2025-11-30 00:00:00,Complete Sale
EV007008,2025-11-30 00:00:00,Complete Sale
EV015190,2025-11-30 00:00:00,Ship Product
EV000928,2025-11-30 00:00:00,Receive Goods
EV007926,2025-11-30 00:00:00,Create Sales Order
EV014116,2025-11-30 00:00:00,Ship Product
EV011937,2025-11-30 00:00:00,Ship Product
EV014278,2025-11-30 00:00:00,Complete Sale
EV014277,2025-11-30 00:00:00,Ship Product
EV000691,2025-11-30 00:00:00,Add PO Item
EV008496,2025-11-30 00:00:00,Ship Product
EV008497,2025-11-30 00:00:00,Complete Sale
EV006294,2025-11-30 00:00:00,Complete Sale
EV002697,2025-11-30 00:00:00,Add PO Item
EV002698,2025-11-30 00:00:00,Add PO Item
EV009735,2025-11-30 00:00:00,Ship Product
EV011935,2025-11-30 00:00:00,Complete Sale
EV002947,2025-11-30 00:00:00,Dispatch Delivery
EV007618,2025-11-30 01:00:00,Add Sales Order Item
EV007927,2025-11-30 01:00:00,Add Sales Order Item
EV000929,2025-11-30 08:00:00,Put Away
EV011619,2025-12-01 00:00:00,Ship Product
EV008005,2025-12-01 00:00:00,Create Sales Order
EV001741,2025-12-01 00:00:00,Create Purchase Order
EV000692,2025-12-01 00:00:00,Dispatch Delivery
EV014281,2025-12-01 00:00:00,Complete Sale
EV004475,2025-12-01 00:00:00,Dispatch Delivery
EV013733,2025-12-01 00:00:00,Create Sales Order
EV013115,2025-12-01 00:00:00,Create Sales Order
EV005976,2025-12-01 00:00:00,Complete Sale
EV012645,2025-12-01 00:00:00,Complete Sale
EV014376,2025-12-01 00:00:00,Create Sales Order
EV008365,2025-12-01 00:00:00,Complete Sale
EV002999,2025-12-01 00:00:00,Create Purchase Order
EV007619,2025-12-01 00:00:00,Ship Product
EV000148,2025-12-01 00:00:00,Receive Goods
EV002446,2025-12-01 00:00:00,Dispatch Delivery
EV000150,2025-12-01 00:00:00,Receive Goods
EV009738,2025-12-01 00:00:00,Ship Product
EV003946,2025-12-01 00:00:00,Dispatch Delivery
EV000663,2025-12-01 00:00:00,Create Purchase Order
EV005975,2025-12-01 00:00:00,Ship Product
EV007187,2025-12-01 00:00:00,Create Sales Order
EV014377,2025-12-01 01:00:00,Add Sales Order Item
EV013737,2025-12-01 01:00:00,Add Sales Order Item
EV013740,2025-12-01 01:00:00,Add Sales Order Item
EV008009,2025-12-01 01:00:00,Add Sales Order Item
EV007191,2025-12-01 01:00:00,Add Sales Order Item
EV014380,2025-12-01 01:00:00,Add Sales Order Item
EV014383,2025-12-01 01:00:00,Add Sales Order Item
EV013734,2025-12-01 01:00:00,Add Sales Order Item
EV007188,2025-12-01 01:00:00,Add Sales Order Item
EV013116,2025-12-01 01:00:00,Add Sales Order Item
EV008006,2025-12-01 01:00:00,Add Sales Order Item
EV001742,2025-12-01 04:00:00,Approve Purchase Order
EV003000,2025-12-01 04:00:00,Approve Purchase Order
EV000664,2025-12-01 04:00:00,Approve Purchase Order
EV000151,2025-12-01 08:00:00,Put Away
EV000149,2025-12-01 08:00:00,Put Away
EV009732,2025-12-02 00:00:00,Ship Product
EV013127,2025-12-02 00:00:00,Create Sales Order
EV015187,2025-12-02 00:00:00,Complete Sale
EV015186,2025-12-02 00:00:00,Ship Product
EV013741,2025-12-02 00:00:00,Ship Product
EV013742,2025-12-02 00:00:00,Complete Sale
EV006188,2025-12-02 00:00:00,Ship Product
EV000665,2025-12-02 00:00:00,Add PO Item
EV011938,2025-12-02 00:00:00,Complete Sale
EV003001,2025-12-02 00:00:00,Add PO Item
EV009733,2025-12-02 00:00:00,Complete Sale
EV000666,2025-12-02 00:00:00,Add PO Item
EV001630,2025-12-02 00:00:00,Receive Goods
EV015191,2025-12-02 00:00:00,Complete Sale
EV001743,2025-12-02 00:00:00,Add PO Item
EV000395,2025-12-02 00:00:00,Create Purchase Order
EV009761,2025-12-02 00:00:00,Create Sales Order
EV014157,2025-12-02 00:00:00,Create Sales Order
EV009736,2025-12-02 00:00:00,Complete Sale
EV006185,2025-12-02 00:00:00,Ship Product
EV009762,2025-12-02 01:00:00,Add Sales Order Item
EV013128,2025-12-02 01:00:00,Add Sales Order Item
EV014161,2025-12-02 01:00:00,Add Sales Order Item
EV014158,2025-12-02 01:00:00,Add Sales Order Item
EV000396,2025-12-02 04:00:00,Approve Purchase Order
EV001631,2025-12-02 08:00:00,Put Away
EV014159,2025-12-03 00:00:00,Ship Product
EV000398,2025-12-03 00:00:00,Add PO Item
EV007189,2025-12-03 00:00:00,Ship Product
EV011620,2025-12-03 00:00:00,Complete Sale
EV007620,2025-12-03 00:00:00,Complete Sale
EV006189,2025-12-03 00:00:00,Complete Sale
EV001744,2025-12-03 00:00:00,Dispatch Delivery
EV000397,2025-12-03 00:00:00,Add PO Item
EV009739,2025-12-03 00:00:00,Complete Sale
EV007085,2025-12-03 00:00:00,Ship Product
EV007192,2025-12-03 00:00:00,Ship Product
EV008957,2025-12-03 00:00:00,Create Sales Order
EV007082,2025-12-03 00:00:00,Ship Product
EV003002,2025-12-03 00:00:00,Dispatch Delivery
EV004161,2025-12-03 00:00:00,Dispatch Delivery
EV009413,2025-12-03 00:00:00,Create Sales Order
EV007087,2025-12-03 00:00:00,Create Sales Order
EV004769,2025-12-03 00:00:00,Dispatch Delivery
EV008958,2025-12-03 01:00:00,Add Sales Order Item
EV009417,2025-12-03 01:00:00,Add Sales Order Item
EV007088,2025-12-03 01:00:00,Add Sales Order Item
EV009414,2025-12-03 01:00:00,Add Sales Order Item
EV002447,2025-12-04 00:00:00,Receive Goods
EV014162,2025-12-04 00:00:00,Ship Product
EV013129,2025-12-04 00:00:00,Ship Product
EV014163,2025-12-04 00:00:00,Complete Sale
EV013130,2025-12-04 00:00:00,Complete Sale
EV007429,2025-12-04 00:00:00,Create Sales Order
EV015161,2025-12-04 00:00:00,Create Sales Order
EV014160,2025-12-04 00:00:00,Complete Sale
EV007190,2025-12-04 00:00:00,Complete Sale
EV000581,2025-12-04 00:00:00,Create Purchase Order
EV005715,2025-12-04 00:00:00,Create Sales Order
EV010143,2025-12-04 00:00:00,Return Product
EV000157,2025-12-04 00:00:00,Dispatch Delivery
EV006186,2025-12-04 00:00:00,Complete Sale
EV001393,2025-12-04 00:00:00,Receive Goods
EV002353,2025-12-04 00:00:00,Dispatch Delivery
EV013735,2025-12-04 00:00:00,Ship Product
EV002945,2025-12-04 00:00:00,Receive Goods
EV013738,2025-12-04 00:00:00,Ship Product
EV013739,2025-12-04 00:00:00,Complete Sale
EV015162,2025-12-04 01:00:00,Add Sales Order Item
EV007433,2025-12-04 01:00:00,Add Sales Order Item
EV007436,2025-12-04 01:00:00,Add Sales Order Item
EV015165,2025-12-04 01:00:00,Add Sales Order Item
EV007430,2025-12-04 01:00:00,Add Sales Order Item
EV005719,2025-12-04 01:00:00,Add Sales Order Item
EV005716,2025-12-04 01:00:00,Add Sales Order Item
EV000582,2025-12-04 04:00:00,Approve Purchase Order
EV001394,2025-12-04 08:00:00,Put Away
EV002946,2025-12-04 08:00:00,Put Away
EV002448,2025-12-04 08:00:00,Put Away
EV009764,2025-12-05 00:00:00,Complete Sale
EV000583,2025-12-05 00:00:00,Add PO Item
EV009763,2025-12-05 00:00:00,Ship Product
EV001539,2025-12-05 00:00:00,Create Purchase Order
EV002356,2025-12-05 00:00:00,Dispatch Delivery
EV007929,2025-12-05 00:00:00,Complete Sale
EV008008,2025-12-05 00:00:00,Complete Sale
EV007928,2025-12-05 00:00:00,Ship Product
EV008007,2025-12-05 00:00:00,Ship Product
EV001633,2025-12-05 00:00:00,Receive Goods
EV007193,2025-12-05 00:00:00,Complete Sale
EV007494,2025-12-05 00:00:00,Create Sales Order
EV007870,2025-12-05 00:00:00,Create Sales Order
EV000695,2025-12-05 00:00:00,Dispatch Delivery
EV007083,2025-12-05 00:00:00,Complete Sale
EV002444,2025-12-05 00:00:00,Receive Goods
EV008641,2025-12-05 00:00:00,Create Sales Order
EV007086,2025-12-05 00:00:00,Complete Sale
EV014371,2025-12-05 00:00:00,Create Sales Order
EV014381,2025-12-05 00:00:00,Ship Product
EV014379,2025-12-05 00:00:00,Complete Sale
EV014378,2025-12-05 00:00:00,Ship Product
EV014372,2025-12-05 01:00:00,Add Sales Order Item
EV007877,2025-12-05 01:00:00,Add Sales Order Item
EV007874,2025-12-05 01:00:00,Add Sales Order Item
EV007871,2025-12-05 01:00:00,Add Sales Order Item
EV007495,2025-12-05 01:00:00,Add Sales Order Item
EV008648,2025-12-05 01:00:00,Add Sales Order Item
EV007498,2025-12-05 01:00:00,Add Sales Order Item
EV007501,2025-12-05 01:00:00,Add Sales Order Item
EV008645,2025-12-05 01:00:00,Add Sales Order Item
EV008642,2025-12-05 01:00:00,Add Sales Order Item
EV001540,2025-12-05 04:00:00,Approve Purchase Order
EV002445,2025-12-05 08:00:00,Put Away
EV001634,2025-12-05 08:00:00,Put Away
EV015163,2025-12-06 00:00:00,Ship Product
EV013736,2025-12-06 00:00:00,Complete Sale
EV008959,2025-12-06 00:00:00,Ship Product
EV008960,2025-12-06 00:00:00,Complete Sale
EV015166,2025-12-06 00:00:00,Ship Product
EV001636,2025-12-06 00:00:00,Receive Goods
EV005877,2025-12-06 00:00:00,Create Sales Order
EV014384,2025-12-06 00:00:00,Ship Product
EV008010,2025-12-06 00:00:00,Ship Product
EV002699,2025-12-06 00:00:00,Dispatch Delivery
EV014382,2025-12-06 00:00:00,Complete Sale
EV002320,2025-12-06 00:00:00,Receive Goods
EV013117,2025-12-06 00:00:00,Ship Product
EV015192,2025-12-06 00:00:00,Return Product
EV014373,2025-12-06 00:00:00,Ship Product
EV000155,2025-12-06 00:00:00,Receive Goods
EV000153,2025-12-06 00:00:00,Receive Goods
EV001542,2025-12-06 00:00:00,Add PO Item
EV001541,2025-12-06 00:00:00,Add PO Item
EV003555,2025-12-06 00:00:00,Receive Goods
EV005878,2025-12-06 01:00:00,Add Sales Order Item
EV005881,2025-12-06 01:00:00,Add Sales Order Item
EV002321,2025-12-06 08:00:00,Put Away
EV001637,2025-12-06 08:00:00,Put Away
EV000156,2025-12-06 08:00:00,Put Away
EV000154,2025-12-06 08:00:00,Put Away
EV003556,2025-12-06 08:00:00,Put Away
EV009525,2025-12-07 00:00:00,Create Sales Order
EV007875,2025-12-07 00:00:00,Ship Product
EV007873,2025-12-07 00:00:00,Complete Sale
EV007872,2025-12-07 00:00:00,Ship Product
EV013118,2025-12-07 00:00:00,Complete Sale
EV008646,2025-12-07 00:00:00,Ship Product
EV001396,2025-12-07 00:00:00,Receive Goods
EV008996,2025-12-07 00:00:00,Create Sales Order
EV015167,2025-12-07 00:00:00,Complete Sale
EV009418,2025-12-07 00:00:00,Ship Product
EV007437,2025-12-07 00:00:00,Ship Product
EV003690,2025-12-07 00:00:00,Create Purchase Order
EV008649,2025-12-07 00:00:00,Ship Product
EV009419,2025-12-07 00:00:00,Complete Sale
EV004767,2025-12-07 00:00:00,Receive Goods
EV000497,2025-12-07 00:00:00,Create Purchase Order
EV009526,2025-12-07 01:00:00,Add Sales Order Item
EV008997,2025-12-07 01:00:00,Add Sales Order Item
EV009000,2025-12-07 01:00:00,Add Sales Order Item
EV009003,2025-12-07 01:00:00,Add Sales Order Item
EV009529,2025-12-07 01:00:00,Add Sales Order Item
EV000498,2025-12-07 04:00:00,Approve Purchase Order
EV003691,2025-12-07 04:00:00,Approve Purchase Order
EV004768,2025-12-07 08:00:00,Put Away
EV001397,2025-12-07 08:00:00,Put Away
EV005882,2025-12-08 00:00:00,Ship Product
EV005879,2025-12-08 00:00:00,Ship Product
EV014942,2025-12-08 00:00:00,Create Sales Order
EV003195,2025-12-08 00:00:00,Create Purchase Order
EV007090,2025-12-08 00:00:00,Complete Sale
EV007089,2025-12-08 00:00:00,Ship Product
EV008647,2025-12-08 00:00:00,Complete Sale
EV003917,2025-12-08 00:00:00,Receive Goods
EV003692,2025-12-08 00:00:00,Add PO Item
EV008011,2025-12-08 00:00:00,Complete Sale
EV000399,2025-12-08 00:00:00,Dispatch Delivery
EV002292,2025-12-08 00:00:00,Receive Goods
EV008650,2025-12-08 00:00:00,Complete Sale
EV002294,2025-12-08 00:00:00,Receive Goods
EV000667,2025-12-08 00:00:00,Dispatch Delivery
EV009415,2025-12-08 00:00:00,Ship Product
EV007876,2025-12-08 00:00:00,Complete Sale
EV003947,2025-12-08 00:00:00,Receive Goods
EV002296,2025-12-08 00:00:00,Receive Goods
EV012646,2025-12-08 00:00:00,Return Product
EV001543,2025-12-08 00:00:00,Dispatch Delivery
EV015164,2025-12-08 00:00:00,Complete Sale
EV008644,2025-12-08 00:00:00,Complete Sale
EV014374,2025-12-08 00:00:00,Complete Sale
EV007434,2025-12-08 00:00:00,Ship Product
EV002111,2025-12-08 00:00:00,Create Purchase Order
EV008998,2025-12-08 00:00:00,Ship Product
EV007496,2025-12-08 00:00:00,Ship Product
EV004164,2025-12-08 00:00:00,Dispatch Delivery
EV007497,2025-12-08 00:00:00,Complete Sale
EV005924,2025-12-08 00:00:00,Create Sales Order
EV007431,2025-12-08 00:00:00,Ship Product
EV000499,2025-12-08 00:00:00,Add PO Item
EV008643,2025-12-08 00:00:00,Ship Product
EV000500,2025-12-08 00:00:00,Add PO Item
EV012880,2025-12-08 00:00:00,Create Sales Order
EV008999,2025-12-08 00:00:00,Complete Sale
EV014385,2025-12-08 00:00:00,Complete Sale
EV011922,2025-12-08 00:00:00,Create Sales Order
EV011929,2025-12-08 01:00:00,Add Sales Order Item
EV011926,2025-12-08 01:00:00,Add Sales Order Item
EV005928,2025-12-08 01:00:00,Add Sales Order Item
EV014943,2025-12-08 01:00:00,Add Sales Order Item
EV014946,2025-12-08 01:00:00,Add Sales Order Item
EV014949,2025-12-08 01:00:00,Add Sales Order Item
EV012881,2025-12-08 01:00:00,Add Sales Order Item
EV012884,2025-12-08 01:00:00,Add Sales Order Item
EV011923,2025-12-08 01:00:00,Add Sales Order Item
EV005925,2025-12-08 01:00:00,Add Sales Order Item
EV003196,2025-12-08 04:00:00,Approve Purchase Order
EV002112,2025-12-08 04:00:00,Approve Purchase Order
EV002297,2025-12-08 08:00:00,Put Away
EV002295,2025-12-08 08:00:00,Put Away
EV003918,2025-12-08 08:00:00,Put Away
EV002293,2025-12-08 08:00:00,Put Away
EV003948,2025-12-08 08:00:00,Put Away
EV012782,2025-12-09 00:00:00,Create Sales Order
EV005720,2025-12-09 00:00:00,Ship Product
EV001558,2025-12-09 00:00:00,Create Purchase Order
EV005717,2025-12-09 00:00:00,Ship Product
EV005880,2025-12-09 00:00:00,Complete Sale
EV012651,2025-12-09 00:00:00,Return Product
EV005883,2025-12-09 00:00:00,Complete Sale
EV001370,2025-12-09 00:00:00,Create Purchase Order
EV008839,2025-12-09 00:00:00,Create Sales Order
EV007438,2025-12-09 00:00:00,Complete Sale
EV002113,2025-12-09 00:00:00,Add PO Item
EV009527,2025-12-09 00:00:00,Ship Product
EV007435,2025-12-09 00:00:00,Complete Sale
EV009416,2025-12-09 00:00:00,Complete Sale
EV003197,2025-12-09 00:00:00,Add PO Item
EV002702,2025-12-09 00:00:00,Receive Goods
EV014944,2025-12-09 00:00:00,Ship Product
EV014950,2025-12-09 00:00:00,Ship Product
EV002700,2025-12-09 00:00:00,Receive Goods
EV013979,2025-12-09 00:00:00,Create Sales Order
EV007499,2025-12-09 00:00:00,Ship Product
EV006242,2025-12-09 00:00:00,Create Sales Order
EV014904,2025-12-09 00:00:00,Create Sales Order
EV007502,2025-12-09 00:00:00,Ship Product
EV014313,2025-12-09 00:00:00,Create Sales Order
EV008846,2025-12-09 01:00:00,Add Sales Order Item
EV014314,2025-12-09 01:00:00,Add Sales Order Item
EV014317,2025-12-09 01:00:00,Add Sales Order Item
EV008843,2025-12-09 01:00:00,Add Sales Order Item
EV014908,2025-12-09 01:00:00,Add Sales Order Item
EV008840,2025-12-09 01:00:00,Add Sales Order Item
EV013980,2025-12-09 01:00:00,Add Sales Order Item
EV006243,2025-12-09 01:00:00,Add Sales Order Item
EV014905,2025-12-09 01:00:00,Add Sales Order Item
EV012783,2025-12-09 01:00:00,Add Sales Order Item
EV001559,2025-12-09 04:00:00,Approve Purchase Order
EV001371,2025-12-09 04:00:00,Approve Purchase Order
EV002703,2025-12-09 08:00:00,Put Away
EV002701,2025-12-09 08:00:00,Put Away
EV007878,2025-12-10 00:00:00,Ship Product
EV001372,2025-12-10 00:00:00,Add PO Item
EV001560,2025-12-10 00:00:00,Add PO Item
EV001373,2025-12-10 00:00:00,Add PO Item
EV011930,2025-12-10 00:00:00,Ship Product
EV005322,2025-12-10 00:00:00,Receive Goods
EV007500,2025-12-10 00:00:00,Complete Sale
EV002948,2025-12-10 00:00:00,Receive Goods
EV014945,2025-12-10 00:00:00,Complete Sale
EV005721,2025-12-10 00:00:00,Complete Sale
EV005718,2025-12-10 00:00:00,Complete Sale
EV008841,2025-12-10 00:00:00,Ship Product
EV000672,2025-12-10 00:00:00,Dispatch Delivery
EV008844,2025-12-10 00:00:00,Ship Product
EV008847,2025-12-10 00:00:00,Ship Product
EV009528,2025-12-10 00:00:00,Complete Sale
EV010220,2025-12-10 00:00:00,Create Sales Order
EV005324,2025-12-10 00:00:00,Receive Goods
EV003198,2025-12-10 00:00:00,Dispatch Delivery
EV007432,2025-12-10 00:00:00,Complete Sale
EV008297,2025-12-10 00:00:00,Create Sales Order
EV008298,2025-12-10 01:00:00,Add Sales Order Item
EV008301,2025-12-10 01:00:00,Add Sales Order Item
EV010221,2025-12-10 01:00:00,Add Sales Order Item
EV005323,2025-12-10 08:00:00,Put Away
EV002949,2025-12-10 08:00:00,Put Away
EV005325,2025-12-10 08:00:00,Put Away
EV002132,2025-12-11 00:00:00,Create Purchase Order
EV008848,2025-12-11 00:00:00,Complete Sale
EV012882,2025-12-11 00:00:00,Ship Product
EV000584,2025-12-11 00:00:00,Dispatch Delivery
EV010222,2025-12-11 00:00:00,Ship Product
EV012885,2025-12-11 00:00:00,Ship Product
EV000158,2025-12-11 00:00:00,Receive Goods
EV002114,2025-12-11 00:00:00,Dispatch Delivery
EV014318,2025-12-11 00:00:00,Ship Product
EV001548,2025-12-11 00:00:00,Dispatch Delivery
EV014951,2025-12-11 00:00:00,Complete Sale
EV008845,2025-12-11 00:00:00,Complete Sale
EV005929,2025-12-11 00:00:00,Ship Product
EV006244,2025-12-11 00:00:00,Ship Product
EV011927,2025-12-11 00:00:00,Ship Product
EV000884,2025-12-11 00:00:00,Create Purchase Order
EV007503,2025-12-11 00:00:00,Complete Sale
EV000160,2025-12-11 00:00:00,Receive Goods
EV002133,2025-12-11 04:00:00,Approve Purchase Order
EV000885,2025-12-11 04:00:00,Approve Purchase Order
EV000161,2025-12-11 08:00:00,Put Away
EV000159,2025-12-11 08:00:00,Put Away
EV011924,2025-12-12 00:00:00,Ship Product
EV007759,2025-12-12 00:00:00,Create Sales Order
EV009531,2025-12-12 00:00:00,Complete Sale
EV009530,2025-12-12 00:00:00,Ship Product
EV012870,2025-12-12 00:00:00,Create Sales Order
EV011928,2025-12-12 00:00:00,Complete Sale
EV011931,2025-12-12 00:00:00,Complete Sale
EV014315,2025-12-12 00:00:00,Ship Product
EV014319,2025-12-12 00:00:00,Complete Sale
EV008842,2025-12-12 00:00:00,Complete Sale
EV014316,2025-12-12 00:00:00,Complete Sale
EV009802,2025-12-12 00:00:00,Create Sales Order
EV014693,2025-12-12 00:00:00,Create Sales Order
EV007879,2025-12-12 00:00:00,Complete Sale
EV005926,2025-12-12 00:00:00,Ship Product
EV009001,2025-12-12 00:00:00,Ship Product
EV009004,2025-12-12 00:00:00,Ship Product
EV000886,2025-12-12 00:00:00,Add PO Item
EV013981,2025-12-12 00:00:00,Ship Product
EV001747,2025-12-12 00:00:00,Dispatch Delivery
EV014911,2025-12-12 00:00:00,Create Sales Order
EV012886,2025-12-12 00:00:00,Complete Sale
EV005930,2025-12-12 00:00:00,Complete Sale
EV014701,2025-12-12 00:00:00,Create Sales Order
EV012883,2025-12-12 00:00:00,Complete Sale
EV008448,2025-12-12 00:00:00,Create Sales Order
EV014906,2025-12-12 00:00:00,Ship Product
EV014907,2025-12-12 00:00:00,Complete Sale
EV002134,2025-12-12 00:00:00,Add PO Item
EV007760,2025-12-12 01:00:00,Add Sales Order Item
EV014694,2025-12-12 01:00:00,Add Sales Order Item
EV014705,2025-12-12 01:00:00,Add Sales Order Item
EV008449,2025-12-12 01:00:00,Add Sales Order Item
EV014702,2025-12-12 01:00:00,Add Sales Order Item
EV014912,2025-12-12 01:00:00,Add Sales Order Item
EV012874,2025-12-12 01:00:00,Add Sales Order Item
EV014915,2025-12-12 01:00:00,Add Sales Order Item
EV009803,2025-12-12 01:00:00,Add Sales Order Item
EV012877,2025-12-12 01:00:00,Add Sales Order Item
EV008452,2025-12-12 01:00:00,Add Sales Order Item
EV012871,2025-12-12 01:00:00,Add Sales Order Item
EV014909,2025-12-13 00:00:00,Ship Product
EV008453,2025-12-13 00:00:00,Ship Product
EV001561,2025-12-13 00:00:00,Dispatch Delivery
EV014947,2025-12-13 00:00:00,Ship Product
EV008323,2025-12-13 00:00:00,Create Sales Order
EV011925,2025-12-13 00:00:00,Complete Sale
EV003693,2025-12-13 00:00:00,Dispatch Delivery
EV014948,2025-12-13 00:00:00,Complete Sale
EV009956,2025-12-13 00:00:00,Create Sales Order
EV013982,2025-12-13 00:00:00,Complete Sale
EV010223,2025-12-13 00:00:00,Complete Sale
EV004770,2025-12-13 00:00:00,Receive Goods
EV014706,2025-12-13 00:00:00,Ship Product
EV014707,2025-12-13 00:00:00,Complete Sale
EV006245,2025-12-13 00:00:00,Complete Sale
EV013743,2025-12-13 00:00:00,Return Product
EV008324,2025-12-13 01:00:00,Add Sales Order Item
EV009960,2025-12-13 01:00:00,Add Sales Order Item
EV009957,2025-12-13 01:00:00,Add Sales Order Item
EV004771,2025-12-13 08:00:00,Put Away
EV009002,2025-12-14 00:00:00,Complete Sale
EV014703,2025-12-14 00:00:00,Ship Product
EV003963,2025-12-14 00:00:00,Create Purchase Order
EV012784,2025-12-14 00:00:00,Ship Product
EV008450,2025-12-14 00:00:00,Ship Product
EV014695,2025-12-14 00:00:00,Ship Product
EV008454,2025-12-14 00:00:00,Complete Sale
EV000501,2025-12-14 00:00:00,Dispatch Delivery
EV012875,2025-12-14 00:00:00,Ship Product
EV012878,2025-12-14 00:00:00,Ship Product
EV009005,2025-12-14 00:00:00,Complete Sale
EV008302,2025-12-14 00:00:00,Ship Product
EV005988,2025-12-14 00:00:00,Return Product
EV005927,2025-12-14 00:00:00,Complete Sale
EV008325,2025-12-14 00:00:00,Ship Product
EV006067,2025-12-14 00:00:00,Create Sales Order
EV002507,2025-12-14 00:00:00,Create Purchase Order
EV006074,2025-12-14 01:00:00,Add Sales Order Item
EV006071,2025-12-14 01:00:00,Add Sales Order Item
EV006068,2025-12-14 01:00:00,Add Sales Order Item
EV003964,2025-12-14 04:00:00,Approve Purchase Order
EV002508,2025-12-14 04:00:00,Approve Purchase Order
EV014916,2025-12-15 00:00:00,Ship Product
EV011572,2025-12-15 00:00:00,Create Sales Order
EV012772,2025-12-15 00:00:00,Create Sales Order
EV007916,2025-12-15 00:00:00,Create Sales Order
EV014910,2025-12-15 00:00:00,Complete Sale
EV015193,2025-12-15 00:00:00,Create Sales Order
EV006075,2025-12-15 00:00:00,Ship Product
EV009804,2025-12-15 00:00:00,Ship Product
EV002510,2025-12-15 00:00:00,Add PO Item
EV008299,2025-12-15 00:00:00,Ship Product
EV004796,2025-12-15 00:00:00,Create Purchase Order
EV012879,2025-12-15 00:00:00,Complete Sale
EV001374,2025-12-15 00:00:00,Dispatch Delivery
EV007761,2025-12-15 00:00:00,Ship Product
EV002509,2025-12-15 00:00:00,Add PO Item
EV000587,2025-12-15 00:00:00,Dispatch Delivery
EV008303,2025-12-15 00:00:00,Complete Sale
EV012785,2025-12-15 00:00:00,Complete Sale
EV003965,2025-12-15 00:00:00,Add PO Item
EV003671,2025-12-15 00:00:00,Create Purchase Order
EV015194,2025-12-15 01:00:00,Add Sales Order Item
EV015197,2025-12-15 01:00:00,Add Sales Order Item
EV007917,2025-12-15 01:00:00,Add Sales Order Item
EV015200,2025-12-15 01:00:00,Add Sales Order Item
EV011573,2025-12-15 01:00:00,Add Sales Order Item
EV012776,2025-12-15 01:00:00,Add Sales Order Item
EV007920,2025-12-15 01:00:00,Add Sales Order Item
EV007923,2025-12-15 01:00:00,Add Sales Order Item
EV012773,2025-12-15 01:00:00,Add Sales Order Item
EV012779,2025-12-15 01:00:00,Add Sales Order Item
EV003672,2025-12-15 04:00:00,Approve Purchase Order
EV004797,2025-12-15 04:00:00,Approve Purchase Order
EV008326,2025-12-16 00:00:00,Complete Sale
EV004798,2025-12-16 00:00:00,Add PO Item
EV004799,2025-12-16 00:00:00,Add PO Item
EV001603,2025-12-16 00:00:00,Create Purchase Order
EV006076,2025-12-16 00:00:00,Complete Sale
EV008451,2025-12-16 00:00:00,Complete Sale
EV014704,2025-12-16 00:00:00,Complete Sale
EV009961,2025-12-16 00:00:00,Ship Product
EV014696,2025-12-16 00:00:00,Complete Sale
EV007924,2025-12-16 00:00:00,Ship Product
EV000887,2025-12-16 00:00:00,Dispatch Delivery
EV009962,2025-12-16 00:00:00,Complete Sale
EV003673,2025-12-16 00:00:00,Add PO Item
EV003675,2025-12-16 00:00:00,Add PO Item
EV014913,2025-12-16 00:00:00,Ship Product
EV010595,2025-12-16 00:00:00,Create Sales Order
EV000506,2025-12-16 00:00:00,Dispatch Delivery
EV012775,2025-12-16 00:00:00,Complete Sale
EV014917,2025-12-16 00:00:00,Complete Sale
EV003674,2025-12-16 00:00:00,Add PO Item
EV007762,2025-12-16 00:00:00,Complete Sale
EV012774,2025-12-16 00:00:00,Ship Product
EV009805,2025-12-16 00:00:00,Complete Sale
EV012876,2025-12-16 00:00:00,Complete Sale
EV010596,2025-12-16 01:00:00,Add Sales Order Item
EV010599,2025-12-16 01:00:00,Add Sales Order Item
EV001604,2025-12-16 04:00:00,Approve Purchase Order
EV000590,2025-12-17 00:00:00,Dispatch Delivery
EV000502,2025-12-17 00:00:00,Receive Goods
EV003199,2025-12-17 00:00:00,Receive Goods
EV000890,2025-12-17 00:00:00,Dispatch Delivery
EV007832,2025-12-17 00:00:00,Create Sales Order
EV012872,2025-12-17 00:00:00,Ship Product
EV008300,2025-12-17 00:00:00,Complete Sale
EV001606,2025-12-17 00:00:00,Add PO Item
EV001605,2025-12-17 00:00:00,Add PO Item
EV009806,2025-12-17 00:00:00,Create Sales Order
EV009958,2025-12-17 00:00:00,Ship Product
EV002135,2025-12-17 00:00:00,Dispatch Delivery
EV010311,2025-12-17 00:00:00,Create Sales Order
EV011574,2025-12-17 00:00:00,Ship Product
EV001479,2025-12-17 00:00:00,Create Purchase Order
EV003696,2025-12-17 00:00:00,Dispatch Delivery
EV000504,2025-12-17 00:00:00,Receive Goods
EV006069,2025-12-17 00:00:00,Ship Product
EV010598,2025-12-17 00:00:00,Complete Sale
EV007921,2025-12-17 00:00:00,Ship Product
EV010597,2025-12-17 00:00:00,Ship Product
EV014914,2025-12-17 00:00:00,Complete Sale
EV010312,2025-12-17 01:00:00,Add Sales Order Item
EV009807,2025-12-17 01:00:00,Add Sales Order Item
EV007839,2025-12-17 01:00:00,Add Sales Order Item
EV007836,2025-12-17 01:00:00,Add Sales Order Item
EV010315,2025-12-17 01:00:00,Add Sales Order Item
EV009810,2025-12-17 01:00:00,Add Sales Order Item
EV007833,2025-12-17 01:00:00,Add Sales Order Item
EV009813,2025-12-17 01:00:00,Add Sales Order Item
EV001480,2025-12-17 04:00:00,Approve Purchase Order
EV003200,2025-12-17 08:00:00,Put Away
EV000503,2025-12-17 08:00:00,Put Away
EV000505,2025-12-17 08:00:00,Put Away
EV010316,2025-12-18 00:00:00,Ship Product
EV012777,2025-12-18 00:00:00,Ship Product
EV006670,2025-12-18 00:00:00,Create Sales Order
EV001564,2025-12-18 00:00:00,Dispatch Delivery
EV007925,2025-12-18 00:00:00,Complete Sale
EV007840,2025-12-18 00:00:00,Ship Product
EV010126,2025-12-18 00:00:00,Create Sales Order
EV007922,2025-12-18 00:00:00,Complete Sale
EV001482,2025-12-18 00:00:00,Add PO Item
EV012873,2025-12-18 00:00:00,Complete Sale
EV007834,2025-12-18 00:00:00,Ship Product
EV003966,2025-12-18 00:00:00,Dispatch Delivery
EV002351,2025-12-18 00:00:00,Receive Goods
EV009808,2025-12-18 00:00:00,Ship Product
EV009811,2025-12-18 00:00:00,Ship Product
EV015198,2025-12-18 00:00:00,Ship Product
EV009812,2025-12-18 00:00:00,Complete Sale
EV001481,2025-12-18 00:00:00,Add PO Item
EV006070,2025-12-18 00:00:00,Complete Sale
EV006072,2025-12-18 00:00:00,Ship Product
EV000402,2025-12-18 00:00:00,Receive Goods
EV015195,2025-12-18 00:00:00,Ship Product
EV011575,2025-12-18 00:00:00,Complete Sale
EV000400,2025-12-18 00:00:00,Receive Goods
EV002138,2025-12-18 00:00:00,Dispatch Delivery
EV001379,2025-12-18 00:00:00,Dispatch Delivery
EV006674,2025-12-18 01:00:00,Add Sales Order Item
EV010130,2025-12-18 01:00:00,Add Sales Order Item
EV010133,2025-12-18 01:00:00,Add Sales Order Item
EV010127,2025-12-18 01:00:00,Add Sales Order Item
EV006671,2025-12-18 01:00:00,Add Sales Order Item
EV000403,2025-12-18 08:00:00,Put Away
EV002352,2025-12-18 08:00:00,Put Away
EV000401,2025-12-18 08:00:00,Put Away
EV015199,2025-12-19 00:00:00,Complete Sale
EV009959,2025-12-19 00:00:00,Complete Sale
EV010317,2025-12-19 00:00:00,Complete Sale
EV009432,2025-12-19 00:00:00,Create Sales Order
EV000511,2025-12-19 00:00:00,Dispatch Delivery
EV007835,2025-12-19 00:00:00,Complete Sale
EV006672,2025-12-19 00:00:00,Ship Product
EV009809,2025-12-19 00:00:00,Complete Sale
EV000509,2025-12-19 00:00:00,Receive Goods
EV002117,2025-12-19 00:00:00,Dispatch Delivery
EV000507,2025-12-19 00:00:00,Receive Goods
EV002511,2025-12-19 00:00:00,Dispatch Delivery
EV012780,2025-12-19 00:00:00,Ship Product
EV010600,2025-12-19 00:00:00,Ship Product
EV007504,2025-12-19 00:00:00,Create Sales Order
EV000693,2025-12-19 00:00:00,Receive Goods
EV009436,2025-12-19 01:00:00,Add Sales Order Item
EV007505,2025-12-19 01:00:00,Add Sales Order Item
EV009433,2025-12-19 01:00:00,Add Sales Order Item
EV000694,2025-12-19 08:00:00,Put Away
EV000510,2025-12-19 08:00:00,Put Away
EV000508,2025-12-19 08:00:00,Put Away
EV006073,2025-12-20 00:00:00,Complete Sale
EV007841,2025-12-20 00:00:00,Complete Sale
EV012778,2025-12-20 00:00:00,Complete Sale
EV006769,2025-12-20 00:00:00,Create Sales Order
EV006998,2025-12-20 00:00:00,Create Sales Order
EV003676,2025-12-20 00:00:00,Dispatch Delivery
EV015201,2025-12-20 00:00:00,Ship Product
EV001553,2025-12-20 00:00:00,Dispatch Delivery
EV007918,2025-12-20 00:00:00,Ship Product
EV007144,2025-12-20 00:00:00,Create Sales Order
EV001562,2025-12-20 00:00:00,Receive Goods
EV015196,2025-12-20 00:00:00,Complete Sale
EV006673,2025-12-20 00:00:00,Complete Sale
EV010601,2025-12-20 00:00:00,Complete Sale
EV009438,2025-12-20 00:00:00,Complete Sale
EV009437,2025-12-20 00:00:00,Ship Product
EV007145,2025-12-20 01:00:00,Add Sales Order Item
EV007002,2025-12-20 01:00:00,Add Sales Order Item
EV006999,2025-12-20 01:00:00,Add Sales Order Item
EV006770,2025-12-20 01:00:00,Add Sales Order Item
EV001563,2025-12-20 08:00:00,Put Away
EV009814,2025-12-21 00:00:00,Ship Product
EV006839,2025-12-21 00:00:00,Return Product
EV007837,2025-12-21 00:00:00,Ship Product
EV001511,2025-12-21 00:00:00,Create Purchase Order
EV012781,2025-12-21 00:00:00,Complete Sale
EV003699,2025-12-21 00:00:00,Dispatch Delivery
EV001483,2025-12-21 00:00:00,Dispatch Delivery
EV002141,2025-12-21 00:00:00,Dispatch Delivery
EV005906,2025-12-21 00:00:00,Create Sales Order
EV007000,2025-12-21 00:00:00,Ship Product
EV010313,2025-12-21 00:00:00,Ship Product
EV010314,2025-12-21 00:00:00,Complete Sale
EV007003,2025-12-21 00:00:00,Ship Product
EV004903,2025-12-21 00:00:00,Create Purchase Order
EV014543,2025-12-21 00:00:00,Create Sales Order
EV005907,2025-12-21 01:00:00,Add Sales Order Item
EV014544,2025-12-21 01:00:00,Add Sales Order Item
EV014547,2025-12-21 01:00:00,Add Sales Order Item
EV005910,2025-12-21 01:00:00,Add Sales Order Item
EV004904,2025-12-21 04:00:00,Approve Purchase Order
EV001512,2025-12-21 04:00:00,Approve Purchase Order
EV007506,2025-12-22 00:00:00,Ship Product
EV007004,2025-12-22 00:00:00,Complete Sale
EV006675,2025-12-22 00:00:00,Ship Product
EV009815,2025-12-22 00:00:00,Complete Sale
EV015202,2025-12-22 00:00:00,Complete Sale
EV001513,2025-12-22 00:00:00,Add PO Item
EV010128,2025-12-22 00:00:00,Ship Product
EV001514,2025-12-22 00:00:00,Add PO Item
EV014031,2025-12-22 00:00:00,Create Sales Order
EV004470,2025-12-22 00:00:00,Receive Goods
EV004905,2025-12-22 00:00:00,Add PO Item
EV004800,2025-12-22 00:00:00,Dispatch Delivery
EV010129,2025-12-22 00:00:00,Complete Sale
EV007919,2025-12-22 00:00:00,Complete Sale
EV014545,2025-12-22 00:00:00,Ship Product
EV002354,2025-12-22 00:00:00,Receive Goods
EV014038,2025-12-22 01:00:00,Add Sales Order Item
EV014035,2025-12-22 01:00:00,Add Sales Order Item
EV014032,2025-12-22 01:00:00,Add Sales Order Item
EV002355,2025-12-22 08:00:00,Put Away
EV004471,2025-12-22 08:00:00,Put Away
EV009434,2025-12-23 00:00:00,Ship Product
EV015188,2025-12-23 00:00:00,Return Product
EV002357,2025-12-23 00:00:00,Receive Goods
EV014548,2025-12-23 00:00:00,Ship Product
EV001612,2025-12-23 00:00:00,Dispatch Delivery
EV014546,2025-12-23 00:00:00,Complete Sale
EV000696,2025-12-23 00:00:00,Receive Goods
EV007001,2025-12-23 00:00:00,Complete Sale
EV010135,2025-12-23 00:00:00,Complete Sale
EV010134,2025-12-23 00:00:00,Ship Product
EV010131,2025-12-23 00:00:00,Ship Product
EV007838,2025-12-23 00:00:00,Complete Sale
EV000893,2025-12-23 00:00:00,Dispatch Delivery
EV001607,2025-12-23 00:00:00,Dispatch Delivery
EV013273,2025-12-23 00:00:00,Create Sales Order
EV013274,2025-12-23 01:00:00,Add Sales Order Item
EV013277,2025-12-23 01:00:00,Add Sales Order Item
EV000697,2025-12-23 08:00:00,Put Away
EV002358,2025-12-23 08:00:00,Put Away
EV007507,2025-12-24 00:00:00,Complete Sale
EV004906,2025-12-24 00:00:00,Dispatch Delivery
EV001384,2025-12-24 00:00:00,Dispatch Delivery
EV005911,2025-12-24 00:00:00,Ship Product
EV010157,2025-12-24 00:00:00,Create Sales Order
EV013276,2025-12-24 00:00:00,Complete Sale
EV013275,2025-12-24 00:00:00,Ship Product
EV006676,2025-12-24 00:00:00,Complete Sale
EV014039,2025-12-24 00:00:00,Ship Product
EV006771,2025-12-24 00:00:00,Ship Product
EV010132,2025-12-24 00:00:00,Complete Sale
EV007930,2025-12-24 00:00:00,Return Product
EV001515,2025-12-24 00:00:00,Dispatch Delivery
EV010158,2025-12-24 01:00:00,Add Sales Order Item
EV010161,2025-12-24 01:00:00,Add Sales Order Item
EV006772,2025-12-25 00:00:00,Complete Sale
EV010159,2025-12-25 00:00:00,Ship Product
EV010160,2025-12-25 00:00:00,Complete Sale
EV003683,2025-12-25 00:00:00,Dispatch Delivery
EV009435,2025-12-25 00:00:00,Complete Sale
EV014549,2025-12-25 00:00:00,Complete Sale
EV007146,2025-12-25 00:00:00,Ship Product
EV014265,2025-12-25 00:00:00,Create Sales Order
EV001565,2025-12-25 00:00:00,Receive Goods
EV005908,2025-12-25 00:00:00,Ship Product
EV000192,2025-12-25 00:00:00,Create Purchase Order
EV014272,2025-12-25 01:00:00,Add Sales Order Item
EV014266,2025-12-25 01:00:00,Add Sales Order Item
EV014269,2025-12-25 01:00:00,Add Sales Order Item
EV000193,2025-12-25 04:00:00,Approve Purchase Order
EV001566,2025-12-25 08:00:00,Put Away
EV002512,2025-12-26 00:00:00,Receive Goods
EV007147,2025-12-26 00:00:00,Complete Sale
EV002514,2025-12-26 00:00:00,Receive Goods
EV004457,2025-12-26 00:00:00,Create Purchase Order
EV009443,2025-12-26 00:00:00,Create Sales Order
EV001546,2025-12-26 00:00:00,Receive Goods
EV014033,2025-12-26 00:00:00,Ship Product
EV001544,2025-12-26 00:00:00,Receive Goods
EV004805,2025-12-26 00:00:00,Dispatch Delivery
EV014040,2025-12-26 00:00:00,Complete Sale
EV014036,2025-12-26 00:00:00,Ship Product
EV000194,2025-12-26 00:00:00,Add PO Item
EV013278,2025-12-26 00:00:00,Ship Product
EV005912,2025-12-26 00:00:00,Complete Sale
EV001488,2025-12-26 00:00:00,Dispatch Delivery
EV014268,2025-12-26 00:00:00,Complete Sale
EV001613,2025-12-26 00:00:00,Receive Goods
EV014267,2025-12-26 00:00:00,Ship Product
EV006483,2025-12-26 00:00:00,Create Sales Order
EV004473,2025-12-26 00:00:00,Receive Goods
EV000888,2025-12-26 00:00:00,Receive Goods
EV001615,2025-12-26 00:00:00,Receive Goods
EV009444,2025-12-26 01:00:00,Add Sales Order Item
EV006487,2025-12-26 01:00:00,Add Sales Order Item
EV009447,2025-12-26 01:00:00,Add Sales Order Item
EV006484,2025-12-26 01:00:00,Add Sales Order Item
EV004458,2025-12-26 04:00:00,Approve Purchase Order
EV002515,2025-12-26 08:00:00,Put Away
EV002513,2025-12-26 08:00:00,Put Away
EV000889,2025-12-26 08:00:00,Put Away
EV001545,2025-12-26 08:00:00,Put Away
EV004474,2025-12-26 08:00:00,Put Away
EV001614,2025-12-26 08:00:00,Put Away
EV001616,2025-12-26 08:00:00,Put Away
EV001547,2025-12-26 08:00:00,Put Away
EV005909,2025-12-27 00:00:00,Complete Sale
EV014037,2025-12-27 00:00:00,Complete Sale
EV003679,2025-12-27 00:00:00,Receive Goods
EV003677,2025-12-27 00:00:00,Receive Goods
EV000593,2025-12-27 00:00:00,Create Purchase Order
EV013207,2025-12-27 00:00:00,Create Sales Order
EV000891,2025-12-27 00:00:00,Receive Goods
EV000240,2025-12-27 00:00:00,Create Purchase Order
EV004459,2025-12-27 00:00:00,Add PO Item
EV003681,2025-12-27 00:00:00,Receive Goods
EV004159,2025-12-27 00:00:00,Receive Goods
EV002136,2025-12-27 00:00:00,Receive Goods
EV013208,2025-12-27 01:00:00,Add Sales Order Item
EV000594,2025-12-27 04:00:00,Approve Purchase Order
EV000241,2025-12-27 04:00:00,Approve Purchase Order
EV003682,2025-12-27 08:00:00,Put Away
EV000892,2025-12-27 08:00:00,Put Away
EV004160,2025-12-27 08:00:00,Put Away
EV003678,2025-12-27 08:00:00,Put Away
EV003680,2025-12-27 08:00:00,Put Away
EV002137,2025-12-27 08:00:00,Put Away
EV009448,2025-12-28 00:00:00,Ship Product
EV011885,2025-12-28 00:00:00,Create Sales Order
EV014237,2025-12-28 00:00:00,Create Sales Order
EV011576,2025-12-28 00:00:00,Return Product
EV004909,2025-12-28 00:00:00,Dispatch Delivery
EV000243,2025-12-28 00:00:00,Add PO Item
EV000242,2025-12-28 00:00:00,Add PO Item
EV000595,2025-12-28 00:00:00,Add PO Item
EV013279,2025-12-28 00:00:00,Complete Sale
EV002139,2025-12-28 00:00:00,Receive Goods
EV014273,2025-12-28 00:00:00,Ship Product
EV000195,2025-12-28 00:00:00,Dispatch Delivery
EV014034,2025-12-28 00:00:00,Complete Sale
EV014270,2025-12-28 00:00:00,Ship Product
EV011886,2025-12-28 01:00:00,Add Sales Order Item
EV014238,2025-12-28 01:00:00,Add Sales Order Item
EV002140,2025-12-28 08:00:00,Put Away
EV009449,2025-12-29 00:00:00,Complete Sale
EV005913,2025-12-29 00:00:00,Return Product
EV000585,2025-12-29 00:00:00,Receive Goods
EV004476,2025-12-29 00:00:00,Receive Goods
EV001551,2025-12-29 00:00:00,Receive Goods
EV009445,2025-12-29 00:00:00,Ship Product
EV010162,2025-12-29 00:00:00,Ship Product
EV013584,2025-12-29 00:00:00,Create Sales Order
EV011598,2025-12-29 00:00:00,Create Sales Order
EV001549,2025-12-29 00:00:00,Receive Goods
EV013675,2025-12-29 00:00:00,Create Sales Order
EV014271,2025-12-29 00:00:00,Complete Sale
EV014274,2025-12-29 00:00:00,Complete Sale
EV013585,2025-12-29 01:00:00,Add Sales Order Item
EV013676,2025-12-29 01:00:00,Add Sales Order Item
EV011602,2025-12-29 01:00:00,Add Sales Order Item
EV011599,2025-12-29 01:00:00,Add Sales Order Item
EV000586,2025-12-29 08:00:00,Put Away
EV001550,2025-12-29 08:00:00,Put Away
EV004477,2025-12-29 08:00:00,Put Away
EV001552,2025-12-29 08:00:00,Put Away
EV013586,2025-12-30 00:00:00,Ship Product
EV006488,2025-12-30 00:00:00,Ship Product
EV011887,2025-12-30 00:00:00,Ship Product
EV003003,2025-12-30 00:00:00,Receive Goods
EV010163,2025-12-30 00:00:00,Complete Sale
EV015100,2025-12-30 00:00:00,Create Sales Order
EV010840,2025-12-30 00:00:00,Create Sales Order
EV013721,2025-12-30 00:00:00,Create Sales Order
EV007439,2025-12-30 00:00:00,Create Sales Order
EV006485,2025-12-30 00:00:00,Ship Product
EV014239,2025-12-30 00:00:00,Ship Product
EV006274,2025-12-30 00:00:00,Create Sales Order
EV015101,2025-12-30 01:00:00,Add Sales Order Item
EV010844,2025-12-30 01:00:00,Add Sales Order Item
EV006278,2025-12-30 01:00:00,Add Sales Order Item
EV010847,2025-12-30 01:00:00,Add Sales Order Item
EV006275,2025-12-30 01:00:00,Add Sales Order Item
EV007440,2025-12-30 01:00:00,Add Sales Order Item
EV007443,2025-12-30 01:00:00,Add Sales Order Item
EV015105,2025-12-30 01:00:00,Add Sales Order Item
EV013722,2025-12-30 01:00:00,Add Sales Order Item
EV013725,2025-12-30 01:00:00,Add Sales Order Item
EV010841,2025-12-30 01:00:00,Add Sales Order Item
EV003004,2025-12-30 08:00:00,Put Away
EV001608,2025-12-31 00:00:00,Receive Goods
EV001610,2025-12-31 00:00:00,Receive Goods
EV003279,2025-12-31 00:00:00,Create Purchase Order
EV000512,2025-12-31 00:00:00,Receive Goods
EV000596,2025-12-31 00:00:00,Dispatch Delivery
EV013209,2025-12-31 00:00:00,Ship Product
EV000196,2025-12-31 00:00:00,Receive Goods
EV013162,2025-12-31 00:00:00,Create Sales Order
EV009446,2025-12-31 00:00:00,Complete Sale
EV001745,2025-12-31 00:00:00,Receive Goods
EV006280,2025-12-31 00:00:00,Complete Sale
EV014240,2025-12-31 00:00:00,Complete Sale
EV006279,2025-12-31 00:00:00,Ship Product
EV006276,2025-12-31 00:00:00,Ship Product
EV008694,2025-12-31 00:00:00,Create Sales Order
EV009816,2025-12-31 00:00:00,Return Product
EV012831,2025-12-31 00:00:00,Create Sales Order
EV004912,2025-12-31 00:00:00,Dispatch Delivery
EV000514,2025-12-31 00:00:00,Receive Goods
EV009091,2025-12-31 00:00:00,Create Sales Order
EV004460,2025-12-31 00:00:00,Dispatch Delivery
EV014862,2025-12-31 00:00:00,Create Sales Order
EV002142,2025-12-31 00:00:00,Receive Goods
EV004162,2025-12-31 00:00:00,Receive Goods
EV013759,2025-12-31 00:00:00,Create Sales Order
EV012832,2025-12-31 01:00:00,Add Sales Order Item
EV009092,2025-12-31 01:00:00,Add Sales Order Item
EV012835,2025-12-31 01:00:00,Add Sales Order Item
EV013763,2025-12-31 01:00:00,Add Sales Order Item
EV013169,2025-12-31 01:00:00,Add Sales Order Item
EV013166,2025-12-31 01:00:00,Add Sales Order Item
EV008698,2025-12-31 01:00:00,Add Sales Order Item
EV013163,2025-12-31 01:00:00,Add Sales Order Item
EV008695,2025-12-31 01:00:00,Add Sales Order Item
EV013760,2025-12-31 01:00:00,Add Sales Order Item
EV013766,2025-12-31 01:00:00,Add Sales Order Item
EV014863,2025-12-31 01:00:00,Add Sales Order Item
EV008701,2025-12-31 01:00:00,Add Sales Order Item
EV003280,2025-12-31 04:00:00,Approve Purchase Order
EV000197,2025-12-31 08:00:00,Put Away
EV001746,2025-12-31 08:00:00,Put Away
EV002143,2025-12-31 08:00:00,Put Away
EV000513,2025-12-31 08:00:00,Put Away
EV001611,2025-12-31 08:00:00,Put Away
EV004163,2025-12-31 08:00:00,Put Away
EV001609,2025-12-31 08:00:00,Put Away
EV000515,2025-12-31 08:00:00,Put Away
EV009207,2026-01-01 00:00:00,Create Sales Order
EV003603,2026-01-01 00:00:00,Create Purchase Order
EV003688,2026-01-01 00:00:00,Receive Goods
EV008696,2026-01-01 00:00:00,Ship Product
EV013040,2026-01-01 00:00:00,Create Sales Order
EV011603,2026-01-01 00:00:00,Ship Product
EV011888,2026-01-01 00:00:00,Complete Sale
EV003684,2026-01-01 00:00:00,Receive Goods
EV006489,2026-01-01 00:00:00,Complete Sale
EV010846,2026-01-01 00:00:00,Complete Sale
EV008702,2026-01-01 00:00:00,Ship Product
EV010845,2026-01-01 00:00:00,Ship Product
EV007444,2026-01-01 00:00:00,Ship Product
EV003281,2026-01-01 00:00:00,Add PO Item
EV010842,2026-01-01 00:00:00,Ship Product
EV011600,2026-01-01 00:00:00,Ship Product
EV012682,2026-01-01 00:00:00,Create Sales Order
EV000244,2026-01-01 00:00:00,Dispatch Delivery
EV006486,2026-01-01 00:00:00,Complete Sale
EV013164,2026-01-01 00:00:00,Ship Product
EV014864,2026-01-01 00:00:00,Ship Product
EV013587,2026-01-01 00:00:00,Complete Sale
EV003686,2026-01-01 00:00:00,Receive Goods
EV013948,2026-01-01 00:00:00,Create Sales Order
EV001591,2026-01-01 00:00:00,Create Purchase Order
EV013045,2026-01-01 01:00:00,Add Sales Order Item
EV013949,2026-01-01 01:00:00,Add Sales Order Item
EV013041,2026-01-01 01:00:00,Add Sales Order Item
EV013955,2026-01-01 01:00:00,Add Sales Order Item
EV012683,2026-01-01 01:00:00,Add Sales Order Item
EV009208,2026-01-01 01:00:00,Add Sales Order Item
EV013952,2026-01-01 01:00:00,Add Sales Order Item
EV001592,2026-01-01 04:00:00,Approve Purchase Order
EV003604,2026-01-01 04:00:00,Approve Purchase Order
EV003689,2026-01-01 08:00:00,Put Away
EV003685,2026-01-01 08:00:00,Put Away
EV003687,2026-01-01 08:00:00,Put Away
EV006357,2026-01-02 00:00:00,Create Sales Order
EV013677,2026-01-02 00:00:00,Ship Product
EV007442,2026-01-02 00:00:00,Complete Sale
EV007441,2026-01-02 00:00:00,Ship Product
EV003282,2026-01-02 00:00:00,Dispatch Delivery
EV013210,2026-01-02 00:00:00,Complete Sale
EV010081,2026-01-02 00:00:00,Create Sales Order
EV003605,2026-01-02 00:00:00,Add PO Item
EV010848,2026-01-02 00:00:00,Ship Product
EV013950,2026-01-02 00:00:00,Ship Product
EV013171,2026-01-02 00:00:00,Complete Sale
EV005672,2026-01-02 00:00:00,Create Sales Order
EV001377,2026-01-02 00:00:00,Receive Goods
EV014487,2026-01-02 00:00:00,Create Sales Order
EV001593,2026-01-02 00:00:00,Add PO Item
EV001375,2026-01-02 00:00:00,Receive Goods
EV000198,2026-01-02 00:00:00,Dispatch Delivery
EV014375,2026-01-02 00:00:00,Return Product
EV003750,2026-01-02 00:00:00,Create Purchase Order
EV000894,2026-01-02 00:00:00,Receive Goods
EV006277,2026-01-02 00:00:00,Complete Sale
EV000588,2026-01-02 00:00:00,Receive Goods
EV000599,2026-01-02 00:00:00,Dispatch Delivery
EV013170,2026-01-02 00:00:00,Ship Product
EV014952,2026-01-02 00:00:00,Return Product
EV014494,2026-01-02 01:00:00,Add Sales Order Item
EV014491,2026-01-02 01:00:00,Add Sales Order Item
EV006364,2026-01-02 01:00:00,Add Sales Order Item
EV005676,2026-01-02 01:00:00,Add Sales Order Item
EV006358,2026-01-02 01:00:00,Add Sales Order Item
EV005673,2026-01-02 01:00:00,Add Sales Order Item
EV010082,2026-01-02 01:00:00,Add Sales Order Item
EV010085,2026-01-02 01:00:00,Add Sales Order Item
EV014488,2026-01-02 01:00:00,Add Sales Order Item
EV006361,2026-01-02 01:00:00,Add Sales Order Item
EV003751,2026-01-02 04:00:00,Approve Purchase Order
EV001376,2026-01-02 08:00:00,Put Away
EV000895,2026-01-02 08:00:00,Put Away
EV000589,2026-01-02 08:00:00,Put Away
EV001378,2026-01-02 08:00:00,Put Away
EV000735,2026-01-03 00:00:00,Create Purchase Order
EV001518,2026-01-03 00:00:00,Receive Goods
EV013723,2026-01-03 00:00:00,Ship Product
EV013724,2026-01-03 00:00:00,Complete Sale
EV008703,2026-01-03 00:00:00,Complete Sale
EV013727,2026-01-03 00:00:00,Complete Sale
EV007445,2026-01-03 00:00:00,Complete Sale
EV003753,2026-01-03 00:00:00,Add PO Item
EV013762,2026-01-03 00:00:00,Complete Sale
EV011604,2026-01-03 00:00:00,Complete Sale
EV013761,2026-01-03 00:00:00,Ship Product
EV003752,2026-01-03 00:00:00,Add PO Item
EV013726,2026-01-03 00:00:00,Ship Product
EV008697,2026-01-03 00:00:00,Complete Sale
EV013767,2026-01-03 00:00:00,Ship Product
EV010843,2026-01-03 00:00:00,Complete Sale
EV011601,2026-01-03 00:00:00,Complete Sale
EV010083,2026-01-03 00:00:00,Ship Product
EV014708,2026-01-03 00:00:00,Create Sales Order
EV013165,2026-01-03 00:00:00,Complete Sale
EV012836,2026-01-03 00:00:00,Ship Product
EV013046,2026-01-03 00:00:00,Ship Product
EV010084,2026-01-03 00:00:00,Complete Sale
EV013678,2026-01-03 00:00:00,Complete Sale
EV001516,2026-01-03 00:00:00,Receive Goods
EV014865,2026-01-03 00:00:00,Complete Sale
EV009897,2026-01-03 00:00:00,Create Sales Order
EV014709,2026-01-03 01:00:00,Add Sales Order Item
EV009901,2026-01-03 01:00:00,Add Sales Order Item
EV009898,2026-01-03 01:00:00,Add Sales Order Item
EV000736,2026-01-03 04:00:00,Approve Purchase Order
EV001519,2026-01-03 08:00:00,Put Away
EV001517,2026-01-03 08:00:00,Put Away
EV013957,2026-01-04 00:00:00,Complete Sale
EV015102,2026-01-04 00:00:00,Ship Product
EV012684,2026-01-04 00:00:00,Ship Product
EV013047,2026-01-04 00:00:00,Complete Sale
EV009424,2026-01-04 00:00:00,Create Sales Order
EV013956,2026-01-04 00:00:00,Ship Product
EV013951,2026-01-04 00:00:00,Complete Sale
EV008699,2026-01-04 00:00:00,Ship Product
EV009209,2026-01-04 00:00:00,Ship Product
EV009093,2026-01-04 00:00:00,Ship Product
EV009094,2026-01-04 00:00:00,Complete Sale
EV006359,2026-01-04 00:00:00,Ship Product
EV013764,2026-01-04 00:00:00,Ship Product
EV006363,2026-01-04 00:00:00,Complete Sale
EV000737,2026-01-04 00:00:00,Add PO Item
EV006365,2026-01-04 00:00:00,Ship Product
EV006362,2026-01-04 00:00:00,Ship Product
EV006366,2026-01-04 00:00:00,Complete Sale
EV010849,2026-01-04 00:00:00,Complete Sale
EV010086,2026-01-04 00:00:00,Ship Product
EV012837,2026-01-04 00:00:00,Complete Sale
EV014492,2026-01-04 00:00:00,Ship Product
EV015106,2026-01-04 00:00:00,Ship Product
EV015107,2026-01-04 00:00:00,Complete Sale
EV000386,2026-01-04 00:00:00,Create Purchase Order
EV000591,2026-01-04 00:00:00,Receive Goods
EV015103,2026-01-04 00:00:00,Complete Sale
EV009425,2026-01-04 01:00:00,Add Sales Order Item
EV000387,2026-01-04 04:00:00,Approve Purchase Order
EV000592,2026-01-04 08:00:00,Put Away
EV013768,2026-01-05 00:00:00,Complete Sale
EV000199,2026-01-05 00:00:00,Receive Goods
EV000668,2026-01-05 00:00:00,Receive Goods
EV013765,2026-01-05 00:00:00,Complete Sale
EV000389,2026-01-05 00:00:00,Add PO Item
EV009426,2026-01-05 00:00:00,Ship Product
EV013167,2026-01-05 00:00:00,Ship Product
EV000388,2026-01-05 00:00:00,Add PO Item
EV009427,2026-01-05 00:00:00,Complete Sale
EV000201,2026-01-05 00:00:00,Dispatch Delivery
EV006360,2026-01-05 00:00:00,Complete Sale
EV013953,2026-01-05 00:00:00,Ship Product
EV010642,2026-01-05 00:00:00,Create Sales Order
EV012834,2026-01-05 00:00:00,Complete Sale
EV001594,2026-01-05 00:00:00,Dispatch Delivery
EV005677,2026-01-05 00:00:00,Ship Product
EV000670,2026-01-05 00:00:00,Receive Goods
EV008700,2026-01-05 00:00:00,Complete Sale
EV013042,2026-01-05 00:00:00,Ship Product
EV004165,2026-01-05 00:00:00,Receive Goods
EV012833,2026-01-05 00:00:00,Ship Product
EV010643,2026-01-05 01:00:00,Add Sales Order Item
EV010649,2026-01-05 01:00:00,Add Sales Order Item
EV010646,2026-01-05 01:00:00,Add Sales Order Item
EV000671,2026-01-05 08:00:00,Put Away
EV000669,2026-01-05 08:00:00,Put Away
EV000200,2026-01-05 08:00:00,Put Away
EV004166,2026-01-05 08:00:00,Put Away
EV010647,2026-01-06 00:00:00,Ship Product
EV014493,2026-01-06 00:00:00,Complete Sale
EV013043,2026-01-06 00:00:00,Complete Sale
EV013954,2026-01-06 00:00:00,Complete Sale
EV014495,2026-01-06 00:00:00,Ship Product
EV010087,2026-01-06 00:00:00,Complete Sale
EV000249,2026-01-06 00:00:00,Dispatch Delivery
EV005674,2026-01-06 00:00:00,Ship Product
EV009902,2026-01-06 00:00:00,Ship Product
EV000254,2026-01-06 00:00:00,Dispatch Delivery
EV012685,2026-01-06 00:00:00,Complete Sale
EV000738,2026-01-06 00:00:00,Dispatch Delivery
EV014496,2026-01-06 00:00:00,Complete Sale
EV010650,2026-01-06 00:00:00,Ship Product
EV009210,2026-01-06 00:00:00,Complete Sale
EV003694,2026-01-06 00:00:00,Receive Goods
EV004463,2026-01-06 00:00:00,Dispatch Delivery
EV003695,2026-01-06 08:00:00,Put Away
EV013168,2026-01-07 00:00:00,Complete Sale
EV009903,2026-01-07 00:00:00,Complete Sale
EV003754,2026-01-07 00:00:00,Dispatch Delivery
EV014489,2026-01-07 00:00:00,Ship Product
EV001554,2026-01-07 00:00:00,Receive Goods
EV001556,2026-01-07 00:00:00,Receive Goods
EV000673,2026-01-07 00:00:00,Receive Goods
EV006889,2026-01-07 00:00:00,Create Sales Order
EV000675,2026-01-07 00:00:00,Receive Goods
EV013917,2026-01-07 00:00:00,Create Sales Order
EV013231,2026-01-07 00:00:00,Create Sales Order
EV007880,2026-01-07 00:00:00,Create Sales Order
EV005678,2026-01-07 00:00:00,Complete Sale
EV010644,2026-01-07 00:00:00,Ship Product
EV006335,2026-01-07 00:00:00,Create Sales Order
EV013921,2026-01-07 01:00:00,Add Sales Order Item
EV013235,2026-01-07 01:00:00,Add Sales Order Item
EV006336,2026-01-07 01:00:00,Add Sales Order Item
EV006339,2026-01-07 01:00:00,Add Sales Order Item
EV006890,2026-01-07 01:00:00,Add Sales Order Item
EV007881,2026-01-07 01:00:00,Add Sales Order Item
EV013232,2026-01-07 01:00:00,Add Sales Order Item
EV013924,2026-01-07 01:00:00,Add Sales Order Item
EV013918,2026-01-07 01:00:00,Add Sales Order Item
EV001557,2026-01-07 08:00:00,Put Away
EV000676,2026-01-07 08:00:00,Put Away
EV001555,2026-01-07 08:00:00,Put Away
EV000674,2026-01-07 08:00:00,Put Away
EV005675,2026-01-08 00:00:00,Complete Sale
EV011129,2026-01-08 00:00:00,Create Sales Order
EV003606,2026-01-08 00:00:00,Dispatch Delivery
EV012894,2026-01-08 00:00:00,Create Sales Order
EV001486,2026-01-08 00:00:00,Receive Goods
EV003376,2026-01-08 00:00:00,Create Purchase Order
EV010645,2026-01-08 00:00:00,Complete Sale
EV014490,2026-01-08 00:00:00,Complete Sale
EV011280,2026-01-08 00:00:00,Create Sales Order
EV001484,2026-01-08 00:00:00,Receive Goods
EV009900,2026-01-08 00:00:00,Complete Sale
EV009899,2026-01-08 00:00:00,Ship Product
EV002115,2026-01-08 00:00:00,Receive Goods
EV005618,2026-01-08 00:00:00,Create Sales Order
EV010651,2026-01-08 00:00:00,Complete Sale
EV013280,2026-01-08 00:00:00,Create Sales Order
EV001597,2026-01-08 00:00:00,Dispatch Delivery
EV014710,2026-01-08 00:00:00,Ship Product
EV010648,2026-01-08 00:00:00,Complete Sale
EV000202,2026-01-08 00:00:00,Receive Goods
EV006337,2026-01-08 00:00:00,Ship Product
EV015104,2026-01-08 00:00:00,Return Product
EV011287,2026-01-08 01:00:00,Add Sales Order Item
EV013281,2026-01-08 01:00:00,Add Sales Order Item
EV011284,2026-01-08 01:00:00,Add Sales Order Item
EV011136,2026-01-08 01:00:00,Add Sales Order Item
EV012895,2026-01-08 01:00:00,Add Sales Order Item
EV011133,2026-01-08 01:00:00,Add Sales Order Item
EV012898,2026-01-08 01:00:00,Add Sales Order Item
EV011130,2026-01-08 01:00:00,Add Sales Order Item
EV005619,2026-01-08 01:00:00,Add Sales Order Item
EV011281,2026-01-08 01:00:00,Add Sales Order Item
EV003377,2026-01-08 04:00:00,Approve Purchase Order
EV002116,2026-01-08 08:00:00,Put Away
EV001487,2026-01-08 08:00:00,Put Away
EV001485,2026-01-08 08:00:00,Put Away
EV000203,2026-01-08 08:00:00,Put Away
EV013282,2026-01-09 00:00:00,Ship Product
EV005124,2026-01-09 00:00:00,Create Purchase Order
EV013283,2026-01-09 00:00:00,Complete Sale
EV013236,2026-01-09 00:00:00,Ship Product
EV000390,2026-01-09 00:00:00,Dispatch Delivery
EV014476,2026-01-09 00:00:00,Create Sales Order
EV013922,2026-01-09 00:00:00,Ship Product
EV000739,2026-01-09 00:00:00,Receive Goods
EV011282,2026-01-09 00:00:00,Ship Product
EV001520,2026-01-09 00:00:00,Create Purchase Order
EV014711,2026-01-09 00:00:00,Complete Sale
EV003378,2026-01-09 00:00:00,Add PO Item
EV012896,2026-01-09 00:00:00,Ship Product
EV005620,2026-01-09 00:00:00,Ship Product
EV006891,2026-01-09 00:00:00,Ship Product
EV014477,2026-01-09 01:00:00,Add Sales Order Item
EV001521,2026-01-09 04:00:00,Approve Purchase Order
EV005125,2026-01-09 04:00:00,Approve Purchase Order
EV000740,2026-01-09 08:00:00,Put Away
EV011017,2026-01-10 00:00:00,Create Sales Order
EV011137,2026-01-10 00:00:00,Ship Product
EV001382,2026-01-10 00:00:00,Receive Goods
EV006340,2026-01-10 00:00:00,Ship Product
EV011911,2026-01-10 00:00:00,Create Sales Order
EV013923,2026-01-10 00:00:00,Complete Sale
EV006338,2026-01-10 00:00:00,Complete Sale
EV011283,2026-01-10 00:00:00,Complete Sale
EV012318,2026-01-10 00:00:00,Create Sales Order
EV001095,2026-01-10 00:00:00,Create Purchase Order
EV014448,2026-01-10 00:00:00,Create Sales Order
EV001522,2026-01-10 00:00:00,Add PO Item
EV011285,2026-01-10 00:00:00,Ship Product
EV001523,2026-01-10 00:00:00,Add PO Item
EV004461,2026-01-10 00:00:00,Receive Goods
EV005126,2026-01-10 00:00:00,Add PO Item
EV001380,2026-01-10 00:00:00,Receive Goods
EV011730,2026-01-10 00:00:00,Create Sales Order
EV011737,2026-01-10 01:00:00,Add Sales Order Item
EV011734,2026-01-10 01:00:00,Add Sales Order Item
EV011912,2026-01-10 01:00:00,Add Sales Order Item
EV012325,2026-01-10 01:00:00,Add Sales Order Item
EV012319,2026-01-10 01:00:00,Add Sales Order Item
EV011731,2026-01-10 01:00:00,Add Sales Order Item
EV012322,2026-01-10 01:00:00,Add Sales Order Item
EV014449,2026-01-10 01:00:00,Add Sales Order Item
EV011018,2026-01-10 01:00:00,Add Sales Order Item
EV011915,2026-01-10 01:00:00,Add Sales Order Item
EV001096,2026-01-10 04:00:00,Approve Purchase Order
EV004462,2026-01-10 08:00:00,Put Away
EV001381,2026-01-10 08:00:00,Put Away
EV001383,2026-01-10 08:00:00,Put Away
EV013234,2026-01-11 00:00:00,Complete Sale
EV012897,2026-01-11 00:00:00,Complete Sale
EV001524,2026-01-11 00:00:00,Dispatch Delivery
EV014657,2026-01-11 00:00:00,Create Sales Order
EV012899,2026-01-11 00:00:00,Ship Product
EV012741,2026-01-11 00:00:00,Create Sales Order
EV003697,2026-01-11 00:00:00,Receive Goods
EV013237,2026-01-11 00:00:00,Complete Sale
EV006892,2026-01-11 00:00:00,Complete Sale
EV002032,2026-01-11 00:00:00,Create Purchase Order
EV001387,2026-01-11 00:00:00,Receive Goods
EV001097,2026-01-11 00:00:00,Add PO Item
EV011020,2026-01-11 00:00:00,Complete Sale
EV000247,2026-01-11 00:00:00,Receive Goods
EV011286,2026-01-11 00:00:00,Complete Sale
EV011019,2026-01-11 00:00:00,Ship Product
EV006341,2026-01-11 00:00:00,Complete Sale
EV005621,2026-01-11 00:00:00,Complete Sale
EV011385,2026-01-11 00:00:00,Create Sales Order
EV000741,2026-01-11 00:00:00,Dispatch Delivery
EV001385,2026-01-11 00:00:00,Receive Goods
EV000245,2026-01-11 00:00:00,Receive Goods
EV013919,2026-01-11 00:00:00,Ship Product
EV013920,2026-01-11 00:00:00,Complete Sale
EV011916,2026-01-11 00:00:00,Ship Product
EV013233,2026-01-11 00:00:00,Ship Product
EV014658,2026-01-11 01:00:00,Add Sales Order Item
EV011386,2026-01-11 01:00:00,Add Sales Order Item
EV011389,2026-01-11 01:00:00,Add Sales Order Item
EV012745,2026-01-11 01:00:00,Add Sales Order Item
EV012742,2026-01-11 01:00:00,Add Sales Order Item
EV002033,2026-01-11 04:00:00,Approve Purchase Order
EV000246,2026-01-11 08:00:00,Put Away
EV000248,2026-01-11 08:00:00,Put Away
EV001388,2026-01-11 08:00:00,Put Away
EV001386,2026-01-11 08:00:00,Put Away
EV003698,2026-01-11 08:00:00,Put Away
EV012324,2026-01-12 00:00:00,Complete Sale
EV011917,2026-01-12 00:00:00,Complete Sale
EV006718,2026-01-12 00:00:00,Create Sales Order
EV013925,2026-01-12 00:00:00,Ship Product
EV013926,2026-01-12 00:00:00,Complete Sale
EV011138,2026-01-12 00:00:00,Complete Sale
EV001567,2026-01-12 00:00:00,Create Purchase Order
EV011289,2026-01-12 00:00:00,Complete Sale
EV011913,2026-01-12 00:00:00,Ship Product
EV006346,2026-01-12 00:00:00,Create Sales Order
EV011288,2026-01-12 00:00:00,Ship Product
EV012323,2026-01-12 00:00:00,Ship Product
EV002035,2026-01-12 00:00:00,Add PO Item
EV007883,2026-01-12 00:00:00,Complete Sale
EV003759,2026-01-12 00:00:00,Dispatch Delivery
EV007882,2026-01-12 00:00:00,Ship Product
EV003379,2026-01-12 00:00:00,Dispatch Delivery
EV014479,2026-01-12 00:00:00,Complete Sale
EV014478,2026-01-12 00:00:00,Ship Product
EV002034,2026-01-12 00:00:00,Add PO Item
EV006719,2026-01-12 01:00:00,Add Sales Order Item
EV006722,2026-01-12 01:00:00,Add Sales Order Item
EV006725,2026-01-12 01:00:00,Add Sales Order Item
EV006351,2026-01-12 01:00:00,Add Sales Order Item
EV006347,2026-01-12 01:00:00,Add Sales Order Item
EV006354,2026-01-12 01:00:00,Add Sales Order Item
EV001568,2026-01-12 04:00:00,Approve Purchase Order
EV011914,2026-01-13 00:00:00,Complete Sale
EV005127,2026-01-13 00:00:00,Dispatch Delivery
EV014659,2026-01-13 00:00:00,Ship Product
EV014450,2026-01-13 00:00:00,Ship Product
EV014660,2026-01-13 00:00:00,Complete Sale
EV006081,2026-01-13 00:00:00,Create Sales Order
EV012900,2026-01-13 00:00:00,Complete Sale
EV008950,2026-01-13 00:00:00,Create Sales Order
EV005257,2026-01-13 00:00:00,Create Purchase Order
EV001569,2026-01-13 00:00:00,Add PO Item
EV009272,2026-01-13 00:00:00,Create Sales Order
EV001098,2026-01-13 00:00:00,Dispatch Delivery
EV013291,2026-01-13 00:00:00,Create Sales Order
EV011131,2026-01-13 00:00:00,Ship Product
EV011388,2026-01-13 00:00:00,Complete Sale
EV011387,2026-01-13 00:00:00,Ship Product
EV001489,2026-01-13 00:00:00,Receive Goods
EV001491,2026-01-13 00:00:00,Receive Goods
EV011134,2026-01-13 00:00:00,Ship Product
EV011732,2026-01-13 00:00:00,Ship Product
EV009702,2026-01-13 00:00:00,Create Sales Order
EV006726,2026-01-13 00:00:00,Ship Product
EV006355,2026-01-13 00:00:00,Ship Product
EV009052,2026-01-13 00:00:00,Create Sales Order
EV008954,2026-01-13 01:00:00,Add Sales Order Item
EV013295,2026-01-13 01:00:00,Add Sales Order Item
EV009053,2026-01-13 01:00:00,Add Sales Order Item
EV008951,2026-01-13 01:00:00,Add Sales Order Item
EV006085,2026-01-13 01:00:00,Add Sales Order Item
EV009703,2026-01-13 01:00:00,Add Sales Order Item
EV009273,2026-01-13 01:00:00,Add Sales Order Item
EV009709,2026-01-13 01:00:00,Add Sales Order Item
EV009706,2026-01-13 01:00:00,Add Sales Order Item
EV009276,2026-01-13 01:00:00,Add Sales Order Item
EV006082,2026-01-13 01:00:00,Add Sales Order Item
EV006088,2026-01-13 01:00:00,Add Sales Order Item
EV013292,2026-01-13 01:00:00,Add Sales Order Item
EV005258,2026-01-13 04:00:00,Approve Purchase Order
EV001490,2026-01-13 08:00:00,Put Away
EV001492,2026-01-13 08:00:00,Put Away
EV005679,2026-01-14 00:00:00,Return Product
EV014894,2026-01-14 00:00:00,Create Sales Order
EV000742,2026-01-14 00:00:00,Receive Goods
EV012321,2026-01-14 00:00:00,Complete Sale
EV012320,2026-01-14 00:00:00,Ship Product
EV006348,2026-01-14 00:00:00,Ship Product
EV006727,2026-01-14 00:00:00,Complete Sale
EV011132,2026-01-14 00:00:00,Complete Sale
EV011733,2026-01-14 00:00:00,Complete Sale
EV000525,2026-01-14 00:00:00,Create Purchase Order
EV009277,2026-01-14 00:00:00,Ship Product
EV006723,2026-01-14 00:00:00,Ship Product
EV006356,2026-01-14 00:00:00,Complete Sale
EV003653,2026-01-14 00:00:00,Create Purchase Order
EV006724,2026-01-14 00:00:00,Complete Sale
EV005259,2026-01-14 00:00:00,Add PO Item
EV013671,2026-01-14 00:00:00,Create Sales Order
EV014901,2026-01-14 01:00:00,Add Sales Order Item
EV013672,2026-01-14 01:00:00,Add Sales Order Item
EV014895,2026-01-14 01:00:00,Add Sales Order Item
EV014898,2026-01-14 01:00:00,Add Sales Order Item
EV003654,2026-01-14 04:00:00,Approve Purchase Order
EV000526,2026-01-14 04:00:00,Approve Purchase Order
EV000743,2026-01-14 08:00:00,Put Away
EV009707,2026-01-15 00:00:00,Ship Product
EV009708,2026-01-15 00:00:00,Complete Sale
EV003967,2026-01-15 00:00:00,Receive Goods
EV004724,2026-01-15 00:00:00,Create Purchase Order
EV011738,2026-01-15 00:00:00,Ship Product
EV011736,2026-01-15 00:00:00,Complete Sale
EV011735,2026-01-15 00:00:00,Ship Product
EV001600,2026-01-15 00:00:00,Dispatch Delivery
EV003655,2026-01-15 00:00:00,Add PO Item
EV013294,2026-01-15 00:00:00,Complete Sale
EV013293,2026-01-15 00:00:00,Ship Product
EV011390,2026-01-15 00:00:00,Ship Product
EV000527,2026-01-15 00:00:00,Add PO Item
EV013673,2026-01-15 00:00:00,Ship Product
EV013769,2026-01-15 00:00:00,Create Sales Order
EV009236,2026-01-15 00:00:00,Create Sales Order
EV006352,2026-01-15 00:00:00,Ship Product
EV006349,2026-01-15 00:00:00,Complete Sale
EV014451,2026-01-15 00:00:00,Complete Sale
EV001748,2026-01-15 00:00:00,Receive Goods
EV008264,2026-01-15 00:00:00,Create Sales Order
EV012326,2026-01-15 00:00:00,Ship Product
EV011150,2026-01-15 00:00:00,Create Sales Order
EV011135,2026-01-15 00:00:00,Complete Sale
EV013770,2026-01-15 01:00:00,Add Sales Order Item
EV008268,2026-01-15 01:00:00,Add Sales Order Item
EV008265,2026-01-15 01:00:00,Add Sales Order Item
EV008271,2026-01-15 01:00:00,Add Sales Order Item
EV011151,2026-01-15 01:00:00,Add Sales Order Item
EV011154,2026-01-15 01:00:00,Add Sales Order Item
EV009237,2026-01-15 01:00:00,Add Sales Order Item
EV004725,2026-01-15 04:00:00,Approve Purchase Order
EV003968,2026-01-15 08:00:00,Put Away
EV001749,2026-01-15 08:00:00,Put Away
EV004464,2026-01-16 00:00:00,Receive Goods
EV000393,2026-01-16 00:00:00,Receive Goods
EV002118,2026-01-16 00:00:00,Receive Goods
EV006353,2026-01-16 00:00:00,Complete Sale
EV000257,2026-01-16 00:00:00,Receive Goods
EV009278,2026-01-16 00:00:00,Complete Sale
EV005446,2026-01-16 00:00:00,Create Sales Order
EV003764,2026-01-16 00:00:00,Dispatch Delivery
EV009710,2026-01-16 00:00:00,Ship Product
EV010606,2026-01-16 00:00:00,Create Sales Order
EV005260,2026-01-16 00:00:00,Dispatch Delivery
EV013414,2026-01-16 00:00:00,Create Sales Order
EV000255,2026-01-16 00:00:00,Receive Goods
EV008955,2026-01-16 00:00:00,Ship Product
EV006083,2026-01-16 00:00:00,Ship Product
EV012743,2026-01-16 00:00:00,Ship Product
EV006720,2026-01-16 00:00:00,Ship Product
EV007115,2026-01-16 00:00:00,Create Sales Order
EV013353,2026-01-16 00:00:00,Create Sales Order
EV012746,2026-01-16 00:00:00,Ship Product
EV000250,2026-01-16 00:00:00,Receive Goods
EV000391,2026-01-16 00:00:00,Receive Goods
EV011403,2026-01-16 00:00:00,Create Sales Order
EV013857,2026-01-16 00:00:00,Create Sales Order
EV004726,2026-01-16 00:00:00,Add PO Item
EV008956,2026-01-16 00:00:00,Complete Sale
EV000252,2026-01-16 00:00:00,Receive Goods
EV007116,2026-01-16 01:00:00,Add Sales Order Item
EV011407,2026-01-16 01:00:00,Add Sales Order Item
EV011404,2026-01-16 01:00:00,Add Sales Order Item
EV013354,2026-01-16 01:00:00,Add Sales Order Item
EV005447,2026-01-16 01:00:00,Add Sales Order Item
EV013861,2026-01-16 01:00:00,Add Sales Order Item
EV013858,2026-01-16 01:00:00,Add Sales Order Item
EV013415,2026-01-16 01:00:00,Add Sales Order Item
EV010607,2026-01-16 01:00:00,Add Sales Order Item
EV005450,2026-01-16 01:00:00,Add Sales Order Item
EV005453,2026-01-16 01:00:00,Add Sales Order Item
EV010610,2026-01-16 01:00:00,Add Sales Order Item
EV000251,2026-01-16 08:00:00,Put Away
EV000253,2026-01-16 08:00:00,Put Away
EV000392,2026-01-16 08:00:00,Put Away
EV000394,2026-01-16 08:00:00,Put Away
EV004465,2026-01-16 08:00:00,Put Away
EV002119,2026-01-16 08:00:00,Put Away
EV000258,2026-01-16 08:00:00,Put Away
EV000256,2026-01-16 08:00:00,Put Away
EV014903,2026-01-17 00:00:00,Complete Sale
EV014902,2026-01-17 00:00:00,Ship Product
EV013674,2026-01-17 00:00:00,Complete Sale
EV004642,2026-01-17 00:00:00,Create Purchase Order
EV002036,2026-01-17 00:00:00,Dispatch Delivery
EV013296,2026-01-17 00:00:00,Ship Product
EV013044,2026-01-17 00:00:00,Return Product
EV013297,2026-01-17 00:00:00,Complete Sale
EV003656,2026-01-17 00:00:00,Dispatch Delivery
EV009274,2026-01-17 00:00:00,Ship Product
EV014810,2026-01-17 00:00:00,Create Sales Order
EV013771,2026-01-17 00:00:00,Ship Product
EV010611,2026-01-17 00:00:00,Ship Product
EV011156,2026-01-17 00:00:00,Complete Sale
EV011155,2026-01-17 00:00:00,Ship Product
EV011152,2026-01-17 00:00:00,Ship Product
EV012327,2026-01-17 00:00:00,Complete Sale
EV008266,2026-01-17 00:00:00,Ship Product
EV011391,2026-01-17 00:00:00,Complete Sale
EV006581,2026-01-17 00:00:00,Create Sales Order
EV008269,2026-01-17 00:00:00,Ship Product
EV001661,2026-01-17 00:00:00,Create Purchase Order
EV011739,2026-01-17 00:00:00,Complete Sale
EV009711,2026-01-17 00:00:00,Complete Sale
EV006582,2026-01-17 01:00:00,Add Sales Order Item
EV014811,2026-01-17 01:00:00,Add Sales Order Item
EV004643,2026-01-17 04:00:00,Approve Purchase Order
EV001662,2026-01-17 04:00:00,Approve Purchase Order
EV001664,2026-01-18 00:00:00,Add PO Item
EV000597,2026-01-18 00:00:00,Receive Goods
EV010612,2026-01-18 00:00:00,Complete Sale
EV009704,2026-01-18 00:00:00,Ship Product
EV012747,2026-01-18 00:00:00,Complete Sale
EV008953,2026-01-18 00:00:00,Complete Sale
EV013862,2026-01-18 00:00:00,Ship Product
EV010608,2026-01-18 00:00:00,Ship Product
EV013416,2026-01-18 00:00:00,Ship Product
EV011408,2026-01-18 00:00:00,Ship Product
EV011153,2026-01-18 00:00:00,Complete Sale
EV012744,2026-01-18 00:00:00,Complete Sale
EV006721,2026-01-18 00:00:00,Complete Sale
EV001663,2026-01-18 00:00:00,Add PO Item
EV008952,2026-01-18 00:00:00,Ship Product
EV013772,2026-01-18 00:00:00,Complete Sale
EV003769,2026-01-18 00:00:00,Create Purchase Order
EV015055,2026-01-18 00:00:00,Create Sales Order
EV007202,2026-01-18 00:00:00,Create Sales Order
EV006089,2026-01-18 00:00:00,Ship Product
EV006087,2026-01-18 00:00:00,Complete Sale
EV003045,2026-01-18 00:00:00,Create Purchase Order
EV006086,2026-01-18 00:00:00,Ship Product
EV006084,2026-01-18 00:00:00,Complete Sale
EV009054,2026-01-18 00:00:00,Ship Product
EV008272,2026-01-18 00:00:00,Ship Product
EV001570,2026-01-18 00:00:00,Dispatch Delivery
EV004644,2026-01-18 00:00:00,Add PO Item
EV008270,2026-01-18 00:00:00,Complete Sale
EV007203,2026-01-18 01:00:00,Add Sales Order Item
EV015056,2026-01-18 01:00:00,Add Sales Order Item
EV015059,2026-01-18 01:00:00,Add Sales Order Item
EV003770,2026-01-18 04:00:00,Approve Purchase Order
EV003046,2026-01-18 04:00:00,Approve Purchase Order
EV000598,2026-01-18 08:00:00,Put Away
EV003771,2026-01-19 00:00:00,Add PO Item
EV003772,2026-01-19 00:00:00,Add PO Item
EV010734,2026-01-19 00:00:00,Create Sales Order
EV003047,2026-01-19 00:00:00,Add PO Item
EV013859,2026-01-19 00:00:00,Ship Product
EV004803,2026-01-19 00:00:00,Receive Goods
EV009055,2026-01-19 00:00:00,Complete Sale
EV004801,2026-01-19 00:00:00,Receive Goods
EV013417,2026-01-19 00:00:00,Complete Sale
EV008273,2026-01-19 00:00:00,Complete Sale
EV005454,2026-01-19 00:00:00,Ship Product
EV008267,2026-01-19 00:00:00,Complete Sale
EV011405,2026-01-19 00:00:00,Ship Product
EV014899,2026-01-19 00:00:00,Ship Product
EV014896,2026-01-19 00:00:00,Ship Product
EV005448,2026-01-19 00:00:00,Ship Product
EV004727,2026-01-19 00:00:00,Dispatch Delivery
EV001529,2026-01-19 00:00:00,Dispatch Delivery
EV006090,2026-01-19 00:00:00,Complete Sale
EV009275,2026-01-19 00:00:00,Complete Sale
EV001665,2026-01-19 00:00:00,Dispatch Delivery
EV010735,2026-01-19 01:00:00,Add Sales Order Item
EV004802,2026-01-19 08:00:00,Put Away
EV004804,2026-01-19 08:00:00,Put Away
EV003403,2026-01-20 00:00:00,Create Purchase Order
EV010349,2026-01-20 00:00:00,Create Sales Order
EV006583,2026-01-20 00:00:00,Ship Product
EV001101,2026-01-20 00:00:00,Dispatch Delivery
EV003283,2026-01-20 00:00:00,Receive Goods
EV015011,2026-01-20 00:00:00,Create Sales Order
EV006420,2026-01-20 00:00:00,Create Sales Order
EV013863,2026-01-20 00:00:00,Complete Sale
EV005451,2026-01-20 00:00:00,Ship Product
EV000528,2026-01-20 00:00:00,Dispatch Delivery
EV007117,2026-01-20 00:00:00,Ship Product
EV011409,2026-01-20 00:00:00,Complete Sale
EV005452,2026-01-20 00:00:00,Complete Sale
EV000600,2026-01-20 00:00:00,Receive Goods
EV014897,2026-01-20 00:00:00,Complete Sale
EV010609,2026-01-20 00:00:00,Complete Sale
EV009705,2026-01-20 00:00:00,Complete Sale
EV009238,2026-01-20 00:00:00,Ship Product
EV007355,2026-01-20 00:00:00,Create Sales Order
EV005263,2026-01-20 00:00:00,Dispatch Delivery
EV000268,2026-01-20 00:00:00,Create Purchase Order
EV007356,2026-01-20 01:00:00,Add Sales Order Item
EV006421,2026-01-20 01:00:00,Add Sales Order Item
EV006425,2026-01-20 01:00:00,Add Sales Order Item
EV015012,2026-01-20 01:00:00,Add Sales Order Item
EV010356,2026-01-20 01:00:00,Add Sales Order Item
EV010353,2026-01-20 01:00:00,Add Sales Order Item
EV010350,2026-01-20 01:00:00,Add Sales Order Item
EV000269,2026-01-20 04:00:00,Approve Purchase Order
EV003404,2026-01-20 04:00:00,Approve Purchase Order
EV003284,2026-01-20 08:00:00,Put Away
EV000601,2026-01-20 08:00:00,Put Away
EV013860,2026-01-21 00:00:00,Complete Sale
EV006584,2026-01-21 00:00:00,Complete Sale
EV005455,2026-01-21 00:00:00,Complete Sale
EV005449,2026-01-21 00:00:00,Complete Sale
EV000270,2026-01-21 00:00:00,Add PO Item
EV009265,2026-01-21 00:00:00,Create Sales Order
EV000271,2026-01-21 00:00:00,Add PO Item
EV002046,2026-01-21 00:00:00,Dispatch Delivery
EV002041,2026-01-21 00:00:00,Dispatch Delivery
EV009886,2026-01-21 00:00:00,Create Sales Order
EV015013,2026-01-21 00:00:00,Ship Product
EV001525,2026-01-21 00:00:00,Receive Goods
EV015058,2026-01-21 00:00:00,Complete Sale
EV014900,2026-01-21 00:00:00,Complete Sale
EV011406,2026-01-21 00:00:00,Complete Sale
EV003405,2026-01-21 00:00:00,Add PO Item
EV003406,2026-01-21 00:00:00,Add PO Item
EV006235,2026-01-21 00:00:00,Create Sales Order
EV006426,2026-01-21 00:00:00,Ship Product
EV007357,2026-01-21 00:00:00,Ship Product
EV004907,2026-01-21 00:00:00,Receive Goods
EV013355,2026-01-21 00:00:00,Ship Product
EV010351,2026-01-21 00:00:00,Ship Product
EV001527,2026-01-21 00:00:00,Receive Goods
EV009532,2026-01-21 00:00:00,Create Sales Order
EV015057,2026-01-21 00:00:00,Ship Product
EV009536,2026-01-21 01:00:00,Add Sales Order Item
EV009539,2026-01-21 01:00:00,Add Sales Order Item
EV009887,2026-01-21 01:00:00,Add Sales Order Item
EV009890,2026-01-21 01:00:00,Add Sales Order Item
EV009269,2026-01-21 01:00:00,Add Sales Order Item
EV009266,2026-01-21 01:00:00,Add Sales Order Item
EV006236,2026-01-21 01:00:00,Add Sales Order Item
EV006239,2026-01-21 01:00:00,Add Sales Order Item
EV009533,2026-01-21 01:00:00,Add Sales Order Item
EV004908,2026-01-21 08:00:00,Put Away
EV001526,2026-01-21 08:00:00,Put Away
EV001528,2026-01-21 08:00:00,Put Away
EV007567,2026-01-22 00:00:00,Create Sales Order
EV007446,2026-01-22 00:00:00,Create Sales Order
EV012347,2026-01-22 00:00:00,Create Sales Order
EV009537,2026-01-22 00:00:00,Ship Product
EV009538,2026-01-22 00:00:00,Complete Sale
EV003700,2026-01-22 00:00:00,Receive Goods
EV004730,2026-01-22 00:00:00,Dispatch Delivery
EV006427,2026-01-22 00:00:00,Complete Sale
EV009239,2026-01-22 00:00:00,Complete Sale
EV015014,2026-01-22 00:00:00,Complete Sale
EV006044,2026-01-22 00:00:00,Create Sales Order
EV013595,2026-01-22 00:00:00,Create Sales Order
EV010267,2026-01-22 00:00:00,Create Sales Order
EV008242,2026-01-22 00:00:00,Create Sales Order
EV014813,2026-01-22 00:00:00,Complete Sale
EV007118,2026-01-22 00:00:00,Complete Sale
EV014812,2026-01-22 00:00:00,Ship Product
EV010277,2026-01-22 00:00:00,Create Sales Order
EV002069,2026-01-22 00:00:00,Create Purchase Order
EV013356,2026-01-22 00:00:00,Complete Sale
EV010354,2026-01-22 00:00:00,Ship Product
EV006327,2026-01-22 00:00:00,Create Sales Order
EV010281,2026-01-22 01:00:00,Add Sales Order Item
EV007571,2026-01-22 01:00:00,Add Sales Order Item
EV008246,2026-01-22 01:00:00,Add Sales Order Item
EV007453,2026-01-22 01:00:00,Add Sales Order Item
EV007574,2026-01-22 01:00:00,Add Sales Order Item
EV012354,2026-01-22 01:00:00,Add Sales Order Item
EV007447,2026-01-22 01:00:00,Add Sales Order Item
EV013596,2026-01-22 01:00:00,Add Sales Order Item
EV006045,2026-01-22 01:00:00,Add Sales Order Item
EV010268,2026-01-22 01:00:00,Add Sales Order Item
EV012348,2026-01-22 01:00:00,Add Sales Order Item
EV012351,2026-01-22 01:00:00,Add Sales Order Item
EV008243,2026-01-22 01:00:00,Add Sales Order Item
EV010271,2026-01-22 01:00:00,Add Sales Order Item
EV013599,2026-01-22 01:00:00,Add Sales Order Item
EV007450,2026-01-22 01:00:00,Add Sales Order Item
EV010274,2026-01-22 01:00:00,Add Sales Order Item
EV006048,2026-01-22 01:00:00,Add Sales Order Item
EV013602,2026-01-22 01:00:00,Add Sales Order Item
EV010278,2026-01-22 01:00:00,Add Sales Order Item
EV006328,2026-01-22 01:00:00,Add Sales Order Item
EV007568,2026-01-22 01:00:00,Add Sales Order Item
EV002070,2026-01-22 04:00:00,Approve Purchase Order
EV003701,2026-01-22 08:00:00,Put Away
EV015060,2026-01-23 00:00:00,Ship Product
EV007204,2026-01-23 00:00:00,Ship Product
EV002850,2026-01-23 00:00:00,Create Purchase Order
EV015061,2026-01-23 00:00:00,Complete Sale
EV012349,2026-01-23 00:00:00,Ship Product
EV012150,2026-01-23 00:00:00,Create Sales Order
EV010358,2026-01-23 00:00:00,Complete Sale
EV010357,2026-01-23 00:00:00,Ship Product
EV009540,2026-01-23 00:00:00,Ship Product
EV007205,2026-01-23 00:00:00,Complete Sale
EV001670,2026-01-23 00:00:00,Dispatch Delivery
EV010355,2026-01-23 00:00:00,Complete Sale
EV004808,2026-01-23 00:00:00,Receive Goods
EV000272,2026-01-23 00:00:00,Dispatch Delivery
EV006585,2026-01-23 00:00:00,Create Sales Order
EV001573,2026-01-23 00:00:00,Dispatch Delivery
EV002071,2026-01-23 00:00:00,Add PO Item
EV000529,2026-01-23 00:00:00,Receive Goods
EV004645,2026-01-23 00:00:00,Dispatch Delivery
EV010352,2026-01-23 00:00:00,Complete Sale
EV004806,2026-01-23 00:00:00,Receive Goods
EV007963,2026-01-23 00:00:00,Create Sales Order
EV014125,2026-01-23 00:00:00,Create Sales Order
EV007358,2026-01-23 00:00:00,Complete Sale
EV014126,2026-01-23 01:00:00,Add Sales Order Item
EV012154,2026-01-23 01:00:00,Add Sales Order Item
EV007964,2026-01-23 01:00:00,Add Sales Order Item
EV012151,2026-01-23 01:00:00,Add Sales Order Item
EV012157,2026-01-23 01:00:00,Add Sales Order Item
EV007967,2026-01-23 01:00:00,Add Sales Order Item
EV006586,2026-01-23 01:00:00,Add Sales Order Item
EV014129,2026-01-23 01:00:00,Add Sales Order Item
EV002851,2026-01-23 04:00:00,Approve Purchase Order
EV004807,2026-01-23 08:00:00,Put Away
EV004809,2026-01-23 08:00:00,Put Away
EV000530,2026-01-23 08:00:00,Put Away
EV009270,2026-01-24 00:00:00,Ship Product
EV009271,2026-01-24 00:00:00,Complete Sale
EV003407,2026-01-24 00:00:00,Dispatch Delivery
EV001534,2026-01-24 00:00:00,Dispatch Delivery
EV003773,2026-01-24 00:00:00,Dispatch Delivery
EV013600,2026-01-24 00:00:00,Ship Product
EV013601,2026-01-24 00:00:00,Complete Sale
EV002852,2026-01-24 00:00:00,Add PO Item
EV008247,2026-01-24 00:00:00,Ship Product
EV003048,2026-01-24 00:00:00,Dispatch Delivery
EV007724,2026-01-24 00:00:00,Create Sales Order
EV001576,2026-01-24 00:00:00,Dispatch Delivery
EV007454,2026-01-24 00:00:00,Ship Product
EV009541,2026-01-24 00:00:00,Complete Sale
EV006050,2026-01-24 00:00:00,Complete Sale
EV006049,2026-01-24 00:00:00,Ship Product
EV011848,2026-01-24 00:00:00,Create Sales Order
EV000531,2026-01-24 00:00:00,Dispatch Delivery
EV010736,2026-01-24 00:00:00,Ship Product
EV014801,2026-01-24 00:00:00,Create Sales Order
EV007455,2026-01-24 00:00:00,Complete Sale
EV003585,2026-01-24 00:00:00,Create Purchase Order
EV011849,2026-01-24 01:00:00,Add Sales Order Item
EV014802,2026-01-24 01:00:00,Add Sales Order Item
EV007729,2026-01-24 01:00:00,Add Sales Order Item
EV007732,2026-01-24 01:00:00,Add Sales Order Item
EV007725,2026-01-24 01:00:00,Add Sales Order Item
EV003586,2026-01-24 04:00:00,Approve Purchase Order
EV006422,2026-01-25 00:00:00,Ship Product
EV008244,2026-01-25 00:00:00,Ship Product
EV005426,2026-01-25 00:00:00,Create Sales Order
EV007575,2026-01-25 00:00:00,Ship Product
EV006238,2026-01-25 00:00:00,Complete Sale
EV006237,2026-01-25 00:00:00,Ship Product
EV003051,2026-01-25 00:00:00,Dispatch Delivery
EV012153,2026-01-25 00:00:00,Complete Sale
EV013425,2026-01-25 00:00:00,Create Sales Order
EV009267,2026-01-25 00:00:00,Ship Product
EV014127,2026-01-25 00:00:00,Ship Product
EV014128,2026-01-25 00:00:00,Complete Sale
EV010279,2026-01-25 00:00:00,Ship Product
EV012152,2026-01-25 00:00:00,Ship Product
EV006329,2026-01-25 00:00:00,Ship Product
EV006330,2026-01-25 00:00:00,Complete Sale
EV004731,2026-01-25 00:00:00,Receive Goods
EV013462,2026-01-25 00:00:00,Create Sales Order
EV009535,2026-01-25 00:00:00,Complete Sale
EV003587,2026-01-25 00:00:00,Add PO Item
EV009534,2026-01-25 00:00:00,Ship Product
EV007448,2026-01-25 00:00:00,Ship Product
EV012350,2026-01-25 00:00:00,Complete Sale
EV010737,2026-01-25 00:00:00,Complete Sale
EV013426,2026-01-25 01:00:00,Add Sales Order Item
EV013429,2026-01-25 01:00:00,Add Sales Order Item
EV013466,2026-01-25 01:00:00,Add Sales Order Item
EV013469,2026-01-25 01:00:00,Add Sales Order Item
EV005427,2026-01-25 01:00:00,Add Sales Order Item
EV013463,2026-01-25 01:00:00,Add Sales Order Item
EV005433,2026-01-25 01:00:00,Add Sales Order Item
EV013432,2026-01-25 01:00:00,Add Sales Order Item
EV005430,2026-01-25 01:00:00,Add Sales Order Item
EV004732,2026-01-25 08:00:00,Put Away
EV014804,2026-01-26 00:00:00,Complete Sale
EV008248,2026-01-26 00:00:00,Complete Sale
EV014803,2026-01-26 00:00:00,Ship Product
EV007965,2026-01-26 00:00:00,Ship Product
EV007968,2026-01-26 00:00:00,Ship Product
EV005266,2026-01-26 00:00:00,Dispatch Delivery
EV012999,2026-01-26 00:00:00,Create Sales Order
EV009268,2026-01-26 00:00:00,Complete Sale
EV005434,2026-01-26 00:00:00,Ship Product
EV006240,2026-01-26 00:00:00,Ship Product
EV010270,2026-01-26 00:00:00,Complete Sale
EV010269,2026-01-26 00:00:00,Ship Product
EV002341,2026-01-26 00:00:00,Create Purchase Order
EV012158,2026-01-26 00:00:00,Ship Product
EV006241,2026-01-26 00:00:00,Complete Sale
EV009888,2026-01-26 00:00:00,Ship Product
EV007569,2026-01-26 00:00:00,Ship Product
EV001666,2026-01-26 00:00:00,Receive Goods
EV006423,2026-01-26 00:00:00,Complete Sale
EV013464,2026-01-26 00:00:00,Ship Product
EV010963,2026-01-26 00:00:00,Create Sales Order
EV009568,2026-01-26 00:00:00,Create Sales Order
EV001668,2026-01-26 00:00:00,Receive Goods
EV012355,2026-01-26 00:00:00,Ship Product
EV009891,2026-01-26 00:00:00,Ship Product
EV006588,2026-01-26 00:00:00,Complete Sale
EV013603,2026-01-26 00:00:00,Ship Product
EV014130,2026-01-26 00:00:00,Ship Product
EV011774,2026-01-26 00:00:00,Create Sales Order
EV007451,2026-01-26 00:00:00,Ship Product
EV007449,2026-01-26 00:00:00,Complete Sale
EV006587,2026-01-26 00:00:00,Ship Product
EV009569,2026-01-26 01:00:00,Add Sales Order Item
EV013003,2026-01-26 01:00:00,Add Sales Order Item
EV010964,2026-01-26 01:00:00,Add Sales Order Item
EV011775,2026-01-26 01:00:00,Add Sales Order Item
EV013006,2026-01-26 01:00:00,Add Sales Order Item
EV010967,2026-01-26 01:00:00,Add Sales Order Item
EV013000,2026-01-26 01:00:00,Add Sales Order Item
EV002342,2026-01-26 04:00:00,Approve Purchase Order
EV001667,2026-01-26 08:00:00,Put Away
EV001669,2026-01-26 08:00:00,Put Away
EV007969,2026-01-27 00:00:00,Complete Sale
EV007452,2026-01-27 00:00:00,Complete Sale
EV005431,2026-01-27 00:00:00,Ship Product
EV007730,2026-01-27 00:00:00,Ship Product
EV013468,2026-01-27 00:00:00,Complete Sale
EV002039,2026-01-27 00:00:00,Receive Goods
EV013467,2026-01-27 00:00:00,Ship Product
EV013427,2026-01-27 00:00:00,Ship Product
EV005435,2026-01-27 00:00:00,Complete Sale
EV011851,2026-01-27 00:00:00,Complete Sale
EV011850,2026-01-27 00:00:00,Ship Product
EV010272,2026-01-27 00:00:00,Ship Product
EV010275,2026-01-27 00:00:00,Ship Product
EV010276,2026-01-27 00:00:00,Complete Sale
EV011776,2026-01-27 00:00:00,Ship Product
EV010280,2026-01-27 00:00:00,Complete Sale
EV010282,2026-01-27 00:00:00,Ship Product
EV002343,2026-01-27 00:00:00,Add PO Item
EV007727,2026-01-27 00:00:00,Complete Sale
EV007570,2026-01-27 00:00:00,Complete Sale
EV003776,2026-01-27 00:00:00,Receive Goods
EV004648,2026-01-27 00:00:00,Dispatch Delivery
EV007734,2026-01-27 00:00:00,Complete Sale
EV009892,2026-01-27 00:00:00,Complete Sale
EV007576,2026-01-27 00:00:00,Complete Sale
EV013598,2026-01-27 00:00:00,Complete Sale
EV005608,2026-01-27 00:00:00,Create Sales Order
EV007733,2026-01-27 00:00:00,Ship Product
EV012352,2026-01-27 00:00:00,Ship Product
EV006046,2026-01-27 00:00:00,Ship Product
EV012155,2026-01-27 00:00:00,Ship Product
EV002037,2026-01-27 00:00:00,Receive Goods
EV012159,2026-01-27 00:00:00,Complete Sale
EV012356,2026-01-27 00:00:00,Complete Sale
EV013597,2026-01-27 00:00:00,Ship Product
EV000532,2026-01-27 00:00:00,Receive Goods
EV007572,2026-01-27 00:00:00,Ship Product
EV006047,2026-01-27 00:00:00,Complete Sale
EV003774,2026-01-27 00:00:00,Receive Goods
EV007726,2026-01-27 00:00:00,Ship Product
EV008245,2026-01-27 00:00:00,Complete Sale
EV005612,2026-01-27 01:00:00,Add Sales Order Item
EV005615,2026-01-27 01:00:00,Add Sales Order Item
EV005609,2026-01-27 01:00:00,Add Sales Order Item
EV000533,2026-01-27 08:00:00,Put Away
EV002040,2026-01-27 08:00:00,Put Away
EV003777,2026-01-27 08:00:00,Put Away
EV003775,2026-01-27 08:00:00,Put Away
EV002038,2026-01-27 08:00:00,Put Away
EV007335,2026-01-28 00:00:00,Create Sales Order
EV007731,2026-01-28 00:00:00,Complete Sale
EV013604,2026-01-28 00:00:00,Complete Sale
EV007905,2026-01-28 00:00:00,Create Sales Order
EV007573,2026-01-28 00:00:00,Complete Sale
EV013002,2026-01-28 00:00:00,Complete Sale
EV013465,2026-01-28 00:00:00,Complete Sale
EV013783,2026-01-28 00:00:00,Create Sales Order
EV010283,2026-01-28 00:00:00,Complete Sale
EV009570,2026-01-28 00:00:00,Ship Product
EV001571,2026-01-28 00:00:00,Receive Goods
EV005432,2026-01-28 00:00:00,Complete Sale
EV009889,2026-01-28 00:00:00,Complete Sale
EV007966,2026-01-28 00:00:00,Complete Sale
EV014131,2026-01-28 00:00:00,Complete Sale
EV013428,2026-01-28 00:00:00,Complete Sale
EV013001,2026-01-28 00:00:00,Ship Product
EV001920,2026-01-28 00:00:00,Create Purchase Order
EV001419,2026-01-28 00:00:00,Create Purchase Order
EV003052,2026-01-28 00:00:00,Receive Goods
EV004913,2026-01-28 00:00:00,Receive Goods
EV007336,2026-01-28 01:00:00,Add Sales Order Item
EV007339,2026-01-28 01:00:00,Add Sales Order Item
EV007909,2026-01-28 01:00:00,Add Sales Order Item
EV007906,2026-01-28 01:00:00,Add Sales Order Item
EV013787,2026-01-28 01:00:00,Add Sales Order Item
EV013784,2026-01-28 01:00:00,Add Sales Order Item
EV001420,2026-01-28 04:00:00,Approve Purchase Order
EV001921,2026-01-28 04:00:00,Approve Purchase Order
EV001572,2026-01-28 08:00:00,Put Away
EV003053,2026-01-28 08:00:00,Put Away
EV004914,2026-01-28 08:00:00,Put Away
EV010529,2026-01-29 00:00:00,Create Sales Order
EV012353,2026-01-29 00:00:00,Complete Sale
EV011777,2026-01-29 00:00:00,Complete Sale
EV005616,2026-01-29 00:00:00,Ship Product
EV005617,2026-01-29 00:00:00,Complete Sale
EV001922,2026-01-29 00:00:00,Add PO Item
EV002853,2026-01-29 00:00:00,Dispatch Delivery
EV001532,2026-01-29 00:00:00,Receive Goods
EV003412,2026-01-29 00:00:00,Dispatch Delivery
EV013004,2026-01-29 00:00:00,Ship Product
EV012156,2026-01-29 00:00:00,Complete Sale
EV005428,2026-01-29 00:00:00,Ship Product
EV001530,2026-01-29 00:00:00,Receive Goods
EV005429,2026-01-29 00:00:00,Complete Sale
EV009349,2026-01-29 00:00:00,Create Sales Order
EV004389,2026-01-29 00:00:00,Create Purchase Order
EV005610,2026-01-29 00:00:00,Ship Product
EV013434,2026-01-29 00:00:00,Complete Sale
EV002072,2026-01-29 00:00:00,Dispatch Delivery
EV013433,2026-01-29 00:00:00,Ship Product
EV013430,2026-01-29 00:00:00,Ship Product
EV001422,2026-01-29 00:00:00,Add PO Item
EV001421,2026-01-29 00:00:00,Add PO Item
EV010273,2026-01-29 00:00:00,Complete Sale
EV009350,2026-01-29 01:00:00,Add Sales Order Item
EV009353,2026-01-29 01:00:00,Add Sales Order Item
EV009356,2026-01-29 01:00:00,Add Sales Order Item
EV010530,2026-01-29 01:00:00,Add Sales Order Item
EV004390,2026-01-29 04:00:00,Approve Purchase Order
EV001531,2026-01-29 08:00:00,Put Away
EV001533,2026-01-29 08:00:00,Put Away
EV006173,2026-01-30 00:00:00,Create Sales Order
EV000275,2026-01-30 00:00:00,Receive Goods
EV006941,2026-01-30 00:00:00,Create Sales Order
EV013431,2026-01-30 00:00:00,Complete Sale
EV000273,2026-01-30 00:00:00,Receive Goods
EV002075,2026-01-30 00:00:00,Dispatch Delivery
EV011675,2026-01-30 00:00:00,Create Sales Order
EV000277,2026-01-30 00:00:00,Dispatch Delivery
EV001675,2026-01-30 00:00:00,Create Purchase Order
EV009571,2026-01-30 00:00:00,Complete Sale
EV009351,2026-01-30 00:00:00,Ship Product
EV009352,2026-01-30 00:00:00,Complete Sale
EV013470,2026-01-30 00:00:00,Ship Product
EV001423,2026-01-30 00:00:00,Dispatch Delivery
EV013471,2026-01-30 00:00:00,Complete Sale
EV004391,2026-01-30 00:00:00,Add PO Item
EV001671,2026-01-30 00:00:00,Receive Goods
EV010965,2026-01-30 00:00:00,Ship Product
EV001673,2026-01-30 00:00:00,Receive Goods
EV005611,2026-01-30 00:00:00,Complete Sale
EV008738,2026-01-30 00:00:00,Create Sales Order
EV011676,2026-01-30 01:00:00,Add Sales Order Item
EV008742,2026-01-30 01:00:00,Add Sales Order Item
EV006942,2026-01-30 01:00:00,Add Sales Order Item
EV006177,2026-01-30 01:00:00,Add Sales Order Item
EV008739,2026-01-30 01:00:00,Add Sales Order Item
EV006180,2026-01-30 01:00:00,Add Sales Order Item
EV006174,2026-01-30 01:00:00,Add Sales Order Item
EV001676,2026-01-30 04:00:00,Approve Purchase Order
EV000274,2026-01-30 08:00:00,Put Away
EV000276,2026-01-30 08:00:00,Put Away
EV001672,2026-01-30 08:00:00,Put Away
EV001674,2026-01-30 08:00:00,Put Away
EV013773,2026-01-31 00:00:00,Create Sales Order
EV006944,2026-01-31 00:00:00,Complete Sale
EV006175,2026-01-31 00:00:00,Ship Product
EV013005,2026-01-31 00:00:00,Complete Sale
EV013007,2026-01-31 00:00:00,Ship Product
EV003410,2026-01-31 00:00:00,Receive Goods
EV003408,2026-01-31 00:00:00,Receive Goods
EV003856,2026-01-31 00:00:00,Create Purchase Order
EV002344,2026-01-31 00:00:00,Dispatch Delivery
EV010410,2026-01-31 00:00:00,Create Sales Order
EV001099,2026-01-31 00:00:00,Receive Goods
EV001677,2026-01-31 00:00:00,Add PO Item
EV006943,2026-01-31 00:00:00,Ship Product
EV002042,2026-01-31 00:00:00,Receive Goods
EV002044,2026-01-31 00:00:00,Receive Goods
EV004392,2026-01-31 00:00:00,Dispatch Delivery
EV003588,2026-01-31 00:00:00,Dispatch Delivery
EV008730,2026-01-31 00:00:00,Create Sales Order
EV010968,2026-01-31 00:00:00,Ship Product
EV010966,2026-01-31 00:00:00,Complete Sale
EV005128,2026-01-31 00:00:00,Receive Goods
EV002156,2026-01-31 00:00:00,Create Purchase Order
EV010414,2026-01-31 01:00:00,Add Sales Order Item
EV010411,2026-01-31 01:00:00,Add Sales Order Item
EV008731,2026-01-31 01:00:00,Add Sales Order Item
EV013780,2026-01-31 01:00:00,Add Sales Order Item
EV013777,2026-01-31 01:00:00,Add Sales Order Item
EV010417,2026-01-31 01:00:00,Add Sales Order Item
EV013774,2026-01-31 01:00:00,Add Sales Order Item
EV003857,2026-01-31 04:00:00,Approve Purchase Order
EV002157,2026-01-31 04:00:00,Approve Purchase Order
EV001100,2026-01-31 08:00:00,Put Away
EV002045,2026-01-31 08:00:00,Put Away
EV005129,2026-01-31 08:00:00,Put Away
EV003411,2026-01-31 08:00:00,Put Away
EV003409,2026-01-31 08:00:00,Put Away
EV002043,2026-01-31 08:00:00,Put Away
EV007091,2026-02-01 00:00:00,Create Sales Order
EV005613,2026-02-01 00:00:00,Ship Product
EV010531,2026-02-01 00:00:00,Ship Product
EV008164,2026-02-01 00:00:00,Create Sales Order
EV006424,2026-02-01 00:00:00,Return Product
EV003858,2026-02-01 00:00:00,Add PO Item
EV005281,2026-02-01 00:00:00,Create Purchase Order
EV006178,2026-02-01 00:00:00,Ship Product
EV002158,2026-02-01 00:00:00,Add PO Item
EV001923,2026-02-01 00:00:00,Dispatch Delivery
EV007907,2026-02-01 00:00:00,Ship Product
EV007849,2026-02-01 00:00:00,Create Sales Order
EV000786,2026-02-01 00:00:00,Create Purchase Order
EV013008,2026-02-01 00:00:00,Complete Sale
EV002856,2026-02-01 00:00:00,Dispatch Delivery
EV010532,2026-02-01 00:00:00,Complete Sale
EV013781,2026-02-01 00:00:00,Ship Product
EV007908,2026-02-01 00:00:00,Complete Sale
EV010969,2026-02-01 00:00:00,Complete Sale
EV007703,2026-02-01 00:00:00,Create Sales Order
EV013782,2026-02-01 00:00:00,Complete Sale
EV005790,2026-02-01 00:00:00,Create Sales Order
EV007910,2026-02-01 00:00:00,Ship Product
EV013785,2026-02-01 00:00:00,Ship Product
EV007095,2026-02-01 01:00:00,Add Sales Order Item
EV008168,2026-02-01 01:00:00,Add Sales Order Item
EV007092,2026-02-01 01:00:00,Add Sales Order Item
EV007850,2026-02-01 01:00:00,Add Sales Order Item
EV007853,2026-02-01 01:00:00,Add Sales Order Item
EV005791,2026-02-01 01:00:00,Add Sales Order Item
EV007704,2026-02-01 01:00:00,Add Sales Order Item
EV007707,2026-02-01 01:00:00,Add Sales Order Item
EV007710,2026-02-01 01:00:00,Add Sales Order Item
EV008165,2026-02-01 01:00:00,Add Sales Order Item
EV000787,2026-02-01 04:00:00,Approve Purchase Order
EV005282,2026-02-01 04:00:00,Approve Purchase Order
EV013788,2026-02-02 00:00:00,Ship Product
EV013786,2026-02-02 00:00:00,Complete Sale
EV014975,2026-02-02 00:00:00,Create Sales Order
EV001574,2026-02-02 00:00:00,Receive Goods
EV007340,2026-02-02 00:00:00,Ship Product
EV007341,2026-02-02 00:00:00,Complete Sale
EV006176,2026-02-02 00:00:00,Complete Sale
EV013775,2026-02-02 00:00:00,Ship Product
EV007337,2026-02-02 00:00:00,Ship Product
EV000788,2026-02-02 00:00:00,Add PO Item
EV010413,2026-02-02 00:00:00,Complete Sale
EV010412,2026-02-02 00:00:00,Ship Product
EV011744,2026-02-02 00:00:00,Create Sales Order
EV005283,2026-02-02 00:00:00,Add PO Item
EV007854,2026-02-02 00:00:00,Ship Product
EV001426,2026-02-02 00:00:00,Receive Goods
EV001595,2026-02-02 00:00:00,Receive Goods
EV006179,2026-02-02 00:00:00,Complete Sale
EV001424,2026-02-02 00:00:00,Receive Goods
EV002159,2026-02-02 00:00:00,Dispatch Delivery
EV011751,2026-02-02 01:00:00,Add Sales Order Item
EV014979,2026-02-02 01:00:00,Add Sales Order Item
EV011745,2026-02-02 01:00:00,Add Sales Order Item
EV014976,2026-02-02 01:00:00,Add Sales Order Item
EV011748,2026-02-02 01:00:00,Add Sales Order Item
EV001596,2026-02-02 08:00:00,Put Away
EV001425,2026-02-02 08:00:00,Put Away
EV001427,2026-02-02 08:00:00,Put Away
EV001575,2026-02-02 08:00:00,Put Away
EV001577,2026-02-03 00:00:00,Receive Goods
EV003049,2026-02-03 00:00:00,Receive Goods
EV008166,2026-02-03 00:00:00,Ship Product
EV010415,2026-02-03 00:00:00,Ship Product
EV001678,2026-02-03 00:00:00,Dispatch Delivery
EV009354,2026-02-03 00:00:00,Ship Product
EV002345,2026-02-03 00:00:00,Receive Goods
EV005531,2026-02-03 00:00:00,Create Sales Order
EV013789,2026-02-03 00:00:00,Complete Sale
EV009358,2026-02-03 00:00:00,Complete Sale
EV001535,2026-02-03 00:00:00,Receive Goods
EV005614,2026-02-03 00:00:00,Complete Sale
EV001537,2026-02-03 00:00:00,Receive Goods
EV009357,2026-02-03 00:00:00,Ship Product
EV010122,2026-02-03 00:00:00,Create Sales Order
EV006181,2026-02-03 00:00:00,Ship Product
EV008743,2026-02-03 00:00:00,Ship Product
EV007911,2026-02-03 00:00:00,Complete Sale
EV014192,2026-02-03 00:00:00,Create Sales Order
EV013776,2026-02-03 00:00:00,Complete Sale
EV002620,2026-02-03 00:00:00,Create Purchase Order
EV000789,2026-02-03 00:00:00,Dispatch Delivery
EV005532,2026-02-03 01:00:00,Add Sales Order Item
EV014193,2026-02-03 01:00:00,Add Sales Order Item
EV014196,2026-02-03 01:00:00,Add Sales Order Item
EV010123,2026-02-03 01:00:00,Add Sales Order Item
EV002621,2026-02-03 04:00:00,Approve Purchase Order
EV001578,2026-02-03 08:00:00,Put Away
EV003050,2026-02-03 08:00:00,Put Away
EV001538,2026-02-03 08:00:00,Put Away
EV001536,2026-02-03 08:00:00,Put Away
EV002346,2026-02-03 08:00:00,Put Away
EV005989,2026-02-04 00:00:00,Create Sales Order
EV009355,2026-02-04 00:00:00,Complete Sale
EV011678,2026-02-04 00:00:00,Complete Sale
EV003859,2026-02-04 00:00:00,Dispatch Delivery
EV008744,2026-02-04 00:00:00,Complete Sale
EV002549,2026-02-04 00:00:00,Create Purchase Order
EV003755,2026-02-04 00:00:00,Receive Goods
EV008961,2026-02-04 00:00:00,Create Sales Order
EV009439,2026-02-04 00:00:00,Create Sales Order
EV001023,2026-02-04 00:00:00,Create Purchase Order
EV008169,2026-02-04 00:00:00,Ship Product
EV005284,2026-02-04 00:00:00,Dispatch Delivery
EV014977,2026-02-04 00:00:00,Ship Product
EV007855,2026-02-04 00:00:00,Complete Sale
EV014303,2026-02-04 00:00:00,Create Sales Order
EV014978,2026-02-04 00:00:00,Complete Sale
EV006350,2026-02-04 00:00:00,Return Product
EV000282,2026-02-04 00:00:00,Dispatch Delivery
EV008740,2026-02-04 00:00:00,Ship Product
EV003757,2026-02-04 00:00:00,Receive Goods
EV007338,2026-02-04 00:00:00,Complete Sale
EV006298,2026-02-04 00:00:00,Create Sales Order
EV011677,2026-02-04 00:00:00,Ship Product
EV010124,2026-02-04 00:00:00,Ship Product
EV010125,2026-02-04 00:00:00,Complete Sale
EV002622,2026-02-04 00:00:00,Add PO Item
EV006182,2026-02-04 00:00:00,Complete Sale
EV008965,2026-02-04 01:00:00,Add Sales Order Item
EV008962,2026-02-04 01:00:00,Add Sales Order Item
EV014310,2026-02-04 01:00:00,Add Sales Order Item
EV006299,2026-02-04 01:00:00,Add Sales Order Item
EV008968,2026-02-04 01:00:00,Add Sales Order Item
EV014307,2026-02-04 01:00:00,Add Sales Order Item
EV009440,2026-02-04 01:00:00,Add Sales Order Item
EV005993,2026-02-04 01:00:00,Add Sales Order Item
EV014304,2026-02-04 01:00:00,Add Sales Order Item
EV005990,2026-02-04 01:00:00,Add Sales Order Item
EV002550,2026-02-04 04:00:00,Approve Purchase Order
EV001024,2026-02-04 04:00:00,Approve Purchase Order
EV003758,2026-02-04 08:00:00,Put Away
EV003756,2026-02-04 08:00:00,Put Away
EV003607,2026-02-05 00:00:00,Receive Goods
EV014308,2026-02-05 00:00:00,Ship Product
EV001598,2026-02-05 00:00:00,Receive Goods
EV007708,2026-02-05 00:00:00,Ship Product
EV010178,2026-02-05 00:00:00,Create Sales Order
EV013778,2026-02-05 00:00:00,Ship Product
EV010416,2026-02-05 00:00:00,Complete Sale
EV004728,2026-02-05 00:00:00,Receive Goods
EV010418,2026-02-05 00:00:00,Ship Product
EV001025,2026-02-05 00:00:00,Add PO Item
EV014748,2026-02-05 00:00:00,Create Sales Order
EV002859,2026-02-05 00:00:00,Dispatch Delivery
EV014194,2026-02-05 00:00:00,Ship Product
EV003415,2026-02-05 00:00:00,Receive Goods
EV003413,2026-02-05 00:00:00,Receive Goods
EV000771,2026-02-05 00:00:00,Create Purchase Order
EV001681,2026-02-05 00:00:00,Dispatch Delivery
EV011749,2026-02-05 00:00:00,Ship Product
EV007851,2026-02-05 00:00:00,Ship Product
EV013308,2026-02-05 00:00:00,Create Sales Order
EV002551,2026-02-05 00:00:00,Add PO Item
EV002359,2026-02-05 00:00:00,Create Purchase Order
EV008167,2026-02-05 00:00:00,Complete Sale
EV013748,2026-02-05 00:00:00,Create Sales Order
EV008732,2026-02-05 00:00:00,Ship Product
EV001926,2026-02-05 00:00:00,Dispatch Delivery
EV010185,2026-02-05 01:00:00,Add Sales Order Item
EV013752,2026-02-05 01:00:00,Add Sales Order Item
EV010182,2026-02-05 01:00:00,Add Sales Order Item
EV013309,2026-02-05 01:00:00,Add Sales Order Item
EV014752,2026-02-05 01:00:00,Add Sales Order Item
EV010179,2026-02-05 01:00:00,Add Sales Order Item
EV013749,2026-02-05 01:00:00,Add Sales Order Item
EV014749,2026-02-05 01:00:00,Add Sales Order Item
EV013312,2026-02-05 01:00:00,Add Sales Order Item
EV000772,2026-02-05 04:00:00,Approve Purchase Order
EV002360,2026-02-05 04:00:00,Approve Purchase Order
EV003608,2026-02-05 08:00:00,Put Away
EV003414,2026-02-05 08:00:00,Put Away
EV003416,2026-02-05 08:00:00,Put Away
EV004729,2026-02-05 08:00:00,Put Away
EV001599,2026-02-05 08:00:00,Put Away
EV005349,2026-02-06 00:00:00,Create Purchase Order
EV007093,2026-02-06 00:00:00,Ship Product
EV007096,2026-02-06 00:00:00,Ship Product
EV000774,2026-02-06 00:00:00,Add PO Item
EV008733,2026-02-06 00:00:00,Complete Sale
EV000790,2026-02-06 00:00:00,Receive Goods
EV008741,2026-02-06 00:00:00,Complete Sale
EV011752,2026-02-06 00:00:00,Ship Product
EV010419,2026-02-06 00:00:00,Complete Sale
EV007525,2026-02-06 00:00:00,Create Sales Order
EV014309,2026-02-06 00:00:00,Complete Sale
EV014980,2026-02-06 00:00:00,Ship Product
EV000280,2026-02-06 00:00:00,Receive Goods
EV000773,2026-02-06 00:00:00,Add PO Item
EV002361,2026-02-06 00:00:00,Add PO Item
EV005792,2026-02-06 00:00:00,Ship Product
EV006300,2026-02-06 00:00:00,Ship Product
EV000278,2026-02-06 00:00:00,Receive Goods
EV011750,2026-02-06 00:00:00,Complete Sale
EV002623,2026-02-06 00:00:00,Dispatch Delivery
EV007709,2026-02-06 00:00:00,Complete Sale
EV007024,2026-02-06 00:00:00,Create Sales Order
EV008170,2026-02-06 00:00:00,Complete Sale
EV012804,2026-02-06 00:00:00,Create Sales Order
EV007705,2026-02-06 00:00:00,Ship Product
EV014195,2026-02-06 00:00:00,Complete Sale
EV007852,2026-02-06 00:00:00,Complete Sale
EV008894,2026-02-06 00:00:00,Create Sales Order
EV007711,2026-02-06 00:00:00,Ship Product
EV010186,2026-02-06 00:00:00,Ship Product
EV010180,2026-02-06 00:00:00,Ship Product
EV012410,2026-02-06 00:00:00,Create Sales Order
EV013753,2026-02-06 00:00:00,Ship Product
EV008898,2026-02-06 01:00:00,Add Sales Order Item
EV008895,2026-02-06 01:00:00,Add Sales Order Item
EV007025,2026-02-06 01:00:00,Add Sales Order Item
EV012811,2026-02-06 01:00:00,Add Sales Order Item
EV012411,2026-02-06 01:00:00,Add Sales Order Item
EV007028,2026-02-06 01:00:00,Add Sales Order Item
EV007526,2026-02-06 01:00:00,Add Sales Order Item
EV007532,2026-02-06 01:00:00,Add Sales Order Item
EV007529,2026-02-06 01:00:00,Add Sales Order Item
EV012808,2026-02-06 01:00:00,Add Sales Order Item
EV012805,2026-02-06 01:00:00,Add Sales Order Item
EV005350,2026-02-06 04:00:00,Approve Purchase Order
EV000281,2026-02-06 08:00:00,Put Away
EV000791,2026-02-06 08:00:00,Put Away
EV000279,2026-02-06 08:00:00,Put Away
EV008969,2026-02-07 00:00:00,Ship Product
EV005533,2026-02-07 00:00:00,Ship Product
EV001102,2026-02-07 00:00:00,Receive Goods
EV014312,2026-02-07 00:00:00,Complete Sale
EV012491,2026-02-07 00:00:00,Create Sales Order
EV005351,2026-02-07 00:00:00,Add PO Item
EV008970,2026-02-07 00:00:00,Complete Sale
EV014311,2026-02-07 00:00:00,Ship Product
EV004910,2026-02-07 00:00:00,Receive Goods
EV005264,2026-02-07 00:00:00,Receive Goods
EV012812,2026-02-07 00:00:00,Ship Product
EV006301,2026-02-07 00:00:00,Complete Sale
EV007533,2026-02-07 00:00:00,Ship Product
EV013754,2026-02-07 00:00:00,Complete Sale
EV014821,2026-02-07 00:00:00,Create Sales Order
EV003589,2026-02-07 00:00:00,Receive Goods
EV013790,2026-02-07 00:00:00,Return Product
EV003860,2026-02-07 00:00:00,Receive Goods
EV002362,2026-02-07 00:00:00,Dispatch Delivery
EV007094,2026-02-07 00:00:00,Complete Sale
EV013779,2026-02-07 00:00:00,Complete Sale
EV007682,2026-02-07 00:00:00,Create Sales Order
EV005275,2026-02-07 00:00:00,Create Purchase Order
EV002552,2026-02-07 00:00:00,Dispatch Delivery
EV008966,2026-02-07 00:00:00,Ship Product
EV014513,2026-02-07 00:00:00,Create Sales Order
EV005793,2026-02-07 00:00:00,Complete Sale
EV008899,2026-02-07 00:00:00,Ship Product
EV011747,2026-02-07 00:00:00,Complete Sale
EV007706,2026-02-07 00:00:00,Complete Sale
EV011746,2026-02-07 00:00:00,Ship Product
EV005352,2026-02-07 00:00:00,Add PO Item
EV007712,2026-02-07 00:00:00,Complete Sale
EV008545,2026-02-07 00:00:00,Create Sales Order
EV014197,2026-02-07 00:00:00,Ship Product
EV008546,2026-02-07 01:00:00,Add Sales Order Item
EV014514,2026-02-07 01:00:00,Add Sales Order Item
EV014822,2026-02-07 01:00:00,Add Sales Order Item
EV008549,2026-02-07 01:00:00,Add Sales Order Item
EV012492,2026-02-07 01:00:00,Add Sales Order Item
EV007683,2026-02-07 01:00:00,Add Sales Order Item
EV007686,2026-02-07 01:00:00,Add Sales Order Item
EV005276,2026-02-07 04:00:00,Approve Purchase Order
EV005265,2026-02-07 08:00:00,Put Away
EV003590,2026-02-07 08:00:00,Put Away
EV003861,2026-02-07 08:00:00,Put Away
EV001103,2026-02-07 08:00:00,Put Away
EV004911,2026-02-07 08:00:00,Put Away
EV013750,2026-02-08 00:00:00,Ship Product
EV005708,2026-02-08 00:00:00,Create Sales Order
EV002854,2026-02-08 00:00:00,Receive Goods
EV008900,2026-02-08 00:00:00,Complete Sale
EV014305,2026-02-08 00:00:00,Ship Product
EV010181,2026-02-08 00:00:00,Complete Sale
EV005287,2026-02-08 00:00:00,Dispatch Delivery
EV011753,2026-02-08 00:00:00,Complete Sale
EV008963,2026-02-08 00:00:00,Ship Product
EV014198,2026-02-08 00:00:00,Complete Sale
EV014981,2026-02-08 00:00:00,Complete Sale
EV003380,2026-02-08 00:00:00,Receive Goods
EV007530,2026-02-08 00:00:00,Ship Product
EV001929,2026-02-08 00:00:00,Dispatch Delivery
EV005277,2026-02-08 00:00:00,Add PO Item
EV009303,2026-02-08 00:00:00,Create Sales Order
EV007097,2026-02-08 00:00:00,Complete Sale
EV010187,2026-02-08 00:00:00,Complete Sale
EV009304,2026-02-08 01:00:00,Add Sales Order Item
EV005712,2026-02-08 01:00:00,Add Sales Order Item
EV005709,2026-02-08 01:00:00,Add Sales Order Item
EV009307,2026-02-08 01:00:00,Add Sales Order Item
EV002855,2026-02-08 08:00:00,Put Away
EV003381,2026-02-08 08:00:00,Put Away
EV007687,2026-02-09 00:00:00,Ship Product
EV010183,2026-02-09 00:00:00,Ship Product
EV003760,2026-02-09 00:00:00,Receive Goods
EV009066,2026-02-09 00:00:00,Create Sales Order
EV013314,2026-02-09 00:00:00,Complete Sale
EV014750,2026-02-09 00:00:00,Ship Product
EV013313,2026-02-09 00:00:00,Ship Product
EV014306,2026-02-09 00:00:00,Complete Sale
EV003762,2026-02-09 00:00:00,Receive Goods
EV007026,2026-02-09 00:00:00,Ship Product
EV005278,2026-02-09 00:00:00,Dispatch Delivery
EV014515,2026-02-09 00:00:00,Ship Product
EV005991,2026-02-09 00:00:00,Ship Product
EV014753,2026-02-09 00:00:00,Ship Product
EV008967,2026-02-09 00:00:00,Complete Sale
EV013751,2026-02-09 00:00:00,Complete Sale
EV014393,2026-02-09 00:00:00,Create Sales Order
EV007029,2026-02-09 00:00:00,Ship Product
EV008550,2026-02-09 00:00:00,Ship Product
EV012813,2026-02-09 00:00:00,Complete Sale
EV005534,2026-02-09 00:00:00,Complete Sale
EV005293,2026-02-09 00:00:00,Create Purchase Order
EV005995,2026-02-09 00:00:00,Complete Sale
EV009441,2026-02-09 00:00:00,Ship Product
EV012765,2026-02-09 00:00:00,Create Sales Order
EV005261,2026-02-09 00:00:00,Receive Goods
EV005994,2026-02-09 00:00:00,Ship Product
EV002624,2026-02-09 00:00:00,Receive Goods
EV007531,2026-02-09 00:00:00,Complete Sale
EV007534,2026-02-09 00:00:00,Complete Sale
EV014751,2026-02-09 00:00:00,Complete Sale
EV008964,2026-02-09 00:00:00,Complete Sale
EV008551,2026-02-09 00:00:00,Complete Sale
EV009074,2026-02-09 01:00:00,Add Sales Order Item
EV009067,2026-02-09 01:00:00,Add Sales Order Item
EV012766,2026-02-09 01:00:00,Add Sales Order Item
EV014394,2026-02-09 01:00:00,Add Sales Order Item
EV012769,2026-02-09 01:00:00,Add Sales Order Item
EV009071,2026-02-09 01:00:00,Add Sales Order Item
EV005294,2026-02-09 04:00:00,Approve Purchase Order
EV002625,2026-02-09 08:00:00,Put Away
EV005262,2026-02-09 08:00:00,Put Away
EV003763,2026-02-09 08:00:00,Put Away
EV003761,2026-02-09 08:00:00,Put Away
EV004646,2026-02-10 00:00:00,Receive Goods
EV008896,2026-02-10 00:00:00,Ship Product
EV005713,2026-02-10 00:00:00,Ship Product
EV008548,2026-02-10 00:00:00,Complete Sale
EV008547,2026-02-10 00:00:00,Ship Product
EV012412,2026-02-10 00:00:00,Ship Product
EV007070,2026-02-10 00:00:00,Create Sales Order
EV014823,2026-02-10 00:00:00,Ship Product
EV014805,2026-02-10 00:00:00,Create Sales Order
EV002555,2026-02-10 00:00:00,Dispatch Delivery
EV009442,2026-02-10 00:00:00,Complete Sale
EV010184,2026-02-10 00:00:00,Complete Sale
EV005992,2026-02-10 00:00:00,Complete Sale
EV011410,2026-02-10 00:00:00,Create Sales Order
EV007527,2026-02-10 00:00:00,Ship Product
EV014516,2026-02-10 00:00:00,Complete Sale
EV005295,2026-02-10 00:00:00,Add PO Item
EV012806,2026-02-10 00:00:00,Ship Product
EV002076,2026-02-10 00:00:00,Receive Goods
EV007027,2026-02-10 00:00:00,Complete Sale
EV002363,2026-02-10 00:00:00,Receive Goods
EV008897,2026-02-10 00:00:00,Complete Sale
EV009305,2026-02-10 00:00:00,Ship Product
EV007688,2026-02-10 00:00:00,Complete Sale
EV013310,2026-02-10 00:00:00,Ship Product
EV014806,2026-02-10 01:00:00,Add Sales Order Item
EV007077,2026-02-10 01:00:00,Add Sales Order Item
EV007074,2026-02-10 01:00:00,Add Sales Order Item
EV007071,2026-02-10 01:00:00,Add Sales Order Item
EV011411,2026-02-10 01:00:00,Add Sales Order Item
EV002364,2026-02-10 08:00:00,Put Away
EV002077,2026-02-10 08:00:00,Put Away
EV004647,2026-02-10 08:00:00,Put Away
EV014754,2026-02-11 00:00:00,Complete Sale
EV009069,2026-02-11 00:00:00,Complete Sale
EV007030,2026-02-11 00:00:00,Complete Sale
EV009073,2026-02-11 00:00:00,Complete Sale
EV005353,2026-02-11 00:00:00,Dispatch Delivery
EV004339,2026-02-11 00:00:00,Create Purchase Order
EV006223,2026-02-11 00:00:00,Create Sales Order
EV009306,2026-02-11 00:00:00,Complete Sale
EV001449,2026-02-11 00:00:00,Create Purchase Order
EV014824,2026-02-11 00:00:00,Complete Sale
EV010399,2026-02-11 00:00:00,Create Sales Order
EV005714,2026-02-11 00:00:00,Complete Sale
EV012494,2026-02-11 00:00:00,Complete Sale
EV012493,2026-02-11 00:00:00,Ship Product
EV009072,2026-02-11 00:00:00,Ship Product
EV001026,2026-02-11 00:00:00,Dispatch Delivery
EV012413,2026-02-11 00:00:00,Complete Sale
EV000285,2026-02-11 00:00:00,Receive Goods
EV012809,2026-02-11 00:00:00,Ship Product
EV000283,2026-02-11 00:00:00,Receive Goods
EV012807,2026-02-11 00:00:00,Complete Sale
EV012810,2026-02-11 00:00:00,Complete Sale
EV009068,2026-02-11 00:00:00,Ship Product
EV006224,2026-02-11 01:00:00,Add Sales Order Item
EV010400,2026-02-11 01:00:00,Add Sales Order Item
EV001450,2026-02-11 04:00:00,Approve Purchase Order
EV004340,2026-02-11 04:00:00,Approve Purchase Order
EV000284,2026-02-11 08:00:00,Put Away
EV000286,2026-02-11 08:00:00,Put Away
EV004341,2026-02-12 00:00:00,Add PO Item
EV005710,2026-02-12 00:00:00,Ship Product
EV008498,2026-02-12 00:00:00,Create Sales Order
EV001451,2026-02-12 00:00:00,Add PO Item
EV007528,2026-02-12 00:00:00,Complete Sale
EV007684,2026-02-12 00:00:00,Ship Product
EV007685,2026-02-12 00:00:00,Complete Sale
EV005698,2026-02-12 00:00:00,Create Sales Order
EV006225,2026-02-12 00:00:00,Ship Product
EV008560,2026-02-12 00:00:00,Create Sales Order
EV009405,2026-02-12 00:00:00,Create Sales Order
EV008817,2026-02-12 00:00:00,Create Sales Order
EV000775,2026-02-12 00:00:00,Dispatch Delivery
EV013311,2026-02-12 00:00:00,Complete Sale
EV001601,2026-02-12 00:00:00,Receive Goods
EV001452,2026-02-12 00:00:00,Add PO Item
EV013806,2026-02-12 00:00:00,Create Sales Order
EV010666,2026-02-12 00:00:00,Create Sales Order
EV007415,2026-02-12 00:00:00,Create Sales Order
EV008561,2026-02-12 01:00:00,Add Sales Order Item
EV005702,2026-02-12 01:00:00,Add Sales Order Item
EV009410,2026-02-12 01:00:00,Add Sales Order Item
EV013813,2026-02-12 01:00:00,Add Sales Order Item
EV005705,2026-02-12 01:00:00,Add Sales Order Item
EV005699,2026-02-12 01:00:00,Add Sales Order Item
EV013810,2026-02-12 01:00:00,Add Sales Order Item
EV009406,2026-02-12 01:00:00,Add Sales Order Item
EV010670,2026-02-12 01:00:00,Add Sales Order Item
EV008499,2026-02-12 01:00:00,Add Sales Order Item
EV007416,2026-02-12 01:00:00,Add Sales Order Item
EV008818,2026-02-12 01:00:00,Add Sales Order Item
EV007419,2026-02-12 01:00:00,Add Sales Order Item
EV013807,2026-02-12 01:00:00,Add Sales Order Item
EV010667,2026-02-12 01:00:00,Add Sales Order Item
EV010673,2026-02-12 01:00:00,Add Sales Order Item
EV001602,2026-02-12 08:00:00,Put Away
EV005267,2026-02-13 00:00:00,Receive Goods
EV009308,2026-02-13 00:00:00,Ship Product
EV003765,2026-02-13 00:00:00,Receive Goods
EV003767,2026-02-13 00:00:00,Receive Goods
EV007625,2026-02-13 00:00:00,Create Sales Order
EV009075,2026-02-13 00:00:00,Ship Product
EV013808,2026-02-13 00:00:00,Ship Product
EV014395,2026-02-13 00:00:00,Ship Product
EV014396,2026-02-13 00:00:00,Complete Sale
EV005290,2026-02-13 00:00:00,Dispatch Delivery
EV012770,2026-02-13 00:00:00,Ship Product
EV009160,2026-02-13 00:00:00,Create Sales Order
EV009893,2026-02-13 00:00:00,Create Sales Order
EV007626,2026-02-13 01:00:00,Add Sales Order Item
EV009164,2026-02-13 01:00:00,Add Sales Order Item
EV007629,2026-02-13 01:00:00,Add Sales Order Item
EV007632,2026-02-13 01:00:00,Add Sales Order Item
EV009161,2026-02-13 01:00:00,Add Sales Order Item
EV009894,2026-02-13 01:00:00,Add Sales Order Item
EV009167,2026-02-13 01:00:00,Add Sales Order Item
EV003766,2026-02-13 08:00:00,Put Away
EV003768,2026-02-13 08:00:00,Put Away
EV005268,2026-02-13 08:00:00,Put Away
EV012767,2026-02-14 00:00:00,Ship Product
EV008940,2026-02-14 00:00:00,Create Sales Order
EV009407,2026-02-14 00:00:00,Ship Product
EV007417,2026-02-14 00:00:00,Ship Product
EV007078,2026-02-14 00:00:00,Ship Product
EV009309,2026-02-14 00:00:00,Complete Sale
EV008819,2026-02-14 00:00:00,Ship Product
EV007075,2026-02-14 00:00:00,Ship Product
EV005706,2026-02-14 00:00:00,Ship Product
EV011903,2026-02-14 00:00:00,Create Sales Order
EV001029,2026-02-14 00:00:00,Dispatch Delivery
EV013809,2026-02-14 00:00:00,Complete Sale
EV001684,2026-02-14 00:00:00,Dispatch Delivery
EV005711,2026-02-14 00:00:00,Complete Sale
EV006263,2026-02-14 00:00:00,Create Sales Order
EV003657,2026-02-14 00:00:00,Receive Goods
EV006226,2026-02-14 00:00:00,Complete Sale
EV004649,2026-02-14 00:00:00,Receive Goods
EV009895,2026-02-14 00:00:00,Ship Product
EV011904,2026-02-14 01:00:00,Add Sales Order Item
EV008944,2026-02-14 01:00:00,Add Sales Order Item
EV008947,2026-02-14 01:00:00,Add Sales Order Item
EV006264,2026-02-14 01:00:00,Add Sales Order Item
EV008941,2026-02-14 01:00:00,Add Sales Order Item
EV004650,2026-02-14 08:00:00,Put Away
EV003658,2026-02-14 08:00:00,Put Away
EV014807,2026-02-15 00:00:00,Ship Product
EV002047,2026-02-15 00:00:00,Receive Goods
EV012989,2026-02-15 00:00:00,Create Sales Order
EV012357,2026-02-15 00:00:00,Return Product
EV001687,2026-02-15 00:00:00,Create Purchase Order
EV003054,2026-02-15 00:00:00,Create Purchase Order
EV002860,2026-02-15 00:00:00,Receive Goods
EV012771,2026-02-15 00:00:00,Complete Sale
EV002049,2026-02-15 00:00:00,Receive Goods
EV010675,2026-02-15 00:00:00,Complete Sale
EV007627,2026-02-15 00:00:00,Ship Product
EV010401,2026-02-15 00:00:00,Ship Product
EV008501,2026-02-15 00:00:00,Complete Sale
EV007628,2026-02-15 00:00:00,Complete Sale
EV010674,2026-02-15 00:00:00,Ship Product
EV007418,2026-02-15 00:00:00,Complete Sale
EV009162,2026-02-15 00:00:00,Ship Product
EV005704,2026-02-15 00:00:00,Complete Sale
EV005703,2026-02-15 00:00:00,Ship Product
EV010668,2026-02-15 00:00:00,Ship Product
EV010402,2026-02-15 00:00:00,Complete Sale
EV011791,2026-02-15 00:00:00,Create Sales Order
EV008820,2026-02-15 00:00:00,Complete Sale
EV007076,2026-02-15 00:00:00,Complete Sale
EV007073,2026-02-15 00:00:00,Complete Sale
EV007072,2026-02-15 00:00:00,Ship Product
EV009408,2026-02-15 00:00:00,Complete Sale
EV008500,2026-02-15 00:00:00,Ship Product
EV011412,2026-02-15 00:00:00,Ship Product
EV001032,2026-02-15 00:00:00,Dispatch Delivery
EV011413,2026-02-15 00:00:00,Complete Sale
EV009076,2026-02-15 00:00:00,Complete Sale
EV012996,2026-02-15 01:00:00,Add Sales Order Item
EV012993,2026-02-15 01:00:00,Add Sales Order Item
EV011795,2026-02-15 01:00:00,Add Sales Order Item
EV012990,2026-02-15 01:00:00,Add Sales Order Item
EV011792,2026-02-15 01:00:00,Add Sales Order Item
EV003055,2026-02-15 04:00:00,Approve Purchase Order
EV001688,2026-02-15 04:00:00,Approve Purchase Order
EV002861,2026-02-15 08:00:00,Put Away
EV002050,2026-02-15 08:00:00,Put Away
EV002048,2026-02-15 08:00:00,Put Away
EV008942,2026-02-16 00:00:00,Ship Product
EV009896,2026-02-16 00:00:00,Complete Sale
EV011793,2026-02-16 00:00:00,Ship Product
EV001453,2026-02-16 00:00:00,Dispatch Delivery
EV009411,2026-02-16 00:00:00,Ship Product
EV003702,2026-02-16 00:00:00,Create Purchase Order
EV005296,2026-02-16 00:00:00,Dispatch Delivery
EV008945,2026-02-16 00:00:00,Ship Product
EV005358,2026-02-16 00:00:00,Dispatch Delivery
EV008946,2026-02-16 00:00:00,Complete Sale
EV002365,2026-02-16 00:00:00,Dispatch Delivery
EV009412,2026-02-16 00:00:00,Complete Sale
EV011905,2026-02-16 00:00:00,Ship Product
EV007630,2026-02-16 00:00:00,Ship Product
EV005701,2026-02-16 00:00:00,Complete Sale
EV008887,2026-02-16 00:00:00,Create Sales Order
EV004342,2026-02-16 00:00:00,Dispatch Delivery
EV003056,2026-02-16 00:00:00,Add PO Item
EV012768,2026-02-16 00:00:00,Complete Sale
EV010669,2026-02-16 00:00:00,Complete Sale
EV009163,2026-02-16 00:00:00,Complete Sale
EV002073,2026-02-16 00:00:00,Receive Goods
EV005707,2026-02-16 00:00:00,Complete Sale
EV005700,2026-02-16 00:00:00,Ship Product
EV014808,2026-02-16 00:00:00,Complete Sale
EV001689,2026-02-16 00:00:00,Add PO Item
EV007079,2026-02-16 00:00:00,Complete Sale
EV009165,2026-02-16 00:00:00,Ship Product
EV008891,2026-02-16 01:00:00,Add Sales Order Item
EV008888,2026-02-16 01:00:00,Add Sales Order Item
EV003703,2026-02-16 04:00:00,Approve Purchase Order
EV002074,2026-02-16 08:00:00,Put Away
EV010671,2026-02-17 00:00:00,Ship Product
EV011500,2026-02-17 00:00:00,Create Sales Order
EV005363,2026-02-17 00:00:00,Dispatch Delivery
EV013815,2026-02-17 00:00:00,Complete Sale
EV011794,2026-02-17 00:00:00,Complete Sale
EV012991,2026-02-17 00:00:00,Ship Product
EV011331,2026-02-17 00:00:00,Create Sales Order
EV007420,2026-02-17 00:00:00,Ship Product
EV002553,2026-02-17 00:00:00,Receive Goods
EV013814,2026-02-17 00:00:00,Ship Product
EV013811,2026-02-17 00:00:00,Ship Product
EV008562,2026-02-17 00:00:00,Ship Product
EV007631,2026-02-17 00:00:00,Complete Sale
EV011906,2026-02-17 00:00:00,Complete Sale
EV014217,2026-02-17 00:00:00,Create Sales Order
EV003705,2026-02-17 00:00:00,Add PO Item
EV003704,2026-02-17 00:00:00,Add PO Item
EV004345,2026-02-17 00:00:00,Dispatch Delivery
EV011507,2026-02-17 01:00:00,Add Sales Order Item
EV011332,2026-02-17 01:00:00,Add Sales Order Item
EV014221,2026-02-17 01:00:00,Add Sales Order Item
EV011335,2026-02-17 01:00:00,Add Sales Order Item
EV011504,2026-02-17 01:00:00,Add Sales Order Item
EV011338,2026-02-17 01:00:00,Add Sales Order Item
EV014218,2026-02-17 01:00:00,Add Sales Order Item
EV011501,2026-02-17 01:00:00,Add Sales Order Item
EV002554,2026-02-17 08:00:00,Put Away
EV011340,2026-02-18 00:00:00,Complete Sale
EV007633,2026-02-18 00:00:00,Ship Product
EV008563,2026-02-18 00:00:00,Complete Sale
EV011508,2026-02-18 00:00:00,Ship Product
EV002486,2026-02-18 00:00:00,Create Purchase Order
EV011336,2026-02-18 00:00:00,Ship Product
EV002857,2026-02-18 00:00:00,Receive Goods
EV005299,2026-02-18 00:00:00,Dispatch Delivery
EV011334,2026-02-18 00:00:00,Complete Sale
EV010672,2026-02-18 00:00:00,Complete Sale
EV009168,2026-02-18 00:00:00,Ship Product
EV012793,2026-02-18 00:00:00,Create Sales Order
EV011333,2026-02-18 00:00:00,Ship Product
EV011339,2026-02-18 00:00:00,Ship Product
EV008943,2026-02-18 00:00:00,Complete Sale
EV012992,2026-02-18 00:00:00,Complete Sale
EV008948,2026-02-18 00:00:00,Ship Product
EV006008,2026-02-18 00:00:00,Create Sales Order
EV009166,2026-02-18 00:00:00,Complete Sale
EV006009,2026-02-18 01:00:00,Add Sales Order Item
EV012794,2026-02-18 01:00:00,Add Sales Order Item
EV012798,2026-02-18 01:00:00,Add Sales Order Item
EV012801,2026-02-18 01:00:00,Add Sales Order Item
EV002487,2026-02-18 04:00:00,Approve Purchase Order
EV002858,2026-02-18 08:00:00,Put Away
EV002488,2026-02-19 00:00:00,Add PO Item
EV000957,2026-02-19 00:00:00,Create Purchase Order
EV012995,2026-02-19 00:00:00,Complete Sale
EV010329,2026-02-19 00:00:00,Create Sales Order
EV007421,2026-02-19 00:00:00,Complete Sale
EV007634,2026-02-19 00:00:00,Complete Sale
EV005302,2026-02-19 00:00:00,Dispatch Delivery
EV012795,2026-02-19 00:00:00,Ship Product
EV012796,2026-02-19 00:00:00,Complete Sale
EV002368,2026-02-19 00:00:00,Dispatch Delivery
EV002366,2026-02-19 00:00:00,Receive Goods
EV012799,2026-02-19 00:00:00,Ship Product
EV012994,2026-02-19 00:00:00,Ship Product
EV011509,2026-02-19 00:00:00,Complete Sale
EV011797,2026-02-19 00:00:00,Complete Sale
EV008734,2026-02-19 00:00:00,Create Sales Order
EV014222,2026-02-19 00:00:00,Ship Product
EV006265,2026-02-19 00:00:00,Ship Product
EV013812,2026-02-19 00:00:00,Complete Sale
EV014223,2026-02-19 00:00:00,Complete Sale
EV014220,2026-02-19 00:00:00,Complete Sale
EV006266,2026-02-19 00:00:00,Complete Sale
EV003057,2026-02-19 00:00:00,Dispatch Delivery
EV014219,2026-02-19 00:00:00,Ship Product
EV008890,2026-02-19 00:00:00,Complete Sale
EV011796,2026-02-19 00:00:00,Ship Product
EV006600,2026-02-19 00:00:00,Create Sales Order
EV001690,2026-02-19 00:00:00,Dispatch Delivery
EV008949,2026-02-19 00:00:00,Complete Sale
EV006010,2026-02-19 00:00:00,Ship Product
EV008889,2026-02-19 00:00:00,Ship Product
EV010330,2026-02-19 01:00:00,Add Sales Order Item
EV010336,2026-02-19 01:00:00,Add Sales Order Item
EV008735,2026-02-19 01:00:00,Add Sales Order Item
EV010333,2026-02-19 01:00:00,Add Sales Order Item
EV006601,2026-02-19 01:00:00,Add Sales Order Item
EV000958,2026-02-19 04:00:00,Approve Purchase Order
EV002367,2026-02-19 08:00:00,Put Away
EV011337,2026-02-20 00:00:00,Complete Sale
EV004393,2026-02-20 00:00:00,Receive Goods
EV012800,2026-02-20 00:00:00,Complete Sale
EV008893,2026-02-20 00:00:00,Complete Sale
EV009915,2026-02-20 00:00:00,Create Sales Order
EV008053,2026-02-20 00:00:00,Create Sales Order
EV000959,2026-02-20 00:00:00,Add PO Item
EV008736,2026-02-20 00:00:00,Ship Product
EV009169,2026-02-20 00:00:00,Complete Sale
EV006815,2026-02-20 00:00:00,Create Sales Order
EV008892,2026-02-20 00:00:00,Ship Product
EV003706,2026-02-20 00:00:00,Dispatch Delivery
EV001059,2026-02-20 00:00:00,Create Purchase Order
EV006011,2026-02-20 00:00:00,Complete Sale
EV002160,2026-02-20 00:00:00,Receive Goods
EV012997,2026-02-20 00:00:00,Ship Product
EV002556,2026-02-20 00:00:00,Receive Goods
EV002489,2026-02-20 00:00:00,Dispatch Delivery
EV001894,2026-02-20 00:00:00,Create Purchase Order
EV006822,2026-02-20 01:00:00,Add Sales Order Item
EV006819,2026-02-20 01:00:00,Add Sales Order Item
EV006816,2026-02-20 01:00:00,Add Sales Order Item
EV008054,2026-02-20 01:00:00,Add Sales Order Item
EV008057,2026-02-20 01:00:00,Add Sales Order Item
EV009919,2026-02-20 01:00:00,Add Sales Order Item
EV009922,2026-02-20 01:00:00,Add Sales Order Item
EV009916,2026-02-20 01:00:00,Add Sales Order Item
EV001895,2026-02-20 04:00:00,Approve Purchase Order
EV001060,2026-02-20 04:00:00,Approve Purchase Order
EV004394,2026-02-20 08:00:00,Put Away
EV002557,2026-02-20 08:00:00,Put Away
EV002161,2026-02-20 08:00:00,Put Away
EV010070,2026-02-21 00:00:00,Create Sales Order
EV011562,2026-02-21 00:00:00,Create Sales Order
EV001897,2026-02-21 00:00:00,Add PO Item
EV001896,2026-02-21 00:00:00,Add PO Item
EV011505,2026-02-21 00:00:00,Ship Product
EV011502,2026-02-21 00:00:00,Ship Product
EV009923,2026-02-21 00:00:00,Ship Product
EV012998,2026-02-21 00:00:00,Complete Sale
EV005195,2026-02-21 00:00:00,Create Purchase Order
EV001061,2026-02-21 00:00:00,Add PO Item
EV005354,2026-02-21 00:00:00,Receive Goods
EV005356,2026-02-21 00:00:00,Receive Goods
EV006110,2026-02-21 00:00:00,Create Sales Order
EV008737,2026-02-21 00:00:00,Complete Sale
EV001898,2026-02-21 00:00:00,Add PO Item
EV006114,2026-02-21 01:00:00,Add Sales Order Item
EV006111,2026-02-21 01:00:00,Add Sales Order Item
EV006117,2026-02-21 01:00:00,Add Sales Order Item
EV011566,2026-02-21 01:00:00,Add Sales Order Item
EV011569,2026-02-21 01:00:00,Add Sales Order Item
EV011563,2026-02-21 01:00:00,Add Sales Order Item
EV010071,2026-02-21 01:00:00,Add Sales Order Item
EV005196,2026-02-21 04:00:00,Approve Purchase Order
EV005357,2026-02-21 08:00:00,Put Away
EV005355,2026-02-21 08:00:00,Put Away
EV011972,2026-02-22 00:00:00,Create Sales Order
EV010334,2026-02-22 00:00:00,Ship Product
EV002369,2026-02-22 00:00:00,Receive Goods
EV004348,2026-02-22 00:00:00,Dispatch Delivery
EV014809,2026-02-22 00:00:00,Return Product
EV007473,2026-02-22 00:00:00,Create Sales Order
EV010337,2026-02-22 00:00:00,Ship Product
EV005197,2026-02-22 00:00:00,Add PO Item
EV005198,2026-02-22 00:00:00,Add PO Item
EV001062,2026-02-22 00:00:00,Dispatch Delivery
EV013145,2026-02-22 00:00:00,Create Sales Order
EV006602,2026-02-22 00:00:00,Ship Product
EV012802,2026-02-22 00:00:00,Ship Product
EV006698,2026-02-22 00:00:00,Create Sales Order
EV008058,2026-02-22 00:00:00,Ship Product
EV011979,2026-02-22 01:00:00,Add Sales Order Item
EV011973,2026-02-22 01:00:00,Add Sales Order Item
EV011976,2026-02-22 01:00:00,Add Sales Order Item
EV006699,2026-02-22 01:00:00,Add Sales Order Item
EV006702,2026-02-22 01:00:00,Add Sales Order Item
EV007474,2026-02-22 01:00:00,Add Sales Order Item
EV013152,2026-02-22 01:00:00,Add Sales Order Item
EV013149,2026-02-22 01:00:00,Add Sales Order Item
EV007477,2026-02-22 01:00:00,Add Sales Order Item
EV013146,2026-02-22 01:00:00,Add Sales Order Item
EV002370,2026-02-22 08:00:00,Put Away
EV008059,2026-02-23 00:00:00,Complete Sale
EV011974,2026-02-23 00:00:00,Ship Product
EV001030,2026-02-23 00:00:00,Receive Goods
EV003060,2026-02-23 00:00:00,Dispatch Delivery
EV010338,2026-02-23 00:00:00,Complete Sale
EV014982,2026-02-23 00:00:00,Return Product
EV010335,2026-02-23 00:00:00,Complete Sale
EV006703,2026-02-23 00:00:00,Ship Product
EV011506,2026-02-23 00:00:00,Complete Sale
EV011503,2026-02-23 00:00:00,Complete Sale
EV002969,2026-02-23 00:00:00,Create Purchase Order
EV011785,2026-02-23 00:00:00,Create Sales Order
EV006700,2026-02-23 00:00:00,Ship Product
EV008312,2026-02-23 00:00:00,Create Sales Order
EV002180,2026-02-23 00:00:00,Create Purchase Order
EV009924,2026-02-23 00:00:00,Complete Sale
EV006112,2026-02-23 00:00:00,Ship Product
EV013147,2026-02-23 00:00:00,Ship Product
EV006931,2026-02-23 00:00:00,Create Sales Order
EV006938,2026-02-23 01:00:00,Add Sales Order Item
EV006935,2026-02-23 01:00:00,Add Sales Order Item
EV011786,2026-02-23 01:00:00,Add Sales Order Item
EV008319,2026-02-23 01:00:00,Add Sales Order Item
EV008313,2026-02-23 01:00:00,Add Sales Order Item
EV008316,2026-02-23 01:00:00,Add Sales Order Item
EV006932,2026-02-23 01:00:00,Add Sales Order Item
EV002970,2026-02-23 04:00:00,Approve Purchase Order
EV002181,2026-02-23 04:00:00,Approve Purchase Order
EV001031,2026-02-23 08:00:00,Put Away
EV007728,2026-02-24 00:00:00,Return Product
EV001899,2026-02-24 00:00:00,Dispatch Delivery
EV006118,2026-02-24 00:00:00,Ship Product
EV002184,2026-02-24 00:00:00,Add PO Item
EV002183,2026-02-24 00:00:00,Add PO Item
EV002182,2026-02-24 00:00:00,Add PO Item
EV007478,2026-02-24 00:00:00,Ship Product
EV007476,2026-02-24 00:00:00,Complete Sale
EV007475,2026-02-24 00:00:00,Ship Product
EV004124,2026-02-24 00:00:00,Create Purchase Order
EV002971,2026-02-24 00:00:00,Add PO Item
EV009918,2026-02-24 00:00:00,Complete Sale
EV006115,2026-02-24 00:00:00,Ship Product
EV013640,2026-02-24 00:00:00,Create Sales Order
EV014066,2026-02-24 00:00:00,Create Sales Order
EV012803,2026-02-24 00:00:00,Complete Sale
EV006603,2026-02-24 00:00:00,Complete Sale
EV008369,2026-02-24 00:00:00,Create Sales Order
EV002416,2026-02-24 00:00:00,Create Purchase Order
EV006820,2026-02-24 00:00:00,Ship Product
EV011980,2026-02-24 00:00:00,Ship Product
EV010331,2026-02-24 00:00:00,Ship Product
EV009917,2026-02-24 00:00:00,Ship Product
EV011975,2026-02-24 00:00:00,Complete Sale
EV008055,2026-02-24 00:00:00,Ship Product
EV011570,2026-02-24 00:00:00,Ship Product
EV010072,2026-02-24 00:00:00,Ship Product
EV000960,2026-02-24 00:00:00,Dispatch Delivery
EV008373,2026-02-24 01:00:00,Add Sales Order Item
EV014067,2026-02-24 01:00:00,Add Sales Order Item
EV014070,2026-02-24 01:00:00,Add Sales Order Item
EV013641,2026-02-24 01:00:00,Add Sales Order Item
EV014073,2026-02-24 01:00:00,Add Sales Order Item
EV008370,2026-02-24 01:00:00,Add Sales Order Item
EV004125,2026-02-24 04:00:00,Approve Purchase Order
EV002417,2026-02-24 04:00:00,Approve Purchase Order
EV010073,2026-02-25 00:00:00,Complete Sale
EV002418,2026-02-25 00:00:00,Add PO Item
EV006823,2026-02-25 00:00:00,Ship Product
EV006113,2026-02-25 00:00:00,Complete Sale
EV014068,2026-02-25 00:00:00,Ship Product
EV006821,2026-02-25 00:00:00,Complete Sale
EV006701,2026-02-25 00:00:00,Complete Sale
EV004127,2026-02-25 00:00:00,Add PO Item
EV011545,2026-02-25 00:00:00,Create Sales Order
EV014069,2026-02-25 00:00:00,Complete Sale
EV006119,2026-02-25 00:00:00,Complete Sale
EV006817,2026-02-25 00:00:00,Ship Product
EV006936,2026-02-25 00:00:00,Ship Product
EV006704,2026-02-25 00:00:00,Complete Sale
EV013148,2026-02-25 00:00:00,Complete Sale
EV011564,2026-02-25 00:00:00,Ship Product
EV008056,2026-02-25 00:00:00,Complete Sale
EV009921,2026-02-25 00:00:00,Complete Sale
EV013250,2026-02-25 00:00:00,Create Sales Order
EV009920,2026-02-25 00:00:00,Ship Product
EV001693,2026-02-25 00:00:00,Dispatch Delivery
EV004126,2026-02-25 00:00:00,Add PO Item
EV011552,2026-02-25 01:00:00,Add Sales Order Item
EV011549,2026-02-25 01:00:00,Add Sales Order Item
EV013254,2026-02-25 01:00:00,Add Sales Order Item
EV013251,2026-02-25 01:00:00,Add Sales Order Item
EV011546,2026-02-25 01:00:00,Add Sales Order Item
EV005361,2026-02-26 00:00:00,Receive Goods
EV005359,2026-02-26 00:00:00,Receive Goods
EV002185,2026-02-26 00:00:00,Dispatch Delivery
EV006818,2026-02-26 00:00:00,Complete Sale
EV008320,2026-02-26 00:00:00,Ship Product
EV006937,2026-02-26 00:00:00,Complete Sale
EV006824,2026-02-26 00:00:00,Complete Sale
EV009251,2026-02-26 00:00:00,Create Sales Order
EV001691,2026-02-26 00:00:00,Receive Goods
EV013154,2026-02-26 00:00:00,Complete Sale
EV013153,2026-02-26 00:00:00,Ship Product
EV010885,2026-02-26 00:00:00,Create Sales Order
EV013642,2026-02-26 00:00:00,Ship Product
EV005199,2026-02-26 00:00:00,Dispatch Delivery
EV002516,2026-02-26 00:00:00,Create Purchase Order
EV013150,2026-02-26 00:00:00,Ship Product
EV006116,2026-02-26 00:00:00,Complete Sale
EV007479,2026-02-26 00:00:00,Complete Sale
EV009359,2026-02-26 00:00:00,Return Product
EV010332,2026-02-26 00:00:00,Complete Sale
EV011977,2026-02-26 00:00:00,Ship Product
EV011978,2026-02-26 00:00:00,Complete Sale
EV011981,2026-02-26 00:00:00,Complete Sale
EV002099,2026-02-26 00:00:00,Create Purchase Order
EV011571,2026-02-26 00:00:00,Complete Sale
EV011550,2026-02-26 00:00:00,Ship Product
EV011787,2026-02-26 00:00:00,Ship Product
EV011788,2026-02-26 00:00:00,Complete Sale
EV011567,2026-02-26 00:00:00,Ship Product
EV011565,2026-02-26 00:00:00,Complete Sale
EV011551,2026-02-26 00:00:00,Complete Sale
EV009255,2026-02-26 01:00:00,Add Sales Order Item
EV009258,2026-02-26 01:00:00,Add Sales Order Item
EV010886,2026-02-26 01:00:00,Add Sales Order Item
EV010889,2026-02-26 01:00:00,Add Sales Order Item
EV009252,2026-02-26 01:00:00,Add Sales Order Item
EV002100,2026-02-26 04:00:00,Approve Purchase Order
EV002517,2026-02-26 04:00:00,Approve Purchase Order
EV001692,2026-02-26 08:00:00,Put Away
EV005362,2026-02-26 08:00:00,Put Away
EV005360,2026-02-26 08:00:00,Put Away
EV009259,2026-02-27 00:00:00,Ship Product
EV012393,2026-02-27 00:00:00,Create Sales Order
EV008314,2026-02-27 00:00:00,Ship Product
EV006939,2026-02-27 00:00:00,Ship Product
EV006933,2026-02-27 00:00:00,Ship Product
EV002101,2026-02-27 00:00:00,Add PO Item
EV011290,2026-02-27 00:00:00,Create Sales Order
EV011553,2026-02-27 00:00:00,Ship Product
EV008318,2026-02-27 00:00:00,Complete Sale
EV014784,2026-02-27 00:00:00,Create Sales Order
EV005366,2026-02-27 00:00:00,Receive Goods
EV006934,2026-02-27 00:00:00,Complete Sale
EV005364,2026-02-27 00:00:00,Receive Goods
EV005279,2026-02-27 00:00:00,Receive Goods
EV008374,2026-02-27 00:00:00,Ship Product
EV013253,2026-02-27 00:00:00,Complete Sale
EV013252,2026-02-27 00:00:00,Ship Product
EV002518,2026-02-27 00:00:00,Add PO Item
EV013151,2026-02-27 00:00:00,Complete Sale
EV010366,2026-02-27 00:00:00,Create Sales Order
EV012287,2026-02-27 00:00:00,Create Sales Order
EV014878,2026-02-27 00:00:00,Create Sales Order
EV009785,2026-02-27 00:00:00,Create Sales Order
EV008317,2026-02-27 00:00:00,Ship Product
EV003117,2026-02-27 00:00:00,Create Purchase Order
EV009253,2026-02-27 00:00:00,Ship Product
EV012291,2026-02-27 01:00:00,Add Sales Order Item
EV014788,2026-02-27 01:00:00,Add Sales Order Item
EV014883,2026-02-27 01:00:00,Add Sales Order Item
EV011291,2026-02-27 01:00:00,Add Sales Order Item
EV014886,2026-02-27 01:00:00,Add Sales Order Item
EV012400,2026-02-27 01:00:00,Add Sales Order Item
EV010367,2026-02-27 01:00:00,Add Sales Order Item
EV012397,2026-02-27 01:00:00,Add Sales Order Item
EV010370,2026-02-27 01:00:00,Add Sales Order Item
EV009789,2026-02-27 01:00:00,Add Sales Order Item
EV014785,2026-02-27 01:00:00,Add Sales Order Item
EV014879,2026-02-27 01:00:00,Add Sales Order Item
EV012288,2026-02-27 01:00:00,Add Sales Order Item
EV009786,2026-02-27 01:00:00,Add Sales Order Item
EV012294,2026-02-27 01:00:00,Add Sales Order Item
EV014791,2026-02-27 01:00:00,Add Sales Order Item
EV012394,2026-02-27 01:00:00,Add Sales Order Item
EV003118,2026-02-27 04:00:00,Approve Purchase Order
EV005367,2026-02-27 08:00:00,Put Away
EV005280,2026-02-27 08:00:00,Put Away
EV005365,2026-02-27 08:00:00,Put Away
EV011554,2026-02-28 00:00:00,Complete Sale
EV008321,2026-02-28 00:00:00,Complete Sale
EV010890,2026-02-28 00:00:00,Ship Product
EV011568,2026-02-28 00:00:00,Complete Sale
EV013450,2026-02-28 00:00:00,Create Sales Order
EV013255,2026-02-28 00:00:00,Ship Product
EV012296,2026-02-28 00:00:00,Complete Sale
EV001065,2026-02-28 00:00:00,Dispatch Delivery
EV012295,2026-02-28 00:00:00,Ship Product
EV000963,2026-02-28 00:00:00,Dispatch Delivery
EV004128,2026-02-28 00:00:00,Dispatch Delivery
EV008371,2026-02-28 00:00:00,Ship Product
EV013643,2026-02-28 00:00:00,Complete Sale
EV012398,2026-02-28 00:00:00,Ship Product
EV009254,2026-02-28 00:00:00,Complete Sale
EV003119,2026-02-28 00:00:00,Add PO Item
EV012395,2026-02-28 00:00:00,Ship Product
EV014074,2026-02-28 00:00:00,Ship Product
EV001027,2026-02-28 00:00:00,Receive Goods
EV013256,2026-02-28 00:00:00,Complete Sale
EV014075,2026-02-28 00:00:00,Complete Sale
EV013451,2026-02-28 01:00:00,Add Sales Order Item
EV001028,2026-02-28 08:00:00,Put Away
EV009260,2026-03-01 00:00:00,Complete Sale
EV014884,2026-03-01 00:00:00,Ship Product
EV008375,2026-03-01 00:00:00,Complete Sale
EV002519,2026-03-01 00:00:00,Dispatch Delivery
EV013030,2026-03-01 00:00:00,Create Sales Order
EV014880,2026-03-01 00:00:00,Ship Product
EV011547,2026-03-01 00:00:00,Ship Product
EV009787,2026-03-01 00:00:00,Ship Product
EV001924,2026-03-01 00:00:00,Receive Goods
EV003063,2026-03-01 00:00:00,Dispatch Delivery
EV014790,2026-03-01 00:00:00,Complete Sale
EV002492,2026-03-01 00:00:00,Dispatch Delivery
EV012292,2026-03-01 00:00:00,Ship Product
EV012399,2026-03-01 00:00:00,Complete Sale
EV008413,2026-03-01 00:00:00,Create Sales Order
EV008315,2026-03-01 00:00:00,Complete Sale
EV008191,2026-03-01 00:00:00,Create Sales Order
EV014792,2026-03-01 00:00:00,Ship Product
EV014793,2026-03-01 00:00:00,Complete Sale
EV001906,2026-03-01 00:00:00,Dispatch Delivery
EV006940,2026-03-01 00:00:00,Complete Sale
EV014789,2026-03-01 00:00:00,Ship Product
EV010371,2026-03-01 00:00:00,Ship Product
EV014072,2026-03-01 00:00:00,Complete Sale
EV014071,2026-03-01 00:00:00,Ship Product
EV005204,2026-03-01 00:00:00,Dispatch Delivery
EV013034,2026-03-01 01:00:00,Add Sales Order Item
EV008192,2026-03-01 01:00:00,Add Sales Order Item
EV013031,2026-03-01 01:00:00,Add Sales Order Item
EV008417,2026-03-01 01:00:00,Add Sales Order Item
EV008414,2026-03-01 01:00:00,Add Sales Order Item
EV013037,2026-03-01 01:00:00,Add Sales Order Item
EV001925,2026-03-01 08:00:00,Put Away
EV001291,2026-03-02 00:00:00,Create Purchase Order
EV011548,2026-03-02 00:00:00,Complete Sale
EV012396,2026-03-02 00:00:00,Complete Sale
EV014683,2026-03-02 00:00:00,Create Sales Order
EV002422,2026-03-02 00:00:00,Dispatch Delivery
EV013032,2026-03-02 00:00:00,Ship Product
EV005794,2026-03-02 00:00:00,Create Sales Order
EV010887,2026-03-02 00:00:00,Ship Product
EV008764,2026-03-02 00:00:00,Create Sales Order
EV008372,2026-03-02 00:00:00,Complete Sale
EV010891,2026-03-02 00:00:00,Complete Sale
EV009790,2026-03-02 00:00:00,Ship Product
EV011292,2026-03-02 00:00:00,Ship Product
EV001847,2026-03-02 00:00:00,Create Purchase Order
EV002972,2026-03-02 00:00:00,Dispatch Delivery
EV009256,2026-03-02 00:00:00,Ship Product
EV008418,2026-03-02 00:00:00,Ship Product
EV008768,2026-03-02 01:00:00,Add Sales Order Item
EV008765,2026-03-02 01:00:00,Add Sales Order Item
EV005798,2026-03-02 01:00:00,Add Sales Order Item
EV005801,2026-03-02 01:00:00,Add Sales Order Item
EV014690,2026-03-02 01:00:00,Add Sales Order Item
EV005795,2026-03-02 01:00:00,Add Sales Order Item
EV014684,2026-03-02 01:00:00,Add Sales Order Item
EV014687,2026-03-02 01:00:00,Add Sales Order Item
EV001292,2026-03-02 04:00:00,Approve Purchase Order
EV001848,2026-03-02 04:00:00,Approve Purchase Order
EV008901,2026-03-03 00:00:00,Return Product
EV001849,2026-03-03 00:00:00,Add PO Item
EV009070,2026-03-03 00:00:00,Return Product
EV014888,2026-03-03 00:00:00,Complete Sale
EV004131,2026-03-03 00:00:00,Receive Goods
EV014786,2026-03-03 00:00:00,Ship Product
EV014787,2026-03-03 00:00:00,Complete Sale
EV001679,2026-03-03 00:00:00,Receive Goods
EV008194,2026-03-03 00:00:00,Complete Sale
EV009257,2026-03-03 00:00:00,Complete Sale
EV014881,2026-03-03 00:00:00,Complete Sale
EV013511,2026-03-03 00:00:00,Create Sales Order
EV008193,2026-03-03 00:00:00,Ship Product
EV004129,2026-03-03 00:00:00,Receive Goods
EV012293,2026-03-03 00:00:00,Complete Sale
EV010888,2026-03-03 00:00:00,Complete Sale
EV009788,2026-03-03 00:00:00,Complete Sale
EV004005,2026-03-03 00:00:00,Create Purchase Order
EV008870,2026-03-03 00:00:00,Create Sales Order
EV014691,2026-03-03 00:00:00,Ship Product
EV009791,2026-03-03 00:00:00,Complete Sale
EV002102,2026-03-03 00:00:00,Dispatch Delivery
EV014885,2026-03-03 00:00:00,Complete Sale
EV002419,2026-03-03 00:00:00,Dispatch Delivery
EV013033,2026-03-03 00:00:00,Complete Sale
EV014887,2026-03-03 00:00:00,Ship Product
EV010368,2026-03-03 00:00:00,Ship Product
EV001904,2026-03-03 00:00:00,Receive Goods
EV013035,2026-03-03 00:00:00,Ship Product
EV001902,2026-03-03 00:00:00,Receive Goods
EV001293,2026-03-03 00:00:00,Add PO Item
EV010372,2026-03-03 00:00:00,Complete Sale
EV001900,2026-03-03 00:00:00,Receive Goods
EV012289,2026-03-03 00:00:00,Ship Product
EV012290,2026-03-03 00:00:00,Complete Sale
EV008874,2026-03-03 01:00:00,Add Sales Order Item
EV008871,2026-03-03 01:00:00,Add Sales Order Item
EV013515,2026-03-03 01:00:00,Add Sales Order Item
EV013512,2026-03-03 01:00:00,Add Sales Order Item
EV004006,2026-03-03 04:00:00,Approve Purchase Order
EV001905,2026-03-03 08:00:00,Put Away
EV001903,2026-03-03 08:00:00,Put Away
EV004132,2026-03-03 08:00:00,Put Away
EV001901,2026-03-03 08:00:00,Put Away
EV001680,2026-03-03 08:00:00,Put Away
EV004130,2026-03-03 08:00:00,Put Away
EV010727,2026-03-04 00:00:00,Create Sales Order
EV012106,2026-03-04 00:00:00,Create Sales Order
EV005285,2026-03-04 00:00:00,Receive Goods
EV004008,2026-03-04 00:00:00,Add PO Item
EV002105,2026-03-04 00:00:00,Dispatch Delivery
EV012401,2026-03-04 00:00:00,Ship Product
EV001068,2026-03-04 00:00:00,Dispatch Delivery
EV005209,2026-03-04 00:00:00,Dispatch Delivery
EV005207,2026-03-04 00:00:00,Receive Goods
EV005205,2026-03-04 00:00:00,Receive Goods
EV010899,2026-03-04 00:00:00,Create Sales Order
EV013036,2026-03-04 00:00:00,Complete Sale
EV014686,2026-03-04 00:00:00,Complete Sale
EV014685,2026-03-04 00:00:00,Ship Product
EV002495,2026-03-04 00:00:00,Dispatch Delivery
EV012402,2026-03-04 00:00:00,Complete Sale
EV004007,2026-03-04 00:00:00,Add PO Item
EV013038,2026-03-04 00:00:00,Ship Product
EV002975,2026-03-04 00:00:00,Dispatch Delivery
EV008875,2026-03-04 00:00:00,Ship Product
EV004167,2026-03-04 00:00:00,Create Purchase Order
EV011293,2026-03-04 00:00:00,Complete Sale
EV008767,2026-03-04 00:00:00,Complete Sale
EV008766,2026-03-04 00:00:00,Ship Product
EV001694,2026-03-04 00:00:00,Receive Goods
EV008415,2026-03-04 00:00:00,Ship Product
EV014397,2026-03-04 00:00:00,Create Sales Order
EV001585,2026-03-04 00:00:00,Create Purchase Order
EV008322,2026-03-04 00:00:00,Return Product
EV008419,2026-03-04 00:00:00,Complete Sale
EV004100,2026-03-04 00:00:00,Create Purchase Order
EV002522,2026-03-04 00:00:00,Dispatch Delivery
EV014398,2026-03-04 01:00:00,Add Sales Order Item
EV010731,2026-03-04 01:00:00,Add Sales Order Item
EV012110,2026-03-04 01:00:00,Add Sales Order Item
EV010728,2026-03-04 01:00:00,Add Sales Order Item
EV010900,2026-03-04 01:00:00,Add Sales Order Item
EV012107,2026-03-04 01:00:00,Add Sales Order Item
EV010903,2026-03-04 01:00:00,Add Sales Order Item
EV004101,2026-03-04 04:00:00,Approve Purchase Order
EV001586,2026-03-04 04:00:00,Approve Purchase Order
EV004168,2026-03-04 04:00:00,Approve Purchase Order
EV001695,2026-03-04 08:00:00,Put Away
EV005286,2026-03-04 08:00:00,Put Away
EV005208,2026-03-04 08:00:00,Put Away
EV005206,2026-03-04 08:00:00,Put Away
EV014688,2026-03-05 00:00:00,Ship Product
EV004102,2026-03-05 00:00:00,Add PO Item
EV010369,2026-03-05 00:00:00,Complete Sale
EV005112,2026-03-05 00:00:00,Create Purchase Order
EV000939,2026-03-05 00:00:00,Create Purchase Order
EV002423,2026-03-05 00:00:00,Receive Goods
EV007119,2026-03-05 00:00:00,Create Sales Order
EV008416,2026-03-05 00:00:00,Complete Sale
EV014689,2026-03-05 00:00:00,Complete Sale
EV001587,2026-03-05 00:00:00,Add PO Item
EV005200,2026-03-05 00:00:00,Receive Goods
EV004169,2026-03-05 00:00:00,Add PO Item
EV005786,2026-03-05 00:00:00,Create Sales Order
EV008876,2026-03-05 00:00:00,Complete Sale
EV003120,2026-03-05 00:00:00,Dispatch Delivery
EV014692,2026-03-05 00:00:00,Complete Sale
EV001033,2026-03-05 00:00:00,Receive Goods
EV010729,2026-03-05 00:00:00,Ship Product
EV013516,2026-03-05 00:00:00,Ship Product
EV013452,2026-03-05 00:00:00,Ship Product
EV004133,2026-03-05 00:00:00,Dispatch Delivery
EV013039,2026-03-05 00:00:00,Complete Sale
EV005202,2026-03-05 00:00:00,Receive Goods
EV001682,2026-03-05 00:00:00,Receive Goods
EV007123,2026-03-05 01:00:00,Add Sales Order Item
EV005787,2026-03-05 01:00:00,Add Sales Order Item
EV007120,2026-03-05 01:00:00,Add Sales Order Item
EV000940,2026-03-05 04:00:00,Approve Purchase Order
EV005113,2026-03-05 04:00:00,Approve Purchase Order
EV001683,2026-03-05 08:00:00,Put Away
EV005203,2026-03-05 08:00:00,Put Away
EV005201,2026-03-05 08:00:00,Put Away
EV001034,2026-03-05 08:00:00,Put Away
EV002424,2026-03-05 08:00:00,Put Away
EV000776,2026-03-06 00:00:00,Receive Goods
EV013453,2026-03-06 00:00:00,Complete Sale
EV000941,2026-03-06 00:00:00,Add PO Item
EV004138,2026-03-06 00:00:00,Dispatch Delivery
EV000778,2026-03-06 00:00:00,Receive Goods
EV004170,2026-03-06 00:00:00,Dispatch Delivery
EV007125,2026-03-06 00:00:00,Complete Sale
EV005288,2026-03-06 00:00:00,Receive Goods
EV005114,2026-03-06 00:00:00,Add PO Item
EV011001,2026-03-06 00:00:00,Create Sales Order
EV005116,2026-03-06 00:00:00,Add PO Item
EV005115,2026-03-06 00:00:00,Add PO Item
EV002103,2026-03-06 00:00:00,Receive Goods
EV007124,2026-03-06 00:00:00,Ship Product
EV008872,2026-03-06 00:00:00,Ship Product
EV005799,2026-03-06 00:00:00,Ship Product
EV005297,2026-03-06 00:00:00,Receive Goods
EV011002,2026-03-06 01:00:00,Add Sales Order Item
EV011008,2026-03-06 01:00:00,Add Sales Order Item
EV011005,2026-03-06 01:00:00,Add Sales Order Item
EV005289,2026-03-06 08:00:00,Put Away
EV000779,2026-03-06 08:00:00,Put Away
EV000777,2026-03-06 08:00:00,Put Away
EV002104,2026-03-06 08:00:00,Put Away
EV005298,2026-03-06 08:00:00,Put Away
EV004103,2026-03-07 00:00:00,Dispatch Delivery
EV008769,2026-03-07 00:00:00,Ship Product
EV005796,2026-03-07 00:00:00,Ship Product
EV012111,2026-03-07 00:00:00,Ship Product
EV005802,2026-03-07 00:00:00,Ship Product
EV004346,2026-03-07 00:00:00,Receive Goods
EV000942,2026-03-07 00:00:00,Dispatch Delivery
EV001913,2026-03-07 00:00:00,Dispatch Delivery
EV004009,2026-03-07 00:00:00,Dispatch Delivery
EV006840,2026-03-07 00:00:00,Create Sales Order
EV010732,2026-03-07 00:00:00,Ship Product
EV013517,2026-03-07 00:00:00,Complete Sale
EV002106,2026-03-07 00:00:00,Receive Goods
EV010730,2026-03-07 00:00:00,Complete Sale
EV010902,2026-03-07 00:00:00,Complete Sale
EV001294,2026-03-07 00:00:00,Dispatch Delivery
EV010901,2026-03-07 00:00:00,Ship Product
EV001588,2026-03-07 00:00:00,Dispatch Delivery
EV001502,2026-03-07 00:00:00,Create Purchase Order
EV006844,2026-03-07 01:00:00,Add Sales Order Item
EV006847,2026-03-07 01:00:00,Add Sales Order Item
EV006841,2026-03-07 01:00:00,Add Sales Order Item
EV001503,2026-03-07 04:00:00,Approve Purchase Order
EV004347,2026-03-07 08:00:00,Put Away
EV002107,2026-03-07 08:00:00,Put Away
EV001911,2026-03-08 00:00:00,Receive Goods
EV001505,2026-03-08 00:00:00,Add PO Item
EV001907,2026-03-08 00:00:00,Receive Goods
EV011003,2026-03-08 00:00:00,Ship Product
EV001930,2026-03-08 00:00:00,Receive Goods
EV013513,2026-03-08 00:00:00,Ship Product
EV002520,2026-03-08 00:00:00,Receive Goods
EV000878,2026-03-08 00:00:00,Create Purchase Order
EV005797,2026-03-08 00:00:00,Complete Sale
EV001909,2026-03-08 00:00:00,Receive Goods
EV008770,2026-03-08 00:00:00,Complete Sale
EV012108,2026-03-08 00:00:00,Ship Product
EV012112,2026-03-08 00:00:00,Complete Sale
EV005300,2026-03-08 00:00:00,Receive Goods
EV008873,2026-03-08 00:00:00,Complete Sale
EV004579,2026-03-08 00:00:00,Create Purchase Order
EV001297,2026-03-08 00:00:00,Dispatch Delivery
EV001504,2026-03-08 00:00:00,Add PO Item
EV003294,2026-03-08 00:00:00,Create Purchase Order
EV014647,2026-03-08 00:00:00,Create Sales Order
EV005803,2026-03-08 00:00:00,Complete Sale
EV005800,2026-03-08 00:00:00,Complete Sale
EV003889,2026-03-08 00:00:00,Create Purchase Order
EV011006,2026-03-08 00:00:00,Ship Product
EV014648,2026-03-08 01:00:00,Add Sales Order Item
EV014651,2026-03-08 01:00:00,Add Sales Order Item
EV014654,2026-03-08 01:00:00,Add Sales Order Item
EV000879,2026-03-08 04:00:00,Approve Purchase Order
EV003890,2026-03-08 04:00:00,Approve Purchase Order
EV003295,2026-03-08 04:00:00,Approve Purchase Order
EV004580,2026-03-08 04:00:00,Approve Purchase Order
EV001912,2026-03-08 08:00:00,Put Away
EV005301,2026-03-08 08:00:00,Put Away
EV001908,2026-03-08 08:00:00,Put Away
EV001910,2026-03-08 08:00:00,Put Away
EV001931,2026-03-08 08:00:00,Put Away
EV002521,2026-03-08 08:00:00,Put Away
EV002973,2026-03-09 00:00:00,Receive Goods
EV011004,2026-03-09 00:00:00,Complete Sale
EV012364,2026-03-09 00:00:00,Create Sales Order
EV003123,2026-03-09 00:00:00,Dispatch Delivery
EV005303,2026-03-09 00:00:00,Receive Goods
EV011007,2026-03-09 00:00:00,Complete Sale
EV010733,2026-03-09 00:00:00,Complete Sale
EV004582,2026-03-09 00:00:00,Add PO Item
EV004581,2026-03-09 00:00:00,Add PO Item
EV014653,2026-03-09 00:00:00,Complete Sale
EV010904,2026-03-09 00:00:00,Ship Product
EV014400,2026-03-09 00:00:00,Complete Sale
EV014399,2026-03-09 00:00:00,Ship Product
EV000880,2026-03-09 00:00:00,Add PO Item
EV003296,2026-03-09 00:00:00,Add PO Item
EV012797,2026-03-09 00:00:00,Return Product
EV006845,2026-03-09 00:00:00,Ship Product
EV003891,2026-03-09 00:00:00,Add PO Item
EV005788,2026-03-09 00:00:00,Ship Product
EV004583,2026-03-09 00:00:00,Add PO Item
EV014652,2026-03-09 00:00:00,Ship Product
EV012109,2026-03-09 00:00:00,Complete Sale
EV011992,2026-03-09 00:00:00,Create Sales Order
EV013514,2026-03-09 00:00:00,Complete Sale
EV001850,2026-03-09 00:00:00,Dispatch Delivery
EV007988,2026-03-09 00:00:00,Create Sales Order
EV012368,2026-03-09 01:00:00,Add Sales Order Item
EV011993,2026-03-09 01:00:00,Add Sales Order Item
EV011999,2026-03-09 01:00:00,Add Sales Order Item
EV012371,2026-03-09 01:00:00,Add Sales Order Item
EV007995,2026-03-09 01:00:00,Add Sales Order Item
EV007989,2026-03-09 01:00:00,Add Sales Order Item
EV012365,2026-03-09 01:00:00,Add Sales Order Item
EV011996,2026-03-09 01:00:00,Add Sales Order Item
EV007992,2026-03-09 01:00:00,Add Sales Order Item
EV005304,2026-03-09 08:00:00,Put Away
EV002974,2026-03-09 08:00:00,Put Away
EV006691,2026-03-10 00:00:00,Create Sales Order
EV008103,2026-03-10 00:00:00,Create Sales Order
EV009409,2026-03-10 00:00:00,Return Product
EV006848,2026-03-10 00:00:00,Ship Product
EV007996,2026-03-10 00:00:00,Ship Product
EV007993,2026-03-10 00:00:00,Ship Product
EV007990,2026-03-10 00:00:00,Ship Product
EV003090,2026-03-10 00:00:00,Create Purchase Order
EV007997,2026-03-10 00:00:00,Complete Sale
EV005789,2026-03-10 00:00:00,Complete Sale
EV002490,2026-03-10 00:00:00,Receive Goods
EV003709,2026-03-10 00:00:00,Receive Goods
EV003707,2026-03-10 00:00:00,Receive Goods
EV010905,2026-03-10 00:00:00,Complete Sale
EV012366,2026-03-10 00:00:00,Ship Product
EV007121,2026-03-10 00:00:00,Ship Product
EV011009,2026-03-10 00:00:00,Ship Product
EV008104,2026-03-10 01:00:00,Add Sales Order Item
EV006692,2026-03-10 01:00:00,Add Sales Order Item
EV006695,2026-03-10 01:00:00,Add Sales Order Item
EV008107,2026-03-10 01:00:00,Add Sales Order Item
EV003091,2026-03-10 04:00:00,Approve Purchase Order
EV003708,2026-03-10 08:00:00,Put Away
EV003710,2026-03-10 08:00:00,Put Away
EV002491,2026-03-10 08:00:00,Put Away
EV004584,2026-03-11 00:00:00,Dispatch Delivery
EV014592,2026-03-11 00:00:00,Create Sales Order
EV003093,2026-03-11 00:00:00,Add PO Item
EV002523,2026-03-11 00:00:00,Receive Goods
EV003297,2026-03-11 00:00:00,Dispatch Delivery
EV000881,2026-03-11 00:00:00,Dispatch Delivery
EV011426,2026-03-11 00:00:00,Create Sales Order
EV013571,2026-03-11 00:00:00,Create Sales Order
EV006227,2026-03-11 00:00:00,Return Product
EV002108,2026-03-11 00:00:00,Dispatch Delivery
EV003092,2026-03-11 00:00:00,Add PO Item
EV004106,2026-03-11 00:00:00,Dispatch Delivery
EV000945,2026-03-11 00:00:00,Dispatch Delivery
EV006842,2026-03-11 00:00:00,Ship Product
EV015137,2026-03-11 00:00:00,Create Sales Order
EV006846,2026-03-11 00:00:00,Complete Sale
EV011414,2026-03-11 00:00:00,Create Sales Order
EV002976,2026-03-11 00:00:00,Receive Goods
EV007991,2026-03-11 00:00:00,Complete Sale
EV011010,2026-03-11 00:00:00,Complete Sale
EV004014,2026-03-11 00:00:00,Dispatch Delivery
EV014596,2026-03-11 01:00:00,Add Sales Order Item
EV011427,2026-03-11 01:00:00,Add Sales Order Item
EV015141,2026-03-11 01:00:00,Add Sales Order Item
EV015144,2026-03-11 01:00:00,Add Sales Order Item
EV013572,2026-03-11 01:00:00,Add Sales Order Item
EV011430,2026-03-11 01:00:00,Add Sales Order Item
EV013575,2026-03-11 01:00:00,Add Sales Order Item
EV011433,2026-03-11 01:00:00,Add Sales Order Item
EV011415,2026-03-11 01:00:00,Add Sales Order Item
EV014593,2026-03-11 01:00:00,Add Sales Order Item
EV014599,2026-03-11 01:00:00,Add Sales Order Item
EV015138,2026-03-11 01:00:00,Add Sales Order Item
EV002524,2026-03-11 08:00:00,Put Away
EV002977,2026-03-11 08:00:00,Put Away
EV006843,2026-03-12 00:00:00,Complete Sale
EV012360,2026-03-12 00:00:00,Create Sales Order
EV003536,2026-03-12 00:00:00,Create Purchase Order
EV001853,2026-03-12 00:00:00,Dispatch Delivery
EV006849,2026-03-12 00:00:00,Complete Sale
EV005117,2026-03-12 00:00:00,Dispatch Delivery
EV007278,2026-03-12 00:00:00,Create Sales Order
EV007994,2026-03-12 00:00:00,Complete Sale
EV004343,2026-03-12 00:00:00,Receive Goods
EV012367,2026-03-12 00:00:00,Complete Sale
EV001063,2026-03-12 00:00:00,Receive Goods
EV003126,2026-03-12 00:00:00,Dispatch Delivery
EV009293,2026-03-12 00:00:00,Create Sales Order
EV009990,2026-03-12 00:00:00,Create Sales Order
EV008108,2026-03-12 00:00:00,Ship Product
EV008459,2026-03-12 00:00:00,Create Sales Order
EV004349,2026-03-12 00:00:00,Receive Goods
EV005086,2026-03-12 00:00:00,Create Purchase Order
EV011428,2026-03-12 00:00:00,Ship Product
EV007713,2026-03-12 00:00:00,Create Sales Order
EV012339,2026-03-12 00:00:00,Create Sales Order
EV012369,2026-03-12 00:00:00,Ship Product
EV012370,2026-03-12 00:00:00,Complete Sale
EV008109,2026-03-12 00:00:00,Complete Sale
EV007122,2026-03-12 00:00:00,Complete Sale
EV007714,2026-03-12 01:00:00,Add Sales Order Item
EV007717,2026-03-12 01:00:00,Add Sales Order Item
EV007283,2026-03-12 01:00:00,Add Sales Order Item
EV009294,2026-03-12 01:00:00,Add Sales Order Item
EV007279,2026-03-12 01:00:00,Add Sales Order Item
EV009991,2026-03-12 01:00:00,Add Sales Order Item
EV009300,2026-03-12 01:00:00,Add Sales Order Item
EV008460,2026-03-12 01:00:00,Add Sales Order Item
EV008466,2026-03-12 01:00:00,Add Sales Order Item
EV012340,2026-03-12 01:00:00,Add Sales Order Item
EV012361,2026-03-12 01:00:00,Add Sales Order Item
EV008463,2026-03-12 01:00:00,Add Sales Order Item
EV009297,2026-03-12 01:00:00,Add Sales Order Item
EV005087,2026-03-12 04:00:00,Approve Purchase Order
EV003537,2026-03-12 04:00:00,Approve Purchase Order
EV004350,2026-03-12 08:00:00,Put Away
EV001064,2026-03-12 08:00:00,Put Away
EV004344,2026-03-12 08:00:00,Put Away
EV009992,2026-03-13 00:00:00,Ship Product
EV014649,2026-03-13 00:00:00,Ship Product
EV003538,2026-03-13 00:00:00,Add PO Item
EV009993,2026-03-13 00:00:00,Complete Sale
EV014655,2026-03-13 00:00:00,Ship Product
EV004173,2026-03-13 00:00:00,Dispatch Delivery
EV011889,2026-03-13 00:00:00,Create Sales Order
EV012000,2026-03-13 00:00:00,Ship Product
EV005089,2026-03-13 00:00:00,Add PO Item
EV003892,2026-03-13 00:00:00,Dispatch Delivery
EV005088,2026-03-13 00:00:00,Add PO Item
EV009298,2026-03-13 00:00:00,Ship Product
EV014597,2026-03-13 00:00:00,Ship Product
EV014598,2026-03-13 00:00:00,Complete Sale
EV014600,2026-03-13 00:00:00,Ship Product
EV014601,2026-03-13 00:00:00,Complete Sale
EV015139,2026-03-13 00:00:00,Ship Product
EV008105,2026-03-13 00:00:00,Ship Product
EV012372,2026-03-13 00:00:00,Ship Product
EV005210,2026-03-13 00:00:00,Receive Goods
EV008564,2026-03-13 00:00:00,Create Sales Order
EV013847,2026-03-13 00:00:00,Create Sales Order
EV007206,2026-03-13 00:00:00,Create Sales Order
EV004171,2026-03-13 00:00:00,Receive Goods
EV005212,2026-03-13 00:00:00,Receive Goods
EV001506,2026-03-13 00:00:00,Dispatch Delivery
EV011890,2026-03-13 01:00:00,Add Sales Order Item
EV008568,2026-03-13 01:00:00,Add Sales Order Item
EV013848,2026-03-13 01:00:00,Add Sales Order Item
EV008565,2026-03-13 01:00:00,Add Sales Order Item
EV013851,2026-03-13 01:00:00,Add Sales Order Item
EV013854,2026-03-13 01:00:00,Add Sales Order Item
EV007207,2026-03-13 01:00:00,Add Sales Order Item
EV005211,2026-03-13 08:00:00,Put Away
EV004172,2026-03-13 08:00:00,Put Away
EV005213,2026-03-13 08:00:00,Put Away
EV008570,2026-03-14 00:00:00,Complete Sale
EV006697,2026-03-14 00:00:00,Complete Sale
EV011429,2026-03-14 00:00:00,Complete Sale
EV012362,2026-03-14 00:00:00,Ship Product
EV014169,2026-03-14 00:00:00,Create Sales Order
EV004139,2026-03-14 00:00:00,Receive Goods
EV001685,2026-03-14 00:00:00,Receive Goods
EV004141,2026-03-14 00:00:00,Receive Goods
EV012373,2026-03-14 00:00:00,Complete Sale
EV012001,2026-03-14 00:00:00,Complete Sale
EV014777,2026-03-14 00:00:00,Create Sales Order
EV013852,2026-03-14 00:00:00,Ship Product
EV013853,2026-03-14 00:00:00,Complete Sale
EV001918,2026-03-14 00:00:00,Receive Goods
EV011994,2026-03-14 00:00:00,Ship Product
EV011995,2026-03-14 00:00:00,Complete Sale
EV011997,2026-03-14 00:00:00,Ship Product
EV001916,2026-03-14 00:00:00,Receive Goods
EV006696,2026-03-14 00:00:00,Ship Product
EV004015,2026-03-14 00:00:00,Receive Goods
EV015142,2026-03-14 00:00:00,Ship Product
EV001750,2026-03-14 00:00:00,Create Purchase Order
EV004017,2026-03-14 00:00:00,Receive Goods
EV012041,2026-03-14 00:00:00,Create Sales Order
EV001589,2026-03-14 00:00:00,Receive Goods
EV008985,2026-03-14 00:00:00,Create Sales Order
EV000961,2026-03-14 00:00:00,Receive Goods
EV015143,2026-03-14 00:00:00,Complete Sale
EV012341,2026-03-14 00:00:00,Ship Product
EV012342,2026-03-14 00:00:00,Complete Sale
EV001914,2026-03-14 00:00:00,Receive Goods
EV001295,2026-03-14 00:00:00,Receive Goods
EV004176,2026-03-14 00:00:00,Dispatch Delivery
EV008569,2026-03-14 00:00:00,Ship Product
EV004104,2026-03-14 00:00:00,Receive Goods
EV014778,2026-03-14 01:00:00,Add Sales Order Item
EV014781,2026-03-14 01:00:00,Add Sales Order Item
EV012042,2026-03-14 01:00:00,Add Sales Order Item
EV012045,2026-03-14 01:00:00,Add Sales Order Item
EV008989,2026-03-14 01:00:00,Add Sales Order Item
EV014170,2026-03-14 01:00:00,Add Sales Order Item
EV008986,2026-03-14 01:00:00,Add Sales Order Item
EV001751,2026-03-14 04:00:00,Approve Purchase Order
EV001296,2026-03-14 08:00:00,Put Away
EV004105,2026-03-14 08:00:00,Put Away
EV001917,2026-03-14 08:00:00,Put Away
EV004018,2026-03-14 08:00:00,Put Away
EV000962,2026-03-14 08:00:00,Put Away
EV001915,2026-03-14 08:00:00,Put Away
EV001919,2026-03-14 08:00:00,Put Away
EV004016,2026-03-14 08:00:00,Put Away
EV001590,2026-03-14 08:00:00,Put Away
EV004142,2026-03-14 08:00:00,Put Away
EV004140,2026-03-14 08:00:00,Put Away
EV001686,2026-03-14 08:00:00,Put Away
EV002420,2026-03-15 00:00:00,Receive Goods
EV001298,2026-03-15 00:00:00,Receive Goods
EV006850,2026-03-15 00:00:00,Return Product
EV013576,2026-03-15 00:00:00,Ship Product
EV013577,2026-03-15 00:00:00,Complete Sale
EV008106,2026-03-15 00:00:00,Complete Sale
EV012363,2026-03-15 00:00:00,Complete Sale
EV014656,2026-03-15 00:00:00,Complete Sale
EV008483,2026-03-15 00:00:00,Create Sales Order
EV013573,2026-03-15 00:00:00,Ship Product
EV003094,2026-03-15 00:00:00,Dispatch Delivery
EV014594,2026-03-15 00:00:00,Ship Product
EV001752,2026-03-15 00:00:00,Add PO Item
EV011431,2026-03-15 00:00:00,Ship Product
EV014650,2026-03-15 00:00:00,Complete Sale
EV011998,2026-03-15 00:00:00,Complete Sale
EV011434,2026-03-15 00:00:00,Ship Product
EV006693,2026-03-15 00:00:00,Ship Product
EV011891,2026-03-15 00:00:00,Ship Product
EV015140,2026-03-15 00:00:00,Complete Sale
EV002917,2026-03-15 00:00:00,Create Purchase Order
EV009299,2026-03-15 00:00:00,Complete Sale
EV008991,2026-03-15 00:00:00,Complete Sale
EV008990,2026-03-15 00:00:00,Ship Product
EV015145,2026-03-15 00:00:00,Ship Product
EV008487,2026-03-15 01:00:00,Add Sales Order Item
EV008484,2026-03-15 01:00:00,Add Sales Order Item
EV008491,2026-03-15 01:00:00,Add Sales Order Item
EV002918,2026-03-15 04:00:00,Approve Purchase Order
EV001299,2026-03-15 08:00:00,Put Away
EV002421,2026-03-15 08:00:00,Put Away
EV004019,2026-03-16 00:00:00,Dispatch Delivery
EV005090,2026-03-16 00:00:00,Dispatch Delivery
EV011432,2026-03-16 00:00:00,Complete Sale
EV004264,2026-03-16 00:00:00,Create Purchase Order
EV001456,2026-03-16 00:00:00,Receive Goods
EV004109,2026-03-16 00:00:00,Dispatch Delivery
EV011892,2026-03-16 00:00:00,Complete Sale
EV009295,2026-03-16 00:00:00,Ship Product
EV015146,2026-03-16 00:00:00,Complete Sale
EV008464,2026-03-16 00:00:00,Ship Product
EV009296,2026-03-16 00:00:00,Complete Sale
EV002919,2026-03-16 00:00:00,Add PO Item
EV009301,2026-03-16 00:00:00,Ship Product
EV007285,2026-03-16 00:00:00,Complete Sale
EV012043,2026-03-16 00:00:00,Ship Product
EV003300,2026-03-16 00:00:00,Dispatch Delivery
EV001454,2026-03-16 00:00:00,Receive Goods
EV013713,2026-03-16 00:00:00,Create Sales Order
EV008485,2026-03-16 00:00:00,Ship Product
EV007284,2026-03-16 00:00:00,Ship Product
EV011416,2026-03-16 00:00:00,Ship Product
EV013714,2026-03-16 01:00:00,Add Sales Order Item
EV004265,2026-03-16 04:00:00,Approve Purchase Order
EV001457,2026-03-16 08:00:00,Put Away
EV001455,2026-03-16 08:00:00,Put Away
EV007281,2026-03-17 00:00:00,Complete Sale
EV014779,2026-03-17 00:00:00,Ship Product
EV004136,2026-03-17 00:00:00,Receive Goods
EV006694,2026-03-17 00:00:00,Complete Sale
EV001927,2026-03-17 00:00:00,Receive Goods
EV001753,2026-03-17 00:00:00,Dispatch Delivery
EV004591,2026-03-17 00:00:00,Dispatch Delivery
EV013574,2026-03-17 00:00:00,Complete Sale
EV014595,2026-03-17 00:00:00,Complete Sale
EV007719,2026-03-17 00:00:00,Complete Sale
EV007718,2026-03-17 00:00:00,Ship Product
EV007715,2026-03-17 00:00:00,Ship Product
EV007280,2026-03-17 00:00:00,Ship Product
EV004134,2026-03-17 00:00:00,Receive Goods
EV004266,2026-03-17 00:00:00,Add PO Item
EV008467,2026-03-17 00:00:00,Ship Product
EV007208,2026-03-17 00:00:00,Ship Product
EV011435,2026-03-17 00:00:00,Complete Sale
EV008468,2026-03-17 00:00:00,Complete Sale
EV008461,2026-03-17 00:00:00,Ship Product
EV008462,2026-03-17 00:00:00,Complete Sale
EV012047,2026-03-17 00:00:00,Complete Sale
EV012046,2026-03-17 00:00:00,Ship Product
EV012044,2026-03-17 00:00:00,Complete Sale
EV008465,2026-03-17 00:00:00,Complete Sale
EV001928,2026-03-17 08:00:00,Put Away
EV004137,2026-03-17 08:00:00,Put Away
EV004135,2026-03-17 08:00:00,Put Away
EV001066,2026-03-18 00:00:00,Receive Goods
EV013855,2026-03-18 00:00:00,Ship Product
EV007716,2026-03-18 00:00:00,Complete Sale
EV008486,2026-03-18 00:00:00,Complete Sale
EV007209,2026-03-18 00:00:00,Complete Sale
EV003539,2026-03-18 00:00:00,Dispatch Delivery
EV004012,2026-03-18 00:00:00,Receive Goods
EV003097,2026-03-18 00:00:00,Receive Goods
EV007314,2026-03-18 00:00:00,Create Sales Order
EV008566,2026-03-18 00:00:00,Ship Product
EV000561,2026-03-18 00:00:00,Create Purchase Order
EV004585,2026-03-18 00:00:00,Receive Goods
EV004587,2026-03-18 00:00:00,Receive Goods
EV005291,2026-03-18 00:00:00,Receive Goods
EV004589,2026-03-18 00:00:00,Receive Goods
EV004107,2026-03-18 00:00:00,Receive Goods
EV003303,2026-03-18 00:00:00,Dispatch Delivery
EV013605,2026-03-18 00:00:00,Create Sales Order
EV010548,2026-03-18 00:00:00,Create Sales Order
EV003249,2026-03-18 00:00:00,Create Purchase Order
EV000964,2026-03-18 00:00:00,Receive Goods
EV011417,2026-03-18 00:00:00,Complete Sale
EV003095,2026-03-18 00:00:00,Receive Goods
EV009302,2026-03-18 00:00:00,Complete Sale
EV013856,2026-03-18 00:00:00,Complete Sale
EV004010,2026-03-18 00:00:00,Receive Goods
EV002920,2026-03-18 00:00:00,Dispatch Delivery
EV013850,2026-03-18 00:00:00,Complete Sale
EV014423,2026-03-18 00:00:00,Create Sales Order
EV013849,2026-03-18 00:00:00,Ship Product
EV013609,2026-03-18 01:00:00,Add Sales Order Item
EV013612,2026-03-18 01:00:00,Add Sales Order Item
EV007315,2026-03-18 01:00:00,Add Sales Order Item
EV014424,2026-03-18 01:00:00,Add Sales Order Item
EV007318,2026-03-18 01:00:00,Add Sales Order Item
EV014427,2026-03-18 01:00:00,Add Sales Order Item
EV010549,2026-03-18 01:00:00,Add Sales Order Item
EV013606,2026-03-18 01:00:00,Add Sales Order Item
EV007321,2026-03-18 01:00:00,Add Sales Order Item
EV000562,2026-03-18 04:00:00,Approve Purchase Order
EV003250,2026-03-18 04:00:00,Approve Purchase Order
EV004011,2026-03-18 08:00:00,Put Away
EV003096,2026-03-18 08:00:00,Put Away
EV004588,2026-03-18 08:00:00,Put Away
EV001067,2026-03-18 08:00:00,Put Away
EV004590,2026-03-18 08:00:00,Put Away
EV004013,2026-03-18 08:00:00,Put Away
EV004586,2026-03-18 08:00:00,Put Away
EV003098,2026-03-18 08:00:00,Put Away
EV005292,2026-03-18 08:00:00,Put Away
EV004108,2026-03-18 08:00:00,Put Away
EV000965,2026-03-18 08:00:00,Put Away
EV013715,2026-03-19 00:00:00,Ship Product
EV000564,2026-03-19 00:00:00,Add PO Item
EV000563,2026-03-19 00:00:00,Add PO Item
EV008488,2026-03-19 00:00:00,Ship Product
EV008489,2026-03-19 00:00:00,Complete Sale
EV008516,2026-03-19 00:00:00,Create Sales Order
EV002493,2026-03-19 00:00:00,Receive Goods
EV007056,2026-03-19 00:00:00,Create Sales Order
EV003058,2026-03-19 00:00:00,Receive Goods
EV008987,2026-03-19 00:00:00,Ship Product
EV007320,2026-03-19 00:00:00,Complete Sale
EV008492,2026-03-19 00:00:00,Ship Product
EV003251,2026-03-19 00:00:00,Add PO Item
EV009904,2026-03-19 00:00:00,Create Sales Order
EV008493,2026-03-19 00:00:00,Complete Sale
EV014780,2026-03-19 00:00:00,Complete Sale
EV010662,2026-03-19 00:00:00,Create Sales Order
EV014782,2026-03-19 00:00:00,Ship Product
EV014171,2026-03-19 00:00:00,Ship Product
EV000819,2026-03-19 00:00:00,Create Purchase Order
EV007319,2026-03-19 00:00:00,Ship Product
EV009905,2026-03-19 01:00:00,Add Sales Order Item
EV010663,2026-03-19 01:00:00,Add Sales Order Item
EV008520,2026-03-19 01:00:00,Add Sales Order Item
EV007063,2026-03-19 01:00:00,Add Sales Order Item
EV008517,2026-03-19 01:00:00,Add Sales Order Item
EV009908,2026-03-19 01:00:00,Add Sales Order Item
EV007057,2026-03-19 01:00:00,Add Sales Order Item
EV007060,2026-03-19 01:00:00,Add Sales Order Item
EV000820,2026-03-19 04:00:00,Approve Purchase Order
EV002494,2026-03-19 08:00:00,Put Away
EV003059,2026-03-19 08:00:00,Put Away
EV003893,2026-03-20 00:00:00,Receive Goods
EV014428,2026-03-20 00:00:00,Ship Product
EV010664,2026-03-20 00:00:00,Ship Product
EV007210,2026-03-20 00:00:00,Return Product
EV004267,2026-03-20 00:00:00,Dispatch Delivery
EV010008,2026-03-20 00:00:00,Create Sales Order
EV008988,2026-03-20 00:00:00,Complete Sale
EV014783,2026-03-20 00:00:00,Complete Sale
EV003880,2026-03-20 00:00:00,Create Purchase Order
EV012635,2026-03-20 00:00:00,Create Sales Order
EV000821,2026-03-20 00:00:00,Add PO Item
EV002109,2026-03-20 00:00:00,Receive Goods
EV004174,2026-03-20 00:00:00,Receive Goods
EV013257,2026-03-20 00:00:00,Return Product
EV007322,2026-03-20 00:00:00,Ship Product
EV008567,2026-03-20 00:00:00,Complete Sale
EV010009,2026-03-20 01:00:00,Add Sales Order Item
EV010015,2026-03-20 01:00:00,Add Sales Order Item
EV012636,2026-03-20 01:00:00,Add Sales Order Item
EV010012,2026-03-20 01:00:00,Add Sales Order Item
EV003881,2026-03-20 04:00:00,Approve Purchase Order
EV003894,2026-03-20 08:00:00,Put Away
EV002110,2026-03-20 08:00:00,Put Away
EV004175,2026-03-20 08:00:00,Put Away
EV000946,2026-03-21 00:00:00,Receive Goods
EV002923,2026-03-21 00:00:00,Dispatch Delivery
EV008518,2026-03-21 00:00:00,Ship Product
EV000882,2026-03-21 00:00:00,Receive Goods
EV009377,2026-03-21 00:00:00,Create Sales Order
EV003882,2026-03-21 00:00:00,Add PO Item
EV013386,2026-03-21 00:00:00,Create Sales Order
EV013607,2026-03-21 00:00:00,Ship Product
EV014172,2026-03-21 00:00:00,Complete Sale
EV004177,2026-03-21 00:00:00,Receive Goods
EV003931,2026-03-21 00:00:00,Create Purchase Order
EV008571,2026-03-21 00:00:00,Return Product
EV003298,2026-03-21 00:00:00,Receive Goods
EV013716,2026-03-21 00:00:00,Complete Sale
EV010013,2026-03-21 00:00:00,Ship Product
EV007058,2026-03-21 00:00:00,Ship Product
EV003542,2026-03-21 00:00:00,Dispatch Delivery
EV007059,2026-03-21 00:00:00,Complete Sale
EV010550,2026-03-21 00:00:00,Ship Product
EV005095,2026-03-21 00:00:00,Dispatch Delivery
EV004598,2026-03-21 00:00:00,Dispatch Delivery
EV010872,2026-03-21 00:00:00,Create Sales Order
EV010720,2026-03-21 00:00:00,Create Sales Order
EV013390,2026-03-21 01:00:00,Add Sales Order Item
EV010721,2026-03-21 01:00:00,Add Sales Order Item
EV013387,2026-03-21 01:00:00,Add Sales Order Item
EV010724,2026-03-21 01:00:00,Add Sales Order Item
EV013393,2026-03-21 01:00:00,Add Sales Order Item
EV010876,2026-03-21 01:00:00,Add Sales Order Item
EV009378,2026-03-21 01:00:00,Add Sales Order Item
EV010873,2026-03-21 01:00:00,Add Sales Order Item
EV010879,2026-03-21 01:00:00,Add Sales Order Item
EV009381,2026-03-21 01:00:00,Add Sales Order Item
EV003932,2026-03-21 04:00:00,Approve Purchase Order
EV003299,2026-03-21 08:00:00,Put Away
EV004178,2026-03-21 08:00:00,Put Away
EV000947,2026-03-21 08:00:00,Put Away
EV000883,2026-03-21 08:00:00,Put Away
EV013608,2026-03-22 00:00:00,Complete Sale
EV002496,2026-03-22 00:00:00,Receive Goods
EV010725,2026-03-22 00:00:00,Ship Product
EV004020,2026-03-22 00:00:00,Receive Goods
EV013394,2026-03-22 00:00:00,Ship Product
EV003467,2026-03-22 00:00:00,Create Purchase Order
EV010874,2026-03-22 00:00:00,Ship Product
EV007316,2026-03-22 00:00:00,Ship Product
EV007317,2026-03-22 00:00:00,Complete Sale
EV004993,2026-03-22 00:00:00,Create Purchase Order
EV013610,2026-03-22 00:00:00,Ship Product
EV014429,2026-03-22 00:00:00,Complete Sale
EV009907,2026-03-22 00:00:00,Complete Sale
EV013613,2026-03-22 00:00:00,Ship Product
EV002126,2026-03-22 00:00:00,Create Purchase Order
EV003252,2026-03-22 00:00:00,Dispatch Delivery
EV004022,2026-03-22 00:00:00,Receive Goods
EV009906,2026-03-22 00:00:00,Ship Product
EV014426,2026-03-22 00:00:00,Complete Sale
EV014425,2026-03-22 00:00:00,Ship Product
EV007323,2026-03-22 00:00:00,Complete Sale
EV010880,2026-03-22 00:00:00,Ship Product
EV009909,2026-03-22 00:00:00,Ship Product
EV001069,2026-03-22 00:00:00,Receive Goods
EV010665,2026-03-22 00:00:00,Complete Sale
EV003933,2026-03-22 00:00:00,Add PO Item
EV003468,2026-03-22 04:00:00,Approve Purchase Order
EV004994,2026-03-22 04:00:00,Approve Purchase Order
EV002127,2026-03-22 04:00:00,Approve Purchase Order
EV004023,2026-03-22 08:00:00,Put Away
EV002497,2026-03-22 08:00:00,Put Away
EV004021,2026-03-22 08:00:00,Put Away
EV001070,2026-03-22 08:00:00,Put Away
EV004110,2026-03-23 00:00:00,Receive Goods
EV003061,2026-03-23 00:00:00,Receive Goods
EV010881,2026-03-23 00:00:00,Complete Sale
EV009910,2026-03-23 00:00:00,Complete Sale
EV004742,2026-03-23 00:00:00,Create Purchase Order
EV009382,2026-03-23 00:00:00,Ship Product
EV002128,2026-03-23 00:00:00,Add PO Item
EV003470,2026-03-23 00:00:00,Add PO Item
EV008519,2026-03-23 00:00:00,Complete Sale
EV008434,2026-03-23 00:00:00,Create Sales Order
EV007064,2026-03-23 00:00:00,Ship Product
EV013388,2026-03-23 00:00:00,Ship Product
EV010014,2026-03-23 00:00:00,Complete Sale
EV003121,2026-03-23 00:00:00,Receive Goods
EV000943,2026-03-23 00:00:00,Receive Goods
EV010726,2026-03-23 00:00:00,Complete Sale
EV007061,2026-03-23 00:00:00,Ship Product
EV010722,2026-03-23 00:00:00,Ship Product
EV003469,2026-03-23 00:00:00,Add PO Item
EV010551,2026-03-23 00:00:00,Complete Sale
EV004995,2026-03-23 00:00:00,Add PO Item
EV008435,2026-03-23 01:00:00,Add Sales Order Item
EV004743,2026-03-23 04:00:00,Approve Purchase Order
EV003122,2026-03-23 08:00:00,Put Away
EV004111,2026-03-23 08:00:00,Put Away
EV000944,2026-03-23 08:00:00,Put Away
EV003062,2026-03-23 08:00:00,Put Away
EV002525,2026-03-24 00:00:00,Create Purchase Order
EV009379,2026-03-24 00:00:00,Ship Product
EV013614,2026-03-24 00:00:00,Complete Sale
EV013389,2026-03-24 00:00:00,Complete Sale
EV010010,2026-03-24 00:00:00,Ship Product
EV013611,2026-03-24 00:00:00,Complete Sale
EV010011,2026-03-24 00:00:00,Complete Sale
EV008436,2026-03-24 00:00:00,Ship Product
EV004594,2026-03-24 00:00:00,Receive Goods
EV007282,2026-03-24 00:00:00,Return Product
EV004592,2026-03-24 00:00:00,Receive Goods
EV011587,2026-03-24 00:00:00,Create Sales Order
EV010016,2026-03-24 00:00:00,Ship Product
EV009383,2026-03-24 00:00:00,Complete Sale
EV002129,2026-03-24 00:00:00,Dispatch Delivery
EV007062,2026-03-24 00:00:00,Complete Sale
EV010875,2026-03-24 00:00:00,Complete Sale
EV000565,2026-03-24 00:00:00,Dispatch Delivery
EV013395,2026-03-24 00:00:00,Complete Sale
EV004744,2026-03-24 00:00:00,Add PO Item
EV008521,2026-03-24 00:00:00,Ship Product
EV004596,2026-03-24 00:00:00,Receive Goods
EV011588,2026-03-24 01:00:00,Add Sales Order Item
EV002526,2026-03-24 04:00:00,Approve Purchase Order
EV004597,2026-03-24 08:00:00,Put Away
EV004595,2026-03-24 08:00:00,Put Away
EV004593,2026-03-24 08:00:00,Put Away
EV009380,2026-03-25 00:00:00,Complete Sale
EV012637,2026-03-25 00:00:00,Ship Product
EV010723,2026-03-25 00:00:00,Complete Sale
EV010017,2026-03-25 00:00:00,Complete Sale
EV003934,2026-03-25 00:00:00,Dispatch Delivery
EV005687,2026-03-25 00:00:00,Create Sales Order
EV013864,2026-03-25 00:00:00,Create Sales Order
EV002527,2026-03-25 00:00:00,Add PO Item
EV011345,2026-03-25 00:00:00,Create Sales Order
EV007065,2026-03-25 00:00:00,Complete Sale
EV000822,2026-03-25 00:00:00,Dispatch Delivery
EV003135,2026-03-25 00:00:00,Create Purchase Order
EV000825,2026-03-25 00:00:00,Dispatch Delivery
EV008437,2026-03-25 00:00:00,Complete Sale
EV012982,2026-03-25 00:00:00,Create Sales Order
EV010767,2026-03-25 00:00:00,Create Sales Order
EV004745,2026-03-25 00:00:00,Dispatch Delivery
EV005688,2026-03-25 01:00:00,Add Sales Order Item
EV012983,2026-03-25 01:00:00,Add Sales Order Item
EV011349,2026-03-25 01:00:00,Add Sales Order Item
EV012986,2026-03-25 01:00:00,Add Sales Order Item
EV013865,2026-03-25 01:00:00,Add Sales Order Item
EV011346,2026-03-25 01:00:00,Add Sales Order Item
EV013868,2026-03-25 01:00:00,Add Sales Order Item
EV010768,2026-03-25 01:00:00,Add Sales Order Item
EV011352,2026-03-25 01:00:00,Add Sales Order Item
EV010772,2026-03-25 01:00:00,Add Sales Order Item
EV003136,2026-03-25 04:00:00,Approve Purchase Order
EV009225,2026-03-26 00:00:00,Create Sales Order
EV003886,2026-03-26 00:00:00,Dispatch Delivery
EV003883,2026-03-26 00:00:00,Dispatch Delivery
EV013391,2026-03-26 00:00:00,Ship Product
EV011982,2026-03-26 00:00:00,Create Sales Order
EV013869,2026-03-26 00:00:00,Ship Product
EV010748,2026-03-26 00:00:00,Create Sales Order
EV003301,2026-03-26 00:00:00,Receive Goods
EV002190,2026-03-26 00:00:00,Receive Goods
EV008150,2026-03-26 00:00:00,Create Sales Order
EV011347,2026-03-26 00:00:00,Ship Product
EV002188,2026-03-26 00:00:00,Receive Goods
EV003919,2026-03-26 00:00:00,Create Purchase Order
EV002186,2026-03-26 00:00:00,Receive Goods
EV005825,2026-03-26 00:00:00,Create Sales Order
EV014842,2026-03-26 00:00:00,Create Sales Order
EV008522,2026-03-26 00:00:00,Complete Sale
EV003255,2026-03-26 00:00:00,Dispatch Delivery
EV003137,2026-03-26 00:00:00,Add PO Item
EV010877,2026-03-26 00:00:00,Ship Product
EV010878,2026-03-26 00:00:00,Complete Sale
EV014846,2026-03-26 01:00:00,Add Sales Order Item
EV009226,2026-03-26 01:00:00,Add Sales Order Item
EV008154,2026-03-26 01:00:00,Add Sales Order Item
EV009230,2026-03-26 01:00:00,Add Sales Order Item
EV014849,2026-03-26 01:00:00,Add Sales Order Item
EV005826,2026-03-26 01:00:00,Add Sales Order Item
EV008151,2026-03-26 01:00:00,Add Sales Order Item
EV011989,2026-03-26 01:00:00,Add Sales Order Item
EV005829,2026-03-26 01:00:00,Add Sales Order Item
EV014843,2026-03-26 01:00:00,Add Sales Order Item
EV009233,2026-03-26 01:00:00,Add Sales Order Item
EV011983,2026-03-26 01:00:00,Add Sales Order Item
EV011986,2026-03-26 01:00:00,Add Sales Order Item
EV010752,2026-03-26 01:00:00,Add Sales Order Item
EV010749,2026-03-26 01:00:00,Add Sales Order Item
EV003920,2026-03-26 04:00:00,Approve Purchase Order
EV003302,2026-03-26 08:00:00,Put Away
EV002187,2026-03-26 08:00:00,Put Away
EV002191,2026-03-26 08:00:00,Put Away
EV002189,2026-03-26 08:00:00,Put Away
EV003921,2026-03-27 00:00:00,Add PO Item
EV011321,2026-03-27 00:00:00,Create Sales Order
EV006378,2026-03-27 00:00:00,Create Sales Order
EV003124,2026-03-27 00:00:00,Receive Goods
EV011348,2026-03-27 00:00:00,Complete Sale
EV012638,2026-03-27 00:00:00,Complete Sale
EV014850,2026-03-27 00:00:00,Ship Product
EV000570,2026-03-27 00:00:00,Dispatch Delivery
EV011589,2026-03-27 00:00:00,Ship Product
EV001754,2026-03-27 00:00:00,Receive Goods
EV009156,2026-03-27 00:00:00,Create Sales Order
EV009228,2026-03-27 00:00:00,Complete Sale
EV012988,2026-03-27 00:00:00,Complete Sale
EV009227,2026-03-27 00:00:00,Ship Product
EV012987,2026-03-27 00:00:00,Ship Product
EV011322,2026-03-27 01:00:00,Add Sales Order Item
EV011325,2026-03-27 01:00:00,Add Sales Order Item
EV006382,2026-03-27 01:00:00,Add Sales Order Item
EV006379,2026-03-27 01:00:00,Add Sales Order Item
EV011328,2026-03-27 01:00:00,Add Sales Order Item
EV006385,2026-03-27 01:00:00,Add Sales Order Item
EV009157,2026-03-27 01:00:00,Add Sales Order Item
EV003125,2026-03-27 08:00:00,Put Away
EV001755,2026-03-27 08:00:00,Put Away
EV013870,2026-03-28 00:00:00,Complete Sale
EV007553,2026-03-28 00:00:00,Create Sales Order
EV006589,2026-03-28 00:00:00,Create Sales Order
EV014851,2026-03-28 00:00:00,Complete Sale
EV013392,2026-03-28 00:00:00,Complete Sale
EV003540,2026-03-28 00:00:00,Receive Goods
EV003304,2026-03-28 00:00:00,Receive Goods
EV005122,2026-03-28 00:00:00,Receive Goods
EV003476,2026-03-28 00:00:00,Dispatch Delivery
EV003138,2026-03-28 00:00:00,Dispatch Delivery
EV003471,2026-03-28 00:00:00,Dispatch Delivery
EV005118,2026-03-28 00:00:00,Receive Goods
EV010751,2026-03-28 00:00:00,Complete Sale
EV010750,2026-03-28 00:00:00,Ship Product
EV002528,2026-03-28 00:00:00,Dispatch Delivery
EV014472,2026-03-28 00:00:00,Create Sales Order
EV012984,2026-03-28 00:00:00,Ship Product
EV009231,2026-03-28 00:00:00,Ship Product
EV006383,2026-03-28 00:00:00,Ship Product
EV005120,2026-03-28 00:00:00,Receive Goods
EV006594,2026-03-28 01:00:00,Add Sales Order Item
EV006597,2026-03-28 01:00:00,Add Sales Order Item
EV014473,2026-03-28 01:00:00,Add Sales Order Item
EV007554,2026-03-28 01:00:00,Add Sales Order Item
EV006590,2026-03-28 01:00:00,Add Sales Order Item
EV005119,2026-03-28 08:00:00,Put Away
EV005121,2026-03-28 08:00:00,Put Away
EV003541,2026-03-28 08:00:00,Put Away
EV003305,2026-03-28 08:00:00,Put Away
EV005123,2026-03-28 08:00:00,Put Away
EV014848,2026-03-29 00:00:00,Complete Sale
EV006381,2026-03-29 00:00:00,Complete Sale
EV006380,2026-03-29 00:00:00,Ship Product
EV011984,2026-03-29 00:00:00,Ship Product
EV011326,2026-03-29 00:00:00,Ship Product
EV011985,2026-03-29 00:00:00,Complete Sale
EV011990,2026-03-29 00:00:00,Ship Product
EV008155,2026-03-29 00:00:00,Ship Product
EV011991,2026-03-29 00:00:00,Complete Sale
EV012985,2026-03-29 00:00:00,Complete Sale
EV011350,2026-03-29 00:00:00,Ship Product
EV006598,2026-03-29 00:00:00,Ship Product
EV011351,2026-03-29 00:00:00,Complete Sale
EV011590,2026-03-29 00:00:00,Complete Sale
EV014847,2026-03-29 00:00:00,Ship Product
EV009234,2026-03-29 00:00:00,Ship Product
EV008156,2026-03-29 00:00:00,Complete Sale
EV009232,2026-03-29 00:00:00,Complete Sale
EV004996,2026-03-29 00:00:00,Dispatch Delivery
EV010753,2026-03-29 00:00:00,Ship Product
EV003064,2026-03-29 00:00:00,Receive Goods
EV006386,2026-03-29 00:00:00,Ship Product
EV010754,2026-03-29 00:00:00,Complete Sale
EV003065,2026-03-29 08:00:00,Put Away
EV006599,2026-03-30 00:00:00,Complete Sale
EV006945,2026-03-30 00:00:00,Create Sales Order
EV004268,2026-03-30 00:00:00,Receive Goods
EV006595,2026-03-30 00:00:00,Ship Product
EV010769,2026-03-30 00:00:00,Ship Product
EV010770,2026-03-30 00:00:00,Complete Sale
EV010800,2026-03-30 00:00:00,Create Sales Order
EV010773,2026-03-30 00:00:00,Ship Product
EV009158,2026-03-30 00:00:00,Ship Product
EV008863,2026-03-30 00:00:00,Create Sales Order
EV011353,2026-03-30 00:00:00,Ship Product
EV008140,2026-03-30 00:00:00,Create Sales Order
EV011327,2026-03-30 00:00:00,Complete Sale
EV013866,2026-03-30 00:00:00,Ship Product
EV003127,2026-03-30 00:00:00,Receive Goods
EV006384,2026-03-30 00:00:00,Complete Sale
EV011354,2026-03-30 00:00:00,Complete Sale
EV005804,2026-03-30 00:00:00,Return Product
EV010774,2026-03-30 00:00:00,Complete Sale
EV005827,2026-03-30 00:00:00,Ship Product
EV005690,2026-03-30 00:00:00,Complete Sale
EV005689,2026-03-30 00:00:00,Ship Product
EV011323,2026-03-30 00:00:00,Ship Product
EV008141,2026-03-30 01:00:00,Add Sales Order Item
EV008144,2026-03-30 01:00:00,Add Sales Order Item
EV008864,2026-03-30 01:00:00,Add Sales Order Item
EV008147,2026-03-30 01:00:00,Add Sales Order Item
EV010804,2026-03-30 01:00:00,Add Sales Order Item
EV008867,2026-03-30 01:00:00,Add Sales Order Item
EV006946,2026-03-30 01:00:00,Add Sales Order Item
EV010801,2026-03-30 01:00:00,Add Sales Order Item
EV003128,2026-03-30 08:00:00,Put Away
EV004269,2026-03-30 08:00:00,Put Away
EV006387,2026-03-31 00:00:00,Complete Sale
EV010249,2026-03-31 00:00:00,Create Sales Order
EV013867,2026-03-31 00:00:00,Complete Sale
EV003543,2026-03-31 00:00:00,Receive Goods
EV008152,2026-03-31 00:00:00,Ship Product
EV004999,2026-03-31 00:00:00,Dispatch Delivery
EV014844,2026-03-31 00:00:00,Ship Product
EV011987,2026-03-31 00:00:00,Ship Product
EV014845,2026-03-31 00:00:00,Complete Sale
EV006591,2026-03-31 00:00:00,Ship Product
EV009235,2026-03-31 00:00:00,Complete Sale
EV008149,2026-03-31 00:00:00,Complete Sale
EV009229,2026-03-31 00:00:00,Return Product
EV005830,2026-03-31 00:00:00,Ship Product
EV006596,2026-03-31 00:00:00,Complete Sale
EV014584,2026-03-31 00:00:00,Create Sales Order
EV008148,2026-03-31 00:00:00,Ship Product
EV008142,2026-03-31 00:00:00,Ship Product
EV014585,2026-03-31 01:00:00,Add Sales Order Item
EV010253,2026-03-31 01:00:00,Add Sales Order Item
EV010250,2026-03-31 01:00:00,Add Sales Order Item
EV003544,2026-03-31 08:00:00,Put Away
EV008145,2026-04-01 00:00:00,Ship Product
EV003253,2026-04-01 00:00:00,Receive Goods
EV003141,2026-04-01 00:00:00,Dispatch Delivery
EV011988,2026-04-01 00:00:00,Complete Sale
EV009878,2026-04-01 00:00:00,Create Sales Order
EV009159,2026-04-01 00:00:00,Complete Sale
EV006592,2026-04-01 00:00:00,Complete Sale
EV003922,2026-04-01 00:00:00,Dispatch Delivery
EV011324,2026-04-01 00:00:00,Complete Sale
EV007555,2026-04-01 00:00:00,Ship Product
EV008153,2026-04-01 00:00:00,Complete Sale
EV013910,2026-04-01 00:00:00,Create Sales Order
EV011329,2026-04-01 00:00:00,Ship Product
EV014882,2026-04-01 00:00:00,Return Product
EV005828,2026-04-01 00:00:00,Complete Sale
EV013914,2026-04-01 01:00:00,Add Sales Order Item
EV009879,2026-04-01 01:00:00,Add Sales Order Item
EV013911,2026-04-01 01:00:00,Add Sales Order Item
EV003254,2026-04-01 08:00:00,Put Away
EV004601,2026-04-02 00:00:00,Receive Goods
EV006342,2026-04-02 00:00:00,Create Sales Order
EV004748,2026-04-02 00:00:00,Dispatch Delivery
EV010805,2026-04-02 00:00:00,Ship Product
EV006947,2026-04-02 00:00:00,Ship Product
EV014474,2026-04-02 00:00:00,Ship Product
EV012048,2026-04-02 00:00:00,Create Sales Order
EV005815,2026-04-02 00:00:00,Create Sales Order
EV010251,2026-04-02 00:00:00,Ship Product
EV004603,2026-04-02 00:00:00,Receive Goods
EV008868,2026-04-02 00:00:00,Ship Product
EV011330,2026-04-02 00:00:00,Complete Sale
EV004599,2026-04-02 00:00:00,Receive Goods
EV008869,2026-04-02 00:00:00,Complete Sale
EV005831,2026-04-02 00:00:00,Complete Sale
EV000828,2026-04-02 00:00:00,Dispatch Delivery
EV008143,2026-04-02 00:00:00,Complete Sale
EV009929,2026-04-02 00:00:00,Create Sales Order
EV005816,2026-04-02 01:00:00,Add Sales Order Item
EV006343,2026-04-02 01:00:00,Add Sales Order Item
EV012049,2026-04-02 01:00:00,Add Sales Order Item
EV005822,2026-04-02 01:00:00,Add Sales Order Item
EV005819,2026-04-02 01:00:00,Add Sales Order Item
EV009930,2026-04-02 01:00:00,Add Sales Order Item
EV004600,2026-04-02 08:00:00,Put Away
EV004604,2026-04-02 08:00:00,Put Away
EV004602,2026-04-02 08:00:00,Put Away
EV010806,2026-04-03 00:00:00,Complete Sale
EV012957,2026-04-03 00:00:00,Create Sales Order
EV003925,2026-04-03 00:00:00,Dispatch Delivery
EV013826,2026-04-03 00:00:00,Create Sales Order
EV002130,2026-04-03 00:00:00,Receive Goods
EV005091,2026-04-03 00:00:00,Receive Goods
EV006344,2026-04-03 00:00:00,Ship Product
EV010802,2026-04-03 00:00:00,Ship Product
EV008866,2026-04-03 00:00:00,Complete Sale
EV008146,2026-04-03 00:00:00,Complete Sale
EV007556,2026-04-03 00:00:00,Complete Sale
EV005817,2026-04-03 00:00:00,Ship Product
EV010252,2026-04-03 00:00:00,Complete Sale
EV005093,2026-04-03 00:00:00,Receive Goods
EV008865,2026-04-03 00:00:00,Ship Product
EV013827,2026-04-03 01:00:00,Add Sales Order Item
EV012964,2026-04-03 01:00:00,Add Sales Order Item
EV012961,2026-04-03 01:00:00,Add Sales Order Item
EV012958,2026-04-03 01:00:00,Add Sales Order Item
EV002131,2026-04-03 08:00:00,Put Away
EV005094,2026-04-03 08:00:00,Put Away
EV005092,2026-04-03 08:00:00,Put Away
EV006550,2026-04-04 00:00:00,Create Sales Order
EV000823,2026-04-04 00:00:00,Receive Goods
EV002531,2026-04-04 00:00:00,Dispatch Delivery
EV004746,2026-04-04 00:00:00,Receive Goods
EV013915,2026-04-04 00:00:00,Ship Product
EV014587,2026-04-04 00:00:00,Complete Sale
EV014475,2026-04-04 00:00:00,Complete Sale
EV014586,2026-04-04 00:00:00,Ship Product
EV006345,2026-04-04 00:00:00,Complete Sale
EV013622,2026-04-04 00:00:00,Create Sales Order
EV012534,2026-04-04 00:00:00,Create Sales Order
EV000826,2026-04-04 00:00:00,Receive Goods
EV009476,2026-04-04 00:00:00,Create Sales Order
EV012050,2026-04-04 00:00:00,Ship Product
EV010689,2026-04-04 00:00:00,Create Sales Order
EV006948,2026-04-04 00:00:00,Complete Sale
EV006554,2026-04-04 01:00:00,Add Sales Order Item
EV006551,2026-04-04 01:00:00,Add Sales Order Item
EV009477,2026-04-04 01:00:00,Add Sales Order Item
EV010690,2026-04-04 01:00:00,Add Sales Order Item
EV012535,2026-04-04 01:00:00,Add Sales Order Item
EV013626,2026-04-04 01:00:00,Add Sales Order Item
EV012538,2026-04-04 01:00:00,Add Sales Order Item
EV013623,2026-04-04 01:00:00,Add Sales Order Item
EV006557,2026-04-04 01:00:00,Add Sales Order Item
EV000824,2026-04-04 08:00:00,Put Away
EV000827,2026-04-04 08:00:00,Put Away
EV004747,2026-04-04 08:00:00,Put Away
EV009880,2026-04-05 00:00:00,Ship Product
EV003884,2026-04-05 00:00:00,Receive Goods
EV003256,2026-04-05 00:00:00,Receive Goods
EV009881,2026-04-05 00:00:00,Complete Sale
EV003887,2026-04-05 00:00:00,Receive Goods
EV010519,2026-04-05 00:00:00,Create Sales Order
EV005931,2026-04-05 00:00:00,Create Sales Order
EV005823,2026-04-05 00:00:00,Ship Product
EV005818,2026-04-05 00:00:00,Complete Sale
EV012965,2026-04-05 00:00:00,Ship Product
EV013916,2026-04-05 00:00:00,Complete Sale
EV006555,2026-04-05 00:00:00,Ship Product
EV010803,2026-04-05 00:00:00,Complete Sale
EV004997,2026-04-05 00:00:00,Receive Goods
EV010254,2026-04-05 00:00:00,Ship Product
EV012960,2026-04-05 00:00:00,Complete Sale
EV012959,2026-04-05 00:00:00,Ship Product
EV012051,2026-04-05 00:00:00,Complete Sale
EV010520,2026-04-05 01:00:00,Add Sales Order Item
EV005932,2026-04-05 01:00:00,Add Sales Order Item
EV010523,2026-04-05 01:00:00,Add Sales Order Item
EV010526,2026-04-05 01:00:00,Add Sales Order Item
EV003885,2026-04-05 08:00:00,Put Away
EV003888,2026-04-05 08:00:00,Put Away
EV004998,2026-04-05 08:00:00,Put Away
EV003257,2026-04-05 08:00:00,Put Away
EV013912,2026-04-06 00:00:00,Ship Product
EV012540,2026-04-06 00:00:00,Complete Sale
EV012195,2026-04-06 00:00:00,Create Sales Order
EV013627,2026-04-06 00:00:00,Ship Product
EV012539,2026-04-06 00:00:00,Ship Product
EV005820,2026-04-06 00:00:00,Ship Product
EV009931,2026-04-06 00:00:00,Ship Product
EV005821,2026-04-06 00:00:00,Complete Sale
EV001851,2026-04-06 00:00:00,Receive Goods
EV010525,2026-04-06 00:00:00,Complete Sale
EV010524,2026-04-06 00:00:00,Ship Product
EV007183,2026-04-06 00:00:00,Create Sales Order
EV005824,2026-04-06 00:00:00,Complete Sale
EV008670,2026-04-06 00:00:00,Create Sales Order
EV006012,2026-04-06 00:00:00,Create Sales Order
EV012202,2026-04-06 01:00:00,Add Sales Order Item
EV006016,2026-04-06 01:00:00,Add Sales Order Item
EV007184,2026-04-06 01:00:00,Add Sales Order Item
EV012199,2026-04-06 01:00:00,Add Sales Order Item
EV008674,2026-04-06 01:00:00,Add Sales Order Item
EV006013,2026-04-06 01:00:00,Add Sales Order Item
EV012196,2026-04-06 01:00:00,Add Sales Order Item
EV008671,2026-04-06 01:00:00,Add Sales Order Item
EV001852,2026-04-06 08:00:00,Put Away
EV012966,2026-04-07 00:00:00,Complete Sale
EV003477,2026-04-07 00:00:00,Receive Goods
EV002529,2026-04-07 00:00:00,Receive Goods
EV007166,2026-04-07 00:00:00,Create Sales Order
EV004751,2026-04-07 00:00:00,Dispatch Delivery
EV014565,2026-04-07 00:00:00,Create Sales Order
EV006558,2026-04-07 00:00:00,Ship Product
EV010255,2026-04-07 00:00:00,Complete Sale
EV009580,2026-04-07 00:00:00,Create Sales Order
EV013828,2026-04-07 00:00:00,Ship Product
EV003144,2026-04-07 00:00:00,Dispatch Delivery
EV003479,2026-04-07 00:00:00,Receive Goods
EV005884,2026-04-07 00:00:00,Create Sales Order
EV005000,2026-04-07 00:00:00,Receive Goods
EV008611,2026-04-07 00:00:00,Create Sales Order
EV010521,2026-04-07 00:00:00,Ship Product
EV012197,2026-04-07 00:00:00,Ship Product
EV013628,2026-04-07 00:00:00,Complete Sale
EV006556,2026-04-07 00:00:00,Complete Sale
EV008619,2026-04-07 01:00:00,Add Sales Order Item
EV009585,2026-04-07 01:00:00,Add Sales Order Item
EV009588,2026-04-07 01:00:00,Add Sales Order Item
EV007167,2026-04-07 01:00:00,Add Sales Order Item
EV009581,2026-04-07 01:00:00,Add Sales Order Item
EV008616,2026-04-07 01:00:00,Add Sales Order Item
EV008612,2026-04-07 01:00:00,Add Sales Order Item
EV014569,2026-04-07 01:00:00,Add Sales Order Item
EV007170,2026-04-07 01:00:00,Add Sales Order Item
EV014566,2026-04-07 01:00:00,Add Sales Order Item
EV007173,2026-04-07 01:00:00,Add Sales Order Item
EV005885,2026-04-07 01:00:00,Add Sales Order Item
EV003480,2026-04-07 08:00:00,Put Away
EV003478,2026-04-07 08:00:00,Put Away
EV002530,2026-04-07 08:00:00,Put Away
EV005001,2026-04-07 08:00:00,Put Away
EV002534,2026-04-08 00:00:00,Dispatch Delivery
EV010691,2026-04-08 00:00:00,Ship Product
EV008882,2026-04-08 00:00:00,Create Sales Order
EV012536,2026-04-08 00:00:00,Ship Product
EV009932,2026-04-08 00:00:00,Complete Sale
EV003928,2026-04-08 00:00:00,Dispatch Delivery
EV003923,2026-04-08 00:00:00,Receive Goods
EV009590,2026-04-08 00:00:00,Complete Sale
EV009589,2026-04-08 00:00:00,Ship Product
EV007174,2026-04-08 00:00:00,Ship Product
EV007175,2026-04-08 00:00:00,Complete Sale
EV009652,2026-04-08 00:00:00,Create Sales Order
EV015147,2026-04-08 00:00:00,Create Sales Order
EV012034,2026-04-08 00:00:00,Create Sales Order
EV010325,2026-04-08 00:00:00,Create Sales Order
EV014643,2026-04-08 00:00:00,Create Sales Order
EV005098,2026-04-08 00:00:00,Receive Goods
EV010522,2026-04-08 00:00:00,Complete Sale
EV007168,2026-04-08 00:00:00,Ship Product
EV006552,2026-04-08 00:00:00,Ship Product
EV005096,2026-04-08 00:00:00,Receive Goods
EV012203,2026-04-08 00:00:00,Ship Product
EV008676,2026-04-08 00:00:00,Complete Sale
EV008675,2026-04-08 00:00:00,Ship Product
EV013913,2026-04-08 00:00:00,Complete Sale
EV005933,2026-04-08 00:00:00,Ship Product
EV012962,2026-04-08 00:00:00,Ship Product
EV007169,2026-04-08 00:00:00,Complete Sale
EV010326,2026-04-08 01:00:00,Add Sales Order Item
EV009656,2026-04-08 01:00:00,Add Sales Order Item
EV009653,2026-04-08 01:00:00,Add Sales Order Item
EV009659,2026-04-08 01:00:00,Add Sales Order Item
EV015151,2026-04-08 01:00:00,Add Sales Order Item
EV014644,2026-04-08 01:00:00,Add Sales Order Item
EV008883,2026-04-08 01:00:00,Add Sales Order Item
EV012035,2026-04-08 01:00:00,Add Sales Order Item
EV012038,2026-04-08 01:00:00,Add Sales Order Item
EV015148,2026-04-08 01:00:00,Add Sales Order Item
EV005099,2026-04-08 08:00:00,Put Away
EV003924,2026-04-08 08:00:00,Put Away
EV005097,2026-04-08 08:00:00,Put Away
EV008672,2026-04-09 00:00:00,Ship Product
EV012963,2026-04-09 00:00:00,Complete Sale
EV012537,2026-04-09 00:00:00,Complete Sale
EV008673,2026-04-09 00:00:00,Complete Sale
EV010327,2026-04-09 00:00:00,Ship Product
EV009478,2026-04-09 00:00:00,Ship Product
EV013624,2026-04-09 00:00:00,Ship Product
EV013829,2026-04-09 00:00:00,Complete Sale
EV010771,2026-04-09 00:00:00,Return Product
EV012198,2026-04-09 00:00:00,Complete Sale
EV012594,2026-04-09 00:00:00,Create Sales Order
EV006559,2026-04-09 00:00:00,Complete Sale
EV006014,2026-04-09 00:00:00,Ship Product
EV006553,2026-04-09 00:00:00,Complete Sale
EV010483,2026-04-09 00:00:00,Create Sales Order
EV013262,2026-04-09 00:00:00,Create Sales Order
EV005934,2026-04-09 00:00:00,Complete Sale
EV010528,2026-04-09 00:00:00,Complete Sale
EV010527,2026-04-09 00:00:00,Ship Product
EV001854,2026-04-09 00:00:00,Receive Goods
EV012595,2026-04-09 01:00:00,Add Sales Order Item
EV012601,2026-04-09 01:00:00,Add Sales Order Item
EV012598,2026-04-09 01:00:00,Add Sales Order Item
EV013263,2026-04-09 01:00:00,Add Sales Order Item
EV010488,2026-04-09 01:00:00,Add Sales Order Item
EV010484,2026-04-09 01:00:00,Add Sales Order Item
EV010491,2026-04-09 01:00:00,Add Sales Order Item
EV001855,2026-04-09 08:00:00,Put Away
EV008614,2026-04-10 00:00:00,Complete Sale
EV008617,2026-04-10 00:00:00,Ship Product
EV009479,2026-04-10 00:00:00,Complete Sale
EV014645,2026-04-10 00:00:00,Ship Product
EV008620,2026-04-10 00:00:00,Ship Product
EV008621,2026-04-10 00:00:00,Complete Sale
EV012204,2026-04-10 00:00:00,Complete Sale
EV013688,2026-04-10 00:00:00,Create Sales Order
EV012201,2026-04-10 00:00:00,Complete Sale
EV001507,2026-04-10 00:00:00,Receive Goods
EV012200,2026-04-10 00:00:00,Ship Product
EV010692,2026-04-10 00:00:00,Complete Sale
EV008613,2026-04-10 00:00:00,Ship Product
EV003926,2026-04-10 00:00:00,Receive Goods
EV012039,2026-04-10 00:00:00,Ship Product
EV015153,2026-04-10 00:00:00,Complete Sale
EV015152,2026-04-10 00:00:00,Ship Product
EV011085,2026-04-10 00:00:00,Create Sales Order
EV001509,2026-04-10 00:00:00,Receive Goods
EV013689,2026-04-10 01:00:00,Add Sales Order Item
EV011090,2026-04-10 01:00:00,Add Sales Order Item
EV011086,2026-04-10 01:00:00,Add Sales Order Item
EV001510,2026-04-10 08:00:00,Put Away
EV001508,2026-04-10 08:00:00,Put Away
EV003927,2026-04-10 08:00:00,Put Away
EV007171,2026-04-11 00:00:00,Ship Product
EV005977,2026-04-11 00:00:00,Create Sales Order
EV006018,2026-04-11 00:00:00,Complete Sale
EV006017,2026-04-11 00:00:00,Ship Product
EV007185,2026-04-11 00:00:00,Ship Product
EV006015,2026-04-11 00:00:00,Complete Sale
EV009658,2026-04-11 00:00:00,Complete Sale
EV014646,2026-04-11 00:00:00,Complete Sale
EV005886,2026-04-11 00:00:00,Ship Product
EV009657,2026-04-11 00:00:00,Ship Product
EV012120,2026-04-11 00:00:00,Create Sales Order
EV007946,2026-04-11 00:00:00,Create Sales Order
EV009586,2026-04-11 00:00:00,Ship Product
EV010328,2026-04-11 00:00:00,Complete Sale
EV009582,2026-04-11 00:00:00,Ship Product
EV014452,2026-04-11 00:00:00,Create Sales Order
EV013625,2026-04-11 00:00:00,Complete Sale
EV012040,2026-04-11 00:00:00,Complete Sale
EV010018,2026-04-11 00:00:00,Create Sales Order
EV007947,2026-04-11 01:00:00,Add Sales Order Item
EV012124,2026-04-11 01:00:00,Add Sales Order Item
EV014453,2026-04-11 01:00:00,Add Sales Order Item
EV014456,2026-04-11 01:00:00,Add Sales Order Item
EV012121,2026-04-11 01:00:00,Add Sales Order Item
EV010019,2026-04-11 01:00:00,Add Sales Order Item
EV014459,2026-04-11 01:00:00,Add Sales Order Item
EV007950,2026-04-11 01:00:00,Add Sales Order Item
EV005978,2026-04-11 01:00:00,Add Sales Order Item
EV010022,2026-04-11 01:00:00,Add Sales Order Item
EV003474,2026-04-12 00:00:00,Receive Goods
EV015149,2026-04-12 00:00:00,Ship Product
EV014794,2026-04-12 00:00:00,Create Sales Order
EV012597,2026-04-12 00:00:00,Complete Sale
EV012596,2026-04-12 00:00:00,Ship Product
EV008885,2026-04-12 00:00:00,Complete Sale
EV004749,2026-04-12 00:00:00,Receive Goods
EV012122,2026-04-12 00:00:00,Ship Product
EV013095,2026-04-12 00:00:00,Create Sales Order
EV008618,2026-04-12 00:00:00,Complete Sale
EV009583,2026-04-12 00:00:00,Complete Sale
EV008884,2026-04-12 00:00:00,Ship Product
EV005887,2026-04-12 00:00:00,Complete Sale
EV014570,2026-04-12 00:00:00,Ship Product
EV010021,2026-04-12 00:00:00,Complete Sale
EV010020,2026-04-12 00:00:00,Ship Product
EV003472,2026-04-12 00:00:00,Receive Goods
EV008589,2026-04-12 00:00:00,Create Sales Order
EV009660,2026-04-12 00:00:00,Ship Product
EV009654,2026-04-12 00:00:00,Ship Product
EV012036,2026-04-12 00:00:00,Ship Product
EV012602,2026-04-12 00:00:00,Ship Product
EV012037,2026-04-12 00:00:00,Complete Sale
EV010489,2026-04-12 00:00:00,Ship Product
EV010490,2026-04-12 00:00:00,Complete Sale
EV010492,2026-04-12 00:00:00,Ship Product
EV014567,2026-04-12 00:00:00,Ship Product
EV000829,2026-04-12 00:00:00,Receive Goods
EV008590,2026-04-12 01:00:00,Add Sales Order Item
EV013099,2026-04-12 01:00:00,Add Sales Order Item
EV014798,2026-04-12 01:00:00,Add Sales Order Item
EV008596,2026-04-12 01:00:00,Add Sales Order Item
EV013102,2026-04-12 01:00:00,Add Sales Order Item
EV008593,2026-04-12 01:00:00,Add Sales Order Item
EV014795,2026-04-12 01:00:00,Add Sales Order Item
EV013096,2026-04-12 01:00:00,Add Sales Order Item
EV000830,2026-04-12 08:00:00,Put Away
EV004750,2026-04-12 08:00:00,Put Away
EV003473,2026-04-12 08:00:00,Put Away
EV003475,2026-04-12 08:00:00,Put Away
EV014799,2026-04-13 00:00:00,Ship Product
EV010493,2026-04-13 00:00:00,Complete Sale
EV014800,2026-04-13 00:00:00,Complete Sale
EV007951,2026-04-13 00:00:00,Ship Product
EV014568,2026-04-13 00:00:00,Complete Sale
EV013690,2026-04-13 00:00:00,Ship Product
EV007952,2026-04-13 00:00:00,Complete Sale
EV007186,2026-04-13 00:00:00,Complete Sale
EV012126,2026-04-13 00:00:00,Complete Sale
EV009661,2026-04-13 00:00:00,Complete Sale
EV009655,2026-04-13 00:00:00,Complete Sale
EV014460,2026-04-13 00:00:00,Ship Product
EV007172,2026-04-13 00:00:00,Complete Sale
EV014458,2026-04-13 00:00:00,Complete Sale
EV013097,2026-04-13 00:00:00,Ship Product
EV012123,2026-04-13 00:00:00,Complete Sale
EV012599,2026-04-13 00:00:00,Ship Product
EV012600,2026-04-13 00:00:00,Complete Sale
EV008349,2026-04-13 00:00:00,Create Sales Order
EV008594,2026-04-13 00:00:00,Ship Product
EV013264,2026-04-13 00:00:00,Ship Product
EV009587,2026-04-13 00:00:00,Complete Sale
EV013265,2026-04-13 00:00:00,Complete Sale
EV014457,2026-04-13 00:00:00,Ship Product
EV010024,2026-04-13 00:00:00,Complete Sale
EV010023,2026-04-13 00:00:00,Ship Product
EV011091,2026-04-13 00:00:00,Ship Product
EV011092,2026-04-13 00:00:00,Complete Sale
EV012603,2026-04-13 00:00:00,Complete Sale
EV012125,2026-04-13 00:00:00,Ship Product
EV008350,2026-04-13 01:00:00,Add Sales Order Item
EV008356,2026-04-13 01:00:00,Add Sales Order Item
EV008353,2026-04-13 01:00:00,Add Sales Order Item
EV014967,2026-04-14 00:00:00,Create Sales Order
EV015150,2026-04-14 00:00:00,Complete Sale
EV014571,2026-04-14 00:00:00,Complete Sale
EV007763,2026-04-14 00:00:00,Create Sales Order
EV008595,2026-04-14 00:00:00,Complete Sale
EV013691,2026-04-14 00:00:00,Complete Sale
EV015168,2026-04-14 00:00:00,Create Sales Order
EV011087,2026-04-14 00:00:00,Ship Product
EV014199,2026-04-14 00:00:00,Create Sales Order
EV002532,2026-04-14 00:00:00,Receive Goods
EV010485,2026-04-14 00:00:00,Ship Product
EV014200,2026-04-14 01:00:00,Add Sales Order Item
EV007770,2026-04-14 01:00:00,Add Sales Order Item
EV014203,2026-04-14 01:00:00,Add Sales Order Item
EV014968,2026-04-14 01:00:00,Add Sales Order Item
EV007767,2026-04-14 01:00:00,Add Sales Order Item
EV015169,2026-04-14 01:00:00,Add Sales Order Item
EV007764,2026-04-14 01:00:00,Add Sales Order Item
EV002533,2026-04-14 08:00:00,Put Away
EV015071,2026-04-15 00:00:00,Create Sales Order
EV012138,2026-04-15 00:00:00,Create Sales Order
EV002921,2026-04-15 00:00:00,Receive Goods
EV005979,2026-04-15 00:00:00,Ship Product
EV014461,2026-04-15 00:00:00,Complete Sale
EV013103,2026-04-15 00:00:00,Ship Product
EV009041,2026-04-15 00:00:00,Create Sales Order
EV014455,2026-04-15 00:00:00,Complete Sale
EV014454,2026-04-15 00:00:00,Ship Product
EV007948,2026-04-15 00:00:00,Ship Product
EV007949,2026-04-15 00:00:00,Complete Sale
EV014797,2026-04-15 00:00:00,Complete Sale
EV011864,2026-04-15 00:00:00,Create Sales Order
EV014796,2026-04-15 00:00:00,Ship Product
EV013098,2026-04-15 00:00:00,Complete Sale
EV003929,2026-04-15 00:00:00,Receive Goods
EV008357,2026-04-15 00:00:00,Ship Product
EV008358,2026-04-15 00:00:00,Complete Sale
EV011038,2026-04-15 00:00:00,Create Sales Order
EV011613,2026-04-15 00:00:00,Create Sales Order
EV003139,2026-04-15 00:00:00,Receive Goods
EV015072,2026-04-15 01:00:00,Add Sales Order Item
EV015078,2026-04-15 01:00:00,Add Sales Order Item
EV011045,2026-04-15 01:00:00,Add Sales Order Item
EV015075,2026-04-15 01:00:00,Add Sales Order Item
EV011868,2026-04-15 01:00:00,Add Sales Order Item
EV011042,2026-04-15 01:00:00,Add Sales Order Item
EV012142,2026-04-15 01:00:00,Add Sales Order Item
EV009045,2026-04-15 01:00:00,Add Sales Order Item
EV011614,2026-04-15 01:00:00,Add Sales Order Item
EV009042,2026-04-15 01:00:00,Add Sales Order Item
EV011871,2026-04-15 01:00:00,Add Sales Order Item
EV011865,2026-04-15 01:00:00,Add Sales Order Item
EV012139,2026-04-15 01:00:00,Add Sales Order Item
EV011039,2026-04-15 01:00:00,Add Sales Order Item
EV003140,2026-04-15 08:00:00,Put Away
EV003930,2026-04-15 08:00:00,Put Away
EV002922,2026-04-15 08:00:00,Put Away
EV009043,2026-04-16 00:00:00,Ship Product
EV014009,2026-04-16 00:00:00,Create Sales Order
EV013755,2026-04-16 00:00:00,Create Sales Order
EV009215,2026-04-16 00:00:00,Create Sales Order
EV009046,2026-04-16 00:00:00,Ship Product
EV011341,2026-04-16 00:00:00,Create Sales Order
EV013896,2026-04-16 00:00:00,Create Sales Order
EV008591,2026-04-16 00:00:00,Ship Product
EV011872,2026-04-16 00:00:00,Ship Product
EV015073,2026-04-16 00:00:00,Ship Product
EV011869,2026-04-16 00:00:00,Ship Product
EV015074,2026-04-16 00:00:00,Complete Sale
EV011088,2026-04-16 00:00:00,Complete Sale
EV015000,2026-04-16 00:00:00,Create Sales Order
EV007394,2026-04-16 00:00:00,Create Sales Order
EV011046,2026-04-16 00:00:00,Ship Product
EV006593,2026-04-16 00:00:00,Return Product
EV011040,2026-04-16 00:00:00,Ship Product
EV010105,2026-04-16 00:00:00,Create Sales Order
EV014202,2026-04-16 00:00:00,Complete Sale
EV014201,2026-04-16 00:00:00,Ship Product
EV010486,2026-04-16 00:00:00,Complete Sale
EV010760,2026-04-16 00:00:00,Create Sales Order
EV009584,2026-04-16 00:00:00,Return Product
EV009216,2026-04-16 01:00:00,Add Sales Order Item
EV009219,2026-04-16 01:00:00,Add Sales Order Item
EV014010,2026-04-16 01:00:00,Add Sales Order Item
EV009222,2026-04-16 01:00:00,Add Sales Order Item
EV014013,2026-04-16 01:00:00,Add Sales Order Item
EV013756,2026-04-16 01:00:00,Add Sales Order Item
EV007398,2026-04-16 01:00:00,Add Sales Order Item
EV015005,2026-04-16 01:00:00,Add Sales Order Item
EV011342,2026-04-16 01:00:00,Add Sales Order Item
EV010106,2026-04-16 01:00:00,Add Sales Order Item
EV010109,2026-04-16 01:00:00,Add Sales Order Item
EV010112,2026-04-16 01:00:00,Add Sales Order Item
EV013897,2026-04-16 01:00:00,Add Sales Order Item
EV010761,2026-04-16 01:00:00,Add Sales Order Item
EV010764,2026-04-16 01:00:00,Add Sales Order Item
EV007395,2026-04-16 01:00:00,Add Sales Order Item
EV015001,2026-04-16 01:00:00,Add Sales Order Item
EV015008,2026-04-16 01:00:00,Add Sales Order Item
EV014016,2026-04-16 01:00:00,Add Sales Order Item
EV015170,2026-04-17 00:00:00,Ship Product
EV011870,2026-04-17 00:00:00,Complete Sale
EV009847,2026-04-17 00:00:00,Create Sales Order
EV005980,2026-04-17 00:00:00,Complete Sale
EV008490,2026-04-17 00:00:00,Return Product
EV008231,2026-04-17 00:00:00,Create Sales Order
EV004752,2026-04-17 00:00:00,Receive Goods
EV011616,2026-04-17 00:00:00,Complete Sale
EV008354,2026-04-17 00:00:00,Ship Product
EV013758,2026-04-17 00:00:00,Complete Sale
EV013757,2026-04-17 00:00:00,Ship Product
EV011615,2026-04-17 00:00:00,Ship Product
EV009047,2026-04-17 00:00:00,Complete Sale
EV013104,2026-04-17 00:00:00,Complete Sale
EV008597,2026-04-17 00:00:00,Ship Product
EV008351,2026-04-17 00:00:00,Ship Product
EV009217,2026-04-17 00:00:00,Ship Product
EV013100,2026-04-17 00:00:00,Ship Product
EV011344,2026-04-17 00:00:00,Complete Sale
EV013063,2026-04-17 00:00:00,Create Sales Order
EV010762,2026-04-17 00:00:00,Ship Product
EV011343,2026-04-17 00:00:00,Ship Product
EV014969,2026-04-17 00:00:00,Ship Product
EV009854,2026-04-17 01:00:00,Add Sales Order Item
EV009848,2026-04-17 01:00:00,Add Sales Order Item
EV013067,2026-04-17 01:00:00,Add Sales Order Item
EV009851,2026-04-17 01:00:00,Add Sales Order Item
EV013071,2026-04-17 01:00:00,Add Sales Order Item
EV008235,2026-04-17 01:00:00,Add Sales Order Item
EV013064,2026-04-17 01:00:00,Add Sales Order Item
EV008232,2026-04-17 01:00:00,Add Sales Order Item
EV004753,2026-04-17 08:00:00,Put Away
EV010111,2026-04-18 00:00:00,Complete Sale
EV010110,2026-04-18 00:00:00,Ship Product
EV012141,2026-04-18 00:00:00,Complete Sale
EV012140,2026-04-18 00:00:00,Ship Product
EV009044,2026-04-18 00:00:00,Complete Sale
EV015171,2026-04-18 00:00:00,Complete Sale
EV011047,2026-04-18 00:00:00,Complete Sale
EV012143,2026-04-18 00:00:00,Ship Product
EV013068,2026-04-18 00:00:00,Ship Product
EV013069,2026-04-18 00:00:00,Complete Sale
EV002535,2026-04-18 00:00:00,Receive Goods
EV011041,2026-04-18 00:00:00,Complete Sale
EV015172,2026-04-18 00:00:00,Create Sales Order
EV014970,2026-04-18 00:00:00,Complete Sale
EV008592,2026-04-18 00:00:00,Complete Sale
EV002924,2026-04-18 00:00:00,Receive Goods
EV011873,2026-04-18 00:00:00,Complete Sale
EV009218,2026-04-18 00:00:00,Complete Sale
EV009853,2026-04-18 00:00:00,Complete Sale
EV007771,2026-04-18 00:00:00,Ship Product
EV014017,2026-04-18 00:00:00,Ship Product
EV012541,2026-04-18 00:00:00,Create Sales Order
EV007768,2026-04-18 00:00:00,Ship Product
EV009852,2026-04-18 00:00:00,Ship Product
EV010763,2026-04-18 00:00:00,Complete Sale
EV007765,2026-04-18 00:00:00,Ship Product
EV015076,2026-04-18 00:00:00,Ship Product
EV008355,2026-04-18 00:00:00,Complete Sale
EV008598,2026-04-18 00:00:00,Complete Sale
EV012542,2026-04-18 01:00:00,Add Sales Order Item
EV015173,2026-04-18 01:00:00,Add Sales Order Item
EV002925,2026-04-18 08:00:00,Put Away
EV002536,2026-04-18 08:00:00,Put Away
EV008352,2026-04-19 00:00:00,Complete Sale
EV014011,2026-04-19 00:00:00,Ship Product
EV013101,2026-04-19 00:00:00,Complete Sale
EV006970,2026-04-19 00:00:00,Create Sales Order
EV011866,2026-04-19 00:00:00,Ship Product
EV010107,2026-04-19 00:00:00,Ship Product
EV010108,2026-04-19 00:00:00,Complete Sale
EV011044,2026-04-19 00:00:00,Complete Sale
EV003142,2026-04-19 00:00:00,Receive Goods
EV008233,2026-04-19 00:00:00,Ship Product
EV010339,2026-04-19 00:00:00,Create Sales Order
EV014204,2026-04-19 00:00:00,Ship Product
EV014015,2026-04-19 00:00:00,Complete Sale
EV014014,2026-04-19 00:00:00,Ship Product
EV011043,2026-04-19 00:00:00,Ship Product
EV014012,2026-04-19 00:00:00,Complete Sale
EV006974,2026-04-19 01:00:00,Add Sales Order Item
EV006971,2026-04-19 01:00:00,Add Sales Order Item
EV010346,2026-04-19 01:00:00,Add Sales Order Item
EV010340,2026-04-19 01:00:00,Add Sales Order Item
EV010343,2026-04-19 01:00:00,Add Sales Order Item
EV003143,2026-04-19 08:00:00,Put Away
EV007766,2026-04-20 00:00:00,Complete Sale
EV013898,2026-04-20 00:00:00,Ship Product
EV010344,2026-04-20 00:00:00,Ship Product
EV010765,2026-04-20 00:00:00,Ship Product
EV008236,2026-04-20 00:00:00,Ship Product
EV015079,2026-04-20 00:00:00,Ship Product
EV015080,2026-04-20 00:00:00,Complete Sale
EV008234,2026-04-20 00:00:00,Complete Sale
EV005738,2026-04-20 00:00:00,Create Sales Order
EV010113,2026-04-20 00:00:00,Ship Product
EV015077,2026-04-20 00:00:00,Complete Sale
EV007772,2026-04-20 00:00:00,Complete Sale
EV007769,2026-04-20 00:00:00,Complete Sale
EV007240,2026-04-20 00:00:00,Create Sales Order
EV013065,2026-04-20 00:00:00,Ship Product
EV007397,2026-04-20 00:00:00,Complete Sale
EV007396,2026-04-20 00:00:00,Ship Product
EV009856,2026-04-20 00:00:00,Complete Sale
EV015006,2026-04-20 00:00:00,Ship Product
EV011867,2026-04-20 00:00:00,Complete Sale
EV009855,2026-04-20 00:00:00,Ship Product
EV009849,2026-04-20 00:00:00,Ship Product
EV014018,2026-04-20 00:00:00,Complete Sale
EV015002,2026-04-20 00:00:00,Ship Product
EV013072,2026-04-20 00:00:00,Ship Product
EV009223,2026-04-20 00:00:00,Ship Product
EV012144,2026-04-20 00:00:00,Complete Sale
EV013073,2026-04-20 00:00:00,Complete Sale
EV005739,2026-04-20 01:00:00,Add Sales Order Item
EV007247,2026-04-20 01:00:00,Add Sales Order Item
EV007241,2026-04-20 01:00:00,Add Sales Order Item
EV007244,2026-04-20 01:00:00,Add Sales Order Item
EV009850,2026-04-21 00:00:00,Complete Sale
EV014386,2026-04-21 00:00:00,Create Sales Order
EV010341,2026-04-21 00:00:00,Ship Product
EV009221,2026-04-21 00:00:00,Complete Sale
EV014205,2026-04-21 00:00:00,Complete Sale
EV007399,2026-04-21 00:00:00,Ship Product
EV006246,2026-04-21 00:00:00,Create Sales Order
EV009220,2026-04-21 00:00:00,Ship Product
EV013472,2026-04-21 00:00:00,Create Sales Order
EV015010,2026-04-21 00:00:00,Complete Sale
EV010766,2026-04-21 00:00:00,Complete Sale
EV015174,2026-04-21 00:00:00,Ship Product
EV010114,2026-04-21 00:00:00,Complete Sale
EV013066,2026-04-21 00:00:00,Complete Sale
EV008237,2026-04-21 00:00:00,Complete Sale
EV007242,2026-04-21 00:00:00,Ship Product
EV000568,2026-04-21 00:00:00,Receive Goods
EV015007,2026-04-21 00:00:00,Complete Sale
EV015003,2026-04-21 00:00:00,Complete Sale
EV000566,2026-04-21 00:00:00,Receive Goods
EV015009,2026-04-21 00:00:00,Ship Product
EV013479,2026-04-21 01:00:00,Add Sales Order Item
EV013476,2026-04-21 01:00:00,Add Sales Order Item
EV013473,2026-04-21 01:00:00,Add Sales Order Item
EV006247,2026-04-21 01:00:00,Add Sales Order Item
EV006250,2026-04-21 01:00:00,Add Sales Order Item
EV014387,2026-04-21 01:00:00,Add Sales Order Item
EV014390,2026-04-21 01:00:00,Add Sales Order Item
EV006253,2026-04-21 01:00:00,Add Sales Order Item
EV000569,2026-04-21 08:00:00,Put Away
EV000567,2026-04-21 08:00:00,Put Away
EV007400,2026-04-22 00:00:00,Complete Sale
EV007245,2026-04-22 00:00:00,Ship Product
EV013899,2026-04-22 00:00:00,Complete Sale
EV015175,2026-04-22 00:00:00,Complete Sale
EV007248,2026-04-22 00:00:00,Ship Product
EV011089,2026-04-22 00:00:00,Return Product
EV010342,2026-04-22 00:00:00,Complete Sale
EV010345,2026-04-22 00:00:00,Complete Sale
EV012145,2026-04-22 00:00:00,Return Product
EV003935,2026-04-22 00:00:00,Receive Goods
EV009224,2026-04-22 00:00:00,Complete Sale
EV003936,2026-04-22 08:00:00,Put Away
EV007249,2026-04-23 00:00:00,Complete Sale
EV006254,2026-04-23 00:00:00,Ship Product
EV012381,2026-04-23 00:00:00,Create Sales Order
EV013475,2026-04-23 00:00:00,Complete Sale
EV013474,2026-04-23 00:00:00,Ship Product
EV009026,2026-04-23 00:00:00,Create Sales Order
EV007243,2026-04-23 00:00:00,Complete Sale
EV014388,2026-04-23 00:00:00,Ship Product
EV013837,2026-04-23 00:00:00,Create Sales Order
EV007246,2026-04-23 00:00:00,Complete Sale
EV006975,2026-04-23 00:00:00,Ship Product
EV010347,2026-04-23 00:00:00,Ship Product
EV009765,2026-04-23 00:00:00,Create Sales Order
EV012543,2026-04-23 00:00:00,Ship Product
EV005996,2026-04-23 00:00:00,Create Sales Order
EV012845,2026-04-23 00:00:00,Create Sales Order
EV013838,2026-04-23 01:00:00,Add Sales Order Item
EV012382,2026-04-23 01:00:00,Add Sales Order Item
EV009027,2026-04-23 01:00:00,Add Sales Order Item
EV012846,2026-04-23 01:00:00,Add Sales Order Item
EV009030,2026-04-23 01:00:00,Add Sales Order Item
EV009766,2026-04-23 01:00:00,Add Sales Order Item
EV005997,2026-04-23 01:00:00,Add Sales Order Item
EV009772,2026-04-23 01:00:00,Add Sales Order Item
EV009769,2026-04-23 01:00:00,Add Sales Order Item
EV009770,2026-04-24 00:00:00,Ship Product
EV011609,2026-04-24 00:00:00,Create Sales Order
EV012544,2026-04-24 00:00:00,Complete Sale
EV013564,2026-04-24 00:00:00,Create Sales Order
EV006972,2026-04-24 00:00:00,Ship Product
EV006973,2026-04-24 00:00:00,Complete Sale
EV010359,2026-04-24 00:00:00,Create Sales Order
EV006976,2026-04-24 00:00:00,Complete Sale
EV012575,2026-04-24 00:00:00,Create Sales Order
EV014177,2026-04-24 00:00:00,Create Sales Order
EV000573,2026-04-24 00:00:00,Receive Goods
EV012384,2026-04-24 00:00:00,Complete Sale
EV012383,2026-04-24 00:00:00,Ship Product
EV013477,2026-04-24 00:00:00,Ship Product
EV013478,2026-04-24 00:00:00,Complete Sale
EV009031,2026-04-24 00:00:00,Ship Product
EV014392,2026-04-24 00:00:00,Complete Sale
EV014391,2026-04-24 00:00:00,Ship Product
EV000571,2026-04-24 00:00:00,Receive Goods
EV013568,2026-04-24 01:00:00,Add Sales Order Item
EV012576,2026-04-24 01:00:00,Add Sales Order Item
EV010360,2026-04-24 01:00:00,Add Sales Order Item
EV013565,2026-04-24 01:00:00,Add Sales Order Item
EV011610,2026-04-24 01:00:00,Add Sales Order Item
EV010363,2026-04-24 01:00:00,Add Sales Order Item
EV014178,2026-04-24 01:00:00,Add Sales Order Item
EV000572,2026-04-24 08:00:00,Put Away
EV000574,2026-04-24 08:00:00,Put Away
EV010029,2026-04-25 00:00:00,Create Sales Order
EV013375,2026-04-25 00:00:00,Create Sales Order
EV013480,2026-04-25 00:00:00,Ship Product
EV005740,2026-04-25 00:00:00,Ship Product
EV005741,2026-04-25 00:00:00,Complete Sale
EV013481,2026-04-25 00:00:00,Complete Sale
EV006255,2026-04-25 00:00:00,Complete Sale
EV009032,2026-04-25 00:00:00,Complete Sale
EV011392,2026-04-25 00:00:00,Create Sales Order
EV014389,2026-04-25 00:00:00,Complete Sale
EV011611,2026-04-25 00:00:00,Ship Product
EV003145,2026-04-25 00:00:00,Receive Goods
EV010361,2026-04-25 00:00:00,Ship Product
EV010348,2026-04-25 00:00:00,Complete Sale
EV014101,2026-04-25 00:00:00,Create Sales Order
EV011396,2026-04-25 01:00:00,Add Sales Order Item
EV010030,2026-04-25 01:00:00,Add Sales Order Item
EV011393,2026-04-25 01:00:00,Add Sales Order Item
EV010033,2026-04-25 01:00:00,Add Sales Order Item
EV011399,2026-04-25 01:00:00,Add Sales Order Item
EV010036,2026-04-25 01:00:00,Add Sales Order Item
EV014102,2026-04-25 01:00:00,Add Sales Order Item
EV013376,2026-04-25 01:00:00,Add Sales Order Item
EV013380,2026-04-25 01:00:00,Add Sales Order Item
EV014108,2026-04-25 01:00:00,Add Sales Order Item
EV014105,2026-04-25 01:00:00,Add Sales Order Item
EV013383,2026-04-25 01:00:00,Add Sales Order Item
EV003146,2026-04-25 08:00:00,Put Away
EV009773,2026-04-26 00:00:00,Ship Product
EV014106,2026-04-26 00:00:00,Ship Product
EV009771,2026-04-26 00:00:00,Complete Sale
EV009767,2026-04-26 00:00:00,Ship Product
EV005998,2026-04-26 00:00:00,Ship Product
EV014180,2026-04-26 00:00:00,Complete Sale
EV013871,2026-04-26 00:00:00,Create Sales Order
EV014179,2026-04-26 00:00:00,Ship Product
EV006251,2026-04-26 00:00:00,Ship Product
EV010362,2026-04-26 00:00:00,Complete Sale
EV011612,2026-04-26 00:00:00,Complete Sale
EV010365,2026-04-26 00:00:00,Complete Sale
EV010364,2026-04-26 00:00:00,Ship Product
EV009028,2026-04-26 00:00:00,Ship Product
EV006248,2026-04-26 00:00:00,Ship Product
EV013872,2026-04-26 01:00:00,Add Sales Order Item
EV013878,2026-04-26 01:00:00,Add Sales Order Item
EV013875,2026-04-26 01:00:00,Add Sales Order Item
EV006249,2026-04-27 00:00:00,Complete Sale
EV013396,2026-04-27 00:00:00,Create Sales Order
EV005999,2026-04-27 00:00:00,Complete Sale
EV006019,2026-04-27 00:00:00,Create Sales Order
EV008849,2026-04-27 00:00:00,Create Sales Order
EV010034,2026-04-27 00:00:00,Ship Product
EV014107,2026-04-27 00:00:00,Complete Sale
EV013566,2026-04-27 00:00:00,Ship Product
EV006252,2026-04-27 00:00:00,Complete Sale
EV013879,2026-04-27 00:00:00,Ship Product
EV009768,2026-04-27 00:00:00,Complete Sale
EV013569,2026-04-27 00:00:00,Ship Product
EV012578,2026-04-27 00:00:00,Complete Sale
EV012577,2026-04-27 00:00:00,Ship Product
EV013570,2026-04-27 00:00:00,Complete Sale
EV013882,2026-04-27 00:00:00,Create Sales Order
EV013377,2026-04-27 00:00:00,Ship Product
EV010037,2026-04-27 00:00:00,Ship Product
EV008850,2026-04-27 01:00:00,Add Sales Order Item
EV008853,2026-04-27 01:00:00,Add Sales Order Item
EV013397,2026-04-27 01:00:00,Add Sales Order Item
EV013883,2026-04-27 01:00:00,Add Sales Order Item
EV013886,2026-04-27 01:00:00,Add Sales Order Item
EV006023,2026-04-27 01:00:00,Add Sales Order Item
EV006020,2026-04-27 01:00:00,Add Sales Order Item
EV009618,2026-04-28 00:00:00,Create Sales Order
EV013381,2026-04-28 00:00:00,Ship Product
EV013888,2026-04-28 00:00:00,Complete Sale
EV013887,2026-04-28 00:00:00,Ship Product
EV011394,2026-04-28 00:00:00,Ship Product
EV009029,2026-04-28 00:00:00,Complete Sale
EV014661,2026-04-28 00:00:00,Create Sales Order
EV006024,2026-04-28 00:00:00,Ship Product
EV009774,2026-04-28 00:00:00,Complete Sale
EV013567,2026-04-28 00:00:00,Complete Sale
EV012628,2026-04-28 00:00:00,Create Sales Order
EV013839,2026-04-28 00:00:00,Ship Product
EV012847,2026-04-28 00:00:00,Ship Product
EV013384,2026-04-28 00:00:00,Ship Product
EV006025,2026-04-28 00:00:00,Complete Sale
EV012975,2026-04-28 00:00:00,Create Sales Order
EV014109,2026-04-28 00:00:00,Ship Product
EV013876,2026-04-28 00:00:00,Ship Product
EV012976,2026-04-28 01:00:00,Add Sales Order Item
EV009619,2026-04-28 01:00:00,Add Sales Order Item
EV014662,2026-04-28 01:00:00,Add Sales Order Item
EV012629,2026-04-28 01:00:00,Add Sales Order Item
EV012979,2026-04-28 01:00:00,Add Sales Order Item
EV012632,2026-04-28 01:00:00,Add Sales Order Item
EV011400,2026-04-29 00:00:00,Ship Product
EV014181,2026-04-29 00:00:00,Create Sales Order
EV010035,2026-04-29 00:00:00,Complete Sale
EV010038,2026-04-29 00:00:00,Complete Sale
EV011397,2026-04-29 00:00:00,Ship Product
EV014110,2026-04-29 00:00:00,Complete Sale
EV013880,2026-04-29 00:00:00,Complete Sale
EV006022,2026-04-29 00:00:00,Complete Sale
EV013382,2026-04-29 00:00:00,Complete Sale
EV006021,2026-04-29 00:00:00,Ship Product
EV014103,2026-04-29 00:00:00,Ship Product
EV012848,2026-04-29 00:00:00,Complete Sale
EV013877,2026-04-29 00:00:00,Complete Sale
EV011395,2026-04-29 00:00:00,Complete Sale
EV013840,2026-04-29 00:00:00,Complete Sale
EV010031,2026-04-29 00:00:00,Ship Product
EV008851,2026-04-29 00:00:00,Ship Product
EV010060,2026-04-29 00:00:00,Create Sales Order
EV013378,2026-04-29 00:00:00,Complete Sale
EV011401,2026-04-29 00:00:00,Complete Sale
EV012977,2026-04-29 00:00:00,Ship Product
EV014182,2026-04-29 01:00:00,Add Sales Order Item
EV010067,2026-04-29 01:00:00,Add Sales Order Item
EV014185,2026-04-29 01:00:00,Add Sales Order Item
EV010061,2026-04-29 01:00:00,Add Sales Order Item
EV010064,2026-04-29 01:00:00,Add Sales Order Item
EV009620,2026-04-30 00:00:00,Ship Product
EV008886,2026-04-30 00:00:00,Return Product
EV011398,2026-04-30 00:00:00,Complete Sale
EV006432,2026-04-30 00:00:00,Create Sales Order
EV008854,2026-04-30 00:00:00,Ship Product
EV010062,2026-04-30 00:00:00,Ship Product
EV013385,2026-04-30 00:00:00,Complete Sale
EV011605,2026-04-30 00:00:00,Create Sales Order
EV009621,2026-04-30 00:00:00,Complete Sale
EV014186,2026-04-30 00:00:00,Ship Product
EV014187,2026-04-30 00:00:00,Complete Sale
EV007587,2026-04-30 00:00:00,Create Sales Order
EV013873,2026-04-30 00:00:00,Ship Product
EV011606,2026-04-30 01:00:00,Add Sales Order Item
EV006439,2026-04-30 01:00:00,Add Sales Order Item
EV007591,2026-04-30 01:00:00,Add Sales Order Item
EV007588,2026-04-30 01:00:00,Add Sales Order Item
EV006433,2026-04-30 01:00:00,Add Sales Order Item
EV006436,2026-04-30 01:00:00,Add Sales Order Item
EV013379,2026-05-01 00:00:00,Return Product
EV012630,2026-05-01 00:00:00,Ship Product
EV014104,2026-05-01 00:00:00,Complete Sale
EV012631,2026-05-01 00:00:00,Complete Sale
EV009572,2026-05-01 00:00:00,Create Sales Order
EV008852,2026-05-01 00:00:00,Complete Sale
EV012978,2026-05-01 00:00:00,Complete Sale
EV013398,2026-05-01 00:00:00,Ship Product
EV013629,2026-05-01 00:00:00,Create Sales Order
EV010224,2026-05-01 00:00:00,Create Sales Order
EV013399,2026-05-01 00:00:00,Complete Sale
EV013874,2026-05-01 00:00:00,Complete Sale
EV010032,2026-05-01 00:00:00,Complete Sale
EV012633,2026-05-01 00:00:00,Ship Product
EV009146,2026-05-01 00:00:00,Create Sales Order
EV009153,2026-05-01 01:00:00,Add Sales Order Item
EV013630,2026-05-01 01:00:00,Add Sales Order Item
EV010228,2026-05-01 01:00:00,Add Sales Order Item
EV009147,2026-05-01 01:00:00,Add Sales Order Item
EV010231,2026-05-01 01:00:00,Add Sales Order Item
EV009150,2026-05-01 01:00:00,Add Sales Order Item
EV009573,2026-05-01 01:00:00,Add Sales Order Item
EV010225,2026-05-01 01:00:00,Add Sales Order Item
EV009576,2026-05-01 01:00:00,Add Sales Order Item
EV014737,2026-05-02 00:00:00,Create Sales Order
EV007592,2026-05-02 00:00:00,Ship Product
EV006434,2026-05-02 00:00:00,Ship Product
EV006440,2026-05-02 00:00:00,Ship Product
EV008081,2026-05-02 00:00:00,Create Sales Order
EV006435,2026-05-02 00:00:00,Complete Sale
EV010063,2026-05-02 00:00:00,Complete Sale
EV008427,2026-05-02 00:00:00,Create Sales Order
EV009151,2026-05-02 00:00:00,Ship Product
EV008855,2026-05-02 00:00:00,Complete Sale
EV009148,2026-05-02 00:00:00,Ship Product
EV013884,2026-05-02 00:00:00,Ship Product
EV006441,2026-05-02 00:00:00,Complete Sale
EV014741,2026-05-02 01:00:00,Add Sales Order Item
EV014744,2026-05-02 01:00:00,Add Sales Order Item
EV008082,2026-05-02 01:00:00,Add Sales Order Item
EV008431,2026-05-02 01:00:00,Add Sales Order Item
EV008428,2026-05-02 01:00:00,Add Sales Order Item
EV014738,2026-05-02 01:00:00,Add Sales Order Item
EV008429,2026-05-03 00:00:00,Ship Product
EV012056,2026-05-03 00:00:00,Create Sales Order
EV010065,2026-05-03 00:00:00,Ship Product
EV010068,2026-05-03 00:00:00,Ship Product
EV012634,2026-05-03 00:00:00,Complete Sale
EV012980,2026-05-03 00:00:00,Ship Product
EV009511,2026-05-03 00:00:00,Create Sales Order
EV009574,2026-05-03 00:00:00,Ship Product
EV014664,2026-05-03 00:00:00,Complete Sale
EV010232,2026-05-03 00:00:00,Ship Product
EV007593,2026-05-03 00:00:00,Complete Sale
EV010233,2026-05-03 00:00:00,Complete Sale
EV009152,2026-05-03 00:00:00,Complete Sale
EV014663,2026-05-03 00:00:00,Ship Product
EV012057,2026-05-03 01:00:00,Add Sales Order Item
EV009512,2026-05-03 01:00:00,Add Sales Order Item
EV012060,2026-05-03 01:00:00,Add Sales Order Item
EV009515,2026-05-03 01:00:00,Add Sales Order Item
EV014183,2026-05-04 00:00:00,Ship Product
EV009149,2026-05-04 00:00:00,Complete Sale
EV013885,2026-05-04 00:00:00,Complete Sale
EV009575,2026-05-04 00:00:00,Complete Sale
EV008083,2026-05-04 00:00:00,Ship Product
EV011608,2026-05-04 00:00:00,Complete Sale
EV010868,2026-05-04 00:00:00,Create Sales Order
EV011607,2026-05-04 00:00:00,Ship Product
EV012561,2026-05-04 00:00:00,Create Sales Order
EV011805,2026-05-04 00:00:00,Create Sales Order
EV006437,2026-05-04 00:00:00,Ship Product
EV010066,2026-05-04 00:00:00,Complete Sale
EV010069,2026-05-04 00:00:00,Complete Sale
EV006438,2026-05-04 00:00:00,Complete Sale
EV008071,2026-05-04 00:00:00,Create Sales Order
EV010505,2026-05-04 00:00:00,Create Sales Order
EV012273,2026-05-04 00:00:00,Create Sales Order
EV014746,2026-05-04 00:00:00,Complete Sale
EV014745,2026-05-04 00:00:00,Ship Product
EV014255,2026-05-04 00:00:00,Create Sales Order
EV008615,2026-05-04 00:00:00,Return Product
EV010304,2026-05-04 00:00:00,Create Sales Order
EV007590,2026-05-04 00:00:00,Complete Sale
EV007589,2026-05-04 00:00:00,Ship Product
EV011806,2026-05-04 01:00:00,Add Sales Order Item
EV014259,2026-05-04 01:00:00,Add Sales Order Item
EV008072,2026-05-04 01:00:00,Add Sales Order Item
EV012568,2026-05-04 01:00:00,Add Sales Order Item
EV012565,2026-05-04 01:00:00,Add Sales Order Item
EV010305,2026-05-04 01:00:00,Add Sales Order Item
EV008078,2026-05-04 01:00:00,Add Sales Order Item
EV010869,2026-05-04 01:00:00,Add Sales Order Item
EV014262,2026-05-04 01:00:00,Add Sales Order Item
EV012562,2026-05-04 01:00:00,Add Sales Order Item
EV010308,2026-05-04 01:00:00,Add Sales Order Item
EV012280,2026-05-04 01:00:00,Add Sales Order Item
EV010506,2026-05-04 01:00:00,Add Sales Order Item
EV012274,2026-05-04 01:00:00,Add Sales Order Item
EV012277,2026-05-04 01:00:00,Add Sales Order Item
EV008075,2026-05-04 01:00:00,Add Sales Order Item
EV014256,2026-05-04 01:00:00,Add Sales Order Item
EV009577,2026-05-05 00:00:00,Ship Product
EV008430,2026-05-05 00:00:00,Complete Sale
EV010487,2026-05-05 00:00:00,Return Product
EV011807,2026-05-05 00:00:00,Ship Product
EV010229,2026-05-05 00:00:00,Ship Product
EV012563,2026-05-05 00:00:00,Ship Product
EV009513,2026-05-05 00:00:00,Ship Product
EV012981,2026-05-05 00:00:00,Complete Sale
EV010507,2026-05-05 00:00:00,Ship Product
EV008084,2026-05-05 00:00:00,Complete Sale
EV013660,2026-05-05 00:00:00,Create Sales Order
EV013661,2026-05-05 01:00:00,Add Sales Order Item
EV014742,2026-05-06 00:00:00,Ship Product
EV010508,2026-05-06 00:00:00,Complete Sale
EV010870,2026-05-06 00:00:00,Ship Product
EV014076,2026-05-06 00:00:00,Create Sales Order
EV012569,2026-05-06 00:00:00,Ship Product
EV009514,2026-05-06 00:00:00,Complete Sale
EV012570,2026-05-06 00:00:00,Complete Sale
EV014263,2026-05-06 00:00:00,Ship Product
EV014264,2026-05-06 00:00:00,Complete Sale
EV013662,2026-05-06 00:00:00,Ship Product
EV009154,2026-05-06 00:00:00,Ship Product
EV010226,2026-05-06 00:00:00,Ship Product
EV013631,2026-05-06 00:00:00,Ship Product
EV011093,2026-05-06 00:00:00,Create Sales Order
EV006604,2026-05-06 00:00:00,Create Sales Order
EV014184,2026-05-06 00:00:00,Complete Sale
EV014739,2026-05-06 00:00:00,Ship Product
EV012113,2026-05-06 00:00:00,Create Sales Order
EV014077,2026-05-06 01:00:00,Add Sales Order Item
EV014080,2026-05-06 01:00:00,Add Sales Order Item
EV011097,2026-05-06 01:00:00,Add Sales Order Item
EV011100,2026-05-06 01:00:00,Add Sales Order Item
EV014083,2026-05-06 01:00:00,Add Sales Order Item
EV012117,2026-05-06 01:00:00,Add Sales Order Item
EV006608,2026-05-06 01:00:00,Add Sales Order Item
EV011094,2026-05-06 01:00:00,Add Sales Order Item
EV006605,2026-05-06 01:00:00,Add Sales Order Item
EV012114,2026-05-06 01:00:00,Add Sales Order Item
EV010306,2026-05-07 00:00:00,Ship Product
EV013881,2026-05-07 00:00:00,Return Product
EV014260,2026-05-07 00:00:00,Ship Product
EV012915,2026-05-07 00:00:00,Create Sales Order
EV012281,2026-05-07 00:00:00,Ship Product
EV012116,2026-05-07 00:00:00,Complete Sale
EV014740,2026-05-07 00:00:00,Complete Sale
EV008073,2026-05-07 00:00:00,Ship Product
EV012282,2026-05-07 00:00:00,Complete Sale
EV012061,2026-05-07 00:00:00,Ship Product
EV012058,2026-05-07 00:00:00,Ship Product
EV010227,2026-05-07 00:00:00,Complete Sale
EV012115,2026-05-07 00:00:00,Ship Product
EV006609,2026-05-07 00:00:00,Ship Product
EV006610,2026-05-07 00:00:00,Complete Sale
EV014081,2026-05-07 00:00:00,Ship Product
EV009578,2026-05-07 00:00:00,Complete Sale
EV012275,2026-05-07 00:00:00,Ship Product
EV011095,2026-05-07 00:00:00,Ship Product
EV011096,2026-05-07 00:00:00,Complete Sale
EV014743,2026-05-07 00:00:00,Complete Sale
EV010230,2026-05-07 00:00:00,Complete Sale
EV006606,2026-05-07 00:00:00,Ship Product
EV008432,2026-05-07 00:00:00,Ship Product
EV012564,2026-05-07 00:00:00,Complete Sale
EV010309,2026-05-07 00:00:00,Ship Product
EV010307,2026-05-07 00:00:00,Complete Sale
EV011808,2026-05-07 00:00:00,Complete Sale
EV014082,2026-05-07 00:00:00,Complete Sale
EV012919,2026-05-07 01:00:00,Add Sales Order Item
EV012916,2026-05-07 01:00:00,Add Sales Order Item
EV010871,2026-05-08 00:00:00,Complete Sale
EV011125,2026-05-08 00:00:00,Create Sales Order
EV008433,2026-05-08 00:00:00,Complete Sale
EV008076,2026-05-08 00:00:00,Ship Product
EV006607,2026-05-08 00:00:00,Complete Sale
EV012567,2026-05-08 00:00:00,Complete Sale
EV008074,2026-05-08 00:00:00,Complete Sale
EV014993,2026-05-08 00:00:00,Create Sales Order
EV012566,2026-05-08 00:00:00,Ship Product
EV011101,2026-05-08 00:00:00,Ship Product
EV008079,2026-05-08 00:00:00,Ship Product
EV012276,2026-05-08 00:00:00,Complete Sale
EV013663,2026-05-08 00:00:00,Complete Sale
EV014084,2026-05-08 00:00:00,Ship Product
EV014085,2026-05-08 00:00:00,Complete Sale
EV009155,2026-05-08 00:00:00,Complete Sale
EV014078,2026-05-08 00:00:00,Ship Product
EV014261,2026-05-08 00:00:00,Complete Sale
EV012062,2026-05-08 00:00:00,Complete Sale
EV014257,2026-05-08 00:00:00,Ship Product
EV009517,2026-05-08 00:00:00,Complete Sale
EV009516,2026-05-08 00:00:00,Ship Product
EV013632,2026-05-08 00:00:00,Complete Sale
EV007342,2026-05-08 00:00:00,Create Sales Order
EV014994,2026-05-08 01:00:00,Add Sales Order Item
EV011126,2026-05-08 01:00:00,Add Sales Order Item
EV014997,2026-05-08 01:00:00,Add Sales Order Item
EV007343,2026-05-08 01:00:00,Add Sales Order Item
EV012278,2026-05-09 00:00:00,Ship Product
EV012059,2026-05-09 00:00:00,Complete Sale
EV007344,2026-05-09 00:00:00,Ship Product
EV010310,2026-05-09 00:00:00,Complete Sale
EV008077,2026-05-10 00:00:00,Complete Sale
EV012918,2026-05-10 00:00:00,Complete Sale
EV014079,2026-05-10 00:00:00,Complete Sale
EV007345,2026-05-10 00:00:00,Complete Sale
EV014258,2026-05-10 00:00:00,Complete Sale
EV013319,2026-05-10 00:00:00,Create Sales Order
EV008599,2026-05-10 00:00:00,Return Product
EV012119,2026-05-10 00:00:00,Complete Sale
EV011127,2026-05-10 00:00:00,Ship Product
EV011102,2026-05-10 00:00:00,Complete Sale
EV008080,2026-05-10 00:00:00,Complete Sale
EV013633,2026-05-10 00:00:00,Create Sales Order
EV012118,2026-05-10 00:00:00,Ship Product
EV012917,2026-05-10 00:00:00,Ship Product
EV006490,2026-05-10 00:00:00,Create Sales Order
EV008807,2026-05-10 00:00:00,Create Sales Order
EV013637,2026-05-10 01:00:00,Add Sales Order Item
EV013320,2026-05-10 01:00:00,Add Sales Order Item
EV008811,2026-05-10 01:00:00,Add Sales Order Item
EV006491,2026-05-10 01:00:00,Add Sales Order Item
EV013634,2026-05-10 01:00:00,Add Sales Order Item
EV006494,2026-05-10 01:00:00,Add Sales Order Item
EV008808,2026-05-10 01:00:00,Add Sales Order Item
EV008814,2026-05-10 01:00:00,Add Sales Order Item
EV011098,2026-05-11 00:00:00,Ship Product
EV012279,2026-05-11 00:00:00,Complete Sale
EV008815,2026-05-11 00:00:00,Ship Product
EV014998,2026-05-11 00:00:00,Ship Product
EV014679,2026-05-11 00:00:00,Create Sales Order
EV014995,2026-05-11 00:00:00,Ship Product
EV007401,2026-05-11 00:00:00,Create Sales Order
EV006310,2026-05-11 00:00:00,Create Sales Order
EV007402,2026-05-11 01:00:00,Add Sales Order Item
EV006311,2026-05-11 01:00:00,Add Sales Order Item
EV007405,2026-05-11 01:00:00,Add Sales Order Item
EV014680,2026-05-11 01:00:00,Add Sales Order Item
EV006314,2026-05-11 01:00:00,Add Sales Order Item
EV011128,2026-05-12 00:00:00,Complete Sale
EV005463,2026-05-12 00:00:00,Create Sales Order
EV014999,2026-05-12 00:00:00,Complete Sale
EV008812,2026-05-12 00:00:00,Ship Product
EV013934,2026-05-12 00:00:00,Create Sales Order
EV007406,2026-05-12 00:00:00,Ship Product
EV012920,2026-05-12 00:00:00,Ship Product
EV014996,2026-05-12 00:00:00,Complete Sale
EV013935,2026-05-12 01:00:00,Add Sales Order Item
EV005470,2026-05-12 01:00:00,Add Sales Order Item
EV013938,2026-05-12 01:00:00,Add Sales Order Item
EV005467,2026-05-12 01:00:00,Add Sales Order Item
EV005464,2026-05-12 01:00:00,Add Sales Order Item
EV007350,2026-05-13 00:00:00,Create Sales Order
EV011099,2026-05-13 00:00:00,Complete Sale
EV008579,2026-05-13 00:00:00,Create Sales Order
EV007211,2026-05-13 00:00:00,Create Sales Order
EV005468,2026-05-13 00:00:00,Ship Product
EV010294,2026-05-13 00:00:00,Create Sales Order
EV013636,2026-05-13 00:00:00,Complete Sale
EV012924,2026-05-13 00:00:00,Create Sales Order
EV005469,2026-05-13 00:00:00,Complete Sale
EV008813,2026-05-13 00:00:00,Complete Sale
EV013635,2026-05-13 00:00:00,Ship Product
EV013298,2026-05-13 00:00:00,Create Sales Order
EV005465,2026-05-13 00:00:00,Ship Product
EV006442,2026-05-13 00:00:00,Create Sales Order
EV008816,2026-05-13 00:00:00,Complete Sale
EV005466,2026-05-13 00:00:00,Complete Sale
EV010298,2026-05-13 01:00:00,Add Sales Order Item
EV007212,2026-05-13 01:00:00,Add Sales Order Item
EV008586,2026-05-13 01:00:00,Add Sales Order Item
EV007215,2026-05-13 01:00:00,Add Sales Order Item
EV010295,2026-05-13 01:00:00,Add Sales Order Item
EV013305,2026-05-13 01:00:00,Add Sales Order Item
EV008583,2026-05-13 01:00:00,Add Sales Order Item
EV006446,2026-05-13 01:00:00,Add Sales Order Item
EV008580,2026-05-13 01:00:00,Add Sales Order Item
EV012925,2026-05-13 01:00:00,Add Sales Order Item
EV010301,2026-05-13 01:00:00,Add Sales Order Item
EV013302,2026-05-13 01:00:00,Add Sales Order Item
EV013299,2026-05-13 01:00:00,Add Sales Order Item
EV007351,2026-05-13 01:00:00,Add Sales Order Item
EV006443,2026-05-13 01:00:00,Add Sales Order Item
EV007407,2026-05-14 00:00:00,Complete Sale
EV007403,2026-05-14 00:00:00,Ship Product
EV012921,2026-05-14 00:00:00,Complete Sale
EV007822,2026-05-14 00:00:00,Create Sales Order
EV007216,2026-05-14 00:00:00,Ship Product
EV005769,2026-05-14 00:00:00,Create Sales Order
EV006312,2026-05-14 00:00:00,Ship Product
EV006313,2026-05-14 00:00:00,Complete Sale
EV008581,2026-05-14 00:00:00,Ship Product
EV008582,2026-05-14 00:00:00,Complete Sale
EV006315,2026-05-14 00:00:00,Ship Product
EV013321,2026-05-14 00:00:00,Ship Product
EV014873,2026-05-14 00:00:00,Create Sales Order
EV013070,2026-05-14 00:00:00,Return Product
EV013322,2026-05-14 00:00:00,Complete Sale
EV006492,2026-05-14 00:00:00,Ship Product
EV005773,2026-05-14 01:00:00,Add Sales Order Item
EV005770,2026-05-14 01:00:00,Add Sales Order Item
EV007829,2026-05-14 01:00:00,Add Sales Order Item
EV014874,2026-05-14 01:00:00,Add Sales Order Item
EV007826,2026-05-14 01:00:00,Add Sales Order Item
EV007823,2026-05-14 01:00:00,Add Sales Order Item
EV006495,2026-05-15 00:00:00,Ship Product
EV006447,2026-05-15 00:00:00,Ship Product
EV007217,2026-05-15 00:00:00,Complete Sale
EV006493,2026-05-15 00:00:00,Complete Sale
EV013404,2026-05-15 00:00:00,Create Sales Order
EV005471,2026-05-15 00:00:00,Ship Product
EV006448,2026-05-15 00:00:00,Complete Sale
EV006444,2026-05-15 00:00:00,Ship Product
EV009319,2026-05-15 00:00:00,Create Sales Order
EV014681,2026-05-15 00:00:00,Ship Product
EV008810,2026-05-15 00:00:00,Complete Sale
EV008809,2026-05-15 00:00:00,Ship Product
EV012167,2026-05-15 00:00:00,Create Sales Order
EV013638,2026-05-15 00:00:00,Ship Product
EV007213,2026-05-15 00:00:00,Ship Product
EV013939,2026-05-15 00:00:00,Ship Product
EV005774,2026-05-15 00:00:00,Ship Product
EV013405,2026-05-15 01:00:00,Add Sales Order Item
EV013408,2026-05-15 01:00:00,Add Sales Order Item
EV013411,2026-05-15 01:00:00,Add Sales Order Item
EV012171,2026-05-15 01:00:00,Add Sales Order Item
EV012168,2026-05-15 01:00:00,Add Sales Order Item
EV009320,2026-05-15 01:00:00,Add Sales Order Item
EV010303,2026-05-16 00:00:00,Complete Sale
EV006316,2026-05-16 00:00:00,Complete Sale
EV010299,2026-05-16 00:00:00,Ship Product
EV006445,2026-05-16 00:00:00,Complete Sale
EV007830,2026-05-16 00:00:00,Ship Product
EV005553,2026-05-16 00:00:00,Create Sales Order
EV014682,2026-05-16 00:00:00,Complete Sale
EV010302,2026-05-16 00:00:00,Ship Product
EV007404,2026-05-16 00:00:00,Complete Sale
EV005472,2026-05-16 00:00:00,Complete Sale
EV011192,2026-05-16 00:00:00,Create Sales Order
EV005775,2026-05-16 00:00:00,Complete Sale
EV011193,2026-05-16 01:00:00,Add Sales Order Item
EV011200,2026-05-16 01:00:00,Add Sales Order Item
EV011196,2026-05-16 01:00:00,Add Sales Order Item
EV005557,2026-05-16 01:00:00,Add Sales Order Item
EV005554,2026-05-16 01:00:00,Add Sales Order Item
EV006496,2026-05-17 00:00:00,Complete Sale
EV014558,2026-05-17 00:00:00,Create Sales Order
EV013940,2026-05-17 00:00:00,Complete Sale
EV010296,2026-05-17 00:00:00,Ship Product
EV013937,2026-05-17 00:00:00,Complete Sale
EV013936,2026-05-17 00:00:00,Ship Product
EV011197,2026-05-17 00:00:00,Ship Product
EV007353,2026-05-17 00:00:00,Complete Sale
EV007352,2026-05-17 00:00:00,Ship Product
EV014875,2026-05-17 00:00:00,Ship Product
EV007214,2026-05-17 00:00:00,Complete Sale
EV013300,2026-05-17 00:00:00,Ship Product
EV014963,2026-05-17 00:00:00,Create Sales Order
EV013303,2026-05-17 00:00:00,Ship Product
EV013639,2026-05-17 00:00:00,Complete Sale
EV011198,2026-05-17 00:00:00,Complete Sale
EV013019,2026-05-17 00:00:00,Create Sales Order
EV014562,2026-05-17 01:00:00,Add Sales Order Item
EV013020,2026-05-17 01:00:00,Add Sales Order Item
EV014559,2026-05-17 01:00:00,Add Sales Order Item
EV014964,2026-05-17 01:00:00,Add Sales Order Item
EV007824,2026-05-18 00:00:00,Ship Product
EV012926,2026-05-18 00:00:00,Ship Product
EV010300,2026-05-18 00:00:00,Complete Sale
EV007831,2026-05-18 00:00:00,Complete Sale
EV007827,2026-05-18 00:00:00,Ship Product
EV007535,2026-05-18 00:00:00,Create Sales Order
EV014876,2026-05-18 00:00:00,Complete Sale
EV008584,2026-05-18 00:00:00,Ship Product
EV008585,2026-05-18 00:00:00,Complete Sale
EV005772,2026-05-18 00:00:00,Complete Sale
EV013307,2026-05-18 00:00:00,Complete Sale
EV013306,2026-05-18 00:00:00,Ship Product
EV008587,2026-05-18 00:00:00,Ship Product
EV005558,2026-05-18 00:00:00,Ship Product
EV005771,2026-05-18 00:00:00,Ship Product
EV008588,2026-05-18 00:00:00,Complete Sale
EV013021,2026-05-18 00:00:00,Ship Product
EV007536,2026-05-18 01:00:00,Add Sales Order Item
EV012173,2026-05-19 00:00:00,Complete Sale
EV013304,2026-05-19 00:00:00,Complete Sale
EV009579,2026-05-19 00:00:00,Return Product
EV012169,2026-05-19 00:00:00,Ship Product
EV007828,2026-05-19 00:00:00,Complete Sale
EV014019,2026-05-19 00:00:00,Return Product
EV012172,2026-05-19 00:00:00,Ship Product
EV009321,2026-05-19 00:00:00,Ship Product
EV014560,2026-05-19 00:00:00,Ship Product
EV012447,2026-05-19 00:00:00,Create Sales Order
EV010297,2026-05-19 00:00:00,Complete Sale
EV013301,2026-05-19 00:00:00,Complete Sale
EV013409,2026-05-19 00:00:00,Ship Product
EV013406,2026-05-19 00:00:00,Ship Product
EV015004,2026-05-19 00:00:00,Return Product
EV010039,2026-05-19 00:00:00,Return Product
EV012448,2026-05-19 01:00:00,Add Sales Order Item
EV013413,2026-05-20 00:00:00,Complete Sale
EV009322,2026-05-20 00:00:00,Complete Sale
EV007537,2026-05-20 00:00:00,Ship Product
EV013022,2026-05-20 00:00:00,Complete Sale
EV011822,2026-05-20 00:00:00,Create Sales Order
EV005559,2026-05-20 00:00:00,Complete Sale
EV011201,2026-05-20 00:00:00,Ship Product
EV005555,2026-05-20 00:00:00,Ship Product
EV007825,2026-05-20 00:00:00,Complete Sale
EV014561,2026-05-20 00:00:00,Complete Sale
EV012170,2026-05-20 00:00:00,Complete Sale
EV013412,2026-05-20 00:00:00,Ship Product
EV012927,2026-05-20 00:00:00,Complete Sale
EV014501,2026-05-20 00:00:00,Create Sales Order
EV013410,2026-05-20 00:00:00,Complete Sale
EV011826,2026-05-20 01:00:00,Add Sales Order Item
EV014508,2026-05-20 01:00:00,Add Sales Order Item
EV011823,2026-05-20 01:00:00,Add Sales Order Item
EV014502,2026-05-20 01:00:00,Add Sales Order Item
EV014505,2026-05-20 01:00:00,Add Sales Order Item
EV008022,2026-05-21 00:00:00,Create Sales Order
EV014747,2026-05-21 00:00:00,Return Product
EV011402,2026-05-21 00:00:00,Return Product
EV013407,2026-05-21 00:00:00,Complete Sale
EV008856,2026-05-21 00:00:00,Create Sales Order
EV012449,2026-05-21 00:00:00,Ship Product
EV011194,2026-05-21 00:00:00,Ship Product
EV008026,2026-05-21 01:00:00,Add Sales Order Item
EV008023,2026-05-21 01:00:00,Add Sales Order Item
EV008857,2026-05-21 01:00:00,Add Sales Order Item
EV008860,2026-05-21 01:00:00,Add Sales Order Item
EV005556,2026-05-22 00:00:00,Complete Sale
EV008027,2026-05-22 00:00:00,Ship Product
EV008028,2026-05-22 00:00:00,Complete Sale
EV007931,2026-05-22 00:00:00,Create Sales Order
EV007895,2026-05-22 00:00:00,Create Sales Order
EV011202,2026-05-22 00:00:00,Complete Sale
EV014563,2026-05-22 00:00:00,Ship Product
EV014965,2026-05-22 00:00:00,Ship Product
EV014966,2026-05-22 00:00:00,Complete Sale
EV007538,2026-05-22 00:00:00,Complete Sale
EV014497,2026-05-22 00:00:00,Create Sales Order
EV014503,2026-05-22 00:00:00,Ship Product
EV005661,2026-05-22 00:00:00,Create Sales Order
EV005665,2026-05-22 01:00:00,Add Sales Order Item
EV007935,2026-05-22 01:00:00,Add Sales Order Item
EV005662,2026-05-22 01:00:00,Add Sales Order Item
EV007902,2026-05-22 01:00:00,Add Sales Order Item
EV007932,2026-05-22 01:00:00,Add Sales Order Item
EV007896,2026-05-22 01:00:00,Add Sales Order Item
EV007899,2026-05-22 01:00:00,Add Sales Order Item
EV014498,2026-05-22 01:00:00,Add Sales Order Item
EV007901,2026-05-23 00:00:00,Complete Sale
EV007900,2026-05-23 00:00:00,Ship Product
EV014500,2026-05-23 00:00:00,Complete Sale
EV014499,2026-05-23 00:00:00,Ship Product
EV007888,2026-05-23 00:00:00,Create Sales Order
EV012450,2026-05-23 00:00:00,Complete Sale
EV011827,2026-05-23 00:00:00,Ship Product
EV011824,2026-05-23 00:00:00,Ship Product
EV010147,2026-05-23 00:00:00,Create Sales Order
EV011195,2026-05-23 00:00:00,Complete Sale
EV014020,2026-05-23 00:00:00,Create Sales Order
EV008858,2026-05-23 00:00:00,Ship Product
EV010151,2026-05-23 01:00:00,Add Sales Order Item
EV014021,2026-05-23 01:00:00,Add Sales Order Item
EV007889,2026-05-23 01:00:00,Add Sales Order Item
EV007892,2026-05-23 01:00:00,Add Sales Order Item
EV010148,2026-05-23 01:00:00,Add Sales Order Item
EV010154,2026-05-23 01:00:00,Add Sales Order Item
EV014564,2026-05-24 00:00:00,Complete Sale
EV007893,2026-05-24 00:00:00,Ship Product
EV014506,2026-05-24 00:00:00,Ship Product
EV014504,2026-05-24 00:00:00,Complete Sale
EV014022,2026-05-24 00:00:00,Ship Product
EV014023,2026-05-24 00:00:00,Complete Sale
EV010149,2026-05-24 00:00:00,Ship Product
EV011828,2026-05-24 00:00:00,Complete Sale
EV011825,2026-05-24 00:00:00,Complete Sale
EV014509,2026-05-24 00:00:00,Ship Product
EV005622,2026-05-25 00:00:00,Create Sales Order
EV008862,2026-05-25 00:00:00,Complete Sale
EV007894,2026-05-25 00:00:00,Complete Sale
EV010473,2026-05-25 00:00:00,Create Sales Order
EV008859,2026-05-25 00:00:00,Complete Sale
EV010156,2026-05-25 00:00:00,Complete Sale
EV008861,2026-05-25 00:00:00,Ship Product
EV014510,2026-05-25 00:00:00,Complete Sale
EV014507,2026-05-25 00:00:00,Complete Sale
EV010150,2026-05-25 00:00:00,Complete Sale
EV010152,2026-05-25 00:00:00,Ship Product
EV010155,2026-05-25 00:00:00,Ship Product
EV009857,2026-05-25 00:00:00,Create Sales Order
EV005626,2026-05-25 01:00:00,Add Sales Order Item
EV010474,2026-05-25 01:00:00,Add Sales Order Item
EV010480,2026-05-25 01:00:00,Add Sales Order Item
EV009864,2026-05-25 01:00:00,Add Sales Order Item
EV005629,2026-05-25 01:00:00,Add Sales Order Item
EV009861,2026-05-25 01:00:00,Add Sales Order Item
EV009858,2026-05-25 01:00:00,Add Sales Order Item
EV005623,2026-05-25 01:00:00,Add Sales Order Item
EV010477,2026-05-25 01:00:00,Add Sales Order Item
EV005631,2026-05-26 00:00:00,Complete Sale
EV011844,2026-05-26 00:00:00,Create Sales Order
EV007897,2026-05-26 00:00:00,Ship Product
EV005630,2026-05-26 00:00:00,Ship Product
EV011818,2026-05-26 00:00:00,Create Sales Order
EV005627,2026-05-26 00:00:00,Ship Product
EV007890,2026-05-26 00:00:00,Ship Product
EV007898,2026-05-26 00:00:00,Complete Sale
EV008025,2026-05-26 00:00:00,Complete Sale
EV010475,2026-05-26 00:00:00,Ship Product
EV005663,2026-05-26 00:00:00,Ship Product
EV010478,2026-05-26 00:00:00,Ship Product
EV007933,2026-05-26 00:00:00,Ship Product
EV008024,2026-05-26 00:00:00,Ship Product
EV011819,2026-05-26 01:00:00,Add Sales Order Item
EV011845,2026-05-26 01:00:00,Add Sales Order Item
EV007346,2026-05-27 00:00:00,Create Sales Order
EV007903,2026-05-27 00:00:00,Ship Product
EV009952,2026-05-27 00:00:00,Create Sales Order
EV007904,2026-05-27 00:00:00,Complete Sale
EV011694,2026-05-27 00:00:00,Create Sales Order
EV010153,2026-05-27 00:00:00,Complete Sale
EV005666,2026-05-27 00:00:00,Ship Product
EV007937,2026-05-27 00:00:00,Complete Sale
EV007934,2026-05-27 00:00:00,Complete Sale
EV010479,2026-05-27 00:00:00,Complete Sale
EV014430,2026-05-27 00:00:00,Create Sales Order
EV012414,2026-05-27 00:00:00,Create Sales Order
EV010380,2026-05-27 00:00:00,Create Sales Order
EV007936,2026-05-27 00:00:00,Ship Product
EV012415,2026-05-27 01:00:00,Add Sales Order Item
EV014431,2026-05-27 01:00:00,Add Sales Order Item
EV011695,2026-05-27 01:00:00,Add Sales Order Item
EV012421,2026-05-27 01:00:00,Add Sales Order Item
EV007347,2026-05-27 01:00:00,Add Sales Order Item
EV009953,2026-05-27 01:00:00,Add Sales Order Item
EV012418,2026-05-27 01:00:00,Add Sales Order Item
EV010381,2026-05-27 01:00:00,Add Sales Order Item
EV012416,2026-05-28 00:00:00,Ship Product
EV010383,2026-05-28 00:00:00,Complete Sale
EV014730,2026-05-28 00:00:00,Create Sales Order
EV011820,2026-05-28 00:00:00,Ship Product
EV010382,2026-05-28 00:00:00,Ship Product
EV014669,2026-05-28 00:00:00,Create Sales Order
EV007891,2026-05-28 00:00:00,Complete Sale
EV010476,2026-05-28 00:00:00,Complete Sale
EV009862,2026-05-28 00:00:00,Ship Product
EV005628,2026-05-28 00:00:00,Complete Sale
EV005667,2026-05-28 00:00:00,Complete Sale
EV009865,2026-05-28 00:00:00,Ship Product
EV005664,2026-05-28 00:00:00,Complete Sale
EV014670,2026-05-28 01:00:00,Add Sales Order Item
EV014734,2026-05-28 01:00:00,Add Sales Order Item
EV014673,2026-05-28 01:00:00,Add Sales Order Item
EV014676,2026-05-28 01:00:00,Add Sales Order Item
EV014731,2026-05-28 01:00:00,Add Sales Order Item
EV012422,2026-05-29 00:00:00,Ship Product
EV014678,2026-05-29 00:00:00,Complete Sale
EV005625,2026-05-29 00:00:00,Complete Sale
EV005624,2026-05-29 00:00:00,Ship Product
EV007518,2026-05-29 00:00:00,Create Sales Order
EV009860,2026-05-29 00:00:00,Complete Sale
EV014677,2026-05-29 00:00:00,Ship Product
EV009859,2026-05-29 00:00:00,Ship Product
EV014086,2026-05-29 00:00:00,Create Sales Order
EV007522,2026-05-29 01:00:00,Add Sales Order Item
EV007519,2026-05-29 01:00:00,Add Sales Order Item
EV014087,2026-05-29 01:00:00,Add Sales Order Item
EV014090,2026-05-29 01:00:00,Add Sales Order Item
EV014671,2026-05-30 00:00:00,Ship Product
EV010481,2026-05-30 00:00:00,Ship Product
EV011055,2026-05-30 00:00:00,Create Sales Order
EV014324,2026-05-30 00:00:00,Create Sales Order
EV009863,2026-05-30 00:00:00,Complete Sale
EV014091,2026-05-30 00:00:00,Ship Product
EV014092,2026-05-30 00:00:00,Complete Sale
EV009866,2026-05-30 00:00:00,Complete Sale
EV009560,2026-05-30 00:00:00,Create Sales Order
EV012417,2026-05-30 00:00:00,Complete Sale
EV011821,2026-05-30 00:00:00,Complete Sale
EV012419,2026-05-30 00:00:00,Ship Product
EV012423,2026-05-30 00:00:00,Complete Sale
EV009561,2026-05-30 01:00:00,Add Sales Order Item
EV009564,2026-05-30 01:00:00,Add Sales Order Item
EV011056,2026-05-30 01:00:00,Add Sales Order Item
EV014325,2026-05-30 01:00:00,Add Sales Order Item
EV014329,2026-05-30 01:00:00,Add Sales Order Item
EV014332,2026-05-30 01:00:00,Add Sales Order Item
EV007977,2026-05-31 00:00:00,Create Sales Order
EV010482,2026-05-31 00:00:00,Complete Sale
EV014674,2026-05-31 00:00:00,Ship Product
EV014675,2026-05-31 00:00:00,Complete Sale
EV009565,2026-05-31 00:00:00,Ship Product
EV007520,2026-05-31 00:00:00,Ship Product
EV007521,2026-05-31 00:00:00,Complete Sale
EV011172,2026-05-31 00:00:00,Create Sales Order
EV009563,2026-05-31 00:00:00,Complete Sale
EV009562,2026-05-31 00:00:00,Ship Product
EV007349,2026-05-31 00:00:00,Complete Sale
EV011696,2026-05-31 00:00:00,Ship Product
EV014432,2026-05-31 00:00:00,Ship Product
EV007348,2026-05-31 00:00:00,Ship Product
EV012420,2026-05-31 00:00:00,Complete Sale
EV014672,2026-05-31 00:00:00,Complete Sale
EV011847,2026-05-31 00:00:00,Complete Sale
EV011846,2026-05-31 00:00:00,Ship Product
EV007978,2026-05-31 01:00:00,Add Sales Order Item
EV011173,2026-05-31 01:00:00,Add Sales Order Item
EV007981,2026-05-31 01:00:00,Add Sales Order Item
EV011179,2026-05-31 01:00:00,Add Sales Order Item
EV011176,2026-05-31 01:00:00,Add Sales Order Item
EV007985,2026-05-31 01:00:00,Add Sales Order Item
EV009016,2026-06-01 00:00:00,Create Sales Order
EV007986,2026-06-01 00:00:00,Ship Product
EV014089,2026-06-01 00:00:00,Complete Sale
EV009006,2026-06-01 00:00:00,Create Sales Order
EV009566,2026-06-01 00:00:00,Complete Sale
EV014736,2026-06-01 00:00:00,Complete Sale
EV014735,2026-06-01 00:00:00,Ship Product
EV014088,2026-06-01 00:00:00,Ship Product
EV014732,2026-06-01 00:00:00,Ship Product
EV011180,2026-06-01 00:00:00,Ship Product
EV011697,2026-06-01 00:00:00,Complete Sale
EV006773,2026-06-01 00:00:00,Create Sales Order
EV014433,2026-06-01 00:00:00,Complete Sale
EV009954,2026-06-01 00:00:00,Ship Product
EV014330,2026-06-01 00:00:00,Ship Product
EV006780,2026-06-01 01:00:00,Add Sales Order Item
EV009007,2026-06-01 01:00:00,Add Sales Order Item
EV009020,2026-06-01 01:00:00,Add Sales Order Item
EV009023,2026-06-01 01:00:00,Add Sales Order Item
EV009013,2026-06-01 01:00:00,Add Sales Order Item
EV009010,2026-06-01 01:00:00,Add Sales Order Item
EV006777,2026-06-01 01:00:00,Add Sales Order Item
EV009017,2026-06-01 01:00:00,Add Sales Order Item
EV006774,2026-06-01 01:00:00,Add Sales Order Item
EV011058,2026-06-02 00:00:00,Complete Sale
EV011057,2026-06-02 00:00:00,Ship Product
EV009018,2026-06-02 00:00:00,Ship Product
EV014877,2026-06-02 00:00:00,Return Product
EV009955,2026-06-02 00:00:00,Complete Sale
EV009019,2026-06-02 00:00:00,Complete Sale
EV014733,2026-06-02 00:00:00,Complete Sale
EV014327,2026-06-02 00:00:00,Complete Sale
EV009011,2026-06-02 00:00:00,Ship Product
EV014326,2026-06-02 00:00:00,Ship Product
EV014331,2026-06-02 00:00:00,Complete Sale
EV011174,2026-06-02 00:00:00,Ship Product
EV007987,2026-06-02 00:00:00,Complete Sale
EV009911,2026-06-03 00:00:00,Create Sales Order
EV009012,2026-06-03 00:00:00,Complete Sale
EV009014,2026-06-03 00:00:00,Ship Product
EV007523,2026-06-03 00:00:00,Ship Product
EV011263,2026-06-03 00:00:00,Create Sales Order
EV011181,2026-06-03 00:00:00,Complete Sale
EV007979,2026-06-03 00:00:00,Ship Product
EV011267,2026-06-03 01:00:00,Add Sales Order Item
EV011264,2026-06-03 01:00:00,Add Sales Order Item
EV009912,2026-06-03 01:00:00,Add Sales Order Item
EV009015,2026-06-04 00:00:00,Complete Sale
EV006781,2026-06-04 00:00:00,Ship Product
EV011177,2026-06-04 00:00:00,Ship Product
EV009024,2026-06-04 00:00:00,Ship Product
EV011175,2026-06-04 00:00:00,Complete Sale
EV011268,2026-06-04 00:00:00,Ship Product
EV008502,2026-06-04 00:00:00,Create Sales Order
EV014333,2026-06-04 00:00:00,Ship Product
EV010755,2026-06-04 00:00:00,Create Sales Order
EV006051,2026-06-04 00:00:00,Create Sales Order
EV006402,2026-06-04 00:00:00,Create Sales Order
EV011178,2026-06-04 00:00:00,Complete Sale
EV006055,2026-06-04 01:00:00,Add Sales Order Item
EV006059,2026-06-04 01:00:00,Add Sales Order Item
EV008503,2026-06-04 01:00:00,Add Sales Order Item
EV006403,2026-06-04 01:00:00,Add Sales Order Item
EV010756,2026-06-04 01:00:00,Add Sales Order Item
EV006052,2026-06-04 01:00:00,Add Sales Order Item
EV011269,2026-06-05 00:00:00,Complete Sale
EV007524,2026-06-05 00:00:00,Complete Sale
EV009008,2026-06-05 00:00:00,Ship Product
EV012950,2026-06-05 00:00:00,Create Sales Order
EV008469,2026-06-05 00:00:00,Create Sales Order
EV006778,2026-06-05 00:00:00,Ship Product
EV008257,2026-06-05 00:00:00,Create Sales Order
EV009025,2026-06-05 00:00:00,Complete Sale
EV007980,2026-06-05 00:00:00,Complete Sale
EV008505,2026-06-05 00:00:00,Complete Sale
EV008504,2026-06-05 00:00:00,Ship Product
EV007982,2026-06-05 00:00:00,Ship Product
EV008473,2026-06-05 01:00:00,Add Sales Order Item
EV008261,2026-06-05 01:00:00,Add Sales Order Item
EV012954,2026-06-05 01:00:00,Add Sales Order Item
EV008258,2026-06-05 01:00:00,Add Sales Order Item
EV012951,2026-06-05 01:00:00,Add Sales Order Item
EV008470,2026-06-05 01:00:00,Add Sales Order Item
EV008474,2026-06-06 00:00:00,Ship Product
EV008262,2026-06-06 00:00:00,Ship Product
EV006056,2026-06-06 00:00:00,Ship Product
EV009542,2026-06-06 00:00:00,Create Sales Order
EV006782,2026-06-06 00:00:00,Complete Sale
EV014328,2026-06-06 00:00:00,Return Product
EV006776,2026-06-06 00:00:00,Complete Sale
EV006775,2026-06-06 00:00:00,Ship Product
EV014334,2026-06-06 00:00:00,Complete Sale
EV009021,2026-06-06 00:00:00,Ship Product
EV009998,2026-06-06 00:00:00,Create Sales Order
EV009009,2026-06-06 00:00:00,Complete Sale
EV009543,2026-06-06 01:00:00,Add Sales Order Item
EV009999,2026-06-06 01:00:00,Add Sales Order Item
EV010005,2026-06-06 01:00:00,Add Sales Order Item
EV010002,2026-06-06 01:00:00,Add Sales Order Item
EV011265,2026-06-07 00:00:00,Ship Product
EV006897,2026-06-07 00:00:00,Create Sales Order
EV006053,2026-06-07 00:00:00,Ship Product
EV008475,2026-06-07 00:00:00,Complete Sale
EV009567,2026-06-07 00:00:00,Return Product
EV011021,2026-06-07 00:00:00,Create Sales Order
EV009913,2026-06-07 00:00:00,Ship Product
EV005601,2026-06-07 00:00:00,Create Sales Order
EV006060,2026-06-07 00:00:00,Ship Product
EV012952,2026-06-07 00:00:00,Ship Product
EV012953,2026-06-07 00:00:00,Complete Sale
EV009022,2026-06-07 00:00:00,Complete Sale
EV007983,2026-06-07 00:00:00,Complete Sale
EV014769,2026-06-07 00:00:00,Create Sales Order
EV006779,2026-06-07 00:00:00,Complete Sale
EV005867,2026-06-07 00:00:00,Create Sales Order
EV011025,2026-06-07 01:00:00,Add Sales Order Item
EV011022,2026-06-07 01:00:00,Add Sales Order Item
EV005871,2026-06-07 01:00:00,Add Sales Order Item
EV014770,2026-06-07 01:00:00,Add Sales Order Item
EV005874,2026-06-07 01:00:00,Add Sales Order Item
EV005602,2026-06-07 01:00:00,Add Sales Order Item
EV005868,2026-06-07 01:00:00,Add Sales Order Item
EV005605,2026-06-07 01:00:00,Add Sales Order Item
EV006898,2026-06-07 01:00:00,Add Sales Order Item
EV009914,2026-06-08 00:00:00,Complete Sale
EV014755,2026-06-08 00:00:00,Create Sales Order
EV006209,2026-06-08 00:00:00,Create Sales Order
EV006404,2026-06-08 00:00:00,Ship Product
EV005603,2026-06-08 00:00:00,Ship Product
EV006057,2026-06-08 00:00:00,Complete Sale
EV008263,2026-06-08 00:00:00,Complete Sale
EV009544,2026-06-08 00:00:00,Ship Product
EV008259,2026-06-08 00:00:00,Ship Product
EV011023,2026-06-08 00:00:00,Ship Product
EV011024,2026-06-08 00:00:00,Complete Sale
EV005749,2026-06-08 00:00:00,Create Sales Order
EV007938,2026-06-08 00:00:00,Return Product
EV011026,2026-06-08 00:00:00,Ship Product
EV005753,2026-06-08 01:00:00,Add Sales Order Item
EV014756,2026-06-08 01:00:00,Add Sales Order Item
EV006210,2026-06-08 01:00:00,Add Sales Order Item
EV005756,2026-06-08 01:00:00,Add Sales Order Item
EV005750,2026-06-08 01:00:00,Add Sales Order Item
EV005757,2026-06-09 00:00:00,Ship Product
EV005758,2026-06-09 00:00:00,Complete Sale
EV006054,2026-06-09 00:00:00,Complete Sale
EV008260,2026-06-09 00:00:00,Complete Sale
EV010000,2026-06-09 00:00:00,Ship Product
EV010757,2026-06-09 00:00:00,Ship Product
EV006212,2026-06-09 00:00:00,Complete Sale
EV010758,2026-06-09 00:00:00,Complete Sale
EV008249,2026-06-09 00:00:00,Create Sales Order
EV006211,2026-06-09 00:00:00,Ship Product
EV007539,2026-06-09 00:00:00,Create Sales Order
EV008471,2026-06-09 00:00:00,Ship Product
EV006061,2026-06-09 00:00:00,Complete Sale
EV009545,2026-06-09 00:00:00,Complete Sale
EV005755,2026-06-09 00:00:00,Complete Sale
EV007735,2026-06-09 00:00:00,Create Sales Order
EV011027,2026-06-09 00:00:00,Complete Sale
EV011266,2026-06-09 00:00:00,Complete Sale
EV005754,2026-06-09 00:00:00,Ship Product
EV014771,2026-06-09 00:00:00,Ship Product
EV005751,2026-06-09 00:00:00,Ship Product
EV005604,2026-06-09 00:00:00,Complete Sale
EV012955,2026-06-09 00:00:00,Ship Product
EV007546,2026-06-09 01:00:00,Add Sales Order Item
EV007736,2026-06-09 01:00:00,Add Sales Order Item
EV007543,2026-06-09 01:00:00,Add Sales Order Item
EV008250,2026-06-09 01:00:00,Add Sales Order Item
EV007540,2026-06-09 01:00:00,Add Sales Order Item
EV006899,2026-06-10 00:00:00,Ship Product
EV007548,2026-06-10 00:00:00,Complete Sale
EV005873,2026-06-10 00:00:00,Complete Sale
EV006058,2026-06-10 00:00:00,Return Product
EV006405,2026-06-10 00:00:00,Complete Sale
EV007547,2026-06-10 00:00:00,Ship Product
EV007544,2026-06-10 00:00:00,Ship Product
EV010006,2026-06-10 00:00:00,Ship Product
EV010003,2026-06-10 00:00:00,Ship Product
EV013284,2026-06-10 00:00:00,Create Sales Order
EV005752,2026-06-10 00:00:00,Complete Sale
EV011907,2026-06-10 00:00:00,Create Sales Order
EV014335,2026-06-10 00:00:00,Create Sales Order
EV008472,2026-06-10 00:00:00,Complete Sale
EV012956,2026-06-10 00:00:00,Complete Sale
EV005875,2026-06-10 00:00:00,Ship Product
EV005872,2026-06-10 00:00:00,Ship Product
EV014336,2026-06-10 01:00:00,Add Sales Order Item
EV013285,2026-06-10 01:00:00,Add Sales Order Item
EV014339,2026-06-10 01:00:00,Add Sales Order Item
EV013288,2026-06-10 01:00:00,Add Sales Order Item
EV011908,2026-06-10 01:00:00,Add Sales Order Item
EV010007,2026-06-11 00:00:00,Complete Sale
EV005876,2026-06-11 00:00:00,Complete Sale
EV008552,2026-06-11 00:00:00,Create Sales Order
EV011910,2026-06-11 00:00:00,Complete Sale
EV013286,2026-06-11 00:00:00,Ship Product
EV015154,2026-06-11 00:00:00,Create Sales Order
EV014772,2026-06-11 00:00:00,Complete Sale
EV007737,2026-06-11 00:00:00,Ship Product
EV007738,2026-06-11 00:00:00,Complete Sale
EV009822,2026-06-11 00:00:00,Create Sales Order
EV005606,2026-06-11 00:00:00,Ship Product
EV012424,2026-06-11 00:00:00,Create Sales Order
EV010001,2026-06-11 00:00:00,Complete Sale
EV011909,2026-06-11 00:00:00,Ship Product
EV006900,2026-06-11 00:00:00,Complete Sale
EV009823,2026-06-11 01:00:00,Add Sales Order Item
EV012428,2026-06-11 01:00:00,Add Sales Order Item
EV012425,2026-06-11 01:00:00,Add Sales Order Item
EV015155,2026-06-11 01:00:00,Add Sales Order Item
EV015158,2026-06-11 01:00:00,Add Sales Order Item
EV008553,2026-06-11 01:00:00,Add Sales Order Item
EV005869,2026-06-12 00:00:00,Ship Product
EV007545,2026-06-12 00:00:00,Complete Sale
EV010004,2026-06-12 00:00:00,Complete Sale
EV009825,2026-06-12 00:00:00,Complete Sale
EV015159,2026-06-12 00:00:00,Ship Product
EV007984,2026-06-12 00:00:00,Return Product
EV007013,2026-06-12 00:00:00,Create Sales Order
EV009824,2026-06-12 00:00:00,Ship Product
EV011961,2026-06-12 00:00:00,Create Sales Order
EV014757,2026-06-12 00:00:00,Ship Product
EV007014,2026-06-12 01:00:00,Add Sales Order Item
EV007017,2026-06-12 01:00:00,Add Sales Order Item
EV011966,2026-06-12 01:00:00,Add Sales Order Item
EV011969,2026-06-12 01:00:00,Add Sales Order Item
EV011962,2026-06-12 01:00:00,Add Sales Order Item
EV009546,2026-06-13 00:00:00,Create Sales Order
EV015160,2026-06-13 00:00:00,Complete Sale
EV013287,2026-06-13 00:00:00,Complete Sale
EV007019,2026-06-13 00:00:00,Complete Sale
EV007018,2026-06-13 00:00:00,Ship Product
EV008251,2026-06-13 00:00:00,Ship Product
EV014758,2026-06-13 00:00:00,Complete Sale
EV005607,2026-06-13 00:00:00,Complete Sale
EV014340,2026-06-13 00:00:00,Ship Product
EV011970,2026-06-13 00:00:00,Ship Product
EV013088,2026-06-13 00:00:00,Create Sales Order
EV013089,2026-06-13 01:00:00,Add Sales Order Item
EV009553,2026-06-13 01:00:00,Add Sales Order Item
EV013092,2026-06-13 01:00:00,Add Sales Order Item
EV009547,2026-06-13 01:00:00,Add Sales Order Item
EV009550,2026-06-13 01:00:00,Add Sales Order Item
EV007541,2026-06-14 00:00:00,Ship Product
EV007542,2026-06-14 00:00:00,Complete Sale
EV005870,2026-06-14 00:00:00,Complete Sale
EV015156,2026-06-14 00:00:00,Ship Product
EV011971,2026-06-14 00:00:00,Complete Sale
EV014341,2026-06-14 00:00:00,Complete Sale
EV011199,2026-06-14 00:00:00,Return Product
EV008252,2026-06-14 00:00:00,Complete Sale
EV013091,2026-06-14 00:00:00,Complete Sale
EV011963,2026-06-14 00:00:00,Ship Product
EV013090,2026-06-14 00:00:00,Ship Product
EV007354,2026-06-14 00:00:00,Return Product
EV014337,2026-06-14 00:00:00,Ship Product
EV011964,2026-06-15 00:00:00,Complete Sale
EV011967,2026-06-15 00:00:00,Ship Product
EV009672,2026-06-15 00:00:00,Create Sales Order
EV014338,2026-06-15 00:00:00,Complete Sale
EV012174,2026-06-15 00:00:00,Create Sales Order
EV013105,2026-06-15 00:00:00,Create Sales Order
EV015157,2026-06-15 00:00:00,Complete Sale
EV008554,2026-06-15 00:00:00,Ship Product
EV013289,2026-06-15 00:00:00,Ship Product
EV013500,2026-06-15 00:00:00,Create Sales Order
EV009464,2026-06-15 00:00:00,Create Sales Order
EV013106,2026-06-15 01:00:00,Add Sales Order Item
EV013112,2026-06-15 01:00:00,Add Sales Order Item
EV013109,2026-06-15 01:00:00,Add Sales Order Item
EV009468,2026-06-15 01:00:00,Add Sales Order Item
EV013501,2026-06-15 01:00:00,Add Sales Order Item
EV012175,2026-06-15 01:00:00,Add Sales Order Item
EV009673,2026-06-15 01:00:00,Add Sales Order Item
EV009465,2026-06-15 01:00:00,Add Sales Order Item
EV009112,2026-06-16 00:00:00,Create Sales Order
EV010074,2026-06-16 00:00:00,Create Sales Order
EV012430,2026-06-16 00:00:00,Complete Sale
EV009555,2026-06-16 00:00:00,Complete Sale
EV013560,2026-06-16 00:00:00,Create Sales Order
EV013093,2026-06-16 00:00:00,Ship Product
EV008555,2026-06-16 00:00:00,Complete Sale
EV009554,2026-06-16 00:00:00,Ship Product
EV012429,2026-06-16 00:00:00,Ship Product
EV012426,2026-06-16 00:00:00,Ship Product
EV012176,2026-06-16 00:00:00,Ship Product
EV009466,2026-06-16 00:00:00,Ship Product
EV009113,2026-06-16 01:00:00,Add Sales Order Item
EV010078,2026-06-16 01:00:00,Add Sales Order Item
EV009116,2026-06-16 01:00:00,Add Sales Order Item
EV013561,2026-06-16 01:00:00,Add Sales Order Item
EV010075,2026-06-16 01:00:00,Add Sales Order Item
EV013290,2026-06-17 00:00:00,Complete Sale
EV010076,2026-06-17 00:00:00,Ship Product
EV010079,2026-06-17 00:00:00,Ship Product
EV009114,2026-06-17 00:00:00,Ship Product
EV009674,2026-06-17 00:00:00,Ship Product
EV007015,2026-06-17 00:00:00,Ship Product
EV011218,2026-06-17 00:00:00,Create Sales Order
EV009467,2026-06-17 00:00:00,Complete Sale
EV011968,2026-06-17 00:00:00,Complete Sale
EV011219,2026-06-17 01:00:00,Add Sales Order Item
EV010080,2026-06-18 00:00:00,Complete Sale
EV012177,2026-06-18 00:00:00,Complete Sale
EV009551,2026-06-18 00:00:00,Ship Product
EV009548,2026-06-18 00:00:00,Ship Product
EV013107,2026-06-18 00:00:00,Ship Product
EV012427,2026-06-18 00:00:00,Complete Sale
EV007016,2026-06-18 00:00:00,Complete Sale
EV009115,2026-06-18 00:00:00,Complete Sale
EV013186,2026-06-18 00:00:00,Create Sales Order
EV013094,2026-06-18 00:00:00,Complete Sale
EV013187,2026-06-18 01:00:00,Add Sales Order Item
EV013191,2026-06-18 01:00:00,Add Sales Order Item
EV013194,2026-06-18 01:00:00,Add Sales Order Item
EV009549,2026-06-19 00:00:00,Complete Sale
EV012690,2026-06-19 00:00:00,Create Sales Order
EV010077,2026-06-19 00:00:00,Complete Sale
EV013113,2026-06-19 00:00:00,Ship Product
EV009675,2026-06-19 00:00:00,Complete Sale
EV013114,2026-06-19 00:00:00,Complete Sale
EV009622,2026-06-19 00:00:00,Create Sales Order
EV013189,2026-06-19 00:00:00,Complete Sale
EV011705,2026-06-19 00:00:00,Create Sales Order
EV009117,2026-06-19 00:00:00,Ship Product
EV013188,2026-06-19 00:00:00,Ship Product
EV013108,2026-06-19 00:00:00,Complete Sale
EV009552,2026-06-19 00:00:00,Complete Sale
EV009623,2026-06-19 01:00:00,Add Sales Order Item
EV012691,2026-06-19 01:00:00,Add Sales Order Item
EV009626,2026-06-19 01:00:00,Add Sales Order Item
EV011709,2026-06-19 01:00:00,Add Sales Order Item
EV012695,2026-06-19 01:00:00,Add Sales Order Item
EV011706,2026-06-19 01:00:00,Add Sales Order Item
EV005691,2026-06-20 00:00:00,Create Sales Order
EV013111,2026-06-20 00:00:00,Complete Sale
EV013502,2026-06-20 00:00:00,Ship Product
EV013110,2026-06-20 00:00:00,Ship Product
EV013562,2026-06-20 00:00:00,Ship Product
EV008282,2026-06-20 00:00:00,Create Sales Order
EV011220,2026-06-20 00:00:00,Ship Product
EV009469,2026-06-20 00:00:00,Ship Product
EV010676,2026-06-20 00:00:00,Create Sales Order
EV013195,2026-06-20 00:00:00,Ship Product
EV010677,2026-06-20 01:00:00,Add Sales Order Item
EV010680,2026-06-20 01:00:00,Add Sales Order Item
EV008283,2026-06-20 01:00:00,Add Sales Order Item
EV005695,2026-06-20 01:00:00,Add Sales Order Item
EV005692,2026-06-20 01:00:00,Add Sales Order Item
EV005696,2026-06-21 00:00:00,Ship Product
EV012693,2026-06-21 00:00:00,Complete Sale
EV012692,2026-06-21 00:00:00,Ship Product
EV012579,2026-06-21 00:00:00,Create Sales Order
EV008438,2026-06-21 00:00:00,Create Sales Order
EV010585,2026-06-21 00:00:00,Create Sales Order
EV013503,2026-06-21 00:00:00,Complete Sale
EV009118,2026-06-21 00:00:00,Complete Sale
EV013048,2026-06-21 00:00:00,Create Sales Order
EV007229,2026-06-21 00:00:00,Create Sales Order
EV005693,2026-06-21 00:00:00,Ship Product
EV013563,2026-06-21 00:00:00,Complete Sale
EV013059,2026-06-21 00:00:00,Create Sales Order
EV009624,2026-06-21 00:00:00,Ship Product
EV010679,2026-06-21 00:00:00,Complete Sale
EV011221,2026-06-21 00:00:00,Complete Sale
EV010678,2026-06-21 00:00:00,Ship Product
EV013060,2026-06-21 01:00:00,Add Sales Order Item
EV013052,2026-06-21 01:00:00,Add Sales Order Item
EV010589,2026-06-21 01:00:00,Add Sales Order Item
EV010586,2026-06-21 01:00:00,Add Sales Order Item
EV008442,2026-06-21 01:00:00,Add Sales Order Item
EV012580,2026-06-21 01:00:00,Add Sales Order Item
EV013049,2026-06-21 01:00:00,Add Sales Order Item
EV008439,2026-06-21 01:00:00,Add Sales Order Item
EV010592,2026-06-21 01:00:00,Add Sales Order Item
EV007233,2026-06-21 01:00:00,Add Sales Order Item
EV007230,2026-06-21 01:00:00,Add Sales Order Item
EV008445,2026-06-21 01:00:00,Add Sales Order Item
EV007237,2026-06-21 01:00:00,Add Sales Order Item
EV012697,2026-06-22 00:00:00,Complete Sale
EV008992,2026-06-22 00:00:00,Create Sales Order
EV013900,2026-06-22 00:00:00,Create Sales Order
EV005697,2026-06-22 00:00:00,Complete Sale
EV012696,2026-06-22 00:00:00,Ship Product
EV013196,2026-06-22 00:00:00,Complete Sale
EV007234,2026-06-22 00:00:00,Ship Product
EV009625,2026-06-22 00:00:00,Complete Sale
EV009470,2026-06-22 00:00:00,Complete Sale
EV013050,2026-06-22 00:00:00,Ship Product
EV008446,2026-06-22 00:00:00,Ship Product
EV013192,2026-06-22 00:00:00,Ship Product
EV013901,2026-06-22 01:00:00,Add Sales Order Item
EV013907,2026-06-22 01:00:00,Add Sales Order Item
EV008993,2026-06-22 01:00:00,Add Sales Order Item
EV013904,2026-06-22 01:00:00,Add Sales Order Item
EV009170,2026-06-23 00:00:00,Create Sales Order
EV007366,2026-06-23 00:00:00,Create Sales Order
EV005694,2026-06-23 00:00:00,Complete Sale
EV010681,2026-06-23 00:00:00,Ship Product
EV012332,2026-06-23 00:00:00,Create Sales Order
EV009627,2026-06-23 00:00:00,Ship Product
EV011707,2026-06-23 00:00:00,Ship Product
EV011710,2026-06-23 00:00:00,Ship Product
EV013902,2026-06-23 00:00:00,Ship Product
EV013903,2026-06-23 00:00:00,Complete Sale
EV009628,2026-06-23 00:00:00,Complete Sale
EV012901,2026-06-23 00:00:00,Create Sales Order
EV013051,2026-06-23 00:00:00,Complete Sale
EV008447,2026-06-23 00:00:00,Complete Sale
EV009174,2026-06-23 01:00:00,Add Sales Order Item
EV012905,2026-06-23 01:00:00,Add Sales Order Item
EV009171,2026-06-23 01:00:00,Add Sales Order Item
EV012908,2026-06-23 01:00:00,Add Sales Order Item
EV012333,2026-06-23 01:00:00,Add Sales Order Item
EV012902,2026-06-23 01:00:00,Add Sales Order Item
EV007367,2026-06-23 01:00:00,Add Sales Order Item
EV012336,2026-06-23 01:00:00,Add Sales Order Item
EV007613,2026-06-24 00:00:00,Create Sales Order
EV013728,2026-06-24 00:00:00,Create Sales Order
EV013400,2026-06-24 00:00:00,Create Sales Order
EV013061,2026-06-24 00:00:00,Ship Product
EV013193,2026-06-24 00:00:00,Complete Sale
EV013062,2026-06-24 00:00:00,Complete Sale
EV012334,2026-06-24 00:00:00,Ship Product
EV005497,2026-06-24 00:00:00,Create Sales Order
EV010318,2026-06-24 00:00:00,Create Sales Order
EV010590,2026-06-24 00:00:00,Ship Product
EV011711,2026-06-24 00:00:00,Complete Sale
EV007238,2026-06-24 00:00:00,Ship Product
EV007235,2026-06-24 00:00:00,Complete Sale
EV010319,2026-06-24 01:00:00,Add Sales Order Item
EV005501,2026-06-24 01:00:00,Add Sales Order Item
EV007614,2026-06-24 01:00:00,Add Sales Order Item
EV005498,2026-06-24 01:00:00,Add Sales Order Item
EV013401,2026-06-24 01:00:00,Add Sales Order Item
EV010322,2026-06-24 01:00:00,Add Sales Order Item
EV013729,2026-06-24 01:00:00,Add Sales Order Item
EV007615,2026-06-25 00:00:00,Ship Product
EV012582,2026-06-25 00:00:00,Complete Sale
EV011708,2026-06-25 00:00:00,Complete Sale
EV008443,2026-06-25 00:00:00,Ship Product
EV009172,2026-06-25 00:00:00,Ship Product
EV010682,2026-06-25 00:00:00,Complete Sale
EV010594,2026-06-25 00:00:00,Complete Sale
EV008284,2026-06-25 00:00:00,Ship Product
EV012581,2026-06-25 00:00:00,Ship Product
EV013053,2026-06-25 00:00:00,Ship Product
EV010593,2026-06-25 00:00:00,Ship Product
EV013730,2026-06-25 00:00:00,Ship Product
EV010587,2026-06-26 00:00:00,Ship Product
EV010591,2026-06-26 00:00:00,Complete Sale
EV012335,2026-06-26 00:00:00,Complete Sale
EV007231,2026-06-26 00:00:00,Ship Product
EV013403,2026-06-26 00:00:00,Complete Sale
EV008285,2026-06-26 00:00:00,Complete Sale
EV012903,2026-06-26 00:00:00,Ship Product
EV007239,2026-06-26 00:00:00,Complete Sale
EV013402,2026-06-26 00:00:00,Ship Product
EV009175,2026-06-26 00:00:00,Ship Product
EV007236,2026-06-26 00:00:00,Return Product
EV012909,2026-06-26 00:00:00,Ship Product
EV012904,2026-06-26 00:00:00,Complete Sale
EV008994,2026-06-26 00:00:00,Ship Product
EV007616,2026-06-26 00:00:00,Complete Sale
EV008440,2026-06-26 00:00:00,Ship Product
EV008441,2026-06-26 00:00:00,Complete Sale
EV013908,2026-06-27 00:00:00,Ship Product
EV008444,2026-06-27 00:00:00,Complete Sale
EV013906,2026-06-27 00:00:00,Complete Sale
EV009176,2026-06-27 00:00:00,Complete Sale
EV013905,2026-06-27 00:00:00,Ship Product
EV013731,2026-06-27 00:00:00,Complete Sale
EV007368,2026-06-27 00:00:00,Ship Product
EV013054,2026-06-27 00:00:00,Complete Sale
EV009173,2026-06-27 00:00:00,Complete Sale
EV005500,2026-06-28 00:00:00,Complete Sale
EV008995,2026-06-28 00:00:00,Complete Sale
EV005499,2026-06-28 00:00:00,Ship Product
EV012906,2026-06-28 00:00:00,Ship Product
EV007232,2026-06-28 00:00:00,Complete Sale
EV012337,2026-06-28 00:00:00,Ship Product
EV010588,2026-06-28 00:00:00,Complete Sale
EV010320,2026-06-28 00:00:00,Ship Product
EV012910,2026-06-28 00:00:00,Complete Sale
EV012338,2026-06-29 00:00:00,Complete Sale
EV006062,2026-06-29 00:00:00,Return Product
EV010324,2026-06-29 00:00:00,Complete Sale
EV005502,2026-06-29 00:00:00,Ship Product
EV013909,2026-06-29 00:00:00,Complete Sale
EV007369,2026-06-29 00:00:00,Complete Sale
EV010323,2026-06-29 00:00:00,Ship Product
EV010321,2026-06-30 00:00:00,Complete Sale
EV012907,2026-06-30 00:00:00,Complete Sale
EV005503,2026-07-01 00:00:00,Complete Sale
EV013732,2026-07-02 00:00:00,Return Product
EV012694,2026-07-04 00:00:00,Return Product
EV009629,2026-07-05 00:00:00,Return Product
EV010759,2026-07-09 00:00:00,Return Product
EV011965,2026-07-11 00:00:00,Return Product
EV013190,2026-07-17 00:00:00,Return Product
