object_id,object_type
PROD001,Product
PROD002,Product
PROD003,Product
PROD004,Product
PROD005,Product
PROD006,Product
PROD007,Product
PROD008,Product
PROD009,Product
PROD010,Product
PROD011,Product
PROD012,Product
PROD013,Product
PROD014,Product
PROD015,Product
PROD016,Product
PROD017,Product
PROD018,Product
PROD019,Product
PROD020,Product
PROD021,Product
PROD022,Product
PROD023,Product
PROD024,Product
PROD025,Product
PROD026,Product
PROD027,Product
PROD028,Product
PROD029,Product
PROD030,Product
PROD031,Product
PROD032,Product
PROD033,Product
PROD034,Product
PROD035,Product
PROD036,Product
PROD037,Product
PROD038,Product
PROD039,Product
PROD040,Product
PROD041,Product
PROD042,Product
PROD043,Product
PROD044,Product
PROD045,Product
PROD046,Product
PROD047,Product
PROD048,Product
CAT001,Product Category
CAT002,Product Category
CAT003,Product Category
CAT004,Product Category
CAT005,Product Category
CAT006,Product Category
CAT007,Product Category
CAT008,Product Category
SUP001,Supplier
SUP002,Supplier
SUP003,Supplier
SUP004,Supplier
SUP005,Supplier
SUP006,Supplier
SUP007,Supplier
SUP008,Supplier
SUP009,Supplier
SUP010,Supplier
SUP011,Supplier
SUP012,Supplier
SUP013,Supplier
SUP014,Supplier
SUP015,Supplier
CH001,Supply Channel
CH002,Supply Channel
CH003,Supply Channel
CH004,Supply Channel
CH005,Supply Channel
WH001,Warehouse
WH002,Warehouse
WH003,Warehouse
WH004,Warehouse
WH005,Warehouse
CUST001,Customer
CUST002,Customer
CUST003,Customer
CUST004,Customer
CUST005,Customer
CUST006,Customer
CUST007,Customer
CUST008,Customer
CUST009,Customer
CUST010,Customer
CUST011,Customer
CUST012,Customer
CUST013,Customer
CUST014,Customer
CUST015,Customer
CUST016,Customer
CUST017,Customer
CUST018,Customer
CUST019,Customer
CUST020,Customer
CUST021,Customer
CUST022,Customer
CUST023,Customer
CUST024,Customer
CUST025,Customer
CUST026,Customer
CUST027,Customer
CUST028,Customer
CUST029,Customer
CUST030,Customer
CUST031,Customer
CUST032,Customer
CUST033,Customer
CUST034,Customer
CUST035,Customer
CUST036,Customer
CUST037,Customer
CUST038,Customer
CUST039,Customer
CUST040,Customer
CUST041,Customer
CUST042,Customer
CUST043,Customer
CUST044,Customer
CUST045,Customer
CUST046,Customer
CUST047,Customer
CUST048,Customer
CUST049,Customer
CUST050,Customer
CUST051,Customer
CUST052,Customer
CUST053,Customer
CUST054,Customer
CUST055,Customer
CUST056,Customer
CUST057,Customer
CUST058,Customer
CUST059,Customer
CUST060,Customer
CUST061,Customer
CUST062,Customer
CUST063,Customer
CUST064,Customer
CUST065,Customer
CUST066,Customer
CUST067,Customer
CUST068,Customer
CUST069,Customer
CUST070,Customer
CUST071,Customer
CUST072,Customer
CUST073,Customer
CUST074,Customer
CUST075,Customer
CUST076,Customer
CUST077,Customer
CUST078,Customer
CUST079,Customer
CUST080,Customer
CUST081,Customer
CUST082,Customer
CUST083,Customer
CUST084,Customer
CUST085,Customer
CUST086,Customer
CUST087,Customer
CUST088,Customer
CUST089,Customer
CUST090,Customer
CUST091,Customer
CUST092,Customer
CUST093,Customer
CUST094,Customer
CUST095,Customer
CUST096,Customer
CUST097,Customer
CUST098,Customer
CUST099,Customer
CUST100,Customer
PO00001,Purchase Order
PO00002,Purchase Order
PO00003,Purchase Order
PO00004,Purchase Order
PO00005,Purchase Order
PO00006,Purchase Order
PO00007,Purchase Order
PO00008,Purchase Order
PO00009,Purchase Order
PO00010,Purchase Order
PO00011,Purchase Order
PO00012,Purchase Order
PO00013,Purchase Order
PO00014,Purchase Order
PO00015,Purchase Order
PO00016,Purchase Order
PO00017,Purchase Order
PO00018,Purchase Order
PO00019,Purchase Order
PO00020,Purchase Order
PO00021,Purchase Order
PO00022,Purchase Order
PO00023,Purchase Order
PO00024,Purchase Order
PO00025,Purchase Order
PO00026,Purchase Order
PO00027,Purchase Order
PO00028,Purchase Order
PO00029,Purchase Order
PO00030,Purchase Order
PO00031,Purchase Order
PO00032,Purchase Order
PO00033,Purchase Order
PO00034,Purchase Order
PO00035,Purchase Order
PO00036,Purchase Order
PO00037,Purchase Order
PO00038,Purchase Order
PO00039,Purchase Order
PO00040,Purchase Order
PO00041,Purchase Order
PO00042,Purchase Order
PO00043,Purchase Order
PO00044,Purchase Order
PO00045,Purchase Order
PO00046,Purchase Order
PO00047,Purchase Order
PO00048,Purchase Order
PO00049,Purchase Order
PO00050,Purchase Order
PO00051,Purchase Order
PO00052,Purchase Order
PO00053,Purchase Order
PO00054,Purchase Order
PO00055,Purchase Order
PO00056,Purchase Order
PO00057,Purchase Order
PO00058,Purchase Order
PO00059,Purchase Order
PO00060,Purchase Order
PO00061,Purchase Order
PO00062,Purchase Order
PO00063,Purchase Order
PO00064,Purchase Order
PO00065,Purchase Order
PO00066,Purchase Order
PO00067,Purchase Order
PO00068,Purchase Order
PO00069,Purchase Order
PO00070,Purchase Order
PO00071,Purchase Order
PO00072,Purchase Order
PO00073,Purchase Order
PO00074,Purchase Order
PO00075,Purchase Order
PO00076,Purchase Order
PO00077,Purchase Order
PO00078,Purchase Order
PO00079,Purchase Order
PO00080,Purchase Order
PO00081,Purchase Order
PO00082,Purchase Order
PO00083,Purchase Order
PO00084,Purchase Order
PO00085,Purchase Order
PO00086,Purchase Order
PO00087,Purchase Order
PO00088,Purchase Order
PO00089,Purchase Order
PO00090,Purchase Order
PO00091,Purchase Order
PO00092,Purchase Order
PO00093,Purchase Order
PO00094,Purchase Order
PO00095,Purchase Order
PO00096,Purchase Order
PO00097,Purchase Order
PO00098,Purchase Order
PO00099,Purchase Order
PO00100,Purchase Order
PO00101,Purchase Order
PO00102,Purchase Order
PO00103,Purchase Order
PO00104,Purchase Order
PO00105,Purchase Order
PO00106,Purchase Order
PO00107,Purchase Order
PO00108,Purchase Order
PO00109,Purchase Order
PO00110,Purchase Order
PO00111,Purchase Order
PO00112,Purchase Order
PO00113,Purchase Order
PO00114,Purchase Order
PO00115,Purchase Order
PO00116,Purchase Order
PO00117,Purchase Order
PO00118,Purchase Order
PO00119,Purchase Order
PO00120,Purchase Order
PO00121,Purchase Order
PO00122,Purchase Order
PO00123,Purchase Order
PO00124,Purchase Order
PO00125,Purchase Order
PO00126,Purchase Order
PO00127,Purchase Order
PO00128,Purchase Order
PO00129,Purchase Order
PO00130,Purchase Order
PO00131,Purchase Order
PO00132,Purchase Order
PO00133,Purchase Order
PO00134,Purchase Order
PO00135,Purchase Order
PO00136,Purchase Order
PO00137,Purchase Order
PO00138,Purchase Order
PO00139,Purchase Order
PO00140,Purchase Order
PO00141,Purchase Order
PO00142,Purchase Order
PO00143,Purchase Order
PO00144,Purchase Order
PO00145,Purchase Order
PO00146,Purchase Order
PO00147,Purchase Order
PO00148,Purchase Order
PO00149,Purchase Order
PO00150,Purchase Order
PO00151,Purchase Order
PO00152,Purchase Order
PO00153,Purchase Order
PO00154,Purchase Order
PO00155,Purchase Order
PO00156,Purchase Order
PO00157,Purchase Order
PO00158,Purchase Order
PO00159,Purchase Order
PO00160,Purchase Order
PO00161,Purchase Order
PO00162,Purchase Order
PO00163,Purchase Order
PO00164,Purchase Order
PO00165,Purchase Order
PO00166,Purchase Order
PO00167,Purchase Order
PO00168,Purchase Order
PO00169,Purchase Order
PO00170,Purchase Order
PO00171,Purchase Order
PO00172,Purchase Order
PO00173,Purchase Order
PO00174,Purchase Order
PO00175,Purchase Order
PO00176,Purchase Order
PO00177,Purchase Order
PO00178,Purchase Order
PO00179,Purchase Order
PO00180,Purchase Order
PO00181,Purchase Order
PO00182,Purchase Order
PO00183,Purchase Order
PO00184,Purchase Order
PO00185,Purchase Order
PO00186,Purchase Order
PO00187,Purchase Order
PO00188,Purchase Order
PO00189,Purchase Order
PO00190,Purchase Order
PO00191,Purchase Order
PO00192,Purchase Order
PO00193,Purchase Order
PO00194,Purchase Order
PO00195,Purchase Order
PO00196,Purchase Order
PO00197,Purchase Order
PO00198,Purchase Order
PO00199,Purchase Order
PO00200,Purchase Order
PO00201,Purchase Order
PO00202,Purchase Order
PO00203,Purchase Order
PO00204,Purchase Order
PO00205,Purchase Order
PO00206,Purchase Order
PO00207,Purchase Order
PO00208,Purchase Order
PO00209,Purchase Order
PO00210,Purchase Order
PO00211,Purchase Order
PO00212,Purchase Order
PO00213,Purchase Order
PO00214,Purchase Order
PO00215,Purchase Order
PO00216,Purchase Order
PO00217,Purchase Order
PO00218,Purchase Order
PO00219,Purchase Order
PO00220,Purchase Order
PO00221,Purchase Order
PO00222,Purchase Order
PO00223,Purchase Order
PO00224,Purchase Order
PO00225,Purchase Order
PO00226,Purchase Order
PO00227,Purchase Order
PO00228,Purchase Order
PO00229,Purchase Order
PO00230,Purchase Order
PO00231,Purchase Order
PO00232,Purchase Order
PO00233,Purchase Order
PO00234,Purchase Order
PO00235,Purchase Order
PO00236,Purchase Order
PO00237,Purchase Order
PO00238,Purchase Order
PO00239,Purchase Order
PO00240,Purchase Order
PO00241,Purchase Order
PO00242,Purchase Order
PO00243,Purchase Order
PO00244,Purchase Order
PO00245,Purchase Order
PO00246,Purchase Order
PO00247,Purchase Order
PO00248,Purchase Order
PO00249,Purchase Order
PO00250,Purchase Order
PO00251,Purchase Order
PO00252,Purchase Order
PO00253,Purchase Order
PO00254,Purchase Order
PO00255,Purchase Order
PO00256,Purchase Order
PO00257,Purchase Order
PO00258,Purchase Order
PO00259,Purchase Order
PO00260,Purchase Order
PO00261,Purchase Order
PO00262,Purchase Order
PO00263,Purchase Order
PO00264,Purchase Order
PO00265,Purchase Order
PO00266,Purchase Order
PO00267,Purchase Order
PO00268,Purchase Order
PO00269,Purchase Order
PO00270,Purchase Order
PO00271,Purchase Order
PO00272,Purchase Order
PO00273,Purchase Order
PO00274,Purchase Order
PO00275,Purchase Order
PO00276,Purchase Order
PO00277,Purchase Order
PO00278,Purchase Order
PO00279,Purchase Order
PO00280,Purchase Order
PO00281,Purchase Order
PO00282,Purchase Order
PO00283,Purchase Order
PO00284,Purchase Order
PO00285,Purchase Order
PO00286,Purchase Order
PO00287,Purchase Order
PO00288,Purchase Order
PO00289,Purchase Order
PO00290,Purchase Order
PO00291,Purchase Order
PO00292,Purchase Order
PO00293,Purchase Order
PO00294,Purchase Order
PO00295,Purchase Order
PO00296,Purchase Order
PO00297,Purchase Order
PO00298,Purchase Order
PO00299,Purchase Order
PO00300,Purchase Order
PO00301,Purchase Order
PO00302,Purchase Order
PO00303,Purchase Order
PO00304,Purchase Order
PO00305,Purchase Order
PO00306,Purchase Order
PO00307,Purchase Order
PO00308,Purchase Order
PO00309,Purchase Order
PO00310,Purchase Order
PO00311,Purchase Order
PO00312,Purchase Order
PO00313,Purchase Order
PO00314,Purchase Order
PO00315,Purchase Order
PO00316,Purchase Order
PO00317,Purchase Order
PO00318,Purchase Order
PO00319,Purchase Order
PO00320,Purchase Order
PO00321,Purchase Order
PO00322,Purchase Order
PO00323,Purchase Order
PO00324,Purchase Order
PO00325,Purchase Order
PO00326,Purchase Order
PO00327,Purchase Order
PO00328,Purchase Order
PO00329,Purchase Order
PO00330,Purchase Order
PO00331,Purchase Order
PO00332,Purchase Order
PO00333,Purchase Order
PO00334,Purchase Order
PO00335,Purchase Order
PO00336,Purchase Order
PO00337,Purchase Order
PO00338,Purchase Order
PO00339,Purchase Order
PO00340,Purchase Order
PO00341,Purchase Order
PO00342,Purchase Order
PO00343,Purchase Order
PO00344,Purchase Order
PO00345,Purchase Order
PO00346,Purchase Order
PO00347,Purchase Order
PO00348,Purchase Order
PO00349,Purchase Order
PO00350,Purchase Order
PO00351,Purchase Order
PO00352,Purchase Order
PO00353,Purchase Order
PO00354,Purchase Order
PO00355,Purchase Order
PO00356,Purchase Order
PO00357,Purchase Order
PO00358,Purchase Order
PO00359,Purchase Order
PO00360,Purchase Order
PO00361,Purchase Order
PO00362,Purchase Order
PO00363,Purchase Order
PO00364,Purchase Order
PO00365,Purchase Order
PO00366,Purchase Order
PO00367,Purchase Order
PO00368,Purchase Order
PO00369,Purchase Order
PO00370,Purchase Order
PO00371,Purchase Order
PO00372,Purchase Order
PO00373,Purchase Order
PO00374,Purchase Order
PO00375,Purchase Order
PO00376,Purchase Order
PO00377,Purchase Order
PO00378,Purchase Order
PO00379,Purchase Order
PO00380,Purchase Order
PO00381,Purchase Order
PO00382,Purchase Order
PO00383,Purchase Order
PO00384,Purchase Order
PO00385,Purchase Order
PO00386,Purchase Order
PO00387,Purchase Order
PO00388,Purchase Order
PO00389,Purchase Order
PO00390,Purchase Order
PO00391,Purchase Order
PO00392,Purchase Order
PO00393,Purchase Order
PO00394,Purchase Order
PO00395,Purchase Order
PO00396,Purchase Order
PO00397,Purchase Order
PO00398,Purchase Order
PO00399,Purchase Order
PO00400,Purchase Order
PO00401,Purchase Order
PO00402,Purchase Order
PO00403,Purchase Order
PO00404,Purchase Order
PO00405,Purchase Order
PO00406,Purchase Order
PO00407,Purchase Order
PO00408,Purchase Order
PO00409,Purchase Order
PO00410,Purchase Order
PO00411,Purchase Order
PO00412,Purchase Order
PO00413,Purchase Order
PO00414,Purchase Order
PO00415,Purchase Order
PO00416,Purchase Order
PO00417,Purchase Order
PO00418,Purchase Order
PO00419,Purchase Order
PO00420,Purchase Order
PO00421,Purchase Order
PO00422,Purchase Order
PO00423,Purchase Order
PO00424,Purchase Order
PO00425,Purchase Order
PO00426,Purchase Order
PO00427,Purchase Order
PO00428,Purchase Order
PO00429,Purchase Order
PO00430,Purchase Order
PO00431,Purchase Order
PO00432,Purchase Order
PO00433,Purchase Order
PO00434,Purchase Order
PO00435,Purchase Order
PO00436,Purchase Order
PO00437,Purchase Order
PO00438,Purchase Order
PO00439,Purchase Order
PO00440,Purchase Order
PO00441,Purchase Order
PO00442,Purchase Order
PO00443,Purchase Order
PO00444,Purchase Order
PO00445,Purchase Order
PO00446,Purchase Order
PO00447,Purchase Order
PO00448,Purchase Order
PO00449,Purchase Order
PO00450,Purchase Order
PO00451,Purchase Order
PO00452,Purchase Order
PO00453,Purchase Order
PO00454,Purchase Order
PO00455,Purchase Order
PO00456,Purchase Order
PO00457,Purchase Order
PO00458,Purchase Order
PO00459,Purchase Order
PO00460,Purchase Order
PO00461,Purchase Order
PO00462,Purchase Order
PO00463,Purchase Order
PO00464,Purchase Order
PO00465,Purchase Order
PO00466,Purchase Order
PO00467,Purchase Order
PO00468,Purchase Order
PO00469,Purchase Order
PO00470,Purchase Order
PO00471,Purchase Order
PO00472,Purchase Order
PO00473,Purchase Order
PO00474,Purchase Order
PO00475,Purchase Order
PO00476,Purchase Order
PO00477,Purchase Order
PO00478,Purchase Order
PO00479,Purchase Order
PO00480,Purchase Order
PO00481,Purchase Order
PO00482,Purchase Order
PO00483,Purchase Order
PO00484,Purchase Order
PO00485,Purchase Order
PO00486,Purchase Order
PO00487,Purchase Order
PO00488,Purchase Order
PO00489,Purchase Order
PO00490,Purchase Order
PO00491,Purchase Order
PO00492,Purchase Order
PO00493,Purchase Order
PO00494,Purchase Order
PO00495,Purchase Order
PO00496,Purchase Order
PO00497,Purchase Order
PO00498,Purchase Order
PO00499,Purchase Order
PO00500,Purchase Order
POI000001,PO Item
POI000002,PO Item
POI000003,PO Item
POI000004,PO Item
POI000005,PO Item
POI000006,PO Item
POI000007,PO Item
POI000008,PO Item
POI000009,PO Item
POI000010,PO Item
POI000011,PO Item
POI000012,PO Item
POI000013,PO Item
POI000014,PO Item
POI000015,PO Item
POI000016,PO Item
POI000017,PO Item
POI000018,PO Item
POI000019,PO Item
POI000020,PO Item
POI000021,PO Item
POI000022,PO Item
POI000023,PO Item
POI000024,PO Item
POI000025,PO Item
POI000026,PO Item
POI000027,PO Item
POI000028,PO Item
POI000029,PO Item
POI000030,PO Item
POI000031,PO Item
POI000032,PO Item
POI000033,PO Item
POI000034,PO Item
POI000035,PO Item
POI000036,PO Item
POI000037,PO Item
POI000038,PO Item
POI000039,PO Item
POI000040,PO Item
POI000041,PO Item
POI000042,PO Item
POI000043,PO Item
POI000044,PO Item
POI000045,PO Item
POI000046,PO Item
POI000047,PO Item
POI000048,PO Item
POI000049,PO Item
POI000050,PO Item
POI000051,PO Item
POI000052,PO Item
POI000053,PO Item
POI000054,PO Item
POI000055,PO Item
POI000056,PO Item
POI000057,PO Item
POI000058,PO Item
POI000059,PO Item
POI000060,PO Item
POI000061,PO Item
POI000062,PO Item
POI000063,PO Item
POI000064,PO Item
POI000065,PO Item
POI000066,PO Item
POI000067,PO Item
POI000068,PO Item
POI000069,PO Item
POI000070,PO Item
POI000071,PO Item
POI000072,PO Item
POI000073,PO Item
POI000074,PO Item
POI000075,PO Item
POI000076,PO Item
POI000077,PO Item
POI000078,PO Item
POI000079,PO Item
POI000080,PO Item
POI000081,PO Item
POI000082,PO Item
POI000083,PO Item
POI000084,PO Item
POI000085,PO Item
POI000086,PO Item
POI000087,PO Item
POI000088,PO Item
POI000089,PO Item
POI000090,PO Item
POI000091,PO Item
POI000092,PO Item
POI000093,PO Item
POI000094,PO Item
POI000095,PO Item
POI000096,PO Item
POI000097,PO Item
POI000098,PO Item
POI000099,PO Item
POI000100,PO Item
POI000101,PO Item
POI000102,PO Item
POI000103,PO Item
POI000104,PO Item
POI000105,PO Item
POI000106,PO Item
POI000107,PO Item
POI000108,PO Item
POI000109,PO Item
POI000110,PO Item
POI000111,PO Item
POI000112,PO Item
POI000113,PO Item
POI000114,PO Item
POI000115,PO Item
POI000116,PO Item
POI000117,PO Item
POI000118,PO Item
POI000119,PO Item
POI000120,PO Item
POI000121,PO Item
POI000122,PO Item
POI000123,PO Item
POI000124,PO Item
POI000125,PO Item
POI000126,PO Item
POI000127,PO Item
POI000128,PO Item
POI000129,PO Item
POI000130,PO Item
POI000131,PO Item
POI000132,PO Item
POI000133,PO Item
POI000134,PO Item
POI000135,PO Item
POI000136,PO Item
POI000137,PO Item
POI000138,PO Item
POI000139,PO Item
POI000140,PO Item
POI000141,PO Item
POI000142,PO Item
POI000143,PO Item
POI000144,PO Item
POI000145,PO Item
POI000146,PO Item
POI000147,PO Item
POI000148,PO Item
POI000149,PO Item
POI000150,PO Item
POI000151,PO Item
POI000152,PO Item
POI000153,PO Item
POI000154,PO Item
POI000155,PO Item
POI000156,PO Item
POI000157,PO Item
POI000158,PO Item
POI000159,PO Item
POI000160,PO Item
POI000161,PO Item
POI000162,PO Item
POI000163,PO Item
POI000164,PO Item
POI000165,PO Item
POI000166,PO Item
POI000167,PO Item
POI000168,PO Item
POI000169,PO Item
POI000170,PO Item
POI000171,PO Item
POI000172,PO Item
POI000173,PO Item
POI000174,PO Item
POI000175,PO Item
POI000176,PO Item
POI000177,PO Item
POI000178,PO Item
POI000179,PO Item
POI000180,PO Item
POI000181,PO Item
POI000182,PO Item
POI000183,PO Item
POI000184,PO Item
POI000185,PO Item
POI000186,PO Item
POI000187,PO Item
POI000188,PO Item
POI000189,PO Item
POI000190,PO Item
POI000191,PO Item
POI000192,PO Item
POI000193,PO Item
POI000194,PO Item
POI000195,PO Item
POI000196,PO Item
POI000197,PO Item
POI000198,PO Item
POI000199,PO Item
POI000200,PO Item
POI000201,PO Item
POI000202,PO Item
POI000203,PO Item
POI000204,PO Item
POI000205,PO Item
POI000206,PO Item
POI000207,PO Item
POI000208,PO Item
POI000209,PO Item
POI000210,PO Item
POI000211,PO Item
POI000212,PO Item
POI000213,PO Item
POI000214,PO Item
POI000215,PO Item
POI000216,PO Item
POI000217,PO Item
POI000218,PO Item
POI000219,PO Item
POI000220,PO Item
POI000221,PO Item
POI000222,PO Item
POI000223,PO Item
POI000224,PO Item
POI000225,PO Item
POI000226,PO Item
POI000227,PO Item
POI000228,PO Item
POI000229,PO Item
POI000230,PO Item
POI000231,PO Item
POI000232,PO Item
POI000233,PO Item
POI000234,PO Item
POI000235,PO Item
POI000236,PO Item
POI000237,PO Item
POI000238,PO Item
POI000239,PO Item
POI000240,PO Item
POI000241,PO Item
POI000242,PO Item
POI000243,PO Item
POI000244,PO Item
POI000245,PO Item
POI000246,PO Item
POI000247,PO Item
POI000248,PO Item
POI000249,PO Item
POI000250,PO Item
POI000251,PO Item
POI000252,PO Item
POI000253,PO Item
POI000254,PO Item
POI000255,PO Item
POI000256,PO Item
POI000257,PO Item
POI000258,PO Item
POI000259,PO Item
POI000260,PO Item
POI000261,PO Item
POI000262,PO Item
POI000263,PO Item
POI000264,PO Item
POI000265,PO Item
POI000266,PO Item
POI000267,PO Item
POI000268,PO Item
POI000269,PO Item
POI000270,PO Item
POI000271,PO Item
POI000272,PO Item
POI000273,PO Item
POI000274,PO Item
POI000275,PO Item
POI000276,PO Item
POI000277,PO Item
POI000278,PO Item
POI000279,PO Item
POI000280,PO Item
POI000281,PO Item
POI000282,PO Item
POI000283,PO Item
POI000284,PO Item
POI000285,PO Item
POI000286,PO Item
POI000287,PO Item
POI000288,PO Item
POI000289,PO Item
POI000290,PO Item
POI000291,PO Item
POI000292,PO Item
POI000293,PO Item
POI000294,PO Item
POI000295,PO Item
POI000296,PO Item
POI000297,PO Item
POI000298,PO Item
POI000299,PO Item
POI000300,PO Item
POI000301,PO Item
POI000302,PO Item
POI000303,PO Item
POI000304,PO Item
POI000305,PO Item
POI000306,PO Item
POI000307,PO Item
POI000308,PO Item
POI000309,PO Item
POI000310,PO Item
POI000311,PO Item
POI000312,PO Item
POI000313,PO Item
POI000314,PO Item
POI000315,PO Item
POI000316,PO Item
POI000317,PO Item
POI000318,PO Item
POI000319,PO Item
POI000320,PO Item
POI000321,PO Item
POI000322,PO Item
POI000323,PO Item
POI000324,PO Item
POI000325,PO Item
POI000326,PO Item
POI000327,PO Item
POI000328,PO Item
POI000329,PO Item
POI000330,PO Item
POI000331,PO Item
POI000332,PO Item
POI000333,PO Item
POI000334,PO Item
POI000335,PO Item
POI000336,PO Item
POI000337,PO Item
POI000338,PO Item
POI000339,PO Item
POI000340,PO Item
POI000341,PO Item
POI000342,PO Item
POI000343,PO Item
POI000344,PO Item
POI000345,PO Item
POI000346,PO Item
POI000347,PO Item
POI000348,PO Item
POI000349,PO Item
POI000350,PO Item
POI000351,PO Item
POI000352,PO Item
POI000353,PO Item
POI000354,PO Item
POI000355,PO Item
POI000356,PO Item
POI000357,PO Item
POI000358,PO Item
POI000359,PO Item
POI000360,PO Item
POI000361,PO Item
POI000362,PO Item
POI000363,PO Item
POI000364,PO Item
POI000365,PO Item
POI000366,PO Item
POI000367,PO Item
POI000368,PO Item
POI000369,PO Item
POI000370,PO Item
POI000371,PO Item
POI000372,PO Item
POI000373,PO Item
POI000374,PO Item
POI000375,PO Item
POI000376,PO Item
POI000377,PO Item
POI000378,PO Item
POI000379,PO Item
POI000380,PO Item
POI000381,PO Item
POI000382,PO Item
POI000383,PO Item
POI000384,PO Item
POI000385,PO Item
POI000386,PO Item
POI000387,PO Item
POI000388,PO Item
POI000389,PO Item
POI000390,PO Item
POI000391,PO Item
POI000392,PO Item
POI000393,PO Item
POI000394,PO Item
POI000395,PO Item
POI000396,PO Item
POI000397,PO Item
POI000398,PO Item
POI000399,PO Item
POI000400,PO Item
POI000401,PO Item
POI000402,PO Item
POI000403,PO Item
POI000404,PO Item
POI000405,PO Item
POI000406,PO Item
POI000407,PO Item
POI000408,PO Item
POI000409,PO Item
POI000410,PO Item
POI000411,PO Item
POI000412,PO Item
POI000413,PO Item
POI000414,PO Item
POI000415,PO Item
POI000416,PO Item
POI000417,PO Item
POI000418,PO Item
POI000419,PO Item
POI000420,PO Item
POI000421,PO Item
POI000422,PO Item
POI000423,PO Item
POI000424,PO Item
POI000425,PO Item
POI000426,PO Item
POI000427,PO Item
POI000428,PO Item
POI000429,PO Item
POI000430,PO Item
POI000431,PO Item
POI000432,PO Item
POI000433,PO Item
POI000434,PO Item
POI000435,PO Item
POI000436,PO Item
POI000437,PO Item
POI000438,PO Item
POI000439,PO Item
POI000440,PO Item
POI000441,PO Item
POI000442,PO Item
POI000443,PO Item
POI000444,PO Item
POI000445,PO Item
POI000446,PO Item
POI000447,PO Item
POI000448,PO Item
POI000449,PO Item
POI000450,PO Item
POI000451,PO Item
POI000452,PO Item
POI000453,PO Item
POI000454,PO Item
POI000455,PO Item
POI000456,PO Item
POI000457,PO Item
POI000458,PO Item
POI000459,PO Item
POI000460,PO Item
POI000461,PO Item
POI000462,PO Item
POI000463,PO Item
POI000464,PO Item
POI000465,PO Item
POI000466,PO Item
POI000467,PO Item
POI000468,PO Item
POI000469,PO Item
POI000470,PO Item
POI000471,PO Item
POI000472,PO Item
POI000473,PO Item
POI000474,PO Item
POI000475,PO Item
POI000476,PO Item
POI000477,PO Item
POI000478,PO Item
POI000479,PO Item
POI000480,PO Item
POI000481,PO Item
POI000482,PO Item
POI000483,PO Item
POI000484,PO Item
POI000485,PO Item
POI000486,PO Item
POI000487,PO Item
POI000488,PO Item
POI000489,PO Item
POI000490,PO Item
POI000491,PO Item
POI000492,PO Item
POI000493,PO Item
POI000494,PO Item
POI000495,PO Item
POI000496,PO Item
POI000497,PO Item
POI000498,PO Item
POI000499,PO Item
POI000500,PO Item
POI000501,PO Item
POI000502,PO Item
POI000503,PO Item
POI000504,PO Item
POI000505,PO Item
POI000506,PO Item
POI000507,PO Item
POI000508,PO Item
POI000509,PO Item
POI000510,PO Item
POI000511,PO Item
POI000512,PO Item
POI000513,PO Item
POI000514,PO Item
POI000515,PO Item
POI000516,PO Item
POI000517,PO Item
POI000518,PO Item
POI000519,PO Item
POI000520,PO Item
POI000521,PO Item
POI000522,PO Item
POI000523,PO Item
POI000524,PO Item
POI000525,PO Item
POI000526,PO Item
POI000527,PO Item
POI000528,PO Item
POI000529,PO Item
POI000530,PO Item
POI000531,PO Item
POI000532,PO Item
POI000533,PO Item
POI000534,PO Item
POI000535,PO Item
POI000536,PO Item
POI000537,PO Item
POI000538,PO Item
POI000539,PO Item
POI000540,PO Item
POI000541,PO Item
POI000542,PO Item
POI000543,PO Item
POI000544,PO Item
POI000545,PO Item
POI000546,PO Item
POI000547,PO Item
POI000548,PO Item
POI000549,PO Item
POI000550,PO Item
POI000551,PO Item
POI000552,PO Item
POI000553,PO Item
POI000554,PO Item
POI000555,PO Item
POI000556,PO Item
POI000557,PO Item
POI000558,PO Item
POI000559,PO Item
POI000560,PO Item
POI000561,PO Item
POI000562,PO Item
POI000563,PO Item
POI000564,PO Item
POI000565,PO Item
POI000566,PO Item
POI000567,PO Item
POI000568,PO Item
POI000569,PO Item
POI000570,PO Item
POI000571,PO Item
POI000572,PO Item
POI000573,PO Item
POI000574,PO Item
POI000575,PO Item
POI000576,PO Item
POI000577,PO Item
POI000578,PO Item
POI000579,PO Item
POI000580,PO Item
POI000581,PO Item
POI000582,PO Item
POI000583,PO Item
POI000584,PO Item
POI000585,PO Item
POI000586,PO Item
POI000587,PO Item
POI000588,PO Item
POI000589,PO Item
POI000590,PO Item
POI000591,PO Item
POI000592,PO Item
POI000593,PO Item
POI000594,PO Item
POI000595,PO Item
POI000596,PO Item
POI000597,PO Item
POI000598,PO Item
POI000599,PO Item
POI000600,PO Item
POI000601,PO Item
POI000602,PO Item
POI000603,PO Item
POI000604,PO Item
POI000605,PO Item
POI000606,PO Item
POI000607,PO Item
POI000608,PO Item
POI000609,PO Item
POI000610,PO Item
POI000611,PO Item
POI000612,PO Item
POI000613,PO Item
POI000614,PO Item
POI000615,PO Item
POI000616,PO Item
POI000617,PO Item
POI000618,PO Item
POI000619,PO Item
POI000620,PO Item
POI000621,PO Item
POI000622,PO Item
POI000623,PO Item
POI000624,PO Item
POI000625,PO Item
POI000626,PO Item
POI000627,PO Item
POI000628,PO Item
POI000629,PO Item
POI000630,PO Item
POI000631,PO Item
POI000632,PO Item
POI000633,PO Item
POI000634,PO Item
POI000635,PO Item
POI000636,PO Item
POI000637,PO Item
POI000638,PO Item
POI000639,PO Item
POI000640,PO Item
POI000641,PO Item
POI000642,PO Item
POI000643,PO Item
POI000644,PO Item
POI000645,PO Item
POI000646,PO Item
POI000647,PO Item
POI000648,PO Item
POI000649,PO Item
POI000650,PO Item
POI000651,PO Item
POI000652,PO Item
POI000653,PO Item
POI000654,PO Item
POI000655,PO Item
POI000656,PO Item
POI000657,PO Item
POI000658,PO Item
POI000659,PO Item
POI000660,PO Item
POI000661,PO Item
POI000662,PO Item
POI000663,PO Item
POI000664,PO Item
POI000665,PO Item
POI000666,PO Item
POI000667,PO Item
POI000668,PO Item
POI000669,PO Item
POI000670,PO Item
POI000671,PO Item
POI000672,PO Item
POI000673,PO Item
POI000674,PO Item
POI000675,PO Item
POI000676,PO Item
POI000677,PO Item
POI000678,PO Item
POI000679,PO Item
DEL000001,Delivery
DEL000002,Delivery
DEL000003,Delivery
DEL000004,Delivery
DEL000005,Delivery
DEL000006,Delivery
DEL000007,Delivery
DEL000008,Delivery
DEL000009,Delivery
DEL000010,Delivery
DEL000011,Delivery
DEL000012,Delivery
DEL000013,Delivery
DEL000014,Delivery
DEL000015,Delivery
DEL000016,Delivery
DEL000017,Delivery
DEL000018,Delivery
DEL000019,Delivery
DEL000020,Delivery
DEL000021,Delivery
DEL000022,Delivery
DEL000023,Delivery
DEL000024,Delivery
DEL000025,Delivery
DEL000026,Delivery
DEL000027,Delivery
DEL000028,Delivery
DEL000029,Delivery
DEL000030,Delivery
DEL000031,Delivery
DEL000032,Delivery
DEL000033,Delivery
DEL000034,Delivery
DEL000035,Delivery
DEL000036,Delivery
DEL000037,Delivery
DEL000038,Delivery
DEL000039,Delivery
DEL000040,Delivery
DEL000041,Delivery
DEL000042,Delivery
DEL000043,Delivery
DEL000044,Delivery
DEL000045,Delivery
DEL000046,Delivery
DEL000047,Delivery
DEL000048,Delivery
DEL000049,Delivery
DEL000050,Delivery
DEL000051,Delivery
DEL000052,Delivery
DEL000053,Delivery
DEL000054,Delivery
DEL000055,Delivery
DEL000056,Delivery
DEL000057,Delivery
DEL000058,Delivery
DEL000059,Delivery
DEL000060,Delivery
DEL000061,Delivery
DEL000062,Delivery
DEL000063,Delivery
DEL000064,Delivery
DEL000065,Delivery
DEL000066,Delivery
DEL000067,Delivery
DEL000068,Delivery
DEL000069,Delivery
DEL000070,Delivery
DEL000071,Delivery
DEL000072,Delivery
DEL000073,Delivery
DEL000074,Delivery
DEL000075,Delivery
DEL000076,Delivery
DEL000077,Delivery
DEL000078,Delivery
DEL000079,Delivery
DEL000080,Delivery
DEL000081,Delivery
DEL000082,Delivery
DEL000083,Delivery
DEL000084,Delivery
DEL000085,Delivery
DEL000086,Delivery
DEL000087,Delivery
DEL000088,Delivery
DEL000089,Delivery
DEL000090,Delivery
DEL000091,Delivery
DEL000092,Delivery
DEL000093,Delivery
DEL000094,Delivery
DEL000095,Delivery
DEL000096,Delivery
DEL000097,Delivery
DEL000098,Delivery
DEL000099,Delivery
DEL000100,Delivery
DEL000101,Delivery
DEL000102,Delivery
DEL000103,Delivery
DEL000104,Delivery
DEL000105,Delivery
DEL000106,Delivery
DEL000107,Delivery
DEL000108,Delivery
DEL000109,Delivery
DEL000110,Delivery
DEL000111,Delivery
DEL000112,Delivery
DEL000113,Delivery
DEL000114,Delivery
DEL000115,Delivery
DEL000116,Delivery
DEL000117,Delivery
DEL000118,Delivery
DEL000119,Delivery
DEL000120,Delivery
DEL000121,Delivery
DEL000122,Delivery
DEL000123,Delivery
DEL000124,Delivery
DEL000125,Delivery
DEL000126,Delivery
DEL000127,Delivery
DEL000128,Delivery
DEL000129,Delivery
DEL000130,Delivery
DEL000131,Delivery
DEL000132,Delivery
DEL000133,Delivery
DEL000134,Delivery
DEL000135,Delivery
DEL000136,Delivery
DEL000137,Delivery
DEL000138,Delivery
DEL000139,Delivery
DEL000140,Delivery
DEL000141,Delivery
DEL000142,Delivery
DEL000143,Delivery
DEL000144,Delivery
DEL000145,Delivery
DEL000146,Delivery
DEL000147,Delivery
DEL000148,Delivery
DEL000149,Delivery
DEL000150,Delivery
DEL000151,Delivery
DEL000152,Delivery
DEL000153,Delivery
DEL000154,Delivery
DEL000155,Delivery
DEL000156,Delivery
DEL000157,Delivery
DEL000158,Delivery
DEL000159,Delivery
DEL000160,Delivery
DEL000161,Delivery
DEL000162,Delivery
DEL000163,Delivery
DEL000164,Delivery
DEL000165,Delivery
DEL000166,Delivery
DEL000167,Delivery
DEL000168,Delivery
DEL000169,Delivery
DEL000170,Delivery
DEL000171,Delivery
DEL000172,Delivery
DEL000173,Delivery
DEL000174,Delivery
DEL000175,Delivery
DEL000176,Delivery
DEL000177,Delivery
DEL000178,Delivery
DEL000179,Delivery
DEL000180,Delivery
DEL000181,Delivery
DEL000182,Delivery
DEL000183,Delivery
DEL000184,Delivery
DEL000185,Delivery
DEL000186,Delivery
DEL000187,Delivery
DEL000188,Delivery
DEL000189,Delivery
DEL000190,Delivery
DEL000191,Delivery
DEL000192,Delivery
DEL000193,Delivery
DEL000194,Delivery
DEL000195,Delivery
DEL000196,Delivery
DEL000197,Delivery
DEL000198,Delivery
DEL000199,Delivery
DEL000200,Delivery
DEL000201,Delivery
DEL000202,Delivery
DEL000203,Delivery
DEL000204,Delivery
DEL000205,Delivery
DEL000206,Delivery
DEL000207,Delivery
DEL000208,Delivery
DEL000209,Delivery
DEL000210,Delivery
DEL000211,Delivery
DEL000212,Delivery
DEL000213,Delivery
DEL000214,Delivery
DEL000215,Delivery
DEL000216,Delivery
DEL000217,Delivery
DEL000218,Delivery
DEL000219,Delivery
DEL000220,Delivery
DEL000221,Delivery
DEL000222,Delivery
DEL000223,Delivery
DEL000224,Delivery
DEL000225,Delivery
DEL000226,Delivery
DEL000227,Delivery
DEL000228,Delivery
DEL000229,Delivery
DEL000230,Delivery
DEL000231,Delivery
DEL000232,Delivery
DEL000233,Delivery
DEL000234,Delivery
DEL000235,Delivery
DEL000236,Delivery
DEL000237,Delivery
DEL000238,Delivery
DEL000239,Delivery
DEL000240,Delivery
DEL000241,Delivery
DEL000242,Delivery
DEL000243,Delivery
DEL000244,Delivery
DEL000245,Delivery
DEL000246,Delivery
DEL000247,Delivery
DEL000248,Delivery
DEL000249,Delivery
DEL000250,Delivery
DEL000251,Delivery
DEL000252,Delivery
DEL000253,Delivery
DEL000254,Delivery
DEL000255,Delivery
DEL000256,Delivery
DEL000257,Delivery
DEL000258,Delivery
DEL000259,Delivery
DEL000260,Delivery
DEL000261,Delivery
DEL000262,Delivery
DEL000263,Delivery
DEL000264,Delivery
DEL000265,Delivery
DEL000266,Delivery
DEL000267,Delivery
DEL000268,Delivery
DEL000269,Delivery
DEL000270,Delivery
DEL000271,Delivery
DEL000272,Delivery
DEL000273,Delivery
DEL000274,Delivery
DEL000275,Delivery
DEL000276,Delivery
DEL000277,Delivery
DEL000278,Delivery
DEL000279,Delivery
DEL000280,Delivery
DEL000281,Delivery
DEL000282,Delivery
DEL000283,Delivery
DEL000284,Delivery
DEL000285,Delivery
DEL000286,Delivery
DEL000287,Delivery
DEL000288,Delivery
DEL000289,Delivery
DEL000290,Delivery
DEL000291,Delivery
DEL000292,Delivery
DEL000293,Delivery
DEL000294,Delivery
DEL000295,Delivery
DEL000296,Delivery
DEL000297,Delivery
DEL000298,Delivery
DEL000299,Delivery
DEL000300,Delivery
DEL000301,Delivery
DEL000302,Delivery
DEL000303,Delivery
DEL000304,Delivery
DEL000305,Delivery
DEL000306,Delivery
DEL000307,Delivery
DEL000308,Delivery
DEL000309,Delivery
DEL000310,Delivery
DEL000311,Delivery
DEL000312,Delivery
DEL000313,Delivery
DEL000314,Delivery
DEL000315,Delivery
DEL000316,Delivery
DEL000317,Delivery
DEL000318,Delivery
DEL000319,Delivery
DEL000320,Delivery
DEL000321,Delivery
DEL000322,Delivery
DEL000323,Delivery
DEL000324,Delivery
DEL000325,Delivery
DEL000326,Delivery
DEL000327,Delivery
DEL000328,Delivery
DEL000329,Delivery
DEL000330,Delivery
DEL000331,Delivery
DEL000332,Delivery
DEL000333,Delivery
DEL000334,Delivery
DEL000335,Delivery
DEL000336,Delivery
DEL000337,Delivery
DEL000338,Delivery
DEL000339,Delivery
DEL000340,Delivery
DEL000341,Delivery
DEL000342,Delivery
DEL000343,Delivery
DEL000344,Delivery
DEL000345,Delivery
DEL000346,Delivery
DEL000347,Delivery
DEL000348,Delivery
DEL000349,Delivery
DEL000350,Delivery
DEL000351,Delivery
DEL000352,Delivery
DEL000353,Delivery
DEL000354,Delivery
DEL000355,Delivery
DEL000356,Delivery
DEL000357,Delivery
DEL000358,Delivery
DEL000359,Delivery
DEL000360,Delivery
DEL000361,Delivery
DEL000362,Delivery
DEL000363,Delivery
DEL000364,Delivery
DEL000365,Delivery
DEL000366,Delivery
DEL000367,Delivery
DEL000368,Delivery
DEL000369,Delivery
DEL000370,Delivery
DEL000371,Delivery
DEL000372,Delivery
DEL000373,Delivery
DEL000374,Delivery
DEL000375,Delivery
DEL000376,Delivery
DEL000377,Delivery
DEL000378,Delivery
DEL000379,Delivery
DEL000380,Delivery
DEL000381,Delivery
DEL000382,Delivery
DEL000383,Delivery
DEL000384,Delivery
DEL000385,Delivery
DEL000386,Delivery
DEL000387,Delivery
DEL000388,Delivery
DEL000389,Delivery
DEL000390,Delivery
DEL000391,Delivery
DEL000392,Delivery
DEL000393,Delivery
DEL000394,Delivery
DEL000395,Delivery
DEL000396,Delivery
DEL000397,Delivery
DEL000398,Delivery
DEL000399,Delivery
DEL000400,Delivery
DEL000401,Delivery
DEL000402,Delivery
DEL000403,Delivery
DEL000404,Delivery
DEL000405,Delivery
DEL000406,Delivery
DEL000407,Delivery
DEL000408,Delivery
DEL000409,Delivery
DEL000410,Delivery
DEL000411,Delivery
DEL000412,Delivery
DEL000413,Delivery
DEL000414,Delivery
DEL000415,Delivery
DEL000416,Delivery
DEL000417,Delivery
DEL000418,Delivery
DEL000419,Delivery
DEL000420,Delivery
DEL000421,Delivery
DEL000422,Delivery
DEL000423,Delivery
DEL000424,Delivery
DEL000425,Delivery
DEL000426,Delivery
DEL000427,Delivery
DEL000428,Delivery
DEL000429,Delivery
DEL000430,Delivery
DEL000431,Delivery
DEL000432,Delivery
DEL000433,Delivery
DEL000434,Delivery
DEL000435,Delivery
DEL000436,Delivery
DEL000437,Delivery
DEL000438,Delivery
DEL000439,Delivery
DEL000440,Delivery
DEL000441,Delivery
DEL000442,Delivery
DEL000443,Delivery
DEL000444,Delivery
DEL000445,Delivery
DEL000446,Delivery
DEL000447,Delivery
DEL000448,Delivery
DEL000449,Delivery
DEL000450,Delivery
DEL000451,Delivery
DEL000452,Delivery
DEL000453,Delivery
DEL000454,Delivery
DEL000455,Delivery
DEL000456,Delivery
DEL000457,Delivery
DEL000458,Delivery
DEL000459,Delivery
DEL000460,Delivery
DEL000461,Delivery
DEL000462,Delivery
DEL000463,Delivery
DEL000464,Delivery
DEL000465,Delivery
DEL000466,Delivery
DEL000467,Delivery
DEL000468,Delivery
DEL000469,Delivery
DEL000470,Delivery
DEL000471,Delivery
DEL000472,Delivery
DEL000473,Delivery
DEL000474,Delivery
DEL000475,Delivery
DEL000476,Delivery
DEL000477,Delivery
DEL000478,Delivery
DEL000479,Delivery
DEL000480,Delivery
DEL000481,Delivery
DEL000482,Delivery
DEL000483,Delivery
DEL000484,Delivery
DEL000485,Delivery
DEL000486,Delivery
DEL000487,Delivery
DEL000488,Delivery
DEL000489,Delivery
DEL000490,Delivery
DEL000491,Delivery
DEL000492,Delivery
DEL000493,Delivery
DEL000494,Delivery
DEL000495,Delivery
DEL000496,Delivery
DEL000497,Delivery
DEL000498,Delivery
DEL000499,Delivery
DEL000500,Delivery
DEL000501,Delivery
DEL000502,Delivery
DEL000503,Delivery
DEL000504,Delivery
DEL000505,Delivery
DEL000506,Delivery
DEL000507,Delivery
DEL000508,Delivery
DEL000509,Delivery
DEL000510,Delivery
DEL000511,Delivery
DEL000512,Delivery
DEL000513,Delivery
DEL000514,Delivery
DEL000515,Delivery
DEL000516,Delivery
DEL000517,Delivery
DEL000518,Delivery
DEL000519,Delivery
DEL000520,Delivery
DEL000521,Delivery
DEL000522,Delivery
DEL000523,Delivery
DEL000524,Delivery
DEL000525,Delivery
DEL000526,Delivery
DEL000527,Delivery
DEL000528,Delivery
DEL000529,Delivery
DEL000530,Delivery
DEL000531,Delivery
DEL000532,Delivery
DEL000533,Delivery
DEL000534,Delivery
DEL000535,Delivery
DEL000536,Delivery
DEL000537,Delivery
DEL000538,Delivery
DEL000539,Delivery
DEL000540,Delivery
DEL000541,Delivery
DEL000542,Delivery
DEL000543,Delivery
DEL000544,Delivery
DEL000545,Delivery
DEL000546,Delivery
DEL000547,Delivery
DEL000548,Delivery
DEL000549,Delivery
DEL000550,Delivery
DEL000551,Delivery
DEL000552,Delivery
DEL000553,Delivery
DEL000554,Delivery
DEL000555,Delivery
DEL000556,Delivery
DEL000557,Delivery
DEL000558,Delivery
DEL000559,Delivery
DEL000560,Delivery
DEL000561,Delivery
DEL000562,Delivery
DEL000563,Delivery
DEL000564,Delivery
DEL000565,Delivery
DEL000566,Delivery
DEL000567,Delivery
DEL000568,Delivery
DEL000569,Delivery
DEL000570,Delivery
DEL000571,Delivery
DEL000572,Delivery
DEL000573,Delivery
DEL000574,Delivery
DEL000575,Delivery
DEL000576,Delivery
DEL000577,Delivery
DEL000578,Delivery
DEL000579,Delivery
DEL000580,Delivery
DEL000581,Delivery
DEL000582,Delivery
DEL000583,Delivery
DEL000584,Delivery
DEL000585,Delivery
DEL000586,Delivery
DEL000587,Delivery
DEL000588,Delivery
DEL000589,Delivery
DEL000590,Delivery
DEL000591,Delivery
DEL000592,Delivery
DEL000593,Delivery
DEL000594,Delivery
DEL000595,Delivery
DEL000596,Delivery
DEL000597,Delivery
DEL000598,Delivery
DEL000599,Delivery
DEL000600,Delivery
DEL000601,Delivery
DEL000602,Delivery
DEL000603,Delivery
DEL000604,Delivery
DEL000605,Delivery
DEL000606,Delivery
DEL000607,Delivery
DEL000608,Delivery
DEL000609,Delivery
DEL000610,Delivery
DEL000611,Delivery
DEL000612,Delivery
DEL000613,Delivery
DEL000614,Delivery
DEL000615,Delivery
DEL000616,Delivery
DEL000617,Delivery
DEL000618,Delivery
DEL000619,Delivery
DEL000620,Delivery
DEL000621,Delivery
DEL000622,Delivery
DEL000623,Delivery
DEL000624,Delivery
DEL000625,Delivery
DEL000626,Delivery
DEL000627,Delivery
DEL000628,Delivery
DEL000629,Delivery
DEL000630,Delivery
DEL000631,Delivery
DEL000632,Delivery
DEL000633,Delivery
DEL000634,Delivery
DEL000635,Delivery
DEL000636,Delivery
DEL000637,Delivery
DEL000638,Delivery
DEL000639,Delivery
DEL000640,Delivery
DEL000641,Delivery
DEL000642,Delivery
DEL000643,Delivery
DEL000644,Delivery
DEL000645,Delivery
DEL000646,Delivery
DEL000647,Delivery
DEL000648,Delivery
DEL000649,Delivery
DEL000650,Delivery
DEL000651,Delivery
DEL000652,Delivery
DEL000653,Delivery
DEL000654,Delivery
DEL000655,Delivery
DEL000656,Delivery
DEL000657,Delivery
DEL000658,Delivery
DEL000659,Delivery
DEL000660,Delivery
DEL000661,Delivery
DEL000662,Delivery
DEL000663,Delivery
DEL000664,Delivery
DEL000665,Delivery
DEL000666,Delivery
DEL000667,Delivery
DEL000668,Delivery
DEL000669,Delivery
DEL000670,Delivery
DEL000671,Delivery
DEL000672,Delivery
DEL000673,Delivery
DEL000674,Delivery
DEL000675,Delivery
DEL000676,Delivery
DEL000677,Delivery
DEL000678,Delivery
DEL000679,Delivery
DEL000680,Delivery
DEL000681,Delivery
DEL000682,Delivery
DEL000683,Delivery
DEL000684,Delivery
DEL000685,Delivery
DEL000686,Delivery
DEL000687,Delivery
DEL000688,Delivery
DEL000689,Delivery
DEL000690,Delivery
DEL000691,Delivery
DEL000692,Delivery
DEL000693,Delivery
DEL000694,Delivery
DEL000695,Delivery
DEL000696,Delivery
DEL000697,Delivery
DEL000698,Delivery
DEL000699,Delivery
DEL000700,Delivery
DEL000701,Delivery
DEL000702,Delivery
DEL000703,Delivery
DEL000704,Delivery
DEL000705,Delivery
DEL000706,Delivery
DEL000707,Delivery
DEL000708,Delivery
DEL000709,Delivery
DEL000710,Delivery
DEL000711,Delivery
DEL000712,Delivery
DEL000713,Delivery
DEL000714,Delivery
DEL000715,Delivery
DEL000716,Delivery
DEL000717,Delivery
DEL000718,Delivery
DEL000719,Delivery
DEL000720,Delivery
DEL000721,Delivery
DEL000722,Delivery
DEL000723,Delivery
DEL000724,Delivery
DEL000725,Delivery
DEL000726,Delivery
DEL000727,Delivery
DEL000728,Delivery
DEL000729,Delivery
DEL000730,Delivery
DEL000731,Delivery
DEL000732,Delivery
DEL000733,Delivery
DEL000734,Delivery
DEL000735,Delivery
DEL000736,Delivery
DEL000737,Delivery
DEL000738,Delivery
DEL000739,Delivery
DEL000740,Delivery
DEL000741,Delivery
DEL000742,Delivery
DEL000743,Delivery
DEL000744,Delivery
DEL000745,Delivery
DEL000746,Delivery
DEL000747,Delivery
DEL000748,Delivery
DEL000749,Delivery
DEL000750,Delivery
DEL000751,Delivery
DEL000752,Delivery
DEL000753,Delivery
DEL000754,Delivery
DEL000755,Delivery
DEL000756,Delivery
DEL000757,Delivery
DEL000758,Delivery
DEL000759,Delivery
DEL000760,Delivery
DEL000761,Delivery
DEL000762,Delivery
DEL000763,Delivery
DEL000764,Delivery
DEL000765,Delivery
DEL000766,Delivery
DEL000767,Delivery
DEL000768,Delivery
DEL000769,Delivery
DEL000770,Delivery
DEL000771,Delivery
DEL000772,Delivery
DEL000773,Delivery
DEL000774,Delivery
DEL000775,Delivery
DEL000776,Delivery
DEL000777,Delivery
DEL000778,Delivery
DEL000779,Delivery
DEL000780,Delivery
DEL000781,Delivery
DEL000782,Delivery
DEL000783,Delivery
DEL000784,Delivery
DEL000785,Delivery
DEL000786,Delivery
DEL000787,Delivery
DEL000788,Delivery
DEL000789,Delivery
DEL000790,Delivery
DEL000791,Delivery
DEL000792,Delivery
DEL000793,Delivery
DEL000794,Delivery
DEL000795,Delivery
DEL000796,Delivery
DEL000797,Delivery
DEL000798,Delivery
DEL000799,Delivery
DEL000800,Delivery
DEL000801,Delivery
DEL000802,Delivery
DEL000803,Delivery
DEL000804,Delivery
DEL000805,Delivery
DEL000806,Delivery
DEL000807,Delivery
DEL000808,Delivery
DEL000809,Delivery
DEL000810,Delivery
DEL000811,Delivery
DEL000812,Delivery
DEL000813,Delivery
DEL000814,Delivery
DEL000815,Delivery
DEL000816,Delivery
DEL000817,Delivery
DEL000818,Delivery
DEL000819,Delivery
DEL000820,Delivery
DEL000821,Delivery
DEL000822,Delivery
DEL000823,Delivery
DEL000824,Delivery
DEL000825,Delivery
DEL000826,Delivery
DEL000827,Delivery
DEL000828,Delivery
DEL000829,Delivery
DEL000830,Delivery
DEL000831,Delivery
DEL000832,Delivery
DEL000833,Delivery
DEL000834,Delivery
DEL000835,Delivery
DEL000836,Delivery
DEL000837,Delivery
DEL000838,Delivery
DEL000839,Delivery
DEL000840,Delivery
DEL000841,Delivery
DEL000842,Delivery
DEL000843,Delivery
DEL000844,Delivery
DEL000845,Delivery
DEL000846,Delivery
DEL000847,Delivery
DEL000848,Delivery
DEL000849,Delivery
DEL000850,Delivery
DEL000851,Delivery
DEL000852,Delivery
DEL000853,Delivery
DEL000854,Delivery
DEL000855,Delivery
DEL000856,Delivery
DEL000857,Delivery
DEL000858,Delivery
DEL000859,Delivery
DEL000860,Delivery
DEL000861,Delivery
DEL000862,Delivery
DEL000863,Delivery
DEL000864,Delivery
DEL000865,Delivery
DEL000866,Delivery
DEL000867,Delivery
DEL000868,Delivery
DEL000869,Delivery
DEL000870,Delivery
DEL000871,Delivery
DEL000872,Delivery
DEL000873,Delivery
DEL000874,Delivery
DEL000875,Delivery
DEL000876,Delivery
DEL000877,Delivery
DEL000878,Delivery
DEL000879,Delivery
DEL000880,Delivery
DEL000881,Delivery
DEL000882,Delivery
DEL000883,Delivery
DEL000884,Delivery
DEL000885,Delivery
DEL000886,Delivery
DEL000887,Delivery
DEL000888,Delivery
DEL000889,Delivery
DEL000890,Delivery
DEL000891,Delivery
DEL000892,Delivery
DEL000893,Delivery
DEL000894,Delivery
DEL000895,Delivery
DEL000896,Delivery
DEL000897,Delivery
DEL000898,Delivery
DEL000899,Delivery
DEL000900,Delivery
DEL000901,Delivery
DEL000902,Delivery
DEL000903,Delivery
DEL000904,Delivery
DEL000905,Delivery
DEL000906,Delivery
DEL000907,Delivery
DEL000908,Delivery
DEL000909,Delivery
DEL000910,Delivery
DEL000911,Delivery
DEL000912,Delivery
DEL000913,Delivery
DEL000914,Delivery
DEL000915,Delivery
DEL000916,Delivery
DEL000917,Delivery
DEL000918,Delivery
DEL000919,Delivery
DEL000920,Delivery
DEL000921,Delivery
DEL000922,Delivery
DEL000923,Delivery
DEL000924,Delivery
DEL000925,Delivery
DEL000926,Delivery
DEL000927,Delivery
DEL000928,Delivery
DEL000929,Delivery
DEL000930,Delivery
DEL000931,Delivery
DEL000932,Delivery
DEL000933,Delivery
DEL000934,Delivery
DEL000935,Delivery
DEL000936,Delivery
DEL000937,Delivery
DEL000938,Delivery
DEL000939,Delivery
DEL000940,Delivery
DEL000941,Delivery
DEL000942,Delivery
DEL000943,Delivery
DEL000944,Delivery
DEL000945,Delivery
DEL000946,Delivery
DEL000947,Delivery
DEL000948,Delivery
DEL000949,Delivery
DEL000950,Delivery
DEL000951,Delivery
DEL000952,Delivery
DEL000953,Delivery
DEL000954,Delivery
DEL000955,Delivery
DEL000956,Delivery
DEL000957,Delivery
DEL000958,Delivery
DEL000959,Delivery
DEL000960,Delivery
DEL000961,Delivery
DEL000962,Delivery
DEL000963,Delivery
DEL000964,Delivery
DEL000965,Delivery
DEL000966,Delivery
DEL000967,Delivery
DEL000968,Delivery
DEL000969,Delivery
DEL000970,Delivery
DEL000971,Delivery
DEL000972,Delivery
DEL000973,Delivery
DEL000974,Delivery
DEL000975,Delivery
DEL000976,Delivery
DEL000977,Delivery
DEL000978,Delivery
DEL000979,Delivery
DEL000980,Delivery
DEL000981,Delivery
DEL000982,Delivery
DEL000983,Delivery
DEL000984,Delivery
DEL000985,Delivery
DEL000986,Delivery
DEL000987,Delivery
DEL000988,Delivery
DEL000989,Delivery
DEL000990,Delivery
DEL000991,Delivery
DEL000992,Delivery
DEL000993,Delivery
DEL000994,Delivery
DEL000995,Delivery
DEL000996,Delivery
DEL000997,Delivery
DEL000998,Delivery
DEL000999,Delivery
DEL001000,Delivery
DEL001001,Delivery
DEL001002,Delivery
DEL001003,Delivery
DEL001004,Delivery
DEL001005,Delivery
DEL001006,Delivery
DEL001007,Delivery
DEL001008,Delivery
DEL001009,Delivery
DEL001010,Delivery
DEL001011,Delivery
DEL001012,Delivery
DEL001013,Delivery
DEL001014,Delivery
BAT0000001,Batch
BAT0000002,Batch
BAT0000003,Batch
BAT0000004,Batch
BAT0000005,Batch
BAT0000006,Batch
BAT0000007,Batch
BAT0000008,Batch
BAT0000009,Batch
BAT0000010,Batch
BAT0000011,Batch
BAT0000012,Batch
BAT0000013,Batch
BAT0000014,Batch
BAT0000015,Batch
BAT0000016,Batch
BAT0000017,Batch
BAT0000018,Batch
BAT0000019,Batch
BAT0000020,Batch
BAT0000021,Batch
BAT0000022,Batch
BAT0000023,Batch
BAT0000024,Batch
BAT0000025,Batch
BAT0000026,Batch
BAT0000027,Batch
BAT0000028,Batch
BAT0000029,Batch
BAT0000030,Batch
BAT0000031,Batch
BAT0000032,Batch
BAT0000033,Batch
BAT0000034,Batch
BAT0000035,Batch
BAT0000036,Batch
BAT0000037,Batch
BAT0000038,Batch
BAT0000039,Batch
BAT0000040,Batch
BAT0000041,Batch
BAT0000042,Batch
BAT0000043,Batch
BAT0000044,Batch
BAT0000045,Batch
BAT0000046,Batch
BAT0000047,Batch
BAT0000048,Batch
BAT0000049,Batch
BAT0000050,Batch
BAT0000051,Batch
BAT0000052,Batch
BAT0000053,Batch
BAT0000054,Batch
BAT0000055,Batch
BAT0000056,Batch
BAT0000057,Batch
BAT0000058,Batch
BAT0000059,Batch
BAT0000060,Batch
BAT0000061,Batch
BAT0000062,Batch
BAT0000063,Batch
BAT0000064,Batch
BAT0000065,Batch
BAT0000066,Batch
BAT0000067,Batch
BAT0000068,Batch
BAT0000069,Batch
BAT0000070,Batch
BAT0000071,Batch
BAT0000072,Batch
BAT0000073,Batch
BAT0000074,Batch
BAT0000075,Batch
BAT0000076,Batch
BAT0000077,Batch
BAT0000078,Batch
BAT0000079,Batch
BAT0000080,Batch
BAT0000081,Batch
BAT0000082,Batch
BAT0000083,Batch
BAT0000084,Batch
BAT0000085,Batch
BAT0000086,Batch
BAT0000087,Batch
BAT0000088,Batch
BAT0000089,Batch
BAT0000090,Batch
BAT0000091,Batch
BAT0000092,Batch
BAT0000093,Batch
BAT0000094,Batch
BAT0000095,Batch
BAT0000096,Batch
BAT0000097,Batch
BAT0000098,Batch
BAT0000099,Batch
BAT0000100,Batch
BAT0000101,Batch
BAT0000102,Batch
BAT0000103,Batch
BAT0000104,Batch
BAT0000105,Batch
BAT0000106,Batch
BAT0000107,Batch
BAT0000108,Batch
BAT0000109,Batch
BAT0000110,Batch
BAT0000111,Batch
BAT0000112,Batch
BAT0000113,Batch
BAT0000114,Batch
BAT0000115,Batch
BAT0000116,Batch
BAT0000117,Batch
BAT0000118,Batch
BAT0000119,Batch
BAT0000120,Batch
BAT0000121,Batch
BAT0000122,Batch
BAT0000123,Batch
BAT0000124,Batch
BAT0000125,Batch
BAT0000126,Batch
BAT0000127,Batch
BAT0000128,Batch
BAT0000129,Batch
BAT0000130,Batch
BAT0000131,Batch
BAT0000132,Batch
BAT0000133,Batch
BAT0000134,Batch
BAT0000135,Batch
BAT0000136,Batch
BAT0000137,Batch
BAT0000138,Batch
BAT0000139,Batch
BAT0000140,Batch
BAT0000141,Batch
BAT0000142,Batch
BAT0000143,Batch
BAT0000144,Batch
BAT0000145,Batch
BAT0000146,Batch
BAT0000147,Batch
BAT0000148,Batch
BAT0000149,Batch
BAT0000150,Batch
BAT0000151,Batch
BAT0000152,Batch
BAT0000153,Batch
BAT0000154,Batch
BAT0000155,Batch
BAT0000156,Batch
BAT0000157,Batch
BAT0000158,Batch
BAT0000159,Batch
BAT0000160,Batch
BAT0000161,Batch
BAT0000162,Batch
BAT0000163,Batch
BAT0000164,Batch
BAT0000165,Batch
BAT0000166,Batch
BAT0000167,Batch
BAT0000168,Batch
BAT0000169,Batch
BAT0000170,Batch
BAT0000171,Batch
BAT0000172,Batch
BAT0000173,Batch
BAT0000174,Batch
BAT0000175,Batch
BAT0000176,Batch
BAT0000177,Batch
BAT0000178,Batch
BAT0000179,Batch
BAT0000180,Batch
BAT0000181,Batch
BAT0000182,Batch
BAT0000183,Batch
BAT0000184,Batch
BAT0000185,Batch
BAT0000186,Batch
BAT0000187,Batch
BAT0000188,Batch
BAT0000189,Batch
BAT0000190,Batch
BAT0000191,Batch
BAT0000192,Batch
BAT0000193,Batch
BAT0000194,Batch
BAT0000195,Batch
BAT0000196,Batch
BAT0000197,Batch
BAT0000198,Batch
BAT0000199,Batch
BAT0000200,Batch
BAT0000201,Batch
BAT0000202,Batch
BAT0000203,Batch
BAT0000204,Batch
BAT0000205,Batch
BAT0000206,Batch
BAT0000207,Batch
BAT0000208,Batch
BAT0000209,Batch
BAT0000210,Batch
BAT0000211,Batch
BAT0000212,Batch
BAT0000213,Batch
BAT0000214,Batch
BAT0000215,Batch
BAT0000216,Batch
BAT0000217,Batch
BAT0000218,Batch
BAT0000219,Batch
BAT0000220,Batch
BAT0000221,Batch
BAT0000222,Batch
BAT0000223,Batch
BAT0000224,Batch
BAT0000225,Batch
BAT0000226,Batch
BAT0000227,Batch
BAT0000228,Batch
BAT0000229,Batch
BAT0000230,Batch
BAT0000231,Batch
BAT0000232,Batch
BAT0000233,Batch
BAT0000234,Batch
BAT0000235,Batch
BAT0000236,Batch
BAT0000237,Batch
BAT0000238,Batch
BAT0000239,Batch
BAT0000240,Batch
BAT0000241,Batch
BAT0000242,Batch
BAT0000243,Batch
BAT0000244,Batch
BAT0000245,Batch
BAT0000246,Batch
BAT0000247,Batch
BAT0000248,Batch
BAT0000249,Batch
BAT0000250,Batch
BAT0000251,Batch
BAT0000252,Batch
BAT0000253,Batch
BAT0000254,Batch
BAT0000255,Batch
BAT0000256,Batch
BAT0000257,Batch
BAT0000258,Batch
BAT0000259,Batch
BAT0000260,Batch
BAT0000261,Batch
BAT0000262,Batch
BAT0000263,Batch
BAT0000264,Batch
BAT0000265,Batch
BAT0000266,Batch
BAT0000267,Batch
BAT0000268,Batch
BAT0000269,Batch
BAT0000270,Batch
BAT0000271,Batch
BAT0000272,Batch
BAT0000273,Batch
BAT0000274,Batch
BAT0000275,Batch
BAT0000276,Batch
BAT0000277,Batch
BAT0000278,Batch
BAT0000279,Batch
BAT0000280,Batch
BAT0000281,Batch
BAT0000282,Batch
BAT0000283,Batch
BAT0000284,Batch
BAT0000285,Batch
BAT0000286,Batch
BAT0000287,Batch
BAT0000288,Batch
BAT0000289,Batch
BAT0000290,Batch
BAT0000291,Batch
BAT0000292,Batch
BAT0000293,Batch
BAT0000294,Batch
BAT0000295,Batch
BAT0000296,Batch
BAT0000297,Batch
BAT0000298,Batch
BAT0000299,Batch
BAT0000300,Batch
BAT0000301,Batch
BAT0000302,Batch
BAT0000303,Batch
BAT0000304,Batch
BAT0000305,Batch
BAT0000306,Batch
BAT0000307,Batch
BAT0000308,Batch
BAT0000309,Batch
BAT0000310,Batch
BAT0000311,Batch
BAT0000312,Batch
BAT0000313,Batch
BAT0000314,Batch
BAT0000315,Batch
BAT0000316,Batch
BAT0000317,Batch
BAT0000318,Batch
BAT0000319,Batch
BAT0000320,Batch
BAT0000321,Batch
BAT0000322,Batch
BAT0000323,Batch
BAT0000324,Batch
BAT0000325,Batch
BAT0000326,Batch
BAT0000327,Batch
BAT0000328,Batch
BAT0000329,Batch
BAT0000330,Batch
BAT0000331,Batch
BAT0000332,Batch
BAT0000333,Batch
BAT0000334,Batch
BAT0000335,Batch
BAT0000336,Batch
BAT0000337,Batch
BAT0000338,Batch
BAT0000339,Batch
BAT0000340,Batch
BAT0000341,Batch
BAT0000342,Batch
BAT0000343,Batch
BAT0000344,Batch
BAT0000345,Batch
BAT0000346,Batch
BAT0000347,Batch
BAT0000348,Batch
BAT0000349,Batch
BAT0000350,Batch
BAT0000351,Batch
BAT0000352,Batch
BAT0000353,Batch
BAT0000354,Batch
BAT0000355,Batch
BAT0000356,Batch
BAT0000357,Batch
BAT0000358,Batch
BAT0000359,Batch
BAT0000360,Batch
BAT0000361,Batch
BAT0000362,Batch
BAT0000363,Batch
BAT0000364,Batch
BAT0000365,Batch
BAT0000366,Batch
BAT0000367,Batch
BAT0000368,Batch
BAT0000369,Batch
BAT0000370,Batch
BAT0000371,Batch
BAT0000372,Batch
BAT0000373,Batch
BAT0000374,Batch
BAT0000375,Batch
BAT0000376,Batch
BAT0000377,Batch
BAT0000378,Batch
BAT0000379,Batch
BAT0000380,Batch
BAT0000381,Batch
BAT0000382,Batch
BAT0000383,Batch
BAT0000384,Batch
BAT0000385,Batch
BAT0000386,Batch
BAT0000387,Batch
BAT0000388,Batch
BAT0000389,Batch
BAT0000390,Batch
BAT0000391,Batch
BAT0000392,Batch
BAT0000393,Batch
BAT0000394,Batch
BAT0000395,Batch
BAT0000396,Batch
BAT0000397,Batch
BAT0000398,Batch
BAT0000399,Batch
BAT0000400,Batch
BAT0000401,Batch
BAT0000402,Batch
BAT0000403,Batch
BAT0000404,Batch
BAT0000405,Batch
BAT0000406,Batch
BAT0000407,Batch
BAT0000408,Batch
BAT0000409,Batch
BAT0000410,Batch
BAT0000411,Batch
BAT0000412,Batch
BAT0000413,Batch
BAT0000414,Batch
BAT0000415,Batch
BAT0000416,Batch
BAT0000417,Batch
BAT0000418,Batch
BAT0000419,Batch
BAT0000420,Batch
BAT0000421,Batch
BAT0000422,Batch
BAT0000423,Batch
BAT0000424,Batch
BAT0000425,Batch
BAT0000426,Batch
BAT0000427,Batch
BAT0000428,Batch
BAT0000429,Batch
BAT0000430,Batch
BAT0000431,Batch
BAT0000432,Batch
BAT0000433,Batch
BAT0000434,Batch
BAT0000435,Batch
BAT0000436,Batch
BAT0000437,Batch
BAT0000438,Batch
BAT0000439,Batch
BAT0000440,Batch
BAT0000441,Batch
BAT0000442,Batch
BAT0000443,Batch
BAT0000444,Batch
BAT0000445,Batch
BAT0000446,Batch
BAT0000447,Batch
BAT0000448,Batch
BAT0000449,Batch
BAT0000450,Batch
BAT0000451,Batch
BAT0000452,Batch
BAT0000453,Batch
BAT0000454,Batch
BAT0000455,Batch
BAT0000456,Batch
BAT0000457,Batch
BAT0000458,Batch
BAT0000459,Batch
BAT0000460,Batch
BAT0000461,Batch
BAT0000462,Batch
BAT0000463,Batch
BAT0000464,Batch
BAT0000465,Batch
BAT0000466,Batch
BAT0000467,Batch
BAT0000468,Batch
BAT0000469,Batch
BAT0000470,Batch
BAT0000471,Batch
BAT0000472,Batch
BAT0000473,Batch
BAT0000474,Batch
BAT0000475,Batch
BAT0000476,Batch
BAT0000477,Batch
BAT0000478,Batch
BAT0000479,Batch
BAT0000480,Batch
BAT0000481,Batch
BAT0000482,Batch
BAT0000483,Batch
BAT0000484,Batch
BAT0000485,Batch
BAT0000486,Batch
BAT0000487,Batch
BAT0000488,Batch
BAT0000489,Batch
BAT0000490,Batch
BAT0000491,Batch
BAT0000492,Batch
BAT0000493,Batch
BAT0000494,Batch
BAT0000495,Batch
BAT0000496,Batch
BAT0000497,Batch
BAT0000498,Batch
BAT0000499,Batch
BAT0000500,Batch
BAT0000501,Batch
BAT0000502,Batch
BAT0000503,Batch
BAT0000504,Batch
BAT0000505,Batch
BAT0000506,Batch
BAT0000507,Batch
BAT0000508,Batch
BAT0000509,Batch
BAT0000510,Batch
BAT0000511,Batch
BAT0000512,Batch
BAT0000513,Batch
BAT0000514,Batch
BAT0000515,Batch
BAT0000516,Batch
BAT0000517,Batch
BAT0000518,Batch
BAT0000519,Batch
BAT0000520,Batch
BAT0000521,Batch
BAT0000522,Batch
BAT0000523,Batch
BAT0000524,Batch
BAT0000525,Batch
BAT0000526,Batch
BAT0000527,Batch
BAT0000528,Batch
BAT0000529,Batch
BAT0000530,Batch
BAT0000531,Batch
BAT0000532,Batch
BAT0000533,Batch
BAT0000534,Batch
BAT0000535,Batch
BAT0000536,Batch
BAT0000537,Batch
BAT0000538,Batch
BAT0000539,Batch
BAT0000540,Batch
BAT0000541,Batch
BAT0000542,Batch
BAT0000543,Batch
BAT0000544,Batch
BAT0000545,Batch
BAT0000546,Batch
BAT0000547,Batch
BAT0000548,Batch
BAT0000549,Batch
BAT0000550,Batch
BAT0000551,Batch
BAT0000552,Batch
BAT0000553,Batch
BAT0000554,Batch
BAT0000555,Batch
BAT0000556,Batch
BAT0000557,Batch
BAT0000558,Batch
BAT0000559,Batch
BAT0000560,Batch
BAT0000561,Batch
BAT0000562,Batch
BAT0000563,Batch
BAT0000564,Batch
BAT0000565,Batch
BAT0000566,Batch
BAT0000567,Batch
BAT0000568,Batch
BAT0000569,Batch
BAT0000570,Batch
BAT0000571,Batch
BAT0000572,Batch
BAT0000573,Batch
BAT0000574,Batch
BAT0000575,Batch
BAT0000576,Batch
BAT0000577,Batch
BAT0000578,Batch
BAT0000579,Batch
BAT0000580,Batch
BAT0000581,Batch
BAT0000582,Batch
BAT0000583,Batch
BAT0000584,Batch
BAT0000585,Batch
BAT0000586,Batch
BAT0000587,Batch
BAT0000588,Batch
BAT0000589,Batch
BAT0000590,Batch
BAT0000591,Batch
BAT0000592,Batch
BAT0000593,Batch
BAT0000594,Batch
BAT0000595,Batch
BAT0000596,Batch
BAT0000597,Batch
BAT0000598,Batch
BAT0000599,Batch
BAT0000600,Batch
BAT0000601,Batch
BAT0000602,Batch
BAT0000603,Batch
BAT0000604,Batch
BAT0000605,Batch
BAT0000606,Batch
BAT0000607,Batch
BAT0000608,Batch
BAT0000609,Batch
BAT0000610,Batch
BAT0000611,Batch
BAT0000612,Batch
BAT0000613,Batch
BAT0000614,Batch
BAT0000615,Batch
BAT0000616,Batch
BAT0000617,Batch
BAT0000618,Batch
BAT0000619,Batch
BAT0000620,Batch
BAT0000621,Batch
BAT0000622,Batch
BAT0000623,Batch
BAT0000624,Batch
BAT0000625,Batch
BAT0000626,Batch
BAT0000627,Batch
BAT0000628,Batch
BAT0000629,Batch
BAT0000630,Batch
BAT0000631,Batch
BAT0000632,Batch
BAT0000633,Batch
BAT0000634,Batch
BAT0000635,Batch
BAT0000636,Batch
BAT0000637,Batch
BAT0000638,Batch
BAT0000639,Batch
BAT0000640,Batch
BAT0000641,Batch
BAT0000642,Batch
BAT0000643,Batch
BAT0000644,Batch
BAT0000645,Batch
BAT0000646,Batch
BAT0000647,Batch
BAT0000648,Batch
BAT0000649,Batch
BAT0000650,Batch
BAT0000651,Batch
BAT0000652,Batch
BAT0000653,Batch
BAT0000654,Batch
BAT0000655,Batch
BAT0000656,Batch
BAT0000657,Batch
BAT0000658,Batch
BAT0000659,Batch
BAT0000660,Batch
BAT0000661,Batch
BAT0000662,Batch
BAT0000663,Batch
BAT0000664,Batch
BAT0000665,Batch
BAT0000666,Batch
BAT0000667,Batch
BAT0000668,Batch
BAT0000669,Batch
BAT0000670,Batch
BAT0000671,Batch
BAT0000672,Batch
BAT0000673,Batch
BAT0000674,Batch
BAT0000675,Batch
BAT0000676,Batch
BAT0000677,Batch
BAT0000678,Batch
BAT0000679,Batch
BAT0000680,Batch
BAT0000681,Batch
BAT0000682,Batch
BAT0000683,Batch
BAT0000684,Batch
BAT0000685,Batch
BAT0000686,Batch
BAT0000687,Batch
BAT0000688,Batch
BAT0000689,Batch
BAT0000690,Batch
BAT0000691,Batch
BAT0000692,Batch
BAT0000693,Batch
BAT0000694,Batch
BAT0000695,Batch
BAT0000696,Batch
BAT0000697,Batch
BAT0000698,Batch
BAT0000699,Batch
BAT0000700,Batch
BAT0000701,Batch
BAT0000702,Batch
BAT0000703,Batch
BAT0000704,Batch
BAT0000705,Batch
BAT0000706,Batch
BAT0000707,Batch
BAT0000708,Batch
BAT0000709,Batch
BAT0000710,Batch
BAT0000711,Batch
BAT0000712,Batch
BAT0000713,Batch
BAT0000714,Batch
BAT0000715,Batch
BAT0000716,Batch
BAT0000717,Batch
BAT0000718,Batch
BAT0000719,Batch
BAT0000720,Batch
BAT0000721,Batch
BAT0000722,Batch
BAT0000723,Batch
BAT0000724,Batch
BAT0000725,Batch
BAT0000726,Batch
BAT0000727,Batch
BAT0000728,Batch
BAT0000729,Batch
BAT0000730,Batch
BAT0000731,Batch
BAT0000732,Batch
BAT0000733,Batch
BAT0000734,Batch
BAT0000735,Batch
BAT0000736,Batch
BAT0000737,Batch
BAT0000738,Batch
BAT0000739,Batch
BAT0000740,Batch
BAT0000741,Batch
BAT0000742,Batch
BAT0000743,Batch
BAT0000744,Batch
BAT0000745,Batch
BAT0000746,Batch
BAT0000747,Batch
BAT0000748,Batch
BAT0000749,Batch
BAT0000750,Batch
BAT0000751,Batch
BAT0000752,Batch
BAT0000753,Batch
BAT0000754,Batch
BAT0000755,Batch
BAT0000756,Batch
BAT0000757,Batch
BAT0000758,Batch
BAT0000759,Batch
BAT0000760,Batch
BAT0000761,Batch
BAT0000762,Batch
BAT0000763,Batch
BAT0000764,Batch
BAT0000765,Batch
BAT0000766,Batch
BAT0000767,Batch
BAT0000768,Batch
BAT0000769,Batch
BAT0000770,Batch
BAT0000771,Batch
BAT0000772,Batch
BAT0000773,Batch
BAT0000774,Batch
BAT0000775,Batch
BAT0000776,Batch
BAT0000777,Batch
BAT0000778,Batch
BAT0000779,Batch
BAT0000780,Batch
BAT0000781,Batch
BAT0000782,Batch
BAT0000783,Batch
BAT0000784,Batch
BAT0000785,Batch
BAT0000786,Batch
BAT0000787,Batch
BAT0000788,Batch
BAT0000789,Batch
BAT0000790,Batch
BAT0000791,Batch
BAT0000792,Batch
BAT0000793,Batch
BAT0000794,Batch
BAT0000795,Batch
BAT0000796,Batch
BAT0000797,Batch
BAT0000798,Batch
BAT0000799,Batch
BAT0000800,Batch
BAT0000801,Batch
BAT0000802,Batch
BAT0000803,Batch
BAT0000804,Batch
BAT0000805,Batch
BAT0000806,Batch
BAT0000807,Batch
BAT0000808,Batch
BAT0000809,Batch
BAT0000810,Batch
BAT0000811,Batch
BAT0000812,Batch
BAT0000813,Batch
BAT0000814,Batch
BAT0000815,Batch
BAT0000816,Batch
BAT0000817,Batch
BAT0000818,Batch
BAT0000819,Batch
BAT0000820,Batch
BAT0000821,Batch
BAT0000822,Batch
BAT0000823,Batch
BAT0000824,Batch
BAT0000825,Batch
BAT0000826,Batch
BAT0000827,Batch
BAT0000828,Batch
BAT0000829,Batch
BAT0000830,Batch
BAT0000831,Batch
BAT0000832,Batch
BAT0000833,Batch
BAT0000834,Batch
BAT0000835,Batch
BAT0000836,Batch
BAT0000837,Batch
BAT0000838,Batch
BAT0000839,Batch
BAT0000840,Batch
BAT0000841,Batch
BAT0000842,Batch
BAT0000843,Batch
BAT0000844,Batch
BAT0000845,Batch
BAT0000846,Batch
BAT0000847,Batch
BAT0000848,Batch
BAT0000849,Batch
BAT0000850,Batch
BAT0000851,Batch
BAT0000852,Batch
BAT0000853,Batch
BAT0000854,Batch
BAT0000855,Batch
BAT0000856,Batch
BAT0000857,Batch
BAT0000858,Batch
BAT0000859,Batch
BAT0000860,Batch
BAT0000861,Batch
BAT0000862,Batch
BAT0000863,Batch
BAT0000864,Batch
BAT0000865,Batch
BAT0000866,Batch
BAT0000867,Batch
BAT0000868,Batch
BAT0000869,Batch
BAT0000870,Batch
BAT0000871,Batch
BAT0000872,Batch
BAT0000873,Batch
BAT0000874,Batch
BAT0000875,Batch
BAT0000876,Batch
BAT0000877,Batch
BAT0000878,Batch
BAT0000879,Batch
BAT0000880,Batch
BAT0000881,Batch
BAT0000882,Batch
BAT0000883,Batch
BAT0000884,Batch
BAT0000885,Batch
BAT0000886,Batch
BAT0000887,Batch
BAT0000888,Batch
BAT0000889,Batch
BAT0000890,Batch
BAT0000891,Batch
BAT0000892,Batch
BAT0000893,Batch
BAT0000894,Batch
BAT0000895,Batch
BAT0000896,Batch
BAT0000897,Batch
BAT0000898,Batch
BAT0000899,Batch
BAT0000900,Batch
BAT0000901,Batch
BAT0000902,Batch
BAT0000903,Batch
BAT0000904,Batch
BAT0000905,Batch
BAT0000906,Batch
BAT0000907,Batch
BAT0000908,Batch
BAT0000909,Batch
BAT0000910,Batch
BAT0000911,Batch
BAT0000912,Batch
BAT0000913,Batch
BAT0000914,Batch
BAT0000915,Batch
BAT0000916,Batch
BAT0000917,Batch
BAT0000918,Batch
BAT0000919,Batch
BAT0000920,Batch
BAT0000921,Batch
BAT0000922,Batch
BAT0000923,Batch
BAT0000924,Batch
BAT0000925,Batch
BAT0000926,Batch
BAT0000927,Batch
BAT0000928,Batch
BAT0000929,Batch
BAT0000930,Batch
BAT0000931,Batch
BAT0000932,Batch
BAT0000933,Batch
BAT0000934,Batch
BAT0000935,Batch
BAT0000936,Batch
BAT0000937,Batch
BAT0000938,Batch
BAT0000939,Batch
BAT0000940,Batch
BAT0000941,Batch
BAT0000942,Batch
BAT0000943,Batch
BAT0000944,Batch
BAT0000945,Batch
BAT0000946,Batch
BAT0000947,Batch
BAT0000948,Batch
BAT0000949,Batch
BAT0000950,Batch
BAT0000951,Batch
BAT0000952,Batch
BAT0000953,Batch
BAT0000954,Batch
BAT0000955,Batch
BAT0000956,Batch
BAT0000957,Batch
BAT0000958,Batch
BAT0000959,Batch
BAT0000960,Batch
BAT0000961,Batch
BAT0000962,Batch
BAT0000963,Batch
BAT0000964,Batch
BAT0000965,Batch
BAT0000966,Batch
BAT0000967,Batch
BAT0000968,Batch
BAT0000969,Batch
BAT0000970,Batch
BAT0000971,Batch
BAT0000972,Batch
BAT0000973,Batch
BAT0000974,Batch
BAT0000975,Batch
BAT0000976,Batch
BAT0000977,Batch
BAT0000978,Batch
BAT0000979,Batch
BAT0000980,Batch
BAT0000981,Batch
BAT0000982,Batch
BAT0000983,Batch
BAT0000984,Batch
BAT0000985,Batch
BAT0000986,Batch
BAT0000987,Batch
BAT0000988,Batch
BAT0000989,Batch
BAT0000990,Batch
BAT0000991,Batch
BAT0000992,Batch
BAT0000993,Batch
BAT0000994,Batch
BAT0000995,Batch
BAT0000996,Batch
BAT0000997,Batch
BAT0000998,Batch
BAT0000999,Batch
BAT0001000,Batch
BAT0001001,Batch
BAT0001002,Batch
BAT0001003,Batch
BAT0001004,Batch
BAT0001005,Batch
BAT0001006,Batch
BAT0001007,Batch
BAT0001008,Batch
BAT0001009,Batch
BAT0001010,Batch
BAT0001011,Batch
BAT0001012,Batch
BAT0001013,Batch
BAT0001014,Batch
BAT0001015,Batch
BAT0001016,Batch
BAT0001017,Batch
BAT0001018,Batch
BAT0001019,Batch
BAT0001020,Batch
BAT0001021,Batch
BAT0001022,Batch
BAT0001023,Batch
BAT0001024,Batch
BAT0001025,Batch
BAT0001026,Batch
BAT0001027,Batch
BAT0001028,Batch
BAT0001029,Batch
BAT0001030,Batch
BAT0001031,Batch
BAT0001032,Batch
BAT0001033,Batch
BAT0001034,Batch
BAT0001035,Batch
BAT0001036,Batch
BAT0001037,Batch
BAT0001038,Batch
BAT0001039,Batch
BAT0001040,Batch
BAT0001041,Batch
BAT0001042,Batch
BAT0001043,Batch
BAT0001044,Batch
BAT0001045,Batch
BAT0001046,Batch
BAT0001047,Batch
BAT0001048,Batch
BAT0001049,Batch
BAT0001050,Batch
BAT0001051,Batch
BAT0001052,Batch
BAT0001053,Batch
BAT0001054,Batch
BAT0001055,Batch
BAT0001056,Batch
BAT0001057,Batch
BAT0001058,Batch
BAT0001059,Batch
BAT0001060,Batch
BAT0001061,Batch
BAT0001062,Batch
BAT0001063,Batch
BAT0001064,Batch
BAT0001065,Batch
BAT0001066,Batch
BAT0001067,Batch
BAT0001068,Batch
BAT0001069,Batch
BAT0001070,Batch
BAT0001071,Batch
BAT0001072,Batch
BAT0001073,Batch
BAT0001074,Batch
BAT0001075,Batch
BAT0001076,Batch
BAT0001077,Batch
BAT0001078,Batch
BAT0001079,Batch
BAT0001080,Batch
BAT0001081,Batch
BAT0001082,Batch
BAT0001083,Batch
BAT0001084,Batch
BAT0001085,Batch
BAT0001086,Batch
BAT0001087,Batch
BAT0001088,Batch
BAT0001089,Batch
BAT0001090,Batch
BAT0001091,Batch
BAT0001092,Batch
BAT0001093,Batch
BAT0001094,Batch
BAT0001095,Batch
BAT0001096,Batch
BAT0001097,Batch
BAT0001098,Batch
BAT0001099,Batch
BAT0001100,Batch
BAT0001101,Batch
BAT0001102,Batch
BAT0001103,Batch
BAT0001104,Batch
BAT0001105,Batch
BAT0001106,Batch
BAT0001107,Batch
BAT0001108,Batch
BAT0001109,Batch
BAT0001110,Batch
BAT0001111,Batch
BAT0001112,Batch
BAT0001113,Batch
BAT0001114,Batch
BAT0001115,Batch
BAT0001116,Batch
BAT0001117,Batch
BAT0001118,Batch
BAT0001119,Batch
BAT0001120,Batch
BAT0001121,Batch
BAT0001122,Batch
BAT0001123,Batch
BAT0001124,Batch
BAT0001125,Batch
BAT0001126,Batch
BAT0001127,Batch
BAT0001128,Batch
BAT0001129,Batch
BAT0001130,Batch
BAT0001131,Batch
BAT0001132,Batch
BAT0001133,Batch
BAT0001134,Batch
BAT0001135,Batch
BAT0001136,Batch
BAT0001137,Batch
BAT0001138,Batch
BAT0001139,Batch
BAT0001140,Batch
BAT0001141,Batch
BAT0001142,Batch
BAT0001143,Batch
BAT0001144,Batch
BAT0001145,Batch
BAT0001146,Batch
BAT0001147,Batch
BAT0001148,Batch
BAT0001149,Batch
BAT0001150,Batch
BAT0001151,Batch
BAT0001152,Batch
BAT0001153,Batch
BAT0001154,Batch
BAT0001155,Batch
BAT0001156,Batch
BAT0001157,Batch
BAT0001158,Batch
BAT0001159,Batch
BAT0001160,Batch
BAT0001161,Batch
BAT0001162,Batch
BAT0001163,Batch
BAT0001164,Batch
BAT0001165,Batch
BAT0001166,Batch
BAT0001167,Batch
BAT0001168,Batch
BAT0001169,Batch
BAT0001170,Batch
BAT0001171,Batch
BAT0001172,Batch
BAT0001173,Batch
BAT0001174,Batch
BAT0001175,Batch
BAT0001176,Batch
BAT0001177,Batch
BAT0001178,Batch
BAT0001179,Batch
BAT0001180,Batch
BAT0001181,Batch
BAT0001182,Batch
BAT0001183,Batch
BAT0001184,Batch
BAT0001185,Batch
BAT0001186,Batch
BAT0001187,Batch
BAT0001188,Batch
BAT0001189,Batch
BAT0001190,Batch
BAT0001191,Batch
BAT0001192,Batch
BAT0001193,Batch
BAT0001194,Batch
BAT0001195,Batch
BAT0001196,Batch
BAT0001197,Batch
BAT0001198,Batch
BAT0001199,Batch
BAT0001200,Batch
BAT0001201,Batch
BAT0001202,Batch
BAT0001203,Batch
BAT0001204,Batch
BAT0001205,Batch
BAT0001206,Batch
BAT0001207,Batch
BAT0001208,Batch
BAT0001209,Batch
BAT0001210,Batch
BAT0001211,Batch
BAT0001212,Batch
BAT0001213,Batch
BAT0001214,Batch
BAT0001215,Batch
BAT0001216,Batch
BAT0001217,Batch
BAT0001218,Batch
BAT0001219,Batch
BAT0001220,Batch
BAT0001221,Batch
BAT0001222,Batch
BAT0001223,Batch
BAT0001224,Batch
BAT0001225,Batch
BAT0001226,Batch
BAT0001227,Batch
BAT0001228,Batch
BAT0001229,Batch
BAT0001230,Batch
BAT0001231,Batch
BAT0001232,Batch
BAT0001233,Batch
BAT0001234,Batch
BAT0001235,Batch
BAT0001236,Batch
BAT0001237,Batch
BAT0001238,Batch
BAT0001239,Batch
BAT0001240,Batch
BAT0001241,Batch
BAT0001242,Batch
BAT0001243,Batch
BAT0001244,Batch
BAT0001245,Batch
BAT0001246,Batch
BAT0001247,Batch
BAT0001248,Batch
BAT0001249,Batch
BAT0001250,Batch
BAT0001251,Batch
BAT0001252,Batch
BAT0001253,Batch
BAT0001254,Batch
BAT0001255,Batch
BAT0001256,Batch
BAT0001257,Batch
BAT0001258,Batch
BAT0001259,Batch
BAT0001260,Batch
BAT0001261,Batch
BAT0001262,Batch
BAT0001263,Batch
BAT0001264,Batch
BAT0001265,Batch
BAT0001266,Batch
BAT0001267,Batch
BAT0001268,Batch
BAT0001269,Batch
BAT0001270,Batch
BAT0001271,Batch
BAT0001272,Batch
BAT0001273,Batch
BAT0001274,Batch
BAT0001275,Batch
BAT0001276,Batch
BAT0001277,Batch
BAT0001278,Batch
BAT0001279,Batch
BAT0001280,Batch
BAT0001281,Batch
BAT0001282,Batch
BAT0001283,Batch
BAT0001284,Batch
BAT0001285,Batch
BAT0001286,Batch
BAT0001287,Batch
BAT0001288,Batch
BAT0001289,Batch
BAT0001290,Batch
BAT0001291,Batch
BAT0001292,Batch
BAT0001293,Batch
BAT0001294,Batch
BAT0001295,Batch
BAT0001296,Batch
BAT0001297,Batch
BAT0001298,Batch
BAT0001299,Batch
BAT0001300,Batch
BAT0001301,Batch
BAT0001302,Batch
BAT0001303,Batch
BAT0001304,Batch
BAT0001305,Batch
BAT0001306,Batch
BAT0001307,Batch
BAT0001308,Batch
BAT0001309,Batch
BAT0001310,Batch
BAT0001311,Batch
BAT0001312,Batch
BAT0001313,Batch
BAT0001314,Batch
BAT0001315,Batch
BAT0001316,Batch
BAT0001317,Batch
BAT0001318,Batch
BAT0001319,Batch
BAT0001320,Batch
BAT0001321,Batch
BAT0001322,Batch
BAT0001323,Batch
BAT0001324,Batch
BAT0001325,Batch
BAT0001326,Batch
BAT0001327,Batch
BAT0001328,Batch
BAT0001329,Batch
BAT0001330,Batch
BAT0001331,Batch
BAT0001332,Batch
BAT0001333,Batch
BAT0001334,Batch
BAT0001335,Batch
BAT0001336,Batch
BAT0001337,Batch
BAT0001338,Batch
BAT0001339,Batch
BAT0001340,Batch
BAT0001341,Batch
BAT0001342,Batch
BAT0001343,Batch
BAT0001344,Batch
BAT0001345,Batch
BAT0001346,Batch
BAT0001347,Batch
BAT0001348,Batch
BAT0001349,Batch
BAT0001350,Batch
BAT0001351,Batch
BAT0001352,Batch
BAT0001353,Batch
BAT0001354,Batch
BAT0001355,Batch
BAT0001356,Batch
BAT0001357,Batch
BAT0001358,Batch
BAT0001359,Batch
BAT0001360,Batch
BAT0001361,Batch
BAT0001362,Batch
BAT0001363,Batch
BAT0001364,Batch
BAT0001365,Batch
BAT0001366,Batch
SO000001,Sales Order
SO000002,Sales Order
SO000003,Sales Order
SO000004,Sales Order
SO000005,Sales Order
SO000006,Sales Order
SO000007,Sales Order
SO000008,Sales Order
SO000009,Sales Order
SO000010,Sales Order
SO000011,Sales Order
SO000012,Sales Order
SO000013,Sales Order
SO000014,Sales Order
SO000015,Sales Order
SO000016,Sales Order
SO000017,Sales Order
SO000018,Sales Order
SO000019,Sales Order
SO000020,Sales Order
SO000021,Sales Order
SO000022,Sales Order
SO000023,Sales Order
SO000024,Sales Order
SO000025,Sales Order
SO000026,Sales Order
SO000027,Sales Order
SO000028,Sales Order
SO000029,Sales Order
SO000030,Sales Order
SO000031,Sales Order
SO000032,Sales Order
SO000033,Sales Order
SO000034,Sales Order
SO000035,Sales Order
SO000036,Sales Order
SO000037,Sales Order
SO000038,Sales Order
SO000039,Sales Order
SO000040,Sales Order
SO000041,Sales Order
SO000042,Sales Order
SO000043,Sales Order
SO000044,Sales Order
SO000045,Sales Order
SO000046,Sales Order
SO000047,Sales Order
SO000048,Sales Order
SO000049,Sales Order
SO000050,Sales Order
SO000051,Sales Order
SO000052,Sales Order
SO000053,Sales Order
SO000054,Sales Order
SO000055,Sales Order
SO000056,Sales Order
SO000057,Sales Order
SO000058,Sales Order
SO000059,Sales Order
SO000060,Sales Order
SO000061,Sales Order
SO000062,Sales Order
SO000063,Sales Order
SO000064,Sales Order
SO000065,Sales Order
SO000066,Sales Order
SO000067,Sales Order
SO000068,Sales Order
SO000069,Sales Order
SO000070,Sales Order
SO000071,Sales Order
SO000072,Sales Order
SO000073,Sales Order
SO000074,Sales Order
SO000075,Sales Order
SO000076,Sales Order
SO000077,Sales Order
SO000078,Sales Order
SO000079,Sales Order
SO000080,Sales Order
SO000081,Sales Order
SO000082,Sales Order
SO000083,Sales Order
SO000084,Sales Order
SO000085,Sales Order
SO000086,Sales Order
SO000087,Sales Order
SO000088,Sales Order
SO000089,Sales Order
SO000090,Sales Order
SO000091,Sales Order
SO000092,Sales Order
SO000093,Sales Order
SO000094,Sales Order
SO000095,Sales Order
SO000096,Sales Order
SO000097,Sales Order
SO000098,Sales Order
SO000099,Sales Order
SO000100,Sales Order
SO000101,Sales Order
SO000102,Sales Order
SO000103,Sales Order
SO000104,Sales Order
SO000105,Sales Order
SO000106,Sales Order
SO000107,Sales Order
SO000108,Sales Order
SO000109,Sales Order
SO000110,Sales Order
SO000111,Sales Order
SO000112,Sales Order
SO000113,Sales Order
SO000114,Sales Order
SO000115,Sales Order
SO000116,Sales Order
SO000117,Sales Order
SO000118,Sales Order
SO000119,Sales Order
SO000120,Sales Order
SO000121,Sales Order
SO000122,Sales Order
SO000123,Sales Order
SO000124,Sales Order
SO000125,Sales Order
SO000126,Sales Order
SO000127,Sales Order
SO000128,Sales Order
SO000129,Sales Order
SO000130,Sales Order
SO000131,Sales Order
SO000132,Sales Order
SO000133,Sales Order
SO000134,Sales Order
SO000135,Sales Order
SO000136,Sales Order
SO000137,Sales Order
SO000138,Sales Order
SO000139,Sales Order
SO000140,Sales Order
SO000141,Sales Order
SO000142,Sales Order
SO000143,Sales Order
SO000144,Sales Order
SO000145,Sales Order
SO000146,Sales Order
SO000147,Sales Order
SO000148,Sales Order
SO000149,Sales Order
SO000150,Sales Order
SO000151,Sales Order
SO000152,Sales Order
SO000153,Sales Order
SO000154,Sales Order
SO000155,Sales Order
SO000156,Sales Order
SO000157,Sales Order
SO000158,Sales Order
SO000159,Sales Order
SO000160,Sales Order
SO000161,Sales Order
SO000162,Sales Order
SO000163,Sales Order
SO000164,Sales Order
SO000165,Sales Order
SO000166,Sales Order
SO000167,Sales Order
SO000168,Sales Order
SO000169,Sales Order
SO000170,Sales Order
SO000171,Sales Order
SO000172,Sales Order
SO000173,Sales Order
SO000174,Sales Order
SO000175,Sales Order
SO000176,Sales Order
SO000177,Sales Order
SO000178,Sales Order
SO000179,Sales Order
SO000180,Sales Order
SO000181,Sales Order
SO000182,Sales Order
SO000183,Sales Order
SO000184,Sales Order
SO000185,Sales Order
SO000186,Sales Order
SO000187,Sales Order
SO000188,Sales Order
SO000189,Sales Order
SO000190,Sales Order
SO000191,Sales Order
SO000192,Sales Order
SO000193,Sales Order
SO000194,Sales Order
SO000195,Sales Order
SO000196,Sales Order
SO000197,Sales Order
SO000198,Sales Order
SO000199,Sales Order
SO000200,Sales Order
SO000201,Sales Order
SO000202,Sales Order
SO000203,Sales Order
SO000204,Sales Order
SO000205,Sales Order
SO000206,Sales Order
SO000207,Sales Order
SO000208,Sales Order
SO000209,Sales Order
SO000210,Sales Order
SO000211,Sales Order
SO000212,Sales Order
SO000213,Sales Order
SO000214,Sales Order
SO000215,Sales Order
SO000216,Sales Order
SO000217,Sales Order
SO000218,Sales Order
SO000219,Sales Order
SO000220,Sales Order
SO000221,Sales Order
SO000222,Sales Order
SO000223,Sales Order
SO000224,Sales Order
SO000225,Sales Order
SO000226,Sales Order
SO000227,Sales Order
SO000228,Sales Order
SO000229,Sales Order
SO000230,Sales Order
SO000231,Sales Order
SO000232,Sales Order
SO000233,Sales Order
SO000234,Sales Order
SO000235,Sales Order
SO000236,Sales Order
SO000237,Sales Order
SO000238,Sales Order
SO000239,Sales Order
SO000240,Sales Order
SO000241,Sales Order
SO000242,Sales Order
SO000243,Sales Order
SO000244,Sales Order
SO000245,Sales Order
SO000246,Sales Order
SO000247,Sales Order
SO000248,Sales Order
SO000249,Sales Order
SO000250,Sales Order
SO000251,Sales Order
SO000252,Sales Order
SO000253,Sales Order
SO000254,Sales Order
SO000255,Sales Order
SO000256,Sales Order
SO000257,Sales Order
SO000258,Sales Order
SO000259,Sales Order
SO000260,Sales Order
SO000261,Sales Order
SO000262,Sales Order
SO000263,Sales Order
SO000264,Sales Order
SO000265,Sales Order
SO000266,Sales Order
SO000267,Sales Order
SO000268,Sales Order
SO000269,Sales Order
SO000270,Sales Order
SO000271,Sales Order
SO000272,Sales Order
SO000273,Sales Order
SO000274,Sales Order
SO000275,Sales Order
SO000276,Sales Order
SO000277,Sales Order
SO000278,Sales Order
SO000279,Sales Order
SO000280,Sales Order
SO000281,Sales Order
SO000282,Sales Order
SO000283,Sales Order
SO000284,Sales Order
SO000285,Sales Order
SO000286,Sales Order
SO000287,Sales Order
SO000288,Sales Order
SO000289,Sales Order
SO000290,Sales Order
SO000291,Sales Order
SO000292,Sales Order
SO000293,Sales Order
SO000294,Sales Order
SO000295,Sales Order
SO000296,Sales Order
SO000297,Sales Order
SO000298,Sales Order
SO000299,Sales Order
SO000300,Sales Order
SO000301,Sales Order
SO000302,Sales Order
SO000303,Sales Order
SO000304,Sales Order
SO000305,Sales Order
SO000306,Sales Order
SO000307,Sales Order
SO000308,Sales Order
SO000309,Sales Order
SO000310,Sales Order
SO000311,Sales Order
SO000312,Sales Order
SO000313,Sales Order
SO000314,Sales Order
SO000315,Sales Order
SO000316,Sales Order
SO000317,Sales Order
SO000318,Sales Order
SO000319,Sales Order
SO000320,Sales Order
SO000321,Sales Order
SO000322,Sales Order
SO000323,Sales Order
SO000324,Sales Order
SO000325,Sales Order
SO000326,Sales Order
SO000327,Sales Order
SO000328,Sales Order
SO000329,Sales Order
SO000330,Sales Order
SO000331,Sales Order
SO000332,Sales Order
SO000333,Sales Order
SO000334,Sales Order
SO000335,Sales Order
SO000336,Sales Order
SO000337,Sales Order
SO000338,Sales Order
SO000339,Sales Order
SO000340,Sales Order
SO000341,Sales Order
SO000342,Sales Order
SO000343,Sales Order
SO000344,Sales Order
SO000345,Sales Order
SO000346,Sales Order
SO000347,Sales Order
SO000348,Sales Order
SO000349,Sales Order
SO000350,Sales Order
SO000351,Sales Order
SO000352,Sales Order
SO000353,Sales Order
SO000354,Sales Order
SO000355,Sales Order
SO000356,Sales Order
SO000357,Sales Order
SO000358,Sales Order
SO000359,Sales Order
SO000360,Sales Order
SO000361,Sales Order
SO000362,Sales Order
SO000363,Sales Order
SO000364,Sales Order
SO000365,Sales Order
SO000366,Sales Order
SO000367,Sales Order
SO000368,Sales Order
SO000369,Sales Order
SO000370,Sales Order
SO000371,Sales Order
SO000372,Sales Order
SO000373,Sales Order
SO000374,Sales Order
SO000375,Sales Order
SO000376,Sales Order
SO000377,Sales Order
SO000378,Sales Order
SO000379,Sales Order
SO000380,Sales Order
SO000381,Sales Order
SO000382,Sales Order
SO000383,Sales Order
SO000384,Sales Order
SO000385,Sales Order
SO000386,Sales Order
SO000387,Sales Order
SO000388,Sales Order
SO000389,Sales Order
SO000390,Sales Order
SO000391,Sales Order
SO000392,Sales Order
SO000393,Sales Order
SO000394,Sales Order
SO000395,Sales Order
SO000396,Sales Order
SO000397,Sales Order
SO000398,Sales Order
SO000399,Sales Order
SO000400,Sales Order
SO000401,Sales Order
SO000402,Sales Order
SO000403,Sales Order
SO000404,Sales Order
SO000405,Sales Order
SO000406,Sales Order
SO000407,Sales Order
SO000408,Sales Order
SO000409,Sales Order
SO000410,Sales Order
SO000411,Sales Order
SO000412,Sales Order
SO000413,Sales Order
SO000414,Sales Order
SO000415,Sales Order
SO000416,Sales Order
SO000417,Sales Order
SO000418,Sales Order
SO000419,Sales Order
SO000420,Sales Order
SO000421,Sales Order
SO000422,Sales Order
SO000423,Sales Order
SO000424,Sales Order
SO000425,Sales Order
SO000426,Sales Order
SO000427,Sales Order
SO000428,Sales Order
SO000429,Sales Order
SO000430,Sales Order
SO000431,Sales Order
SO000432,Sales Order
SO000433,Sales Order
SO000434,Sales Order
SO000435,Sales Order
SO000436,Sales Order
SO000437,Sales Order
SO000438,Sales Order
SO000439,Sales Order
SO000440,Sales Order
SO000441,Sales Order
SO000442,Sales Order
SO000443,Sales Order
SO000444,Sales Order
SO000445,Sales Order
SO000446,Sales Order
SO000447,Sales Order
SO000448,Sales Order
SO000449,Sales Order
SO000450,Sales Order
SO000451,Sales Order
SO000452,Sales Order
SO000453,Sales Order
SO000454,Sales Order
SO000455,Sales Order
SO000456,Sales Order
SO000457,Sales Order
SO000458,Sales Order
SO000459,Sales Order
SO000460,Sales Order
SO000461,Sales Order
SO000462,Sales Order
SO000463,Sales Order
SO000464,Sales Order
SO000465,Sales Order
SO000466,Sales Order
SO000467,Sales Order
SO000468,Sales Order
SO000469,Sales Order
SO000470,Sales Order
SO000471,Sales Order
SO000472,Sales Order
SO000473,Sales Order
SO000474,Sales Order
SO000475,Sales Order
SO000476,Sales Order
SO000477,Sales Order
SO000478,Sales Order
SO000479,Sales Order
SO000480,Sales Order
SO000481,Sales Order
SO000482,Sales Order
SO000483,Sales Order
SO000484,Sales Order
SO000485,Sales Order
SO000486,Sales Order
SO000487,Sales Order
SO000488,Sales Order
SO000489,Sales Order
SO000490,Sales Order
SO000491,Sales Order
SO000492,Sales Order
SO000493,Sales Order
SO000494,Sales Order
SO000495,Sales Order
SO000496,Sales Order
SO000497,Sales Order
SO000498,Sales Order
SO000499,Sales Order
SO000500,Sales Order
SO000501,Sales Order
SO000502,Sales Order
SO000503,Sales Order
SO000504,Sales Order
SO000505,Sales Order
SO000506,Sales Order
SO000507,Sales Order
SO000508,Sales Order
SO000509,Sales Order
SO000510,Sales Order
SO000511,Sales Order
SO000512,Sales Order
SO000513,Sales Order
SO000514,Sales Order
SO000515,Sales Order
SO000516,Sales Order
SO000517,Sales Order
SO000518,Sales Order
SO000519,Sales Order
SO000520,Sales Order
SO000521,Sales Order
SO000522,Sales Order
SO000523,Sales Order
SO000524,Sales Order
SO000525,Sales Order
SO000526,Sales Order
SO000527,Sales Order
SO000528,Sales Order
SO000529,Sales Order
SO000530,Sales Order
SO000531,Sales Order
SO000532,Sales Order
SO000533,Sales Order
SO000534,Sales Order
SO000535,Sales Order
SO000536,Sales Order
SO000537,Sales Order
SO000538,Sales Order
SO000539,Sales Order
SO000540,Sales Order
SO000541,Sales Order
SO000542,Sales Order
SO000543,Sales Order
SO000544,Sales Order
SO000545,Sales Order
SO000546,Sales Order
SO000547,Sales Order
SO000548,Sales Order
SO000549,Sales Order
SO000550,Sales Order
SO000551,Sales Order
SO000552,Sales Order
SO000553,Sales Order
SO000554,Sales Order
SO000555,Sales Order
SO000556,Sales Order
SO000557,Sales Order
SO000558,Sales Order
SO000559,Sales Order
SO000560,Sales Order
SO000561,Sales Order
SO000562,Sales Order
SO000563,Sales Order
SO000564,Sales Order
SO000565,Sales Order
SO000566,Sales Order
SO000567,Sales Order
SO000568,Sales Order
SO000569,Sales Order
SO000570,Sales Order
SO000571,Sales Order
SO000572,Sales Order
SO000573,Sales Order
SO000574,Sales Order
SO000575,Sales Order
SO000576,Sales Order
SO000577,Sales Order
SO000578,Sales Order
SO000579,Sales Order
SO000580,Sales Order
SO000581,Sales Order
SO000582,Sales Order
SO000583,Sales Order
SO000584,Sales Order
SO000585,Sales Order
SO000586,Sales Order
SO000587,Sales Order
SO000588,Sales Order
SO000589,Sales Order
SO000590,Sales Order
SO000591,Sales Order
SO000592,Sales Order
SO000593,Sales Order
SO000594,Sales Order
SO000595,Sales Order
SO000596,Sales Order
SO000597,Sales Order
SO000598,Sales Order
SO000599,Sales Order
SO000600,Sales Order
SO000601,Sales Order
SO000602,Sales Order
SO000603,Sales Order
SO000604,Sales Order
SO000605,Sales Order
SO000606,Sales Order
SO000607,Sales Order
SO000608,Sales Order
SO000609,Sales Order
SO000610,Sales Order
SO000611,Sales Order
SO000612,Sales Order
SO000613,Sales Order
SO000614,Sales Order
SO000615,Sales Order
SO000616,Sales Order
SO000617,Sales Order
SO000618,Sales Order
SO000619,Sales Order
SO000620,Sales Order
SO000621,Sales Order
SO000622,Sales Order
SO000623,Sales Order
SO000624,Sales Order
SO000625,Sales Order
SO000626,Sales Order
SO000627,Sales Order
SO000628,Sales Order
SO000629,Sales Order
SO000630,Sales Order
SO000631,Sales Order
SO000632,Sales Order
SO000633,Sales Order
SO000634,Sales Order
SO000635,Sales Order
SO000636,Sales Order
SO000637,Sales Order
SO000638,Sales Order
SO000639,Sales Order
SO000640,Sales Order
SO000641,Sales Order
SO000642,Sales Order
SO000643,Sales Order
SO000644,Sales Order
SO000645,Sales Order
SO000646,Sales Order
SO000647,Sales Order
SO000648,Sales Order
SO000649,Sales Order
SO000650,Sales Order
SO000651,Sales Order
SO000652,Sales Order
SO000653,Sales Order
SO000654,Sales Order
SO000655,Sales Order
SO000656,Sales Order
SO000657,Sales Order
SO000658,Sales Order
SO000659,Sales Order
SO000660,Sales Order
SO000661,Sales Order
SO000662,Sales Order
SO000663,Sales Order
SO000664,Sales Order
SO000665,Sales Order
SO000666,Sales Order
SO000667,Sales Order
SO000668,Sales Order
SO000669,Sales Order
SO000670,Sales Order
SO000671,Sales Order
SO000672,Sales Order
SO000673,Sales Order
SO000674,Sales Order
SO000675,Sales Order
SO000676,Sales Order
SO000677,Sales Order
SO000678,Sales Order
SO000679,Sales Order
SO000680,Sales Order
SO000681,Sales Order
SO000682,Sales Order
SO000683,Sales Order
SO000684,Sales Order
SO000685,Sales Order
SO000686,Sales Order
SO000687,Sales Order
SO000688,Sales Order
SO000689,Sales Order
SO000690,Sales Order
SO000691,Sales Order
SO000692,Sales Order
SO000693,Sales Order
SO000694,Sales Order
SO000695,Sales Order
SO000696,Sales Order
SO000697,Sales Order
SO000698,Sales Order
SO000699,Sales Order
SO000700,Sales Order
SO000701,Sales Order
SO000702,Sales Order
SO000703,Sales Order
SO000704,Sales Order
SO000705,Sales Order
SO000706,Sales Order
SO000707,Sales Order
SO000708,Sales Order
SO000709,Sales Order
SO000710,Sales Order
SO000711,Sales Order
SO000712,Sales Order
SO000713,Sales Order
SO000714,Sales Order
SO000715,Sales Order
SO000716,Sales Order
SO000717,Sales Order
SO000718,Sales Order
SO000719,Sales Order
SO000720,Sales Order
SO000721,Sales Order
SO000722,Sales Order
SO000723,Sales Order
SO000724,Sales Order
SO000725,Sales Order
SO000726,Sales Order
SO000727,Sales Order
SO000728,Sales Order
SO000729,Sales Order
SO000730,Sales Order
SO000731,Sales Order
SO000732,Sales Order
SO000733,Sales Order
SO000734,Sales Order
SO000735,Sales Order
SO000736,Sales Order
SO000737,Sales Order
SO000738,Sales Order
SO000739,Sales Order
SO000740,Sales Order
SO000741,Sales Order
SO000742,Sales Order
SO000743,Sales Order
SO000744,Sales Order
SO000745,Sales Order
SO000746,Sales Order
SO000747,Sales Order
SO000748,Sales Order
SO000749,Sales Order
SO000750,Sales Order
SO000751,Sales Order
SO000752,Sales Order
SO000753,Sales Order
SO000754,Sales Order
SO000755,Sales Order
SO000756,Sales Order
SO000757,Sales Order
SO000758,Sales Order
SO000759,Sales Order
SO000760,Sales Order
SO000761,Sales Order
SO000762,Sales Order
SO000763,Sales Order
SO000764,Sales Order
SO000765,Sales Order
SO000766,Sales Order
SO000767,Sales Order
SO000768,Sales Order
SO000769,Sales Order
SO000770,Sales Order
SO000771,Sales Order
SO000772,Sales Order
SO000773,Sales Order
SO000774,Sales Order
SO000775,Sales Order
SO000776,Sales Order
SO000777,Sales Order
SO000778,Sales Order
SO000779,Sales Order
SO000780,Sales Order
SO000781,Sales Order
SO000782,Sales Order
SO000783,Sales Order
SO000784,Sales Order
SO000785,Sales Order
SO000786,Sales Order
SO000787,Sales Order
SO000788,Sales Order
SO000789,Sales Order
SO000790,Sales Order
SO000791,Sales Order
SO000792,Sales Order
SO000793,Sales Order
SO000794,Sales Order
SO000795,Sales Order
SO000796,Sales Order
SO000797,Sales Order
SO000798,Sales Order
SO000799,Sales Order
SO000800,Sales Order
SO000801,Sales Order
SO000802,Sales Order
SO000803,Sales Order
SO000804,Sales Order
SO000805,Sales Order
SO000806,Sales Order
SO000807,Sales Order
SO000808,Sales Order
SO000809,Sales Order
SO000810,Sales Order
SO000811,Sales Order
SO000812,Sales Order
SO000813,Sales Order
SO000814,Sales Order
SO000815,Sales Order
SO000816,Sales Order
SO000817,Sales Order
SO000818,Sales Order
SO000819,Sales Order
SO000820,Sales Order
SO000821,Sales Order
SO000822,Sales Order
SO000823,Sales Order
SO000824,Sales Order
SO000825,Sales Order
SO000826,Sales Order
SO000827,Sales Order
SO000828,Sales Order
SO000829,Sales Order
SO000830,Sales Order
SO000831,Sales Order
SO000832,Sales Order
SO000833,Sales Order
SO000834,Sales Order
SO000835,Sales Order
SO000836,Sales Order
SO000837,Sales Order
SO000838,Sales Order
SO000839,Sales Order
SO000840,Sales Order
SO000841,Sales Order
SO000842,Sales Order
SO000843,Sales Order
SO000844,Sales Order
SO000845,Sales Order
SO000846,Sales Order
SO000847,Sales Order
SO000848,Sales Order
SO000849,Sales Order
SO000850,Sales Order
SO000851,Sales Order
SO000852,Sales Order
SO000853,Sales Order
SO000854,Sales Order
SO000855,Sales Order
SO000856,Sales Order
SO000857,Sales Order
SO000858,Sales Order
SO000859,Sales Order
SO000860,Sales Order
SO000861,Sales Order
SO000862,Sales Order
SO000863,Sales Order
SO000864,Sales Order
SO000865,Sales Order
SO000866,Sales Order
SO000867,Sales Order
SO000868,Sales Order
SO000869,Sales Order
SO000870,Sales Order
SO000871,Sales Order
SO000872,Sales Order
SO000873,Sales Order
SO000874,Sales Order
SO000875,Sales Order
SO000876,Sales Order
SO000877,Sales Order
SO000878,Sales Order
SO000879,Sales Order
SO000880,Sales Order
SO000881,Sales Order
SO000882,Sales Order
SO000883,Sales Order
SO000884,Sales Order
SO000885,Sales Order
SO000886,Sales Order
SO000887,Sales Order
SO000888,Sales Order
SO000889,Sales Order
SO000890,Sales Order
SO000891,Sales Order
SO000892,Sales Order
SO000893,Sales Order
SO000894,Sales Order
SO000895,Sales Order
SO000896,Sales Order
SO000897,Sales Order
SO000898,Sales Order
SO000899,Sales Order
SO000900,Sales Order
SO000901,Sales Order
SO000902,Sales Order
SO000903,Sales Order
SO000904,Sales Order
SO000905,Sales Order
SO000906,Sales Order
SO000907,Sales Order
SO000908,Sales Order
SO000909,Sales Order
SO000910,Sales Order
SO000911,Sales Order
SO000912,Sales Order
SO000913,Sales Order
SO000914,Sales Order
SO000915,Sales Order
SO000916,Sales Order
SO000917,Sales Order
SO000918,Sales Order
SO000919,Sales Order
SO000920,Sales Order
SO000921,Sales Order
SO000922,Sales Order
SO000923,Sales Order
SO000924,Sales Order
SO000925,Sales Order
SO000926,Sales Order
SO000927,Sales Order
SO000928,Sales Order
SO000929,Sales Order
SO000930,Sales Order
SO000931,Sales Order
SO000932,Sales Order
SO000933,Sales Order
SO000934,Sales Order
SO000935,Sales Order
SO000936,Sales Order
SO000937,Sales Order
SO000938,Sales Order
SO000939,Sales Order
SO000940,Sales Order
SO000941,Sales Order
SO000942,Sales Order
SO000943,Sales Order
SO000944,Sales Order
SO000945,Sales Order
SO000946,Sales Order
SO000947,Sales Order
SO000948,Sales Order
SO000949,Sales Order
SO000950,Sales Order
SO000951,Sales Order
SO000952,Sales Order
SO000953,Sales Order
SO000954,Sales Order
SO000955,Sales Order
SO000956,Sales Order
SO000957,Sales Order
SO000958,Sales Order
SO000959,Sales Order
SO000960,Sales Order
SO000961,Sales Order
SO000962,Sales Order
SO000963,Sales Order
SO000964,Sales Order
SO000965,Sales Order
SO000966,Sales Order
SO000967,Sales Order
SO000968,Sales Order
SO000969,Sales Order
SO000970,Sales Order
SO000971,Sales Order
SO000972,Sales Order
SO000973,Sales Order
SO000974,Sales Order
SO000975,Sales Order
SO000976,Sales Order
SO000977,Sales Order
SO000978,Sales Order
SO000979,Sales Order
SO000980,Sales Order
SO000981,Sales Order
SO000982,Sales Order
SO000983,Sales Order
SO000984,Sales Order
SO000985,Sales Order
SO000986,Sales Order
SO000987,Sales Order
SO000988,Sales Order
SO000989,Sales Order
SO000990,Sales Order
SO000991,Sales Order
SO000992,Sales Order
SO000993,Sales Order
SO000994,Sales Order
SO000995,Sales Order
SO000996,Sales Order
SO000997,Sales Order
SO000998,Sales Order
SO000999,Sales Order
SO001000,Sales Order
SO001001,Sales Order
SO001002,Sales Order
SO001003,Sales Order
SO001004,Sales Order
SO001005,Sales Order
SO001006,Sales Order
SO001007,Sales Order
SO001008,Sales Order
SO001009,Sales Order
SO001010,Sales Order
SO001011,Sales Order
SO001012,Sales Order
SO001013,Sales Order
SO001014,Sales Order
SO001015,Sales Order
SO001016,Sales Order
SO001017,Sales Order
SO001018,Sales Order
SO001019,Sales Order
SO001020,Sales Order
SO001021,Sales Order
SO001022,Sales Order
SO001023,Sales Order
SO001024,Sales Order
SO001025,Sales Order
SO001026,Sales Order
SO001027,Sales Order
SO001028,Sales Order
SO001029,Sales Order
SO001030,Sales Order
SO001031,Sales Order
SO001032,Sales Order
SO001033,Sales Order
SO001034,Sales Order
SO001035,Sales Order
SO001036,Sales Order
SO001037,Sales Order
SO001038,Sales Order
SO001039,Sales Order
SO001040,Sales Order
SO001041,Sales Order
SO001042,Sales Order
SO001043,Sales Order
SO001044,Sales Order
SO001045,Sales Order
SO001046,Sales Order
SO001047,Sales Order
SO001048,Sales Order
SO001049,Sales Order
SO001050,Sales Order
SO001051,Sales Order
SO001052,Sales Order
SO001053,Sales Order
SO001054,Sales Order
SO001055,Sales Order
SO001056,Sales Order
SO001057,Sales Order
SO001058,Sales Order
SO001059,Sales Order
SO001060,Sales Order
SO001061,Sales Order
SO001062,Sales Order
SO001063,Sales Order
SO001064,Sales Order
SO001065,Sales Order
SO001066,Sales Order
SO001067,Sales Order
SO001068,Sales Order
SO001069,Sales Order
SO001070,Sales Order
SO001071,Sales Order
SO001072,Sales Order
SO001073,Sales Order
SO001074,Sales Order
SO001075,Sales Order
SO001076,Sales Order
SO001077,Sales Order
SO001078,Sales Order
SO001079,Sales Order
SO001080,Sales Order
SO001081,Sales Order
SO001082,Sales Order
SO001083,Sales Order
SO001084,Sales Order
SO001085,Sales Order
SO001086,Sales Order
SO001087,Sales Order
SO001088,Sales Order
SO001089,Sales Order
SO001090,Sales Order
SO001091,Sales Order
SO001092,Sales Order
SO001093,Sales Order
SO001094,Sales Order
SO001095,Sales Order
SO001096,Sales Order
SO001097,Sales Order
SO001098,Sales Order
SO001099,Sales Order
SO001100,Sales Order
SO001101,Sales Order
SO001102,Sales Order
SO001103,Sales Order
SO001104,Sales Order
SO001105,Sales Order
SO001106,Sales Order
SO001107,Sales Order
SO001108,Sales Order
SO001109,Sales Order
SO001110,Sales Order
SO001111,Sales Order
SO001112,Sales Order
SO001113,Sales Order
SO001114,Sales Order
SO001115,Sales Order
SO001116,Sales Order
SO001117,Sales Order
SO001118,Sales Order
SO001119,Sales Order
SO001120,Sales Order
SO001121,Sales Order
SO001122,Sales Order
SO001123,Sales Order
SO001124,Sales Order
SO001125,Sales Order
SO001126,Sales Order
SO001127,Sales Order
SO001128,Sales Order
SO001129,Sales Order
SO001130,Sales Order
SO001131,Sales Order
SO001132,Sales Order
SO001133,Sales Order
SO001134,Sales Order
SO001135,Sales Order
SO001136,Sales Order
SO001137,Sales Order
SO001138,Sales Order
SO001139,Sales Order
SO001140,Sales Order
SO001141,Sales Order
SO001142,Sales Order
SO001143,Sales Order
SO001144,Sales Order
SO001145,Sales Order
SO001146,Sales Order
SO001147,Sales Order
SO001148,Sales Order
SO001149,Sales Order
SO001150,Sales Order
SO001151,Sales Order
SO001152,Sales Order
SO001153,Sales Order
SO001154,Sales Order
SO001155,Sales Order
SO001156,Sales Order
SO001157,Sales Order
SO001158,Sales Order
SO001159,Sales Order
SO001160,Sales Order
SO001161,Sales Order
SO001162,Sales Order
SO001163,Sales Order
SO001164,Sales Order
SO001165,Sales Order
SO001166,Sales Order
SO001167,Sales Order
SO001168,Sales Order
SO001169,Sales Order
SO001170,Sales Order
SO001171,Sales Order
SO001172,Sales Order
SO001173,Sales Order
SO001174,Sales Order
SO001175,Sales Order
SO001176,Sales Order
SO001177,Sales Order
SO001178,Sales Order
SO001179,Sales Order
SO001180,Sales Order
SO001181,Sales Order
SO001182,Sales Order
SO001183,Sales Order
SO001184,Sales Order
SO001185,Sales Order
SO001186,Sales Order
SO001187,Sales Order
SO001188,Sales Order
SO001189,Sales Order
SO001190,Sales Order
SO001191,Sales Order
SO001192,Sales Order
SO001193,Sales Order
SO001194,Sales Order
SO001195,Sales Order
SO001196,Sales Order
SO001197,Sales Order
SO001198,Sales Order
SO001199,Sales Order
SO001200,Sales Order
SO001201,Sales Order
SO001202,Sales Order
SO001203,Sales Order
SO001204,Sales Order
SO001205,Sales Order
SO001206,Sales Order
SO001207,Sales Order
SO001208,Sales Order
SO001209,Sales Order
SO001210,Sales Order
SO001211,Sales Order
SO001212,Sales Order
SO001213,Sales Order
SO001214,Sales Order
SO001215,Sales Order
SO001216,Sales Order
SO001217,Sales Order
SO001218,Sales Order
SO001219,Sales Order
SO001220,Sales Order
SO001221,Sales Order
SO001222,Sales Order
SO001223,Sales Order
SO001224,Sales Order
SO001225,Sales Order
SO001226,Sales Order
SO001227,Sales Order
SO001228,Sales Order
SO001229,Sales Order
SO001230,Sales Order
SO001231,Sales Order
SO001232,Sales Order
SO001233,Sales Order
SO001234,Sales Order
SO001235,Sales Order
SO001236,Sales Order
SO001237,Sales Order
SO001238,Sales Order
SO001239,Sales Order
SO001240,Sales Order
SO001241,Sales Order
SO001242,Sales Order
SO001243,Sales Order
SO001244,Sales Order
SO001245,Sales Order
SO001246,Sales Order
SO001247,Sales Order
SO001248,Sales Order
SO001249,Sales Order
SO001250,Sales Order
SO001251,Sales Order
SO001252,Sales Order
SO001253,Sales Order
SO001254,Sales Order
SO001255,Sales Order
SO001256,Sales Order
SO001257,Sales Order
SO001258,Sales Order
SO001259,Sales Order
SO001260,Sales Order
SO001261,Sales Order
SO001262,Sales Order
SO001263,Sales Order
SO001264,Sales Order
SO001265,Sales Order
SO001266,Sales Order
SO001267,Sales Order
SO001268,Sales Order
SO001269,Sales Order
SO001270,Sales Order
SO001271,Sales Order
SO001272,Sales Order
SO001273,Sales Order
SO001274,Sales Order
SO001275,Sales Order
SO001276,Sales Order
SO001277,Sales Order
SO001278,Sales Order
SO001279,Sales Order
SO001280,Sales Order
SO001281,Sales Order
SO001282,Sales Order
SO001283,Sales Order
SO001284,Sales Order
SO001285,Sales Order
SO001286,Sales Order
SO001287,Sales Order
SO001288,Sales Order
SO001289,Sales Order
SO001290,Sales Order
SO001291,Sales Order
SO001292,Sales Order
SO001293,Sales Order
SO001294,Sales Order
SO001295,Sales Order
SO001296,Sales Order
SO001297,Sales Order
SO001298,Sales Order
SO001299,Sales Order
SO001300,Sales Order
SO001301,Sales Order
SO001302,Sales Order
SO001303,Sales Order
SO001304,Sales Order
SO001305,Sales Order
SO001306,Sales Order
SO001307,Sales Order
SO001308,Sales Order
SO001309,Sales Order
SO001310,Sales Order
SO001311,Sales Order
SO001312,Sales Order
SO001313,Sales Order
SO001314,Sales Order
SO001315,Sales Order
SO001316,Sales Order
SO001317,Sales Order
SO001318,Sales Order
SO001319,Sales Order
SO001320,Sales Order
SO001321,Sales Order
SO001322,Sales Order
SO001323,Sales Order
SO001324,Sales Order
SO001325,Sales Order
SO001326,Sales Order
SO001327,Sales Order
SO001328,Sales Order
SO001329,Sales Order
SO001330,Sales Order
SO001331,Sales Order
SO001332,Sales Order
SO001333,Sales Order
SO001334,Sales Order
SO001335,Sales Order
SO001336,Sales Order
SO001337,Sales Order
SO001338,Sales Order
SO001339,Sales Order
SO001340,Sales Order
SO001341,Sales Order
SO001342,Sales Order
SO001343,Sales Order
SO001344,Sales Order
SO001345,Sales Order
SO001346,Sales Order
SO001347,Sales Order
SO001348,Sales Order
SO001349,Sales Order
SO001350,Sales Order
SO001351,Sales Order
SO001352,Sales Order
SO001353,Sales Order
SO001354,Sales Order
SO001355,Sales Order
SO001356,Sales Order
SO001357,Sales Order
SO001358,Sales Order
SO001359,Sales Order
SO001360,Sales Order
SO001361,Sales Order
SO001362,Sales Order
SO001363,Sales Order
SO001364,Sales Order
SO001365,Sales Order
SO001366,Sales Order
SO001367,Sales Order
SO001368,Sales Order
SO001369,Sales Order
SO001370,Sales Order
SO001371,Sales Order
SO001372,Sales Order
SO001373,Sales Order
SO001374,Sales Order
SO001375,Sales Order
SO001376,Sales Order
SO001377,Sales Order
SO001378,Sales Order
SO001379,Sales Order
SO001380,Sales Order
SO001381,Sales Order
SO001382,Sales Order
SO001383,Sales Order
SO001384,Sales Order
SO001385,Sales Order
SO001386,Sales Order
SO001387,Sales Order
SO001388,Sales Order
SO001389,Sales Order
SO001390,Sales Order
SO001391,Sales Order
SO001392,Sales Order
SO001393,Sales Order
SO001394,Sales Order
SO001395,Sales Order
SO001396,Sales Order
SO001397,Sales Order
SO001398,Sales Order
SO001399,Sales Order
SO001400,Sales Order
SOI0000001,Sales Order Item
SOI0000002,Sales Order Item
SOI0000003,Sales Order Item
SOI0000004,Sales Order Item
SOI0000005,Sales Order Item
SOI0000006,Sales Order Item
SOI0000007,Sales Order Item
SOI0000008,Sales Order Item
SOI0000009,Sales Order Item
SOI0000010,Sales Order Item
SOI0000011,Sales Order Item
SOI0000012,Sales Order Item
SOI0000013,Sales Order Item
SOI0000014,Sales Order Item
SOI0000015,Sales Order Item
SOI0000016,Sales Order Item
SOI0000017,Sales Order Item
SOI0000018,Sales Order Item
SOI0000019,Sales Order Item
SOI0000020,Sales Order Item
SOI0000021,Sales Order Item
SOI0000022,Sales Order Item
SOI0000023,Sales Order Item
SOI0000024,Sales Order Item
SOI0000025,Sales Order Item
SOI0000026,Sales Order Item
SOI0000027,Sales Order Item
SOI0000028,Sales Order Item
SOI0000029,Sales Order Item
SOI0000030,Sales Order Item
SOI0000031,Sales Order Item
SOI0000032,Sales Order Item
SOI0000033,Sales Order Item
SOI0000034,Sales Order Item
SOI0000035,Sales Order Item
SOI0000036,Sales Order Item
SOI0000037,Sales Order Item
SOI0000038,Sales Order Item
SOI0000039,Sales Order Item
SOI0000040,Sales Order Item
SOI0000041,Sales Order Item
SOI0000042,Sales Order Item
SOI0000043,Sales Order Item
SOI0000044,Sales Order Item
SOI0000045,Sales Order Item
SOI0000046,Sales Order Item
SOI0000047,Sales Order Item
SOI0000048,Sales Order Item
SOI0000049,Sales Order Item
SOI0000050,Sales Order Item
SOI0000051,Sales Order Item
SOI0000052,Sales Order Item
SOI0000053,Sales Order Item
SOI0000054,Sales Order Item
SOI0000055,Sales Order Item
SOI0000056,Sales Order Item
SOI0000057,Sales Order Item
SOI0000058,Sales Order Item
SOI0000059,Sales Order Item
SOI0000060,Sales Order Item
SOI0000061,Sales Order Item
SOI0000062,Sales Order Item
SOI0000063,Sales Order Item
SOI0000064,Sales Order Item
SOI0000065,Sales Order Item
SOI0000066,Sales Order Item
SOI0000067,Sales Order Item
SOI0000068,Sales Order Item
SOI0000069,Sales Order Item
SOI0000070,Sales Order Item
SOI0000071,Sales Order Item
SOI0000072,Sales Order Item
SOI0000073,Sales Order Item
SOI0000074,Sales Order Item
SOI0000075,Sales Order Item
SOI0000076,Sales Order Item
SOI0000077,Sales Order Item
SOI0000078,Sales Order Item
SOI0000079,Sales Order Item
SOI0000080,Sales Order Item
SOI0000081,Sales Order Item
SOI0000082,Sales Order Item
SOI0000083,Sales Order Item
SOI0000084,Sales Order Item
SOI0000085,Sales Order Item
SOI0000086,Sales Order Item
SOI0000087,Sales Order Item
SOI0000088,Sales Order Item
SOI0000089,Sales Order Item
SOI0000090,Sales Order Item
SOI0000091,Sales Order Item
SOI0000092,Sales Order Item
SOI0000093,Sales Order Item
SOI0000094,Sales Order Item
SOI0000095,Sales Order Item
SOI0000096,Sales Order Item
SOI0000097,Sales Order Item
SOI0000098,Sales Order Item
SOI0000099,Sales Order Item
SOI0000100,Sales Order Item
SOI0000101,Sales Order Item
SOI0000102,Sales Order Item
SOI0000103,Sales Order Item
SOI0000104,Sales Order Item
SOI0000105,Sales Order Item
SOI0000106,Sales Order Item
SOI0000107,Sales Order Item
SOI0000108,Sales Order Item
SOI0000109,Sales Order Item
SOI0000110,Sales Order Item
SOI0000111,Sales Order Item
SOI0000112,Sales Order Item
SOI0000113,Sales Order Item
SOI0000114,Sales Order Item
SOI0000115,Sales Order Item
SOI0000116,Sales Order Item
SOI0000117,Sales Order Item
SOI0000118,Sales Order Item
SOI0000119,Sales Order Item
SOI0000120,Sales Order Item
SOI0000121,Sales Order Item
SOI0000122,Sales Order Item
SOI0000123,Sales Order Item
SOI0000124,Sales Order Item
SOI0000125,Sales Order Item
SOI0000126,Sales Order Item
SOI0000127,Sales Order Item
SOI0000128,Sales Order Item
SOI0000129,Sales Order Item
SOI0000130,Sales Order Item
SOI0000131,Sales Order Item
SOI0000132,Sales Order Item
SOI0000133,Sales Order Item
SOI0000134,Sales Order Item
SOI0000135,Sales Order Item
SOI0000136,Sales Order Item
SOI0000137,Sales Order Item
SOI0000138,Sales Order Item
SOI0000139,Sales Order Item
SOI0000140,Sales Order Item
SOI0000141,Sales Order Item
SOI0000142,Sales Order Item
SOI0000143,Sales Order Item
SOI0000144,Sales Order Item
SOI0000145,Sales Order Item
SOI0000146,Sales Order Item
SOI0000147,Sales Order Item
SOI0000148,Sales Order Item
SOI0000149,Sales Order Item
SOI0000150,Sales Order Item
SOI0000151,Sales Order Item
SOI0000152,Sales Order Item
SOI0000153,Sales Order Item
SOI0000154,Sales Order Item
SOI0000155,Sales Order Item
SOI0000156,Sales Order Item
SOI0000157,Sales Order Item
SOI0000158,Sales Order Item
SOI0000159,Sales Order Item
SOI0000160,Sales Order Item
SOI0000161,Sales Order Item
SOI0000162,Sales Order Item
SOI0000163,Sales Order Item
SOI0000164,Sales Order Item
SOI0000165,Sales Order Item
SOI0000166,Sales Order Item
SOI0000167,Sales Order Item
SOI0000168,Sales Order Item
SOI0000169,Sales Order Item
SOI0000170,Sales Order Item
SOI0000171,Sales Order Item
SOI0000172,Sales Order Item
SOI0000173,Sales Order Item
SOI0000174,Sales Order Item
SOI0000175,Sales Order Item
SOI0000176,Sales Order Item
SOI0000177,Sales Order Item
SOI0000178,Sales Order Item
SOI0000179,Sales Order Item
SOI0000180,Sales Order Item
SOI0000181,Sales Order Item
SOI0000182,Sales Order Item
SOI0000183,Sales Order Item
SOI0000184,Sales Order Item
SOI0000185,Sales Order Item
SOI0000186,Sales Order Item
SOI0000187,Sales Order Item
SOI0000188,Sales Order Item
SOI0000189,Sales Order Item
SOI0000190,Sales Order Item
SOI0000191,Sales Order Item
SOI0000192,Sales Order Item
SOI0000193,Sales Order Item
SOI0000194,Sales Order Item
SOI0000195,Sales Order Item
SOI0000196,Sales Order Item
SOI0000197,Sales Order Item
SOI0000198,Sales Order Item
SOI0000199,Sales Order Item
SOI0000200,Sales Order Item
SOI0000201,Sales Order Item
SOI0000202,Sales Order Item
SOI0000203,Sales Order Item
SOI0000204,Sales Order Item
SOI0000205,Sales Order Item
SOI0000206,Sales Order Item
SOI0000207,Sales Order Item
SOI0000208,Sales Order Item
SOI0000209,Sales Order Item
SOI0000210,Sales Order Item
SOI0000211,Sales Order Item
SOI0000212,Sales Order Item
SOI0000213,Sales Order Item
SOI0000214,Sales Order Item
SOI0000215,Sales Order Item
SOI0000216,Sales Order Item
SOI0000217,Sales Order Item
SOI0000218,Sales Order Item
SOI0000219,Sales Order Item
SOI0000220,Sales Order Item
SOI0000221,Sales Order Item
SOI0000222,Sales Order Item
SOI0000223,Sales Order Item
SOI0000224,Sales Order Item
SOI0000225,Sales Order Item
SOI0000226,Sales Order Item
SOI0000227,Sales Order Item
SOI0000228,Sales Order Item
SOI0000229,Sales Order Item
SOI0000230,Sales Order Item
SOI0000231,Sales Order Item
SOI0000232,Sales Order Item
SOI0000233,Sales Order Item
SOI0000234,Sales Order Item
SOI0000235,Sales Order Item
SOI0000236,Sales Order Item
SOI0000237,Sales Order Item
SOI0000238,Sales Order Item
SOI0000239,Sales Order Item
SOI0000240,Sales Order Item
SOI0000241,Sales Order Item
SOI0000242,Sales Order Item
SOI0000243,Sales Order Item
SOI0000244,Sales Order Item
SOI0000245,Sales Order Item
SOI0000246,Sales Order Item
SOI0000247,Sales Order Item
SOI0000248,Sales Order Item
SOI0000249,Sales Order Item
SOI0000250,Sales Order Item
SOI0000251,Sales Order Item
SOI0000252,Sales Order Item
SOI0000253,Sales Order Item
SOI0000254,Sales Order Item
SOI0000255,Sales Order Item
SOI0000256,Sales Order Item
SOI0000257,Sales Order Item
SOI0000258,Sales Order Item
SOI0000259,Sales Order Item
SOI0000260,Sales Order Item
SOI0000261,Sales Order Item
SOI0000262,Sales Order Item
SOI0000263,Sales Order Item
SOI0000264,Sales Order Item
SOI0000265,Sales Order Item
SOI0000266,Sales Order Item
SOI0000267,Sales Order Item
SOI0000268,Sales Order Item
SOI0000269,Sales Order Item
SOI0000270,Sales Order Item
SOI0000271,Sales Order Item
SOI0000272,Sales Order Item
SOI0000273,Sales Order Item
SOI0000274,Sales Order Item
SOI0000275,Sales Order Item
SOI0000276,Sales Order Item
SOI0000277,Sales Order Item
SOI0000278,Sales Order Item
SOI0000279,Sales Order Item
SOI0000280,Sales Order Item
SOI0000281,Sales Order Item
SOI0000282,Sales Order Item
SOI0000283,Sales Order Item
SOI0000284,Sales Order Item
SOI0000285,Sales Order Item
SOI0000286,Sales Order Item
SOI0000287,Sales Order Item
SOI0000288,Sales Order Item
SOI0000289,Sales Order Item
SOI0000290,Sales Order Item
SOI0000291,Sales Order Item
SOI0000292,Sales Order Item
SOI0000293,Sales Order Item
SOI0000294,Sales Order Item
SOI0000295,Sales Order Item
SOI0000296,Sales Order Item
SOI0000297,Sales Order Item
SOI0000298,Sales Order Item
SOI0000299,Sales Order Item
SOI0000300,Sales Order Item
SOI0000301,Sales Order Item
SOI0000302,Sales Order Item
SOI0000303,Sales Order Item
SOI0000304,Sales Order Item
SOI0000305,Sales Order Item
SOI0000306,Sales Order Item
SOI0000307,Sales Order Item
SOI0000308,Sales Order Item
SOI0000309,Sales Order Item
SOI0000310,Sales Order Item
SOI0000311,Sales Order Item
SOI0000312,Sales Order Item
SOI0000313,Sales Order Item
SOI0000314,Sales Order Item
SOI0000315,Sales Order Item
SOI0000316,Sales Order Item
SOI0000317,Sales Order Item
SOI0000318,Sales Order Item
SOI0000319,Sales Order Item
SOI0000320,Sales Order Item
SOI0000321,Sales Order Item
SOI0000322,Sales Order Item
SOI0000323,Sales Order Item
SOI0000324,Sales Order Item
SOI0000325,Sales Order Item
SOI0000326,Sales Order Item
SOI0000327,Sales Order Item
SOI0000328,Sales Order Item
SOI0000329,Sales Order Item
SOI0000330,Sales Order Item
SOI0000331,Sales Order Item
SOI0000332,Sales Order Item
SOI0000333,Sales Order Item
SOI0000334,Sales Order Item
SOI0000335,Sales Order Item
SOI0000336,Sales Order Item
SOI0000337,Sales Order Item
SOI0000338,Sales Order Item
SOI0000339,Sales Order Item
SOI0000340,Sales Order Item
SOI0000341,Sales Order Item
SOI0000342,Sales Order Item
SOI0000343,Sales Order Item
SOI0000344,Sales Order Item
SOI0000345,Sales Order Item
SOI0000346,Sales Order Item
SOI0000347,Sales Order Item
SOI0000348,Sales Order Item
SOI0000349,Sales Order Item
SOI0000350,Sales Order Item
SOI0000351,Sales Order Item
SOI0000352,Sales Order Item
SOI0000353,Sales Order Item
SOI0000354,Sales Order Item
SOI0000355,Sales Order Item
SOI0000356,Sales Order Item
SOI0000357,Sales Order Item
SOI0000358,Sales Order Item
SOI0000359,Sales Order Item
SOI0000360,Sales Order Item
SOI0000361,Sales Order Item
SOI0000362,Sales Order Item
SOI0000363,Sales Order Item
SOI0000364,Sales Order Item
SOI0000365,Sales Order Item
SOI0000366,Sales Order Item
SOI0000367,Sales Order Item
SOI0000368,Sales Order Item
SOI0000369,Sales Order Item
SOI0000370,Sales Order Item
SOI0000371,Sales Order Item
SOI0000372,Sales Order Item
SOI0000373,Sales Order Item
SOI0000374,Sales Order Item
SOI0000375,Sales Order Item
SOI0000376,Sales Order Item
SOI0000377,Sales Order Item
SOI0000378,Sales Order Item
SOI0000379,Sales Order Item
SOI0000380,Sales Order Item
SOI0000381,Sales Order Item
SOI0000382,Sales Order Item
SOI0000383,Sales Order Item
SOI0000384,Sales Order Item
SOI0000385,Sales Order Item
SOI0000386,Sales Order Item
SOI0000387,Sales Order Item
SOI0000388,Sales Order Item
SOI0000389,Sales Order Item
SOI0000390,Sales Order Item
SOI0000391,Sales Order Item
SOI0000392,Sales Order Item
SOI0000393,Sales Order Item
SOI0000394,Sales Order Item
SOI0000395,Sales Order Item
SOI0000396,Sales Order Item
SOI0000397,Sales Order Item
SOI0000398,Sales Order Item
SOI0000399,Sales Order Item
SOI0000400,Sales Order Item
SOI0000401,Sales Order Item
SOI0000402,Sales Order Item
SOI0000403,Sales Order Item
SOI0000404,Sales Order Item
SOI0000405,Sales Order Item
SOI0000406,Sales Order Item
SOI0000407,Sales Order Item
SOI0000408,Sales Order Item
SOI0000409,Sales Order Item
SOI0000410,Sales Order Item
SOI0000411,Sales Order Item
SOI0000412,Sales Order Item
SOI0000413,Sales Order Item
SOI0000414,Sales Order Item
SOI0000415,Sales Order Item
SOI0000416,Sales Order Item
SOI0000417,Sales Order Item
SOI0000418,Sales Order Item
SOI0000419,Sales Order Item
SOI0000420,Sales Order Item
SOI0000421,Sales Order Item
SOI0000422,Sales Order Item
SOI0000423,Sales Order Item
SOI0000424,Sales Order Item
SOI0000425,Sales Order Item
SOI0000426,Sales Order Item
SOI0000427,Sales Order Item
SOI0000428,Sales Order Item
SOI0000429,Sales Order Item
SOI0000430,Sales Order Item
SOI0000431,Sales Order Item
SOI0000432,Sales Order Item
SOI0000433,Sales Order Item
SOI0000434,Sales Order Item
SOI0000435,Sales Order Item
SOI0000436,Sales Order Item
SOI0000437,Sales Order Item
SOI0000438,Sales Order Item
SOI0000439,Sales Order Item
SOI0000440,Sales Order Item
SOI0000441,Sales Order Item
SOI0000442,Sales Order Item
SOI0000443,Sales Order Item
SOI0000444,Sales Order Item
SOI0000445,Sales Order Item
SOI0000446,Sales Order Item
SOI0000447,Sales Order Item
SOI0000448,Sales Order Item
SOI0000449,Sales Order Item
SOI0000450,Sales Order Item
SOI0000451,Sales Order Item
SOI0000452,Sales Order Item
SOI0000453,Sales Order Item
SOI0000454,Sales Order Item
SOI0000455,Sales Order Item
SOI0000456,Sales Order Item
SOI0000457,Sales Order Item
SOI0000458,Sales Order Item
SOI0000459,Sales Order Item
SOI0000460,Sales Order Item
SOI0000461,Sales Order Item
SOI0000462,Sales Order Item
SOI0000463,Sales Order Item
SOI0000464,Sales Order Item
SOI0000465,Sales Order Item
SOI0000466,Sales Order Item
SOI0000467,Sales Order Item
SOI0000468,Sales Order Item
SOI0000469,Sales Order Item
SOI0000470,Sales Order Item
SOI0000471,Sales Order Item
SOI0000472,Sales Order Item
SOI0000473,Sales Order Item
SOI0000474,Sales Order Item
SOI0000475,Sales Order Item
SOI0000476,Sales Order Item
SOI0000477,Sales Order Item
SOI0000478,Sales Order Item
SOI0000479,Sales Order Item
SOI0000480,Sales Order Item
SOI0000481,Sales Order Item
SOI0000482,Sales Order Item
SOI0000483,Sales Order Item
SOI0000484,Sales Order Item
SOI0000485,Sales Order Item
SOI0000486,Sales Order Item
SOI0000487,Sales Order Item
SOI0000488,Sales Order Item
SOI0000489,Sales Order Item
SOI0000490,Sales Order Item
SOI0000491,Sales Order Item
SOI0000492,Sales Order Item
SOI0000493,Sales Order Item
SOI0000494,Sales Order Item
SOI0000495,Sales Order Item
SOI0000496,Sales Order Item
SOI0000497,Sales Order Item
SOI0000498,Sales Order Item
SOI0000499,Sales Order Item
SOI0000500,Sales Order Item
SOI0000501,Sales Order Item
SOI0000502,Sales Order Item
SOI0000503,Sales Order Item
SOI0000504,Sales Order Item
SOI0000505,Sales Order Item
SOI0000506,Sales Order Item
SOI0000507,Sales Order Item
SOI0000508,Sales Order Item
SOI0000509,Sales Order Item
SOI0000510,Sales Order Item
SOI0000511,Sales Order Item
SOI0000512,Sales Order Item
SOI0000513,Sales Order Item
SOI0000514,Sales Order Item
SOI0000515,Sales Order Item
SOI0000516,Sales Order Item
SOI0000517,Sales Order Item
SOI0000518,Sales Order Item
SOI0000519,Sales Order Item
SOI0000520,Sales Order Item
SOI0000521,Sales Order Item
SOI0000522,Sales Order Item
SOI0000523,Sales Order Item
SOI0000524,Sales Order Item
SOI0000525,Sales Order Item
SOI0000526,Sales Order Item
SOI0000527,Sales Order Item
SOI0000528,Sales Order Item
SOI0000529,Sales Order Item
SOI0000530,Sales Order Item
SOI0000531,Sales Order Item
SOI0000532,Sales Order Item
SOI0000533,Sales Order Item
SOI0000534,Sales Order Item
SOI0000535,Sales Order Item
SOI0000536,Sales Order Item
SOI0000537,Sales Order Item
SOI0000538,Sales Order Item
SOI0000539,Sales Order Item
SOI0000540,Sales Order Item
SOI0000541,Sales Order Item
SOI0000542,Sales Order Item
SOI0000543,Sales Order Item
SOI0000544,Sales Order Item
SOI0000545,Sales Order Item
SOI0000546,Sales Order Item
SOI0000547,Sales Order Item
SOI0000548,Sales Order Item
SOI0000549,Sales Order Item
SOI0000550,Sales Order Item
SOI0000551,Sales Order Item
SOI0000552,Sales Order Item
SOI0000553,Sales Order Item
SOI0000554,Sales Order Item
SOI0000555,Sales Order Item
SOI0000556,Sales Order Item
SOI0000557,Sales Order Item
SOI0000558,Sales Order Item
SOI0000559,Sales Order Item
SOI0000560,Sales Order Item
SOI0000561,Sales Order Item
SOI0000562,Sales Order Item
SOI0000563,Sales Order Item
SOI0000564,Sales Order Item
SOI0000565,Sales Order Item
SOI0000566,Sales Order Item
SOI0000567,Sales Order Item
SOI0000568,Sales Order Item
SOI0000569,Sales Order Item
SOI0000570,Sales Order Item
SOI0000571,Sales Order Item
SOI0000572,Sales Order Item
SOI0000573,Sales Order Item
SOI0000574,Sales Order Item
SOI0000575,Sales Order Item
SOI0000576,Sales Order Item
SOI0000577,Sales Order Item
SOI0000578,Sales Order Item
SOI0000579,Sales Order Item
SOI0000580,Sales Order Item
SOI0000581,Sales Order Item
SOI0000582,Sales Order Item
SOI0000583,Sales Order Item
SOI0000584,Sales Order Item
SOI0000585,Sales Order Item
SOI0000586,Sales Order Item
SOI0000587,Sales Order Item
SOI0000588,Sales Order Item
SOI0000589,Sales Order Item
SOI0000590,Sales Order Item
SOI0000591,Sales Order Item
SOI0000592,Sales Order Item
SOI0000593,Sales Order Item
SOI0000594,Sales Order Item
SOI0000595,Sales Order Item
SOI0000596,Sales Order Item
SOI0000597,Sales Order Item
SOI0000598,Sales Order Item
SOI0000599,Sales Order Item
SOI0000600,Sales Order Item
SOI0000601,Sales Order Item
SOI0000602,Sales Order Item
SOI0000603,Sales Order Item
SOI0000604,Sales Order Item
SOI0000605,Sales Order Item
SOI0000606,Sales Order Item
SOI0000607,Sales Order Item
SOI0000608,Sales Order Item
SOI0000609,Sales Order Item
SOI0000610,Sales Order Item
SOI0000611,Sales Order Item
SOI0000612,Sales Order Item
SOI0000613,Sales Order Item
SOI0000614,Sales Order Item
SOI0000615,Sales Order Item
SOI0000616,Sales Order Item
SOI0000617,Sales Order Item
SOI0000618,Sales Order Item
SOI0000619,Sales Order Item
SOI0000620,Sales Order Item
SOI0000621,Sales Order Item
SOI0000622,Sales Order Item
SOI0000623,Sales Order Item
SOI0000624,Sales Order Item
SOI0000625,Sales Order Item
SOI0000626,Sales Order Item
SOI0000627,Sales Order Item
SOI0000628,Sales Order Item
SOI0000629,Sales Order Item
SOI0000630,Sales Order Item
SOI0000631,Sales Order Item
SOI0000632,Sales Order Item
SOI0000633,Sales Order Item
SOI0000634,Sales Order Item
SOI0000635,Sales Order Item
SOI0000636,Sales Order Item
SOI0000637,Sales Order Item
SOI0000638,Sales Order Item
SOI0000639,Sales Order Item
SOI0000640,Sales Order Item
SOI0000641,Sales Order Item
SOI0000642,Sales Order Item
SOI0000643,Sales Order Item
SOI0000644,Sales Order Item
SOI0000645,Sales Order Item
SOI0000646,Sales Order Item
SOI0000647,Sales Order Item
SOI0000648,Sales Order Item
SOI0000649,Sales Order Item
SOI0000650,Sales Order Item
SOI0000651,Sales Order Item
SOI0000652,Sales Order Item
SOI0000653,Sales Order Item
SOI0000654,Sales Order Item
SOI0000655,Sales Order Item
SOI0000656,Sales Order Item
SOI0000657,Sales Order Item
SOI0000658,Sales Order Item
SOI0000659,Sales Order Item
SOI0000660,Sales Order Item
SOI0000661,Sales Order Item
SOI0000662,Sales Order Item
SOI0000663,Sales Order Item
SOI0000664,Sales Order Item
SOI0000665,Sales Order Item
SOI0000666,Sales Order Item
SOI0000667,Sales Order Item
SOI0000668,Sales Order Item
SOI0000669,Sales Order Item
SOI0000670,Sales Order Item
SOI0000671,Sales Order Item
SOI0000672,Sales Order Item
SOI0000673,Sales Order Item
SOI0000674,Sales Order Item
SOI0000675,Sales Order Item
SOI0000676,Sales Order Item
SOI0000677,Sales Order Item
SOI0000678,Sales Order Item
SOI0000679,Sales Order Item
SOI0000680,Sales Order Item
SOI0000681,Sales Order Item
SOI0000682,Sales Order Item
SOI0000683,Sales Order Item
SOI0000684,Sales Order Item
SOI0000685,Sales Order Item
SOI0000686,Sales Order Item
SOI0000687,Sales Order Item
SOI0000688,Sales Order Item
SOI0000689,Sales Order Item
SOI0000690,Sales Order Item
SOI0000691,Sales Order Item
SOI0000692,Sales Order Item
SOI0000693,Sales Order Item
SOI0000694,Sales Order Item
SOI0000695,Sales Order Item
SOI0000696,Sales Order Item
SOI0000697,Sales Order Item
SOI0000698,Sales Order Item
SOI0000699,Sales Order Item
SOI0000700,Sales Order Item
SOI0000701,Sales Order Item
SOI0000702,Sales Order Item
SOI0000703,Sales Order Item
SOI0000704,Sales Order Item
SOI0000705,Sales Order Item
SOI0000706,Sales Order Item
SOI0000707,Sales Order Item
SOI0000708,Sales Order Item
SOI0000709,Sales Order Item
SOI0000710,Sales Order Item
SOI0000711,Sales Order Item
SOI0000712,Sales Order Item
SOI0000713,Sales Order Item
SOI0000714,Sales Order Item
SOI0000715,Sales Order Item
SOI0000716,Sales Order Item
SOI0000717,Sales Order Item
SOI0000718,Sales Order Item
SOI0000719,Sales Order Item
SOI0000720,Sales Order Item
SOI0000721,Sales Order Item
SOI0000722,Sales Order Item
SOI0000723,Sales Order Item
SOI0000724,Sales Order Item
SOI0000725,Sales Order Item
SOI0000726,Sales Order Item
SOI0000727,Sales Order Item
SOI0000728,Sales Order Item
SOI0000729,Sales Order Item
SOI0000730,Sales Order Item
SOI0000731,Sales Order Item
SOI0000732,Sales Order Item
SOI0000733,Sales Order Item
SOI0000734,Sales Order Item
SOI0000735,Sales Order Item
SOI0000736,Sales Order Item
SOI0000737,Sales Order Item
SOI0000738,Sales Order Item
SOI0000739,Sales Order Item
SOI0000740,Sales Order Item
SOI0000741,Sales Order Item
SOI0000742,Sales Order Item
SOI0000743,Sales Order Item
SOI0000744,Sales Order Item
SOI0000745,Sales Order Item
SOI0000746,Sales Order Item
SOI0000747,Sales Order Item
SOI0000748,Sales Order Item
SOI0000749,Sales Order Item
SOI0000750,Sales Order Item
SOI0000751,Sales Order Item
SOI0000752,Sales Order Item
SOI0000753,Sales Order Item
SOI0000754,Sales Order Item
SOI0000755,Sales Order Item
SOI0000756,Sales Order Item
SOI0000757,Sales Order Item
SOI0000758,Sales Order Item
SOI0000759,Sales Order Item
SOI0000760,Sales Order Item
SOI0000761,Sales Order Item
SOI0000762,Sales Order Item
SOI0000763,Sales Order Item
SOI0000764,Sales Order Item
SOI0000765,Sales Order Item
SOI0000766,Sales Order Item
SOI0000767,Sales Order Item
SOI0000768,Sales Order Item
SOI0000769,Sales Order Item
SOI0000770,Sales Order Item
SOI0000771,Sales Order Item
SOI0000772,Sales Order Item
SOI0000773,Sales Order Item
SOI0000774,Sales Order Item
SOI0000775,Sales Order Item
SOI0000776,Sales Order Item
SOI0000777,Sales Order Item
SOI0000778,Sales Order Item
SOI0000779,Sales Order Item
SOI0000780,Sales Order Item
SOI0000781,Sales Order Item
SOI0000782,Sales Order Item
SOI0000783,Sales Order Item
SOI0000784,Sales Order Item
SOI0000785,Sales Order Item
SOI0000786,Sales Order Item
SOI0000787,Sales Order Item
SOI0000788,Sales Order Item
SOI0000789,Sales Order Item
SOI0000790,Sales Order Item
SOI0000791,Sales Order Item
SOI0000792,Sales Order Item
SOI0000793,Sales Order Item
SOI0000794,Sales Order Item
SOI0000795,Sales Order Item
SOI0000796,Sales Order Item
SOI0000797,Sales Order Item
SOI0000798,Sales Order Item
SOI0000799,Sales Order Item
SOI0000800,Sales Order Item
SOI0000801,Sales Order Item
SOI0000802,Sales Order Item
SOI0000803,Sales Order Item
SOI0000804,Sales Order Item
SOI0000805,Sales Order Item
SOI0000806,Sales Order Item
SOI0000807,Sales Order Item
SOI0000808,Sales Order Item
SOI0000809,Sales Order Item
SOI0000810,Sales Order Item
SOI0000811,Sales Order Item
SOI0000812,Sales Order Item
SOI0000813,Sales Order Item
SOI0000814,Sales Order Item
SOI0000815,Sales Order Item
SOI0000816,Sales Order Item
SOI0000817,Sales Order Item
SOI0000818,Sales Order Item
SOI0000819,Sales Order Item
SOI0000820,Sales Order Item
SOI0000821,Sales Order Item
SOI0000822,Sales Order Item
SOI0000823,Sales Order Item
SOI0000824,Sales Order Item
SOI0000825,Sales Order Item
SOI0000826,Sales Order Item
SOI0000827,Sales Order Item
SOI0000828,Sales Order Item
SOI0000829,Sales Order Item
SOI0000830,Sales Order Item
SOI0000831,Sales Order Item
SOI0000832,Sales Order Item
SOI0000833,Sales Order Item
SOI0000834,Sales Order Item
SOI0000835,Sales Order Item
SOI0000836,Sales Order Item
SOI0000837,Sales Order Item
SOI0000838,Sales Order Item
SOI0000839,Sales Order Item
SOI0000840,Sales Order Item
SOI0000841,Sales Order Item
SOI0000842,Sales Order Item
SOI0000843,Sales Order Item
SOI0000844,Sales Order Item
SOI0000845,Sales Order Item
SOI0000846,Sales Order Item
SOI0000847,Sales Order Item
SOI0000848,Sales Order Item
SOI0000849,Sales Order Item
SOI0000850,Sales Order Item
SOI0000851,Sales Order Item
SOI0000852,Sales Order Item
SOI0000853,Sales Order Item
SOI0000854,Sales Order Item
SOI0000855,Sales Order Item
SOI0000856,Sales Order Item
SOI0000857,Sales Order Item
SOI0000858,Sales Order Item
SOI0000859,Sales Order Item
SOI0000860,Sales Order Item
SOI0000861,Sales Order Item
SOI0000862,Sales Order Item
SOI0000863,Sales Order Item
SOI0000864,Sales Order Item
SOI0000865,Sales Order Item
SOI0000866,Sales Order Item
SOI0000867,Sales Order Item
SOI0000868,Sales Order Item
SOI0000869,Sales Order Item
SOI0000870,Sales Order Item
SOI0000871,Sales Order Item
SOI0000872,Sales Order Item
SOI0000873,Sales Order Item
SOI0000874,Sales Order Item
SOI0000875,Sales Order Item
SOI0000876,Sales Order Item
SOI0000877,Sales Order Item
SOI0000878,Sales Order Item
SOI0000879,Sales Order Item
SOI0000880,Sales Order Item
SOI0000881,Sales Order Item
SOI0000882,Sales Order Item
SOI0000883,Sales Order Item
SOI0000884,Sales Order Item
SOI0000885,Sales Order Item
SOI0000886,Sales Order Item
SOI0000887,Sales Order Item
SOI0000888,Sales Order Item
SOI0000889,Sales Order Item
SOI0000890,Sales Order Item
SOI0000891,Sales Order Item
SOI0000892,Sales Order Item
SOI0000893,Sales Order Item
SOI0000894,Sales Order Item
SOI0000895,Sales Order Item
SOI0000896,Sales Order Item
SOI0000897,Sales Order Item
SOI0000898,Sales Order Item
SOI0000899,Sales Order Item
SOI0000900,Sales Order Item
SOI0000901,Sales Order Item
SOI0000902,Sales Order Item
SOI0000903,Sales Order Item
SOI0000904,Sales Order Item
SOI0000905,Sales Order Item
SOI0000906,Sales Order Item
SOI0000907,Sales Order Item
SOI0000908,Sales Order Item
SOI0000909,Sales Order Item
SOI0000910,Sales Order Item
SOI0000911,Sales Order Item
SOI0000912,Sales Order Item
SOI0000913,Sales Order Item
SOI0000914,Sales Order Item
SOI0000915,Sales Order Item
SOI0000916,Sales Order Item
SOI0000917,Sales Order Item
SOI0000918,Sales Order Item
SOI0000919,Sales Order Item
SOI0000920,Sales Order Item
SOI0000921,Sales Order Item
SOI0000922,Sales Order Item
SOI0000923,Sales Order Item
SOI0000924,Sales Order Item
SOI0000925,Sales Order Item
SOI0000926,Sales Order Item
SOI0000927,Sales Order Item
SOI0000928,Sales Order Item
SOI0000929,Sales Order Item
SOI0000930,Sales Order Item
SOI0000931,Sales Order Item
SOI0000932,Sales Order Item
SOI0000933,Sales Order Item
SOI0000934,Sales Order Item
SOI0000935,Sales Order Item
SOI0000936,Sales Order Item
SOI0000937,Sales Order Item
SOI0000938,Sales Order Item
SOI0000939,Sales Order Item
SOI0000940,Sales Order Item
SOI0000941,Sales Order Item
SOI0000942,Sales Order Item
SOI0000943,Sales Order Item
SOI0000944,Sales Order Item
SOI0000945,Sales Order Item
SOI0000946,Sales Order Item
SOI0000947,Sales Order Item
SOI0000948,Sales Order Item
SOI0000949,Sales Order Item
SOI0000950,Sales Order Item
SOI0000951,Sales Order Item
SOI0000952,Sales Order Item
SOI0000953,Sales Order Item
SOI0000954,Sales Order Item
SOI0000955,Sales Order Item
SOI0000956,Sales Order Item
SOI0000957,Sales Order Item
SOI0000958,Sales Order Item
SOI0000959,Sales Order Item
SOI0000960,Sales Order Item
SOI0000961,Sales Order Item
SOI0000962,Sales Order Item
SOI0000963,Sales Order Item
SOI0000964,Sales Order Item
SOI0000965,Sales Order Item
SOI0000966,Sales Order Item
SOI0000967,Sales Order Item
SOI0000968,Sales Order Item
SOI0000969,Sales Order Item
SOI0000970,Sales Order Item
SOI0000971,Sales Order Item
SOI0000972,Sales Order Item
SOI0000973,Sales Order Item
SOI0000974,Sales Order Item
SOI0000975,Sales Order Item
SOI0000976,Sales Order Item
SOI0000977,Sales Order Item
SOI0000978,Sales Order Item
SOI0000979,Sales Order Item
SOI0000980,Sales Order Item
SOI0000981,Sales Order Item
SOI0000982,Sales Order Item
SOI0000983,Sales Order Item
SOI0000984,Sales Order Item
SOI0000985,Sales Order Item
SOI0000986,Sales Order Item
SOI0000987,Sales Order Item
SOI0000988,Sales Order Item
SOI0000989,Sales Order Item
SOI0000990,Sales Order Item
SOI0000991,Sales Order Item
SOI0000992,Sales Order Item
SOI0000993,Sales Order Item
SOI0000994,Sales Order Item
SOI0000995,Sales Order Item
SOI0000996,Sales Order Item
SOI0000997,Sales Order Item
SOI0000998,Sales Order Item
SOI0000999,Sales Order Item
SOI0001000,Sales Order Item
SOI0001001,Sales Order Item
SOI0001002,Sales Order Item
SOI0001003,Sales Order Item
SOI0001004,Sales Order Item
SOI0001005,Sales Order Item
SOI0001006,Sales Order Item
SOI0001007,Sales Order Item
SOI0001008,Sales Order Item
SOI0001009,Sales Order Item
SOI0001010,Sales Order Item
SOI0001011,Sales Order Item
SOI0001012,Sales Order Item
SOI0001013,Sales Order Item
SOI0001014,Sales Order Item
SOI0001015,Sales Order Item
SOI0001016,Sales Order Item
SOI0001017,Sales Order Item
SOI0001018,Sales Order Item
SOI0001019,Sales Order Item
SOI0001020,Sales Order Item
SOI0001021,Sales Order Item
SOI0001022,Sales Order Item
SOI0001023,Sales Order Item
SOI0001024,Sales Order Item
SOI0001025,Sales Order Item
SOI0001026,Sales Order Item
SOI0001027,Sales Order Item
SOI0001028,Sales Order Item
SOI0001029,Sales Order Item
SOI0001030,Sales Order Item
SOI0001031,Sales Order Item
SOI0001032,Sales Order Item
SOI0001033,Sales Order Item
SOI0001034,Sales Order Item
SOI0001035,Sales Order Item
SOI0001036,Sales Order Item
SOI0001037,Sales Order Item
SOI0001038,Sales Order Item
SOI0001039,Sales Order Item
SOI0001040,Sales Order Item
SOI0001041,Sales Order Item
SOI0001042,Sales Order Item
SOI0001043,Sales Order Item
SOI0001044,Sales Order Item
SOI0001045,Sales Order Item
SOI0001046,Sales Order Item
SOI0001047,Sales Order Item
SOI0001048,Sales Order Item
SOI0001049,Sales Order Item
SOI0001050,Sales Order Item
SOI0001051,Sales Order Item
SOI0001052,Sales Order Item
SOI0001053,Sales Order Item
SOI0001054,Sales Order Item
SOI0001055,Sales Order Item
SOI0001056,Sales Order Item
SOI0001057,Sales Order Item
SOI0001058,Sales Order Item
SOI0001059,Sales Order Item
SOI0001060,Sales Order Item
SOI0001061,Sales Order Item
SOI0001062,Sales Order Item
SOI0001063,Sales Order Item
SOI0001064,Sales Order Item
SOI0001065,Sales Order Item
SOI0001066,Sales Order Item
SOI0001067,Sales Order Item
SOI0001068,Sales Order Item
SOI0001069,Sales Order Item
SOI0001070,Sales Order Item
SOI0001071,Sales Order Item
SOI0001072,Sales Order Item
SOI0001073,Sales Order Item
SOI0001074,Sales Order Item
SOI0001075,Sales Order Item
SOI0001076,Sales Order Item
SOI0001077,Sales Order Item
SOI0001078,Sales Order Item
SOI0001079,Sales Order Item
SOI0001080,Sales Order Item
SOI0001081,Sales Order Item
SOI0001082,Sales Order Item
SOI0001083,Sales Order Item
SOI0001084,Sales Order Item
SOI0001085,Sales Order Item
SOI0001086,Sales Order Item
SOI0001087,Sales Order Item
SOI0001088,Sales Order Item
SOI0001089,Sales Order Item
SOI0001090,Sales Order Item
SOI0001091,Sales Order Item
SOI0001092,Sales Order Item
SOI0001093,Sales Order Item
SOI0001094,Sales Order Item
SOI0001095,Sales Order Item
SOI0001096,Sales Order Item
SOI0001097,Sales Order Item
SOI0001098,Sales Order Item
SOI0001099,Sales Order Item
SOI0001100,Sales Order Item
SOI0001101,Sales Order Item
SOI0001102,Sales Order Item
SOI0001103,Sales Order Item
SOI0001104,Sales Order Item
SOI0001105,Sales Order Item
SOI0001106,Sales Order Item
SOI0001107,Sales Order Item
SOI0001108,Sales Order Item
SOI0001109,Sales Order Item
SOI0001110,Sales Order Item
SOI0001111,Sales Order Item
SOI0001112,Sales Order Item
SOI0001113,Sales Order Item
SOI0001114,Sales Order Item
SOI0001115,Sales Order Item
SOI0001116,Sales Order Item
SOI0001117,Sales Order Item
SOI0001118,Sales Order Item
SOI0001119,Sales Order Item
SOI0001120,Sales Order Item
SOI0001121,Sales Order Item
SOI0001122,Sales Order Item
SOI0001123,Sales Order Item
SOI0001124,Sales Order Item
SOI0001125,Sales Order Item
SOI0001126,Sales Order Item
SOI0001127,Sales Order Item
SOI0001128,Sales Order Item
SOI0001129,Sales Order Item
SOI0001130,Sales Order Item
SOI0001131,Sales Order Item
SOI0001132,Sales Order Item
SOI0001133,Sales Order Item
SOI0001134,Sales Order Item
SOI0001135,Sales Order Item
SOI0001136,Sales Order Item
SOI0001137,Sales Order Item
SOI0001138,Sales Order Item
SOI0001139,Sales Order Item
SOI0001140,Sales Order Item
SOI0001141,Sales Order Item
SOI0001142,Sales Order Item
SOI0001143,Sales Order Item
SOI0001144,Sales Order Item
SOI0001145,Sales Order Item
SOI0001146,Sales Order Item
SOI0001147,Sales Order Item
SOI0001148,Sales Order Item
SOI0001149,Sales Order Item
SOI0001150,Sales Order Item
SOI0001151,Sales Order Item
SOI0001152,Sales Order Item
SOI0001153,Sales Order Item
SOI0001154,Sales Order Item
SOI0001155,Sales Order Item
SOI0001156,Sales Order Item
SOI0001157,Sales Order Item
SOI0001158,Sales Order Item
SOI0001159,Sales Order Item
SOI0001160,Sales Order Item
SOI0001161,Sales Order Item
SOI0001162,Sales Order Item
SOI0001163,Sales Order Item
SOI0001164,Sales Order Item
SOI0001165,Sales Order Item
SOI0001166,Sales Order Item
SOI0001167,Sales Order Item
SOI0001168,Sales Order Item
SOI0001169,Sales Order Item
SOI0001170,Sales Order Item
SOI0001171,Sales Order Item
SOI0001172,Sales Order Item
SOI0001173,Sales Order Item
SOI0001174,Sales Order Item
SOI0001175,Sales Order Item
SOI0001176,Sales Order Item
SOI0001177,Sales Order Item
SOI0001178,Sales Order Item
SOI0001179,Sales Order Item
SOI0001180,Sales Order Item
SOI0001181,Sales Order Item
SOI0001182,Sales Order Item
SOI0001183,Sales Order Item
SOI0001184,Sales Order Item
SOI0001185,Sales Order Item
SOI0001186,Sales Order Item
SOI0001187,Sales Order Item
SOI0001188,Sales Order Item
SOI0001189,Sales Order Item
SOI0001190,Sales Order Item
SOI0001191,Sales Order Item
SOI0001192,Sales Order Item
SOI0001193,Sales Order Item
SOI0001194,Sales Order Item
SOI0001195,Sales Order Item
SOI0001196,Sales Order Item
SOI0001197,Sales Order Item
SOI0001198,Sales Order Item
SOI0001199,Sales Order Item
SOI0001200,Sales Order Item
SOI0001201,Sales Order Item
SOI0001202,Sales Order Item
SOI0001203,Sales Order Item
SOI0001204,Sales Order Item
SOI0001205,Sales Order Item
SOI0001206,Sales Order Item
SOI0001207,Sales Order Item
SOI0001208,Sales Order Item
SOI0001209,Sales Order Item
SOI0001210,Sales Order Item
SOI0001211,Sales Order Item
SOI0001212,Sales Order Item
SOI0001213,Sales Order Item
SOI0001214,Sales Order Item
SOI0001215,Sales Order Item
SOI0001216,Sales Order Item
SOI0001217,Sales Order Item
SOI0001218,Sales Order Item
SOI0001219,Sales Order Item
SOI0001220,Sales Order Item
SOI0001221,Sales Order Item
SOI0001222,Sales Order Item
SOI0001223,Sales Order Item
SOI0001224,Sales Order Item
SOI0001225,Sales Order Item
SOI0001226,Sales Order Item
SOI0001227,Sales Order Item
SOI0001228,Sales Order Item
SOI0001229,Sales Order Item
SOI0001230,Sales Order Item
SOI0001231,Sales Order Item
SOI0001232,Sales Order Item
SOI0001233,Sales Order Item
SOI0001234,Sales Order Item
SOI0001235,Sales Order Item
SOI0001236,Sales Order Item
SOI0001237,Sales Order Item
SOI0001238,Sales Order Item
SOI0001239,Sales Order Item
SOI0001240,Sales Order Item
SOI0001241,Sales Order Item
SOI0001242,Sales Order Item
SOI0001243,Sales Order Item
SOI0001244,Sales Order Item
SOI0001245,Sales Order Item
SOI0001246,Sales Order Item
SOI0001247,Sales Order Item
SOI0001248,Sales Order Item
SOI0001249,Sales Order Item
SOI0001250,Sales Order Item
SOI0001251,Sales Order Item
SOI0001252,Sales Order Item
SOI0001253,Sales Order Item
SOI0001254,Sales Order Item
SOI0001255,Sales Order Item
SOI0001256,Sales Order Item
SOI0001257,Sales Order Item
SOI0001258,Sales Order Item
SOI0001259,Sales Order Item
SOI0001260,Sales Order Item
SOI0001261,Sales Order Item
SOI0001262,Sales Order Item
SOI0001263,Sales Order Item
SOI0001264,Sales Order Item
SOI0001265,Sales Order Item
SOI0001266,Sales Order Item
SOI0001267,Sales Order Item
SOI0001268,Sales Order Item
SOI0001269,Sales Order Item
SOI0001270,Sales Order Item
SOI0001271,Sales Order Item
SOI0001272,Sales Order Item
SOI0001273,Sales Order Item
SOI0001274,Sales Order Item
SOI0001275,Sales Order Item
SOI0001276,Sales Order Item
SOI0001277,Sales Order Item
SOI0001278,Sales Order Item
SOI0001279,Sales Order Item
SOI0001280,Sales Order Item
SOI0001281,Sales Order Item
SOI0001282,Sales Order Item
SOI0001283,Sales Order Item
SOI0001284,Sales Order Item
SOI0001285,Sales Order Item
SOI0001286,Sales Order Item
SOI0001287,Sales Order Item
SOI0001288,Sales Order Item
SOI0001289,Sales Order Item
SOI0001290,Sales Order Item
SOI0001291,Sales Order Item
SOI0001292,Sales Order Item
SOI0001293,Sales Order Item
SOI0001294,Sales Order Item
SOI0001295,Sales Order Item
SOI0001296,Sales Order Item
SOI0001297,Sales Order Item
SOI0001298,Sales Order Item
SOI0001299,Sales Order Item
SOI0001300,Sales Order Item
SOI0001301,Sales Order Item
SOI0001302,Sales Order Item
SOI0001303,Sales Order Item
SOI0001304,Sales Order Item
SOI0001305,Sales Order Item
SOI0001306,Sales Order Item
SOI0001307,Sales Order Item
SOI0001308,Sales Order Item
SOI0001309,Sales Order Item
SOI0001310,Sales Order Item
SOI0001311,Sales Order Item
SOI0001312,Sales Order Item
SOI0001313,Sales Order Item
SOI0001314,Sales Order Item
SOI0001315,Sales Order Item
SOI0001316,Sales Order Item
SOI0001317,Sales Order Item
SOI0001318,Sales Order Item
SOI0001319,Sales Order Item
SOI0001320,Sales Order Item
SOI0001321,Sales Order Item
SOI0001322,Sales Order Item
SOI0001323,Sales Order Item
SOI0001324,Sales Order Item
SOI0001325,Sales Order Item
SOI0001326,Sales Order Item
SOI0001327,Sales Order Item
SOI0001328,Sales Order Item
SOI0001329,Sales Order Item
SOI0001330,Sales Order Item
SOI0001331,Sales Order Item
SOI0001332,Sales Order Item
SOI0001333,Sales Order Item
SOI0001334,Sales Order Item
SOI0001335,Sales Order Item
SOI0001336,Sales Order Item
SOI0001337,Sales Order Item
SOI0001338,Sales Order Item
SOI0001339,Sales Order Item
SOI0001340,Sales Order Item
SOI0001341,Sales Order Item
SOI0001342,Sales Order Item
SOI0001343,Sales Order Item
SOI0001344,Sales Order Item
SOI0001345,Sales Order Item
SOI0001346,Sales Order Item
SOI0001347,Sales Order Item
SOI0001348,Sales Order Item
SOI0001349,Sales Order Item
SOI0001350,Sales Order Item
SOI0001351,Sales Order Item
SOI0001352,Sales Order Item
SOI0001353,Sales Order Item
SOI0001354,Sales Order Item
SOI0001355,Sales Order Item
SOI0001356,Sales Order Item
SOI0001357,Sales Order Item
SOI0001358,Sales Order Item
SOI0001359,Sales Order Item
SOI0001360,Sales Order Item
SOI0001361,Sales Order Item
SOI0001362,Sales Order Item
SOI0001363,Sales Order Item
SOI0001364,Sales Order Item
SOI0001365,Sales Order Item
SOI0001366,Sales Order Item
SOI0001367,Sales Order Item
SOI0001368,Sales Order Item
SOI0001369,Sales Order Item
SOI0001370,Sales Order Item
SOI0001371,Sales Order Item
SOI0001372,Sales Order Item
SOI0001373,Sales Order Item
SOI0001374,Sales Order Item
SOI0001375,Sales Order Item
SOI0001376,Sales Order Item
SOI0001377,Sales Order Item
SOI0001378,Sales Order Item
SOI0001379,Sales Order Item
SOI0001380,Sales Order Item
SOI0001381,Sales Order Item
SOI0001382,Sales Order Item
SOI0001383,Sales Order Item
SOI0001384,Sales Order Item
SOI0001385,Sales Order Item
SOI0001386,Sales Order Item
SOI0001387,Sales Order Item
SOI0001388,Sales Order Item
SOI0001389,Sales Order Item
SOI0001390,Sales Order Item
SOI0001391,Sales Order Item
SOI0001392,Sales Order Item
SOI0001393,Sales Order Item
SOI0001394,Sales Order Item
SOI0001395,Sales Order Item
SOI0001396,Sales Order Item
SOI0001397,Sales Order Item
SOI0001398,Sales Order Item
SOI0001399,Sales Order Item
SOI0001400,Sales Order Item
SOI0001401,Sales Order Item
SOI0001402,Sales Order Item
SOI0001403,Sales Order Item
SOI0001404,Sales Order Item
SOI0001405,Sales Order Item
SOI0001406,Sales Order Item
SOI0001407,Sales Order Item
SOI0001408,Sales Order Item
SOI0001409,Sales Order Item
SOI0001410,Sales Order Item
SOI0001411,Sales Order Item
SOI0001412,Sales Order Item
SOI0001413,Sales Order Item
SOI0001414,Sales Order Item
SOI0001415,Sales Order Item
SOI0001416,Sales Order Item
SOI0001417,Sales Order Item
SOI0001418,Sales Order Item
SOI0001419,Sales Order Item
SOI0001420,Sales Order Item
SOI0001421,Sales Order Item
SOI0001422,Sales Order Item
SOI0001423,Sales Order Item
SOI0001424,Sales Order Item
SOI0001425,Sales Order Item
SOI0001426,Sales Order Item
SOI0001427,Sales Order Item
SOI0001428,Sales Order Item
SOI0001429,Sales Order Item
SOI0001430,Sales Order Item
SOI0001431,Sales Order Item
SOI0001432,Sales Order Item
SOI0001433,Sales Order Item
SOI0001434,Sales Order Item
SOI0001435,Sales Order Item
SOI0001436,Sales Order Item
SOI0001437,Sales Order Item
SOI0001438,Sales Order Item
SOI0001439,Sales Order Item
SOI0001440,Sales Order Item
SOI0001441,Sales Order Item
SOI0001442,Sales Order Item
SOI0001443,Sales Order Item
SOI0001444,Sales Order Item
SOI0001445,Sales Order Item
SOI0001446,Sales Order Item
SOI0001447,Sales Order Item
SOI0001448,Sales Order Item
SOI0001449,Sales Order Item
SOI0001450,Sales Order Item
SOI0001451,Sales Order Item
SOI0001452,Sales Order Item
SOI0001453,Sales Order Item
SOI0001454,Sales Order Item
SOI0001455,Sales Order Item
SOI0001456,Sales Order Item
SOI0001457,Sales Order Item
SOI0001458,Sales Order Item
SOI0001459,Sales Order Item
SOI0001460,Sales Order Item
SOI0001461,Sales Order Item
SOI0001462,Sales Order Item
SOI0001463,Sales Order Item
SOI0001464,Sales Order Item
SOI0001465,Sales Order Item
SOI0001466,Sales Order Item
SOI0001467,Sales Order Item
SOI0001468,Sales Order Item
SOI0001469,Sales Order Item
SOI0001470,Sales Order Item
SOI0001471,Sales Order Item
SOI0001472,Sales Order Item
SOI0001473,Sales Order Item
SOI0001474,Sales Order Item
SOI0001475,Sales Order Item
SOI0001476,Sales Order Item
SOI0001477,Sales Order Item
SOI0001478,Sales Order Item
SOI0001479,Sales Order Item
SOI0001480,Sales Order Item
SOI0001481,Sales Order Item
SOI0001482,Sales Order Item
SOI0001483,Sales Order Item
SOI0001484,Sales Order Item
SOI0001485,Sales Order Item
SOI0001486,Sales Order Item
SOI0001487,Sales Order Item
SOI0001488,Sales Order Item
SOI0001489,Sales Order Item
SOI0001490,Sales Order Item
SOI0001491,Sales Order Item
SOI0001492,Sales Order Item
SOI0001493,Sales Order Item
SOI0001494,Sales Order Item
SOI0001495,Sales Order Item
SOI0001496,Sales Order Item
SOI0001497,Sales Order Item
SOI0001498,Sales Order Item
SOI0001499,Sales Order Item
SOI0001500,Sales Order Item
SOI0001501,Sales Order Item
SOI0001502,Sales Order Item
SOI0001503,Sales Order Item
SOI0001504,Sales Order Item
SOI0001505,Sales Order Item
SOI0001506,Sales Order Item
SOI0001507,Sales Order Item
SOI0001508,Sales Order Item
SOI0001509,Sales Order Item
SOI0001510,Sales Order Item
SOI0001511,Sales Order Item
SOI0001512,Sales Order Item
SOI0001513,Sales Order Item
SOI0001514,Sales Order Item
SOI0001515,Sales Order Item
SOI0001516,Sales Order Item
SOI0001517,Sales Order Item
SOI0001518,Sales Order Item
SOI0001519,Sales Order Item
SOI0001520,Sales Order Item
SOI0001521,Sales Order Item
SOI0001522,Sales Order Item
SOI0001523,Sales Order Item
SOI0001524,Sales Order Item
SOI0001525,Sales Order Item
SOI0001526,Sales Order Item
SOI0001527,Sales Order Item
SOI0001528,Sales Order Item
SOI0001529,Sales Order Item
SOI0001530,Sales Order Item
SOI0001531,Sales Order Item
SOI0001532,Sales Order Item
SOI0001533,Sales Order Item
SOI0001534,Sales Order Item
SOI0001535,Sales Order Item
SOI0001536,Sales Order Item
SOI0001537,Sales Order Item
SOI0001538,Sales Order Item
SOI0001539,Sales Order Item
SOI0001540,Sales Order Item
SOI0001541,Sales Order Item
SOI0001542,Sales Order Item
SOI0001543,Sales Order Item
SOI0001544,Sales Order Item
SOI0001545,Sales Order Item
SOI0001546,Sales Order Item
SOI0001547,Sales Order Item
SOI0001548,Sales Order Item
SOI0001549,Sales Order Item
SOI0001550,Sales Order Item
SOI0001551,Sales Order Item
SOI0001552,Sales Order Item
SOI0001553,Sales Order Item
SOI0001554,Sales Order Item
SOI0001555,Sales Order Item
SOI0001556,Sales Order Item
SOI0001557,Sales Order Item
SOI0001558,Sales Order Item
SOI0001559,Sales Order Item
SOI0001560,Sales Order Item
SOI0001561,Sales Order Item
SOI0001562,Sales Order Item
SOI0001563,Sales Order Item
SOI0001564,Sales Order Item
SOI0001565,Sales Order Item
SOI0001566,Sales Order Item
SOI0001567,Sales Order Item
SOI0001568,Sales Order Item
SOI0001569,Sales Order Item
SOI0001570,Sales Order Item
SOI0001571,Sales Order Item
SOI0001572,Sales Order Item
SOI0001573,Sales Order Item
SOI0001574,Sales Order Item
SOI0001575,Sales Order Item
SOI0001576,Sales Order Item
SOI0001577,Sales Order Item
SOI0001578,Sales Order Item
SOI0001579,Sales Order Item
SOI0001580,Sales Order Item
SOI0001581,Sales Order Item
SOI0001582,Sales Order Item
SOI0001583,Sales Order Item
SOI0001584,Sales Order Item
SOI0001585,Sales Order Item
SOI0001586,Sales Order Item
SOI0001587,Sales Order Item
SOI0001588,Sales Order Item
SOI0001589,Sales Order Item
SOI0001590,Sales Order Item
SOI0001591,Sales Order Item
SOI0001592,Sales Order Item
SOI0001593,Sales Order Item
SOI0001594,Sales Order Item
SOI0001595,Sales Order Item
SOI0001596,Sales Order Item
SOI0001597,Sales Order Item
SOI0001598,Sales Order Item
SOI0001599,Sales Order Item
SOI0001600,Sales Order Item
SOI0001601,Sales Order Item
SOI0001602,Sales Order Item
SOI0001603,Sales Order Item
SOI0001604,Sales Order Item
SOI0001605,Sales Order Item
SOI0001606,Sales Order Item
SOI0001607,Sales Order Item
SOI0001608,Sales Order Item
SOI0001609,Sales Order Item
SOI0001610,Sales Order Item
SOI0001611,Sales Order Item
SOI0001612,Sales Order Item
SOI0001613,Sales Order Item
SOI0001614,Sales Order Item
SOI0001615,Sales Order Item
SOI0001616,Sales Order Item
SOI0001617,Sales Order Item
SOI0001618,Sales Order Item
SOI0001619,Sales Order Item
SOI0001620,Sales Order Item
SOI0001621,Sales Order Item
SOI0001622,Sales Order Item
SOI0001623,Sales Order Item
SOI0001624,Sales Order Item
SOI0001625,Sales Order Item
SOI0001626,Sales Order Item
SOI0001627,Sales Order Item
SOI0001628,Sales Order Item
SOI0001629,Sales Order Item
SOI0001630,Sales Order Item
SOI0001631,Sales Order Item
SOI0001632,Sales Order Item
SOI0001633,Sales Order Item
SOI0001634,Sales Order Item
SOI0001635,Sales Order Item
SOI0001636,Sales Order Item
SOI0001637,Sales Order Item
SOI0001638,Sales Order Item
SOI0001639,Sales Order Item
SOI0001640,Sales Order Item
SOI0001641,Sales Order Item
SOI0001642,Sales Order Item
SOI0001643,Sales Order Item
SOI0001644,Sales Order Item
SOI0001645,Sales Order Item
SOI0001646,Sales Order Item
SOI0001647,Sales Order Item
SOI0001648,Sales Order Item
SOI0001649,Sales Order Item
SOI0001650,Sales Order Item
SOI0001651,Sales Order Item
SOI0001652,Sales Order Item
SOI0001653,Sales Order Item
SOI0001654,Sales Order Item
SOI0001655,Sales Order Item
SOI0001656,Sales Order Item
SOI0001657,Sales Order Item
SOI0001658,Sales Order Item
SOI0001659,Sales Order Item
SOI0001660,Sales Order Item
SOI0001661,Sales Order Item
SOI0001662,Sales Order Item
SOI0001663,Sales Order Item
SOI0001664,Sales Order Item
SOI0001665,Sales Order Item
SOI0001666,Sales Order Item
SOI0001667,Sales Order Item
SOI0001668,Sales Order Item
SOI0001669,Sales Order Item
SOI0001670,Sales Order Item
SOI0001671,Sales Order Item
SOI0001672,Sales Order Item
SOI0001673,Sales Order Item
SOI0001674,Sales Order Item
SOI0001675,Sales Order Item
SOI0001676,Sales Order Item
SOI0001677,Sales Order Item
SOI0001678,Sales Order Item
SOI0001679,Sales Order Item
SOI0001680,Sales Order Item
SOI0001681,Sales Order Item
SOI0001682,Sales Order Item
SOI0001683,Sales Order Item
SOI0001684,Sales Order Item
SOI0001685,Sales Order Item
SOI0001686,Sales Order Item
SOI0001687,Sales Order Item
SOI0001688,Sales Order Item
SOI0001689,Sales Order Item
SOI0001690,Sales Order Item
SOI0001691,Sales Order Item
SOI0001692,Sales Order Item
SOI0001693,Sales Order Item
SOI0001694,Sales Order Item
SOI0001695,Sales Order Item
SOI0001696,Sales Order Item
SOI0001697,Sales Order Item
SOI0001698,Sales Order Item
SOI0001699,Sales Order Item
SOI0001700,Sales Order Item
SOI0001701,Sales Order Item
SOI0001702,Sales Order Item
SOI0001703,Sales Order Item
SOI0001704,Sales Order Item
SOI0001705,Sales Order Item
SOI0001706,Sales Order Item
SOI0001707,Sales Order Item
SOI0001708,Sales Order Item
SOI0001709,Sales Order Item
SOI0001710,Sales Order Item
SOI0001711,Sales Order Item
SOI0001712,Sales Order Item
SOI0001713,Sales Order Item
SOI0001714,Sales Order Item
SOI0001715,Sales Order Item
SOI0001716,Sales Order Item
SOI0001717,Sales Order Item
SOI0001718,Sales Order Item
SOI0001719,Sales Order Item
SOI0001720,Sales Order Item
SOI0001721,Sales Order Item
SOI0001722,Sales Order Item
SOI0001723,Sales Order Item
SOI0001724,Sales Order Item
SOI0001725,Sales Order Item
SOI0001726,Sales Order Item
SOI0001727,Sales Order Item
SOI0001728,Sales Order Item
SOI0001729,Sales Order Item
SOI0001730,Sales Order Item
SOI0001731,Sales Order Item
SOI0001732,Sales Order Item
SOI0001733,Sales Order Item
SOI0001734,Sales Order Item
SOI0001735,Sales Order Item
SOI0001736,Sales Order Item
SOI0001737,Sales Order Item
SOI0001738,Sales Order Item
SOI0001739,Sales Order Item
SOI0001740,Sales Order Item
SOI0001741,Sales Order Item
SOI0001742,Sales Order Item
SOI0001743,Sales Order Item
SOI0001744,Sales Order Item
SOI0001745,Sales Order Item
SOI0001746,Sales Order Item
SOI0001747,Sales Order Item
SOI0001748,Sales Order Item
SOI0001749,Sales Order Item
SOI0001750,Sales Order Item
SOI0001751,Sales Order Item
SOI0001752,Sales Order Item
SOI0001753,Sales Order Item
SOI0001754,Sales Order Item
SOI0001755,Sales Order Item
SOI0001756,Sales Order Item
SOI0001757,Sales Order Item
SOI0001758,Sales Order Item
SOI0001759,Sales Order Item
SOI0001760,Sales Order Item
SOI0001761,Sales Order Item
SOI0001762,Sales Order Item
SOI0001763,Sales Order Item
SOI0001764,Sales Order Item
SOI0001765,Sales Order Item
SOI0001766,Sales Order Item
SOI0001767,Sales Order Item
SOI0001768,Sales Order Item
SOI0001769,Sales Order Item
SOI0001770,Sales Order Item
SOI0001771,Sales Order Item
SOI0001772,Sales Order Item
SOI0001773,Sales Order Item
SOI0001774,Sales Order Item
SOI0001775,Sales Order Item
SOI0001776,Sales Order Item
SOI0001777,Sales Order Item
SOI0001778,Sales Order Item
SOI0001779,Sales Order Item
SOI0001780,Sales Order Item
SOI0001781,Sales Order Item
SOI0001782,Sales Order Item
SOI0001783,Sales Order Item
SOI0001784,Sales Order Item
SOI0001785,Sales Order Item
SOI0001786,Sales Order Item
SOI0001787,Sales Order Item
SOI0001788,Sales Order Item
SOI0001789,Sales Order Item
SOI0001790,Sales Order Item
SOI0001791,Sales Order Item
SOI0001792,Sales Order Item
SOI0001793,Sales Order Item
SOI0001794,Sales Order Item
SOI0001795,Sales Order Item
SOI0001796,Sales Order Item
SOI0001797,Sales Order Item
SOI0001798,Sales Order Item
SOI0001799,Sales Order Item
SOI0001800,Sales Order Item
SOI0001801,Sales Order Item
SOI0001802,Sales Order Item
SOI0001803,Sales Order Item
SOI0001804,Sales Order Item
SOI0001805,Sales Order Item
SOI0001806,Sales Order Item
SOI0001807,Sales Order Item
SOI0001808,Sales Order Item
SOI0001809,Sales Order Item
SOI0001810,Sales Order Item
SOI0001811,Sales Order Item
SOI0001812,Sales Order Item
SOI0001813,Sales Order Item
SOI0001814,Sales Order Item
SOI0001815,Sales Order Item
SOI0001816,Sales Order Item
SOI0001817,Sales Order Item
SOI0001818,Sales Order Item
SOI0001819,Sales Order Item
SOI0001820,Sales Order Item
SOI0001821,Sales Order Item
SOI0001822,Sales Order Item
SOI0001823,Sales Order Item
SOI0001824,Sales Order Item
SOI0001825,Sales Order Item
SOI0001826,Sales Order Item
SOI0001827,Sales Order Item
SOI0001828,Sales Order Item
SOI0001829,Sales Order Item
SOI0001830,Sales Order Item
SOI0001831,Sales Order Item
SOI0001832,Sales Order Item
SOI0001833,Sales Order Item
SOI0001834,Sales Order Item
SOI0001835,Sales Order Item
SOI0001836,Sales Order Item
SOI0001837,Sales Order Item
SOI0001838,Sales Order Item
SOI0001839,Sales Order Item
SOI0001840,Sales Order Item
SOI0001841,Sales Order Item
SOI0001842,Sales Order Item
SOI0001843,Sales Order Item
SOI0001844,Sales Order Item
SOI0001845,Sales Order Item
SOI0001846,Sales Order Item
SOI0001847,Sales Order Item
SOI0001848,Sales Order Item
SOI0001849,Sales Order Item
SOI0001850,Sales Order Item
SOI0001851,Sales Order Item
SOI0001852,Sales Order Item
SOI0001853,Sales Order Item
SOI0001854,Sales Order Item
SOI0001855,Sales Order Item
SOI0001856,Sales Order Item
SOI0001857,Sales Order Item
SOI0001858,Sales Order Item
SOI0001859,Sales Order Item
SOI0001860,Sales Order Item
SOI0001861,Sales Order Item
SOI0001862,Sales Order Item
SOI0001863,Sales Order Item
SOI0001864,Sales Order Item
SOI0001865,Sales Order Item
SOI0001866,Sales Order Item
SOI0001867,Sales Order Item
SOI0001868,Sales Order Item
SOI0001869,Sales Order Item
SOI0001870,Sales Order Item
SOI0001871,Sales Order Item
SOI0001872,Sales Order Item
SOI0001873,Sales Order Item
SOI0001874,Sales Order Item
SOI0001875,Sales Order Item
SOI0001876,Sales Order Item
SOI0001877,Sales Order Item
SOI0001878,Sales Order Item
SOI0001879,Sales Order Item
SOI0001880,Sales Order Item
SOI0001881,Sales Order Item
SOI0001882,Sales Order Item
SOI0001883,Sales Order Item
SOI0001884,Sales Order Item
SOI0001885,Sales Order Item
SOI0001886,Sales Order Item
SOI0001887,Sales Order Item
SOI0001888,Sales Order Item
SOI0001889,Sales Order Item
SOI0001890,Sales Order Item
SOI0001891,Sales Order Item
SOI0001892,Sales Order Item
SOI0001893,Sales Order Item
SOI0001894,Sales Order Item
SOI0001895,Sales Order Item
SOI0001896,Sales Order Item
SOI0001897,Sales Order Item
SOI0001898,Sales Order Item
SOI0001899,Sales Order Item
SOI0001900,Sales Order Item
SOI0001901,Sales Order Item
SOI0001902,Sales Order Item
SOI0001903,Sales Order Item
SOI0001904,Sales Order Item
SOI0001905,Sales Order Item
SOI0001906,Sales Order Item
SOI0001907,Sales Order Item
SOI0001908,Sales Order Item
SOI0001909,Sales Order Item
SOI0001910,Sales Order Item
SOI0001911,Sales Order Item
SOI0001912,Sales Order Item
SOI0001913,Sales Order Item
SOI0001914,Sales Order Item
SOI0001915,Sales Order Item
SOI0001916,Sales Order Item
SOI0001917,Sales Order Item
SOI0001918,Sales Order Item
SOI0001919,Sales Order Item
SOI0001920,Sales Order Item
SOI0001921,Sales Order Item
SOI0001922,Sales Order Item
SOI0001923,Sales Order Item
SOI0001924,Sales Order Item
SOI0001925,Sales Order Item
SOI0001926,Sales Order Item
SOI0001927,Sales Order Item
SOI0001928,Sales Order Item
SOI0001929,Sales Order Item
SOI0001930,Sales Order Item
SOI0001931,Sales Order Item
SOI0001932,Sales Order Item
SOI0001933,Sales Order Item
SOI0001934,Sales Order Item
SOI0001935,Sales Order Item
SOI0001936,Sales Order Item
SOI0001937,Sales Order Item
SOI0001938,Sales Order Item
SOI0001939,Sales Order Item
SOI0001940,Sales Order Item
SOI0001941,Sales Order Item
SOI0001942,Sales Order Item
SOI0001943,Sales Order Item
SOI0001944,Sales Order Item
SOI0001945,Sales Order Item
SOI0001946,Sales Order Item
SOI0001947,Sales Order Item
SOI0001948,Sales Order Item
SOI0001949,Sales Order Item
SOI0001950,Sales Order Item
SOI0001951,Sales Order Item
SOI0001952,Sales Order Item
SOI0001953,Sales Order Item
SOI0001954,Sales Order Item
SOI0001955,Sales Order Item
SOI0001956,Sales Order Item
SOI0001957,Sales Order Item
SOI0001958,Sales Order Item
SOI0001959,Sales Order Item
SOI0001960,Sales Order Item
SOI0001961,Sales Order Item
SOI0001962,Sales Order Item
SOI0001963,Sales Order Item
SOI0001964,Sales Order Item
SOI0001965,Sales Order Item
SOI0001966,Sales Order Item
SOI0001967,Sales Order Item
SOI0001968,Sales Order Item
SOI0001969,Sales Order Item
SOI0001970,Sales Order Item
SOI0001971,Sales Order Item
SOI0001972,Sales Order Item
SOI0001973,Sales Order Item
SOI0001974,Sales Order Item
SOI0001975,Sales Order Item
SOI0001976,Sales Order Item
SOI0001977,Sales Order Item
SOI0001978,Sales Order Item
SOI0001979,Sales Order Item
SOI0001980,Sales Order Item
SOI0001981,Sales Order Item
SOI0001982,Sales Order Item
SOI0001983,Sales Order Item
SOI0001984,Sales Order Item
SOI0001985,Sales Order Item
SOI0001986,Sales Order Item
SOI0001987,Sales Order Item
SOI0001988,Sales Order Item
SOI0001989,Sales Order Item
SOI0001990,Sales Order Item
SOI0001991,Sales Order Item
SOI0001992,Sales Order Item
SOI0001993,Sales Order Item
SOI0001994,Sales Order Item
SOI0001995,Sales Order Item
SOI0001996,Sales Order Item
SOI0001997,Sales Order Item
SOI0001998,Sales Order Item
SOI0001999,Sales Order Item
SOI0002000,Sales Order Item
SOI0002001,Sales Order Item
SOI0002002,Sales Order Item
SOI0002003,Sales Order Item
SOI0002004,Sales Order Item
SOI0002005,Sales Order Item
SOI0002006,Sales Order Item
SOI0002007,Sales Order Item
SOI0002008,Sales Order Item
SOI0002009,Sales Order Item
SOI0002010,Sales Order Item
SOI0002011,Sales Order Item
SOI0002012,Sales Order Item
SOI0002013,Sales Order Item
SOI0002014,Sales Order Item
SOI0002015,Sales Order Item
SOI0002016,Sales Order Item
SOI0002017,Sales Order Item
SOI0002018,Sales Order Item
SOI0002019,Sales Order Item
SOI0002020,Sales Order Item
SOI0002021,Sales Order Item
SOI0002022,Sales Order Item
SOI0002023,Sales Order Item
SOI0002024,Sales Order Item
SOI0002025,Sales Order Item
SOI0002026,Sales Order Item
SOI0002027,Sales Order Item
SOI0002028,Sales Order Item
SOI0002029,Sales Order Item
SOI0002030,Sales Order Item
SOI0002031,Sales Order Item
SOI0002032,Sales Order Item
SOI0002033,Sales Order Item
SOI0002034,Sales Order Item
SOI0002035,Sales Order Item
SOI0002036,Sales Order Item
SOI0002037,Sales Order Item
SOI0002038,Sales Order Item
SOI0002039,Sales Order Item
SOI0002040,Sales Order Item
SOI0002041,Sales Order Item
SOI0002042,Sales Order Item
SOI0002043,Sales Order Item
SOI0002044,Sales Order Item
SOI0002045,Sales Order Item
SOI0002046,Sales Order Item
SOI0002047,Sales Order Item
SOI0002048,Sales Order Item
SOI0002049,Sales Order Item
SOI0002050,Sales Order Item
SOI0002051,Sales Order Item
SOI0002052,Sales Order Item
SOI0002053,Sales Order Item
SOI0002054,Sales Order Item
SOI0002055,Sales Order Item
SOI0002056,Sales Order Item
SOI0002057,Sales Order Item
SOI0002058,Sales Order Item
SOI0002059,Sales Order Item
SOI0002060,Sales Order Item
SOI0002061,Sales Order Item
SOI0002062,Sales Order Item
SOI0002063,Sales Order Item
SOI0002064,Sales Order Item
SOI0002065,Sales Order Item
SOI0002066,Sales Order Item
SOI0002067,Sales Order Item
SOI0002068,Sales Order Item
SOI0002069,Sales Order Item
SOI0002070,Sales Order Item
SOI0002071,Sales Order Item
SOI0002072,Sales Order Item
SOI0002073,Sales Order Item
SOI0002074,Sales Order Item
SOI0002075,Sales Order Item
SOI0002076,Sales Order Item
SOI0002077,Sales Order Item
SOI0002078,Sales Order Item
SOI0002079,Sales Order Item
SOI0002080,Sales Order Item
SOI0002081,Sales Order Item
SOI0002082,Sales Order Item
SOI0002083,Sales Order Item
SOI0002084,Sales Order Item
SOI0002085,Sales Order Item
SOI0002086,Sales Order Item
SOI0002087,Sales Order Item
SOI0002088,Sales Order Item
SOI0002089,Sales Order Item
SOI0002090,Sales Order Item
SOI0002091,Sales Order Item
SOI0002092,Sales Order Item
SOI0002093,Sales Order Item
SOI0002094,Sales Order Item
SOI0002095,Sales Order Item
SOI0002096,Sales Order Item
SOI0002097,Sales Order Item
SOI0002098,Sales Order Item
SOI0002099,Sales Order Item
SOI0002100,Sales Order Item
SOI0002101,Sales Order Item
SOI0002102,Sales Order Item
SOI0002103,Sales Order Item
SOI0002104,Sales Order Item
SOI0002105,Sales Order Item
SOI0002106,Sales Order Item
SOI0002107,Sales Order Item
SOI0002108,Sales Order Item
SOI0002109,Sales Order Item
SOI0002110,Sales Order Item
SOI0002111,Sales Order Item
SOI0002112,Sales Order Item
SOI0002113,Sales Order Item
SOI0002114,Sales Order Item
SOI0002115,Sales Order Item
SOI0002116,Sales Order Item
SOI0002117,Sales Order Item
SOI0002118,Sales Order Item
SOI0002119,Sales Order Item
SOI0002120,Sales Order Item
SOI0002121,Sales Order Item
SOI0002122,Sales Order Item
SOI0002123,Sales Order Item
SOI0002124,Sales Order Item
SOI0002125,Sales Order Item
SOI0002126,Sales Order Item
SOI0002127,Sales Order Item
SOI0002128,Sales Order Item
SOI0002129,Sales Order Item
SOI0002130,Sales Order Item
SOI0002131,Sales Order Item
SOI0002132,Sales Order Item
SOI0002133,Sales Order Item
SOI0002134,Sales Order Item
SOI0002135,Sales Order Item
SOI0002136,Sales Order Item
SOI0002137,Sales Order Item
SOI0002138,Sales Order Item
SOI0002139,Sales Order Item
SOI0002140,Sales Order Item
SOI0002141,Sales Order Item
SOI0002142,Sales Order Item
SOI0002143,Sales Order Item
SOI0002144,Sales Order Item
SOI0002145,Sales Order Item
SOI0002146,Sales Order Item
SOI0002147,Sales Order Item
SOI0002148,Sales Order Item
SOI0002149,Sales Order Item
SOI0002150,Sales Order Item
SOI0002151,Sales Order Item
SOI0002152,Sales Order Item
SOI0002153,Sales Order Item
SOI0002154,Sales Order Item
SOI0002155,Sales Order Item
SOI0002156,Sales Order Item
SOI0002157,Sales Order Item
SOI0002158,Sales Order Item
SOI0002159,Sales Order Item
SOI0002160,Sales Order Item
SOI0002161,Sales Order Item
SOI0002162,Sales Order Item
SOI0002163,Sales Order Item
SOI0002164,Sales Order Item
SOI0002165,Sales Order Item
SOI0002166,Sales Order Item
SOI0002167,Sales Order Item
SOI0002168,Sales Order Item
SOI0002169,Sales Order Item
SOI0002170,Sales Order Item
SOI0002171,Sales Order Item
SOI0002172,Sales Order Item
SOI0002173,Sales Order Item
SOI0002174,Sales Order Item
SOI0002175,Sales Order Item
SOI0002176,Sales Order Item
SOI0002177,Sales Order Item
SOI0002178,Sales Order Item
SOI0002179,Sales Order Item
SOI0002180,Sales Order Item
SOI0002181,Sales Order Item
SOI0002182,Sales Order Item
SOI0002183,Sales Order Item
SOI0002184,Sales Order Item
SOI0002185,Sales Order Item
SOI0002186,Sales Order Item
SOI0002187,Sales Order Item
SOI0002188,Sales Order Item
SOI0002189,Sales Order Item
SOI0002190,Sales Order Item
SOI0002191,Sales Order Item
SOI0002192,Sales Order Item
SOI0002193,Sales Order Item
SOI0002194,Sales Order Item
SOI0002195,Sales Order Item
SOI0002196,Sales Order Item
SOI0002197,Sales Order Item
SOI0002198,Sales Order Item
SOI0002199,Sales Order Item
SOI0002200,Sales Order Item
SOI0002201,Sales Order Item
SOI0002202,Sales Order Item
SOI0002203,Sales Order Item
SOI0002204,Sales Order Item
SOI0002205,Sales Order Item
SOI0002206,Sales Order Item
SOI0002207,Sales Order Item
SOI0002208,Sales Order Item
SOI0002209,Sales Order Item
SOI0002210,Sales Order Item
SOI0002211,Sales Order Item
SOI0002212,Sales Order Item
SOI0002213,Sales Order Item
SOI0002214,Sales Order Item
SOI0002215,Sales Order Item
SOI0002216,Sales Order Item
SOI0002217,Sales Order Item
SOI0002218,Sales Order Item
SOI0002219,Sales Order Item
SOI0002220,Sales Order Item
SOI0002221,Sales Order Item
SOI0002222,Sales Order Item
SOI0002223,Sales Order Item
SOI0002224,Sales Order Item
SOI0002225,Sales Order Item
SOI0002226,Sales Order Item
SOI0002227,Sales Order Item
SOI0002228,Sales Order Item
SOI0002229,Sales Order Item
SOI0002230,Sales Order Item
SOI0002231,Sales Order Item
SOI0002232,Sales Order Item
SOI0002233,Sales Order Item
SOI0002234,Sales Order Item
SOI0002235,Sales Order Item
SOI0002236,Sales Order Item
SOI0002237,Sales Order Item
SOI0002238,Sales Order Item
SOI0002239,Sales Order Item
SOI0002240,Sales Order Item
SOI0002241,Sales Order Item
SOI0002242,Sales Order Item
SOI0002243,Sales Order Item
SOI0002244,Sales Order Item
SOI0002245,Sales Order Item
SOI0002246,Sales Order Item
SOI0002247,Sales Order Item
SOI0002248,Sales Order Item
SOI0002249,Sales Order Item
SOI0002250,Sales Order Item
SOI0002251,Sales Order Item
SOI0002252,Sales Order Item
SOI0002253,Sales Order Item
SOI0002254,Sales Order Item
SOI0002255,Sales Order Item
SOI0002256,Sales Order Item
SOI0002257,Sales Order Item
SOI0002258,Sales Order Item
SOI0002259,Sales Order Item
SOI0002260,Sales Order Item
SOI0002261,Sales Order Item
SOI0002262,Sales Order Item
SOI0002263,Sales Order Item
SOI0002264,Sales Order Item
SOI0002265,Sales Order Item
SOI0002266,Sales Order Item
SOI0002267,Sales Order Item
SOI0002268,Sales Order Item
SOI0002269,Sales Order Item
SOI0002270,Sales Order Item
SOI0002271,Sales Order Item
SOI0002272,Sales Order Item
SOI0002273,Sales Order Item
SOI0002274,Sales Order Item
SOI0002275,Sales Order Item
SOI0002276,Sales Order Item
SOI0002277,Sales Order Item
SOI0002278,Sales Order Item
SOI0002279,Sales Order Item
SOI0002280,Sales Order Item
SOI0002281,Sales Order Item
SOI0002282,Sales Order Item
SOI0002283,Sales Order Item
SOI0002284,Sales Order Item
SOI0002285,Sales Order Item
SOI0002286,Sales Order Item
SOI0002287,Sales Order Item
SOI0002288,Sales Order Item
SOI0002289,Sales Order Item
SOI0002290,Sales Order Item
SOI0002291,Sales Order Item
SOI0002292,Sales Order Item
SOI0002293,Sales Order Item
SOI0002294,Sales Order Item
SOI0002295,Sales Order Item
SOI0002296,Sales Order Item
SOI0002297,Sales Order Item
SOI0002298,Sales Order Item
SOI0002299,Sales Order Item
SOI0002300,Sales Order Item
SOI0002301,Sales Order Item
SOI0002302,Sales Order Item
SOI0002303,Sales Order Item
SOI0002304,Sales Order Item
SOI0002305,Sales Order Item
SOI0002306,Sales Order Item
SOI0002307,Sales Order Item
SOI0002308,Sales Order Item
SOI0002309,Sales Order Item
SOI0002310,Sales Order Item
SOI0002311,Sales Order Item
SOI0002312,Sales Order Item
SOI0002313,Sales Order Item
SOI0002314,Sales Order Item
SOI0002315,Sales Order Item
SOI0002316,Sales Order Item
SOI0002317,Sales Order Item
SOI0002318,Sales Order Item
SOI0002319,Sales Order Item
SOI0002320,Sales Order Item
SOI0002321,Sales Order Item
SOI0002322,Sales Order Item
SOI0002323,Sales Order Item
SOI0002324,Sales Order Item
SOI0002325,Sales Order Item
SOI0002326,Sales Order Item
SOI0002327,Sales Order Item
SOI0002328,Sales Order Item
SOI0002329,Sales Order Item
SOI0002330,Sales Order Item
SOI0002331,Sales Order Item
SOI0002332,Sales Order Item
SOI0002333,Sales Order Item
SOI0002334,Sales Order Item
SOI0002335,Sales Order Item
SOI0002336,Sales Order Item
SOI0002337,Sales Order Item
SOI0002338,Sales Order Item
SOI0002339,Sales Order Item
SOI0002340,Sales Order Item
SOI0002341,Sales Order Item
SOI0002342,Sales Order Item
SOI0002343,Sales Order Item
SOI0002344,Sales Order Item
SOI0002345,Sales Order Item
SOI0002346,Sales Order Item
SOI0002347,Sales Order Item
SOI0002348,Sales Order Item
SOI0002349,Sales Order Item
SOI0002350,Sales Order Item
SOI0002351,Sales Order Item
SOI0002352,Sales Order Item
SOI0002353,Sales Order Item
SOI0002354,Sales Order Item
SOI0002355,Sales Order Item
SOI0002356,Sales Order Item
SOI0002357,Sales Order Item
SOI0002358,Sales Order Item
SOI0002359,Sales Order Item
SOI0002360,Sales Order Item
SOI0002361,Sales Order Item
SOI0002362,Sales Order Item
SOI0002363,Sales Order Item
SOI0002364,Sales Order Item
SOI0002365,Sales Order Item
SOI0002366,Sales Order Item
SOI0002367,Sales Order Item
SOI0002368,Sales Order Item
SOI0002369,Sales Order Item
SOI0002370,Sales Order Item
SOI0002371,Sales Order Item
SOI0002372,Sales Order Item
SOI0002373,Sales Order Item
SOI0002374,Sales Order Item
SOI0002375,Sales Order Item
SOI0002376,Sales Order Item
SOI0002377,Sales Order Item
SOI0002378,Sales Order Item
SOI0002379,Sales Order Item
SOI0002380,Sales Order Item
SOI0002381,Sales Order Item
SOI0002382,Sales Order Item
SOI0002383,Sales Order Item
SOI0002384,Sales Order Item
SOI0002385,Sales Order Item
SOI0002386,Sales Order Item
SOI0002387,Sales Order Item
SOI0002388,Sales Order Item
SOI0002389,Sales Order Item
SOI0002390,Sales Order Item
SOI0002391,Sales Order Item
SOI0002392,Sales Order Item
SOI0002393,Sales Order Item
SOI0002394,Sales Order Item
SOI0002395,Sales Order Item
SOI0002396,Sales Order Item
SOI0002397,Sales Order Item
SOI0002398,Sales Order Item
SOI0002399,Sales Order Item
SOI0002400,Sales Order Item
SOI0002401,Sales Order Item
SOI0002402,Sales Order Item
SOI0002403,Sales Order Item
SOI0002404,Sales Order Item
SOI0002405,Sales Order Item
SOI0002406,Sales Order Item
SOI0002407,Sales Order Item
SOI0002408,Sales Order Item
SOI0002409,Sales Order Item
SOI0002410,Sales Order Item
SOI0002411,Sales Order Item
SOI0002412,Sales Order Item
SOI0002413,Sales Order Item
SOI0002414,Sales Order Item
SOI0002415,Sales Order Item
SOI0002416,Sales Order Item
SOI0002417,Sales Order Item
SOI0002418,Sales Order Item
SOI0002419,Sales Order Item
SOI0002420,Sales Order Item
SOI0002421,Sales Order Item
SOI0002422,Sales Order Item
SOI0002423,Sales Order Item
SOI0002424,Sales Order Item
SOI0002425,Sales Order Item
SOI0002426,Sales Order Item
SOI0002427,Sales Order Item
SOI0002428,Sales Order Item
SOI0002429,Sales Order Item
SOI0002430,Sales Order Item
SOI0002431,Sales Order Item
SOI0002432,Sales Order Item
SOI0002433,Sales Order Item
SOI0002434,Sales Order Item
SOI0002435,Sales Order Item
SOI0002436,Sales Order Item
SOI0002437,Sales Order Item
SOI0002438,Sales Order Item
SOI0002439,Sales Order Item
SOI0002440,Sales Order Item
SOI0002441,Sales Order Item
SOI0002442,Sales Order Item
SOI0002443,Sales Order Item
SOI0002444,Sales Order Item
SOI0002445,Sales Order Item
SOI0002446,Sales Order Item
SOI0002447,Sales Order Item
SOI0002448,Sales Order Item
SOI0002449,Sales Order Item
SOI0002450,Sales Order Item
SOI0002451,Sales Order Item
SOI0002452,Sales Order Item
SOI0002453,Sales Order Item
SOI0002454,Sales Order Item
SOI0002455,Sales Order Item
SOI0002456,Sales Order Item
SOI0002457,Sales Order Item
SOI0002458,Sales Order Item
SOI0002459,Sales Order Item
SOI0002460,Sales Order Item
SOI0002461,Sales Order Item
SOI0002462,Sales Order Item
SOI0002463,Sales Order Item
SOI0002464,Sales Order Item
SOI0002465,Sales Order Item
SOI0002466,Sales Order Item
SOI0002467,Sales Order Item
SOI0002468,Sales Order Item
SOI0002469,Sales Order Item
SOI0002470,Sales Order Item
SOI0002471,Sales Order Item
SOI0002472,Sales Order Item
SOI0002473,Sales Order Item
SOI0002474,Sales Order Item
SOI0002475,Sales Order Item
SOI0002476,Sales Order Item
SOI0002477,Sales Order Item
SOI0002478,Sales Order Item
SOI0002479,Sales Order Item
SOI0002480,Sales Order Item
SOI0002481,Sales Order Item
SOI0002482,Sales Order Item
SOI0002483,Sales Order Item
SOI0002484,Sales Order Item
SOI0002485,Sales Order Item
SOI0002486,Sales Order Item
SOI0002487,Sales Order Item
SOI0002488,Sales Order Item
SOI0002489,Sales Order Item
SOI0002490,Sales Order Item
SOI0002491,Sales Order Item
SOI0002492,Sales Order Item
SOI0002493,Sales Order Item
SOI0002494,Sales Order Item
SOI0002495,Sales Order Item
SOI0002496,Sales Order Item
SOI0002497,Sales Order Item
SOI0002498,Sales Order Item
SOI0002499,Sales Order Item
SOI0002500,Sales Order Item
SOI0002501,Sales Order Item
SOI0002502,Sales Order Item
SOI0002503,Sales Order Item
SOI0002504,Sales Order Item
SOI0002505,Sales Order Item
SOI0002506,Sales Order Item
SOI0002507,Sales Order Item
SOI0002508,Sales Order Item
SOI0002509,Sales Order Item
SOI0002510,Sales Order Item
SOI0002511,Sales Order Item
SOI0002512,Sales Order Item
SOI0002513,Sales Order Item
SOI0002514,Sales Order Item
SOI0002515,Sales Order Item
SOI0002516,Sales Order Item
SOI0002517,Sales Order Item
SOI0002518,Sales Order Item
SOI0002519,Sales Order Item
SOI0002520,Sales Order Item
SOI0002521,Sales Order Item
SOI0002522,Sales Order Item
SOI0002523,Sales Order Item
SOI0002524,Sales Order Item
SOI0002525,Sales Order Item
SOI0002526,Sales Order Item
SOI0002527,Sales Order Item
SOI0002528,Sales Order Item
SOI0002529,Sales Order Item
SOI0002530,Sales Order Item
SOI0002531,Sales Order Item
SOI0002532,Sales Order Item
SOI0002533,Sales Order Item
SOI0002534,Sales Order Item
SOI0002535,Sales Order Item
SOI0002536,Sales Order Item
SOI0002537,Sales Order Item
SOI0002538,Sales Order Item
SOI0002539,Sales Order Item
SOI0002540,Sales Order Item
SOI0002541,Sales Order Item
SOI0002542,Sales Order Item
SOI0002543,Sales Order Item
SOI0002544,Sales Order Item
SOI0002545,Sales Order Item
SOI0002546,Sales Order Item
SOI0002547,Sales Order Item
SOI0002548,Sales Order Item
SOI0002549,Sales Order Item
SOI0002550,Sales Order Item
SOI0002551,Sales Order Item
SOI0002552,Sales Order Item
SOI0002553,Sales Order Item
SOI0002554,Sales Order Item
SOI0002555,Sales Order Item
SOI0002556,Sales Order Item
SOI0002557,Sales Order Item
SOI0002558,Sales Order Item
SOI0002559,Sales Order Item
SOI0002560,Sales Order Item
SOI0002561,Sales Order Item
SOI0002562,Sales Order Item
SOI0002563,Sales Order Item
SOI0002564,Sales Order Item
SOI0002565,Sales Order Item
SOI0002566,Sales Order Item
SOI0002567,Sales Order Item
SOI0002568,Sales Order Item
SOI0002569,Sales Order Item
SOI0002570,Sales Order Item
SOI0002571,Sales Order Item
SOI0002572,Sales Order Item
SOI0002573,Sales Order Item
SOI0002574,Sales Order Item
SOI0002575,Sales Order Item
SOI0002576,Sales Order Item
SOI0002577,Sales Order Item
SOI0002578,Sales Order Item
SOI0002579,Sales Order Item
SOI0002580,Sales Order Item
SOI0002581,Sales Order Item
SOI0002582,Sales Order Item
SOI0002583,Sales Order Item
SOI0002584,Sales Order Item
SOI0002585,Sales Order Item
SOI0002586,Sales Order Item
SOI0002587,Sales Order Item
SOI0002588,Sales Order Item
SOI0002589,Sales Order Item
SOI0002590,Sales Order Item
SOI0002591,Sales Order Item
SOI0002592,Sales Order Item
SOI0002593,Sales Order Item
SOI0002594,Sales Order Item
SOI0002595,Sales Order Item
SOI0002596,Sales Order Item
SOI0002597,Sales Order Item
SOI0002598,Sales Order Item
SOI0002599,Sales Order Item
SOI0002600,Sales Order Item
SOI0002601,Sales Order Item
SOI0002602,Sales Order Item
SOI0002603,Sales Order Item
SOI0002604,Sales Order Item
SOI0002605,Sales Order Item
SOI0002606,Sales Order Item
SOI0002607,Sales Order Item
SOI0002608,Sales Order Item
SOI0002609,Sales Order Item
SOI0002610,Sales Order Item
SOI0002611,Sales Order Item
SOI0002612,Sales Order Item
SOI0002613,Sales Order Item
SOI0002614,Sales Order Item
SOI0002615,Sales Order Item
SOI0002616,Sales Order Item
SOI0002617,Sales Order Item
SOI0002618,Sales Order Item
SOI0002619,Sales Order Item
SOI0002620,Sales Order Item
SOI0002621,Sales Order Item
SOI0002622,Sales Order Item
SOI0002623,Sales Order Item
SOI0002624,Sales Order Item
SOI0002625,Sales Order Item
SOI0002626,Sales Order Item
SOI0002627,Sales Order Item
SOI0002628,Sales Order Item
SOI0002629,Sales Order Item
SOI0002630,Sales Order Item
SOI0002631,Sales Order Item
SOI0002632,Sales Order Item
SOI0002633,Sales Order Item
SOI0002634,Sales Order Item
SOI0002635,Sales Order Item
SOI0002636,Sales Order Item
SOI0002637,Sales Order Item
SOI0002638,Sales Order Item
SOI0002639,Sales Order Item
SOI0002640,Sales Order Item
SOI0002641,Sales Order Item
SOI0002642,Sales Order Item
SOI0002643,Sales Order Item
SOI0002644,Sales Order Item
SOI0002645,Sales Order Item
SOI0002646,Sales Order Item
SOI0002647,Sales Order Item
SOI0002648,Sales Order Item
SOI0002649,Sales Order Item
SOI0002650,Sales Order Item
SOI0002651,Sales Order Item
SOI0002652,Sales Order Item
SOI0002653,Sales Order Item
SOI0002654,Sales Order Item
SOI0002655,Sales Order Item
SOI0002656,Sales Order Item
SOI0002657,Sales Order Item
SOI0002658,Sales Order Item
SOI0002659,Sales Order Item
SOI0002660,Sales Order Item
SOI0002661,Sales Order Item
SOI0002662,Sales Order Item
SOI0002663,Sales Order Item
SOI0002664,Sales Order Item
SOI0002665,Sales Order Item
SOI0002666,Sales Order Item
SOI0002667,Sales Order Item
SOI0002668,Sales Order Item
SOI0002669,Sales Order Item
SOI0002670,Sales Order Item
SOI0002671,Sales Order Item
SOI0002672,Sales Order Item
SOI0002673,Sales Order Item
SOI0002674,Sales Order Item
SOI0002675,Sales Order Item
SOI0002676,Sales Order Item
SOI0002677,Sales Order Item
SOI0002678,Sales Order Item
SOI0002679,Sales Order Item
SOI0002680,Sales Order Item
SOI0002681,Sales Order Item
SOI0002682,Sales Order Item
SOI0002683,Sales Order Item
SOI0002684,Sales Order Item
SOI0002685,Sales Order Item
SOI0002686,Sales Order Item
SOI0002687,Sales Order Item
SOI0002688,Sales Order Item
SOI0002689,Sales Order Item
SOI0002690,Sales Order Item
SOI0002691,Sales Order Item
SOI0002692,Sales Order Item
SOI0002693,Sales Order Item
SOI0002694,Sales Order Item
SOI0002695,Sales Order Item
SOI0002696,Sales Order Item
SOI0002697,Sales Order Item
SOI0002698,Sales Order Item
SOI0002699,Sales Order Item
SOI0002700,Sales Order Item
SOI0002701,Sales Order Item
SOI0002702,Sales Order Item
SOI0002703,Sales Order Item
SOI0002704,Sales Order Item
SOI0002705,Sales Order Item
SOI0002706,Sales Order Item
SOI0002707,Sales Order Item
SOI0002708,Sales Order Item
SOI0002709,Sales Order Item
SOI0002710,Sales Order Item
SOI0002711,Sales Order Item
SOI0002712,Sales Order Item
SOI0002713,Sales Order Item
SOI0002714,Sales Order Item
SOI0002715,Sales Order Item
SOI0002716,Sales Order Item
SOI0002717,Sales Order Item
SOI0002718,Sales Order Item
SOI0002719,Sales Order Item
SOI0002720,Sales Order Item
SOI0002721,Sales Order Item
SOI0002722,Sales Order Item
SOI0002723,Sales Order Item
SOI0002724,Sales Order Item
SOI0002725,Sales Order Item
SOI0002726,Sales Order Item
SOI0002727,Sales Order Item
SOI0002728,Sales Order Item
SOI0002729,Sales Order Item
SOI0002730,Sales Order Item
SOI0002731,Sales Order Item
SOI0002732,Sales Order Item
SOI0002733,Sales Order Item
SOI0002734,Sales Order Item
SOI0002735,Sales Order Item
SOI0002736,Sales Order Item
SOI0002737,Sales Order Item
SOI0002738,Sales Order Item
SOI0002739,Sales Order Item
SOI0002740,Sales Order Item
SOI0002741,Sales Order Item
SOI0002742,Sales Order Item
SOI0002743,Sales Order Item
SOI0002744,Sales Order Item
SOI0002745,Sales Order Item
SOI0002746,Sales Order Item
SOI0002747,Sales Order Item
SOI0002748,Sales Order Item
SOI0002749,Sales Order Item
SOI0002750,Sales Order Item
SOI0002751,Sales Order Item
SOI0002752,Sales Order Item
SOI0002753,Sales Order Item
SOI0002754,Sales Order Item
SOI0002755,Sales Order Item
SOI0002756,Sales Order Item
SOI0002757,Sales Order Item
SOI0002758,Sales Order Item
SOI0002759,Sales Order Item
SOI0002760,Sales Order Item
SOI0002761,Sales Order Item
SOI0002762,Sales Order Item
SOI0002763,Sales Order Item
SOI0002764,Sales Order Item
SOI0002765,Sales Order Item
SOI0002766,Sales Order Item
SOI0002767,Sales Order Item
SOI0002768,Sales Order Item
SOI0002769,Sales Order Item
SOI0002770,Sales Order Item
SOI0002771,Sales Order Item
SOI0002772,Sales Order Item
SOI0002773,Sales Order Item
SOI0002774,Sales Order Item
SOI0002775,Sales Order Item
SOI0002776,Sales Order Item
SOI0002777,Sales Order Item
SOI0002778,Sales Order Item
SOI0002779,Sales Order Item
SOI0002780,Sales Order Item
SOI0002781,Sales Order Item
SOI0002782,Sales Order Item
SOI0002783,Sales Order Item
SOI0002784,Sales Order Item
SOI0002785,Sales Order Item
SOI0002786,Sales Order Item
SOI0002787,Sales Order Item
SOI0002788,Sales Order Item
SOI0002789,Sales Order Item
SOI0002790,Sales Order Item
SOI0002791,Sales Order Item
SOI0002792,Sales Order Item
SOI0002793,Sales Order Item
SOI0002794,Sales Order Item
SOI0002795,Sales Order Item
SOI0002796,Sales Order Item
SALE0000001,Sale
SALE0000002,Sale
SALE0000003,Sale
SALE0000004,Sale
SALE0000005,Sale
SALE0000006,Sale
SALE0000007,Sale
SALE0000008,Sale
SALE0000009,Sale
SALE0000010,Sale
SALE0000011,Sale
SALE0000012,Sale
SALE0000013,Sale
SALE0000014,Sale
SALE0000015,Sale
SALE0000016,Sale
SALE0000017,Sale
SALE0000018,Sale
SALE0000019,Sale
SALE0000020,Sale
SALE0000021,Sale
SALE0000022,Sale
SALE0000023,Sale
SALE0000024,Sale
SALE0000025,Sale
SALE0000026,Sale
SALE0000027,Sale
SALE0000028,Sale
SALE0000029,Sale
SALE0000030,Sale
SALE0000031,Sale
SALE0000032,Sale
SALE0000033,Sale
SALE0000034,Sale
SALE0000035,Sale
SALE0000036,Sale
SALE0000037,Sale
SALE0000038,Sale
SALE0000039,Sale
SALE0000040,Sale
SALE0000041,Sale
SALE0000042,Sale
SALE0000043,Sale
SALE0000044,Sale
SALE0000045,Sale
SALE0000046,Sale
SALE0000047,Sale
SALE0000048,Sale
SALE0000049,Sale
SALE0000050,Sale
SALE0000051,Sale
SALE0000052,Sale
SALE0000053,Sale
SALE0000054,Sale
SALE0000055,Sale
SALE0000056,Sale
SALE0000057,Sale
SALE0000058,Sale
SALE0000059,Sale
SALE0000060,Sale
SALE0000061,Sale
SALE0000062,Sale
SALE0000063,Sale
SALE0000064,Sale
SALE0000065,Sale
SALE0000066,Sale
SALE0000067,Sale
SALE0000068,Sale
SALE0000069,Sale
SALE0000070,Sale
SALE0000071,Sale
SALE0000072,Sale
SALE0000073,Sale
SALE0000074,Sale
SALE0000075,Sale
SALE0000076,Sale
SALE0000077,Sale
SALE0000078,Sale
SALE0000079,Sale
SALE0000080,Sale
SALE0000081,Sale
SALE0000082,Sale
SALE0000083,Sale
SALE0000084,Sale
SALE0000085,Sale
SALE0000086,Sale
SALE0000087,Sale
SALE0000088,Sale
SALE0000089,Sale
SALE0000090,Sale
SALE0000091,Sale
SALE0000092,Sale
SALE0000093,Sale
SALE0000094,Sale
SALE0000095,Sale
SALE0000096,Sale
SALE0000097,Sale
SALE0000098,Sale
SALE0000099,Sale
SALE0000100,Sale
SALE0000101,Sale
SALE0000102,Sale
SALE0000103,Sale
SALE0000104,Sale
SALE0000105,Sale
SALE0000106,Sale
SALE0000107,Sale
SALE0000108,Sale
SALE0000109,Sale
SALE0000110,Sale
SALE0000111,Sale
SALE0000112,Sale
SALE0000113,Sale
SALE0000114,Sale
SALE0000115,Sale
SALE0000116,Sale
SALE0000117,Sale
SALE0000118,Sale
SALE0000119,Sale
SALE0000120,Sale
SALE0000121,Sale
SALE0000122,Sale
SALE0000123,Sale
SALE0000124,Sale
SALE0000125,Sale
SALE0000126,Sale
SALE0000127,Sale
SALE0000128,Sale
SALE0000129,Sale
SALE0000130,Sale
SALE0000131,Sale
SALE0000132,Sale
SALE0000133,Sale
SALE0000134,Sale
SALE0000135,Sale
SALE0000136,Sale
SALE0000137,Sale
SALE0000138,Sale
SALE0000139,Sale
SALE0000140,Sale
SALE0000141,Sale
SALE0000142,Sale
SALE0000143,Sale
SALE0000144,Sale
SALE0000145,Sale
SALE0000146,Sale
SALE0000147,Sale
SALE0000148,Sale
SALE0000149,Sale
SALE0000150,Sale
SALE0000151,Sale
SALE0000152,Sale
SALE0000153,Sale
SALE0000154,Sale
SALE0000155,Sale
SALE0000156,Sale
SALE0000157,Sale
SALE0000158,Sale
SALE0000159,Sale
SALE0000160,Sale
SALE0000161,Sale
SALE0000162,Sale
SALE0000163,Sale
SALE0000164,Sale
SALE0000165,Sale
SALE0000166,Sale
SALE0000167,Sale
SALE0000168,Sale
SALE0000169,Sale
SALE0000170,Sale
SALE0000171,Sale
SALE0000172,Sale
SALE0000173,Sale
SALE0000174,Sale
SALE0000175,Sale
SALE0000176,Sale
SALE0000177,Sale
SALE0000178,Sale
SALE0000179,Sale
SALE0000180,Sale
SALE0000181,Sale
SALE0000182,Sale
SALE0000183,Sale
SALE0000184,Sale
SALE0000185,Sale
SALE0000186,Sale
SALE0000187,Sale
SALE0000188,Sale
SALE0000189,Sale
SALE0000190,Sale
SALE0000191,Sale
SALE0000192,Sale
SALE0000193,Sale
SALE0000194,Sale
SALE0000195,Sale
SALE0000196,Sale
SALE0000197,Sale
SALE0000198,Sale
SALE0000199,Sale
SALE0000200,Sale
SALE0000201,Sale
SALE0000202,Sale
SALE0000203,Sale
SALE0000204,Sale
SALE0000205,Sale
SALE0000206,Sale
SALE0000207,Sale
SALE0000208,Sale
SALE0000209,Sale
SALE0000210,Sale
SALE0000211,Sale
SALE0000212,Sale
SALE0000213,Sale
SALE0000214,Sale
SALE0000215,Sale
SALE0000216,Sale
SALE0000217,Sale
SALE0000218,Sale
SALE0000219,Sale
SALE0000220,Sale
SALE0000221,Sale
SALE0000222,Sale
SALE0000223,Sale
SALE0000224,Sale
SALE0000225,Sale
SALE0000226,Sale
SALE0000227,Sale
SALE0000228,Sale
SALE0000229,Sale
SALE0000230,Sale
SALE0000231,Sale
SALE0000232,Sale
SALE0000233,Sale
SALE0000234,Sale
SALE0000235,Sale
SALE0000236,Sale
SALE0000237,Sale
SALE0000238,Sale
SALE0000239,Sale
SALE0000240,Sale
SALE0000241,Sale
SALE0000242,Sale
SALE0000243,Sale
SALE0000244,Sale
SALE0000245,Sale
SALE0000246,Sale
SALE0000247,Sale
SALE0000248,Sale
SALE0000249,Sale
SALE0000250,Sale
SALE0000251,Sale
SALE0000252,Sale
SALE0000253,Sale
SALE0000254,Sale
SALE0000255,Sale
SALE0000256,Sale
SALE0000257,Sale
SALE0000258,Sale
SALE0000259,Sale
SALE0000260,Sale
SALE0000261,Sale
SALE0000262,Sale
SALE0000263,Sale
SALE0000264,Sale
SALE0000265,Sale
SALE0000266,Sale
SALE0000267,Sale
SALE0000268,Sale
SALE0000269,Sale
SALE0000270,Sale
SALE0000271,Sale
SALE0000272,Sale
SALE0000273,Sale
SALE0000274,Sale
SALE0000275,Sale
SALE0000276,Sale
SALE0000277,Sale
SALE0000278,Sale
SALE0000279,Sale
SALE0000280,Sale
SALE0000281,Sale
SALE0000282,Sale
SALE0000283,Sale
SALE0000284,Sale
SALE0000285,Sale
SALE0000286,Sale
SALE0000287,Sale
SALE0000288,Sale
SALE0000289,Sale
SALE0000290,Sale
SALE0000291,Sale
SALE0000292,Sale
SALE0000293,Sale
SALE0000294,Sale
SALE0000295,Sale
SALE0000296,Sale
SALE0000297,Sale
SALE0000298,Sale
SALE0000299,Sale
SALE0000300,Sale
SALE0000301,Sale
SALE0000302,Sale
SALE0000303,Sale
SALE0000304,Sale
SALE0000305,Sale
SALE0000306,Sale
SALE0000307,Sale
SALE0000308,Sale
SALE0000309,Sale
SALE0000310,Sale
SALE0000311,Sale
SALE0000312,Sale
SALE0000313,Sale
SALE0000314,Sale
SALE0000315,Sale
SALE0000316,Sale
SALE0000317,Sale
SALE0000318,Sale
SALE0000319,Sale
SALE0000320,Sale
SALE0000321,Sale
SALE0000322,Sale
SALE0000323,Sale
SALE0000324,Sale
SALE0000325,Sale
SALE0000326,Sale
SALE0000327,Sale
SALE0000328,Sale
SALE0000329,Sale
SALE0000330,Sale
SALE0000331,Sale
SALE0000332,Sale
SALE0000333,Sale
SALE0000334,Sale
SALE0000335,Sale
SALE0000336,Sale
SALE0000337,Sale
SALE0000338,Sale
SALE0000339,Sale
SALE0000340,Sale
SALE0000341,Sale
SALE0000342,Sale
SALE0000343,Sale
SALE0000344,Sale
SALE0000345,Sale
SALE0000346,Sale
SALE0000347,Sale
SALE0000348,Sale
SALE0000349,Sale
SALE0000350,Sale
SALE0000351,Sale
SALE0000352,Sale
SALE0000353,Sale
SALE0000354,Sale
SALE0000355,Sale
SALE0000356,Sale
SALE0000357,Sale
SALE0000358,Sale
SALE0000359,Sale
SALE0000360,Sale
SALE0000361,Sale
SALE0000362,Sale
SALE0000363,Sale
SALE0000364,Sale
SALE0000365,Sale
SALE0000366,Sale
SALE0000367,Sale
SALE0000368,Sale
SALE0000369,Sale
SALE0000370,Sale
SALE0000371,Sale
SALE0000372,Sale
SALE0000373,Sale
SALE0000374,Sale
SALE0000375,Sale
SALE0000376,Sale
SALE0000377,Sale
SALE0000378,Sale
SALE0000379,Sale
SALE0000380,Sale
SALE0000381,Sale
SALE0000382,Sale
SALE0000383,Sale
SALE0000384,Sale
SALE0000385,Sale
SALE0000386,Sale
SALE0000387,Sale
SALE0000388,Sale
SALE0000389,Sale
SALE0000390,Sale
SALE0000391,Sale
SALE0000392,Sale
SALE0000393,Sale
SALE0000394,Sale
SALE0000395,Sale
SALE0000396,Sale
SALE0000397,Sale
SALE0000398,Sale
SALE0000399,Sale
SALE0000400,Sale
SALE0000401,Sale
SALE0000402,Sale
SALE0000403,Sale
SALE0000404,Sale
SALE0000405,Sale
SALE0000406,Sale
SALE0000407,Sale
SALE0000408,Sale
SALE0000409,Sale
SALE0000410,Sale
SALE0000411,Sale
SALE0000412,Sale
SALE0000413,Sale
SALE0000414,Sale
SALE0000415,Sale
SALE0000416,Sale
SALE0000417,Sale
SALE0000418,Sale
SALE0000419,Sale
SALE0000420,Sale
SALE0000421,Sale
SALE0000422,Sale
SALE0000423,Sale
SALE0000424,Sale
SALE0000425,Sale
SALE0000426,Sale
SALE0000427,Sale
SALE0000428,Sale
SALE0000429,Sale
SALE0000430,Sale
SALE0000431,Sale
SALE0000432,Sale
SALE0000433,Sale
SALE0000434,Sale
SALE0000435,Sale
SALE0000436,Sale
SALE0000437,Sale
SALE0000438,Sale
SALE0000439,Sale
SALE0000440,Sale
SALE0000441,Sale
SALE0000442,Sale
SALE0000443,Sale
SALE0000444,Sale
SALE0000445,Sale
SALE0000446,Sale
SALE0000447,Sale
SALE0000448,Sale
SALE0000449,Sale
SALE0000450,Sale
SALE0000451,Sale
SALE0000452,Sale
SALE0000453,Sale
SALE0000454,Sale
SALE0000455,Sale
SALE0000456,Sale
SALE0000457,Sale
SALE0000458,Sale
SALE0000459,Sale
SALE0000460,Sale
SALE0000461,Sale
SALE0000462,Sale
SALE0000463,Sale
SALE0000464,Sale
SALE0000465,Sale
SALE0000466,Sale
SALE0000467,Sale
SALE0000468,Sale
SALE0000469,Sale
SALE0000470,Sale
SALE0000471,Sale
SALE0000472,Sale
SALE0000473,Sale
SALE0000474,Sale
SALE0000475,Sale
SALE0000476,Sale
SALE0000477,Sale
SALE0000478,Sale
SALE0000479,Sale
SALE0000480,Sale
SALE0000481,Sale
SALE0000482,Sale
SALE0000483,Sale
SALE0000484,Sale
SALE0000485,Sale
SALE0000486,Sale
SALE0000487,Sale
SALE0000488,Sale
SALE0000489,Sale
SALE0000490,Sale
SALE0000491,Sale
SALE0000492,Sale
SALE0000493,Sale
SALE0000494,Sale
SALE0000495,Sale
SALE0000496,Sale
SALE0000497,Sale
SALE0000498,Sale
SALE0000499,Sale
SALE0000500,Sale
SALE0000501,Sale
SALE0000502,Sale
SALE0000503,Sale
SALE0000504,Sale
SALE0000505,Sale
SALE0000506,Sale
SALE0000507,Sale
SALE0000508,Sale
SALE0000509,Sale
SALE0000510,Sale
SALE0000511,Sale
SALE0000512,Sale
SALE0000513,Sale
SALE0000514,Sale
SALE0000515,Sale
SALE0000516,Sale
SALE0000517,Sale
SALE0000518,Sale
SALE0000519,Sale
SALE0000520,Sale
SALE0000521,Sale
SALE0000522,Sale
SALE0000523,Sale
SALE0000524,Sale
SALE0000525,Sale
SALE0000526,Sale
SALE0000527,Sale
SALE0000528,Sale
SALE0000529,Sale
SALE0000530,Sale
SALE0000531,Sale
SALE0000532,Sale
SALE0000533,Sale
SALE0000534,Sale
SALE0000535,Sale
SALE0000536,Sale
SALE0000537,Sale
SALE0000538,Sale
SALE0000539,Sale
SALE0000540,Sale
SALE0000541,Sale
SALE0000542,Sale
SALE0000543,Sale
SALE0000544,Sale
SALE0000545,Sale
SALE0000546,Sale
SALE0000547,Sale
SALE0000548,Sale
SALE0000549,Sale
SALE0000550,Sale
SALE0000551,Sale
SALE0000552,Sale
SALE0000553,Sale
SALE0000554,Sale
SALE0000555,Sale
SALE0000556,Sale
SALE0000557,Sale
SALE0000558,Sale
SALE0000559,Sale
SALE0000560,Sale
SALE0000561,Sale
SALE0000562,Sale
SALE0000563,Sale
SALE0000564,Sale
SALE0000565,Sale
SALE0000566,Sale
SALE0000567,Sale
SALE0000568,Sale
SALE0000569,Sale
SALE0000570,Sale
SALE0000571,Sale
SALE0000572,Sale
SALE0000573,Sale
SALE0000574,Sale
SALE0000575,Sale
SALE0000576,Sale
SALE0000577,Sale
SALE0000578,Sale
SALE0000579,Sale
SALE0000580,Sale
SALE0000581,Sale
SALE0000582,Sale
SALE0000583,Sale
SALE0000584,Sale
SALE0000585,Sale
SALE0000586,Sale
SALE0000587,Sale
SALE0000588,Sale
SALE0000589,Sale
SALE0000590,Sale
SALE0000591,Sale
SALE0000592,Sale
SALE0000593,Sale
SALE0000594,Sale
SALE0000595,Sale
SALE0000596,Sale
SALE0000597,Sale
SALE0000598,Sale
SALE0000599,Sale
SALE0000600,Sale
SALE0000601,Sale
SALE0000602,Sale
SALE0000603,Sale
SALE0000604,Sale
SALE0000605,Sale
SALE0000606,Sale
SALE0000607,Sale
SALE0000608,Sale
SALE0000609,Sale
SALE0000610,Sale
SALE0000611,Sale
SALE0000612,Sale
SALE0000613,Sale
SALE0000614,Sale
SALE0000615,Sale
SALE0000616,Sale
SALE0000617,Sale
SALE0000618,Sale
SALE0000619,Sale
SALE0000620,Sale
SALE0000621,Sale
SALE0000622,Sale
SALE0000623,Sale
SALE0000624,Sale
SALE0000625,Sale
SALE0000626,Sale
SALE0000627,Sale
SALE0000628,Sale
SALE0000629,Sale
SALE0000630,Sale
SALE0000631,Sale
SALE0000632,Sale
SALE0000633,Sale
SALE0000634,Sale
SALE0000635,Sale
SALE0000636,Sale
SALE0000637,Sale
SALE0000638,Sale
SALE0000639,Sale
SALE0000640,Sale
SALE0000641,Sale
SALE0000642,Sale
SALE0000643,Sale
SALE0000644,Sale
SALE0000645,Sale
SALE0000646,Sale
SALE0000647,Sale
SALE0000648,Sale
SALE0000649,Sale
SALE0000650,Sale
SALE0000651,Sale
SALE0000652,Sale
SALE0000653,Sale
SALE0000654,Sale
SALE0000655,Sale
SALE0000656,Sale
SALE0000657,Sale
SALE0000658,Sale
SALE0000659,Sale
SALE0000660,Sale
SALE0000661,Sale
SALE0000662,Sale
SALE0000663,Sale
SALE0000664,Sale
SALE0000665,Sale
SALE0000666,Sale
SALE0000667,Sale
SALE0000668,Sale
SALE0000669,Sale
SALE0000670,Sale
SALE0000671,Sale
SALE0000672,Sale
SALE0000673,Sale
SALE0000674,Sale
SALE0000675,Sale
SALE0000676,Sale
SALE0000677,Sale
SALE0000678,Sale
SALE0000679,Sale
SALE0000680,Sale
SALE0000681,Sale
SALE0000682,Sale
SALE0000683,Sale
SALE0000684,Sale
SALE0000685,Sale
SALE0000686,Sale
SALE0000687,Sale
SALE0000688,Sale
SALE0000689,Sale
SALE0000690,Sale
SALE0000691,Sale
SALE0000692,Sale
SALE0000693,Sale
SALE0000694,Sale
SALE0000695,Sale
SALE0000696,Sale
SALE0000697,Sale
SALE0000698,Sale
SALE0000699,Sale
SALE0000700,Sale
SALE0000701,Sale
SALE0000702,Sale
SALE0000703,Sale
SALE0000704,Sale
SALE0000705,Sale
SALE0000706,Sale
SALE0000707,Sale
SALE0000708,Sale
SALE0000709,Sale
SALE0000710,Sale
SALE0000711,Sale
SALE0000712,Sale
SALE0000713,Sale
SALE0000714,Sale
SALE0000715,Sale
SALE0000716,Sale
SALE0000717,Sale
SALE0000718,Sale
SALE0000719,Sale
SALE0000720,Sale
SALE0000721,Sale
SALE0000722,Sale
SALE0000723,Sale
SALE0000724,Sale
SALE0000725,Sale
SALE0000726,Sale
SALE0000727,Sale
SALE0000728,Sale
SALE0000729,Sale
SALE0000730,Sale
SALE0000731,Sale
SALE0000732,Sale
SALE0000733,Sale
SALE0000734,Sale
SALE0000735,Sale
SALE0000736,Sale
SALE0000737,Sale
SALE0000738,Sale
SALE0000739,Sale
SALE0000740,Sale
SALE0000741,Sale
SALE0000742,Sale
SALE0000743,Sale
SALE0000744,Sale
SALE0000745,Sale
SALE0000746,Sale
SALE0000747,Sale
SALE0000748,Sale
SALE0000749,Sale
SALE0000750,Sale
SALE0000751,Sale
SALE0000752,Sale
SALE0000753,Sale
SALE0000754,Sale
SALE0000755,Sale
SALE0000756,Sale
SALE0000757,Sale
SALE0000758,Sale
SALE0000759,Sale
SALE0000760,Sale
SALE0000761,Sale
SALE0000762,Sale
SALE0000763,Sale
SALE0000764,Sale
SALE0000765,Sale
SALE0000766,Sale
SALE0000767,Sale
SALE0000768,Sale
SALE0000769,Sale
SALE0000770,Sale
SALE0000771,Sale
SALE0000772,Sale
SALE0000773,Sale
SALE0000774,Sale
SALE0000775,Sale
SALE0000776,Sale
SALE0000777,Sale
SALE0000778,Sale
SALE0000779,Sale
SALE0000780,Sale
SALE0000781,Sale
SALE0000782,Sale
SALE0000783,Sale
SALE0000784,Sale
SALE0000785,Sale
SALE0000786,Sale
SALE0000787,Sale
SALE0000788,Sale
SALE0000789,Sale
SALE0000790,Sale
SALE0000791,Sale
SALE0000792,Sale
SALE0000793,Sale
SALE0000794,Sale
SALE0000795,Sale
SALE0000796,Sale
SALE0000797,Sale
SALE0000798,Sale
SALE0000799,Sale
SALE0000800,Sale
SALE0000801,Sale
SALE0000802,Sale
SALE0000803,Sale
SALE0000804,Sale
SALE0000805,Sale
SALE0000806,Sale
SALE0000807,Sale
SALE0000808,Sale
SALE0000809,Sale
SALE0000810,Sale
SALE0000811,Sale
SALE0000812,Sale
SALE0000813,Sale
SALE0000814,Sale
SALE0000815,Sale
SALE0000816,Sale
SALE0000817,Sale
SALE0000818,Sale
SALE0000819,Sale
SALE0000820,Sale
SALE0000821,Sale
SALE0000822,Sale
SALE0000823,Sale
SALE0000824,Sale
SALE0000825,Sale
SALE0000826,Sale
SALE0000827,Sale
SALE0000828,Sale
SALE0000829,Sale
SALE0000830,Sale
SALE0000831,Sale
SALE0000832,Sale
SALE0000833,Sale
SALE0000834,Sale
SALE0000835,Sale
SALE0000836,Sale
SALE0000837,Sale
SALE0000838,Sale
SALE0000839,Sale
SALE0000840,Sale
SALE0000841,Sale
SALE0000842,Sale
SALE0000843,Sale
SALE0000844,Sale
SALE0000845,Sale
SALE0000846,Sale
SALE0000847,Sale
SALE0000848,Sale
SALE0000849,Sale
SALE0000850,Sale
SALE0000851,Sale
SALE0000852,Sale
SALE0000853,Sale
SALE0000854,Sale
SALE0000855,Sale
SALE0000856,Sale
SALE0000857,Sale
SALE0000858,Sale
SALE0000859,Sale
SALE0000860,Sale
SALE0000861,Sale
SALE0000862,Sale
SALE0000863,Sale
SALE0000864,Sale
SALE0000865,Sale
SALE0000866,Sale
SALE0000867,Sale
SALE0000868,Sale
SALE0000869,Sale
SALE0000870,Sale
SALE0000871,Sale
SALE0000872,Sale
SALE0000873,Sale
SALE0000874,Sale
SALE0000875,Sale
SALE0000876,Sale
SALE0000877,Sale
SALE0000878,Sale
SALE0000879,Sale
SALE0000880,Sale
SALE0000881,Sale
SALE0000882,Sale
SALE0000883,Sale
SALE0000884,Sale
SALE0000885,Sale
SALE0000886,Sale
SALE0000887,Sale
SALE0000888,Sale
SALE0000889,Sale
SALE0000890,Sale
SALE0000891,Sale
SALE0000892,Sale
SALE0000893,Sale
SALE0000894,Sale
SALE0000895,Sale
SALE0000896,Sale
SALE0000897,Sale
SALE0000898,Sale
SALE0000899,Sale
SALE0000900,Sale
SALE0000901,Sale
SALE0000902,Sale
SALE0000903,Sale
SALE0000904,Sale
SALE0000905,Sale
SALE0000906,Sale
SALE0000907,Sale
SALE0000908,Sale
SALE0000909,Sale
SALE0000910,Sale
SALE0000911,Sale
SALE0000912,Sale
SALE0000913,Sale
SALE0000914,Sale
SALE0000915,Sale
SALE0000916,Sale
SALE0000917,Sale
SALE0000918,Sale
SALE0000919,Sale
SALE0000920,Sale
SALE0000921,Sale
SALE0000922,Sale
SALE0000923,Sale
SALE0000924,Sale
SALE0000925,Sale
SALE0000926,Sale
SALE0000927,Sale
SALE0000928,Sale
SALE0000929,Sale
SALE0000930,Sale
SALE0000931,Sale
SALE0000932,Sale
SALE0000933,Sale
SALE0000934,Sale
SALE0000935,Sale
SALE0000936,Sale
SALE0000937,Sale
SALE0000938,Sale
SALE0000939,Sale
SALE0000940,Sale
SALE0000941,Sale
SALE0000942,Sale
SALE0000943,Sale
SALE0000944,Sale
SALE0000945,Sale
SALE0000946,Sale
SALE0000947,Sale
SALE0000948,Sale
SALE0000949,Sale
SALE0000950,Sale
SALE0000951,Sale
SALE0000952,Sale
SALE0000953,Sale
SALE0000954,Sale
SALE0000955,Sale
SALE0000956,Sale
SALE0000957,Sale
SALE0000958,Sale
SALE0000959,Sale
SALE0000960,Sale
SALE0000961,Sale
SALE0000962,Sale
SALE0000963,Sale
SALE0000964,Sale
SALE0000965,Sale
SALE0000966,Sale
SALE0000967,Sale
SALE0000968,Sale
SALE0000969,Sale
SALE0000970,Sale
SALE0000971,Sale
SALE0000972,Sale
SALE0000973,Sale
SALE0000974,Sale
SALE0000975,Sale
SALE0000976,Sale
SALE0000977,Sale
SALE0000978,Sale
SALE0000979,Sale
SALE0000980,Sale
SALE0000981,Sale
SALE0000982,Sale
SALE0000983,Sale
SALE0000984,Sale
SALE0000985,Sale
SALE0000986,Sale
SALE0000987,Sale
SALE0000988,Sale
SALE0000989,Sale
SALE0000990,Sale
SALE0000991,Sale
SALE0000992,Sale
SALE0000993,Sale
SALE0000994,Sale
SALE0000995,Sale
SALE0000996,Sale
SALE0000997,Sale
SALE0000998,Sale
SALE0000999,Sale
SALE0001000,Sale
SALE0001001,Sale
SALE0001002,Sale
SALE0001003,Sale
SALE0001004,Sale
SALE0001005,Sale
SALE0001006,Sale
SALE0001007,Sale
SALE0001008,Sale
SALE0001009,Sale
SALE0001010,Sale
SALE0001011,Sale
SALE0001012,Sale
SALE0001013,Sale
SALE0001014,Sale
SALE0001015,Sale
SALE0001016,Sale
SALE0001017,Sale
SALE0001018,Sale
SALE0001019,Sale
SALE0001020,Sale
SALE0001021,Sale
SALE0001022,Sale
SALE0001023,Sale
SALE0001024,Sale
SALE0001025,Sale
SALE0001026,Sale
SALE0001027,Sale
SALE0001028,Sale
SALE0001029,Sale
SALE0001030,Sale
SALE0001031,Sale
SALE0001032,Sale
SALE0001033,Sale
SALE0001034,Sale
SALE0001035,Sale
SALE0001036,Sale
SALE0001037,Sale
SALE0001038,Sale
SALE0001039,Sale
SALE0001040,Sale
SALE0001041,Sale
SALE0001042,Sale
SALE0001043,Sale
SALE0001044,Sale
SALE0001045,Sale
SALE0001046,Sale
SALE0001047,Sale
SALE0001048,Sale
SALE0001049,Sale
SALE0001050,Sale
SALE0001051,Sale
SALE0001052,Sale
SALE0001053,Sale
SALE0001054,Sale
SALE0001055,Sale
SALE0001056,Sale
SALE0001057,Sale
SALE0001058,Sale
SALE0001059,Sale
SALE0001060,Sale
SALE0001061,Sale
SALE0001062,Sale
SALE0001063,Sale
SALE0001064,Sale
SALE0001065,Sale
SALE0001066,Sale
SALE0001067,Sale
SALE0001068,Sale
SALE0001069,Sale
SALE0001070,Sale
SALE0001071,Sale
SALE0001072,Sale
SALE0001073,Sale
SALE0001074,Sale
SALE0001075,Sale
SALE0001076,Sale
SALE0001077,Sale
SALE0001078,Sale
SALE0001079,Sale
SALE0001080,Sale
SALE0001081,Sale
SALE0001082,Sale
SALE0001083,Sale
SALE0001084,Sale
SALE0001085,Sale
SALE0001086,Sale
SALE0001087,Sale
SALE0001088,Sale
SALE0001089,Sale
SALE0001090,Sale
SALE0001091,Sale
SALE0001092,Sale
SALE0001093,Sale
SALE0001094,Sale
SALE0001095,Sale
SALE0001096,Sale
SALE0001097,Sale
SALE0001098,Sale
SALE0001099,Sale
SALE0001100,Sale
SALE0001101,Sale
SALE0001102,Sale
SALE0001103,Sale
SALE0001104,Sale
SALE0001105,Sale
SALE0001106,Sale
SALE0001107,Sale
SALE0001108,Sale
SALE0001109,Sale
SALE0001110,Sale
SALE0001111,Sale
SALE0001112,Sale
SALE0001113,Sale
SALE0001114,Sale
SALE0001115,Sale
SALE0001116,Sale
SALE0001117,Sale
SALE0001118,Sale
SALE0001119,Sale
SALE0001120,Sale
SALE0001121,Sale
SALE0001122,Sale
SALE0001123,Sale
SALE0001124,Sale
SALE0001125,Sale
SALE0001126,Sale
SALE0001127,Sale
SALE0001128,Sale
SALE0001129,Sale
SALE0001130,Sale
SALE0001131,Sale
SALE0001132,Sale
SALE0001133,Sale
SALE0001134,Sale
SALE0001135,Sale
SALE0001136,Sale
SALE0001137,Sale
SALE0001138,Sale
SALE0001139,Sale
SALE0001140,Sale
SALE0001141,Sale
SALE0001142,Sale
SALE0001143,Sale
SALE0001144,Sale
SALE0001145,Sale
SALE0001146,Sale
SALE0001147,Sale
SALE0001148,Sale
SALE0001149,Sale
SALE0001150,Sale
SALE0001151,Sale
SALE0001152,Sale
SALE0001153,Sale
SALE0001154,Sale
SALE0001155,Sale
SALE0001156,Sale
SALE0001157,Sale
SALE0001158,Sale
SALE0001159,Sale
SALE0001160,Sale
SALE0001161,Sale
SALE0001162,Sale
SALE0001163,Sale
SALE0001164,Sale
SALE0001165,Sale
SALE0001166,Sale
SALE0001167,Sale
SALE0001168,Sale
SALE0001169,Sale
SALE0001170,Sale
SALE0001171,Sale
SALE0001172,Sale
SALE0001173,Sale
SALE0001174,Sale
SALE0001175,Sale
SALE0001176,Sale
SALE0001177,Sale
SALE0001178,Sale
SALE0001179,Sale
SALE0001180,Sale
SALE0001181,Sale
SALE0001182,Sale
SALE0001183,Sale
SALE0001184,Sale
SALE0001185,Sale
SALE0001186,Sale
SALE0001187,Sale
SALE0001188,Sale
SALE0001189,Sale
SALE0001190,Sale
SALE0001191,Sale
SALE0001192,Sale
SALE0001193,Sale
SALE0001194,Sale
SALE0001195,Sale
SALE0001196,Sale
SALE0001197,Sale
SALE0001198,Sale
SALE0001199,Sale
SALE0001200,Sale
SALE0001201,Sale
SALE0001202,Sale
SALE0001203,Sale
SALE0001204,Sale
SALE0001205,Sale
SALE0001206,Sale
SALE0001207,Sale
SALE0001208,Sale
SALE0001209,Sale
SALE0001210,Sale
SALE0001211,Sale
SALE0001212,Sale
SALE0001213,Sale
SALE0001214,Sale
SALE0001215,Sale
SALE0001216,Sale
SALE0001217,Sale
SALE0001218,Sale
SALE0001219,Sale
SALE0001220,Sale
SALE0001221,Sale
SALE0001222,Sale
SALE0001223,Sale
SALE0001224,Sale
SALE0001225,Sale
SALE0001226,Sale
SALE0001227,Sale
SALE0001228,Sale
SALE0001229,Sale
SALE0001230,Sale
SALE0001231,Sale
SALE0001232,Sale
SALE0001233,Sale
SALE0001234,Sale
SALE0001235,Sale
SALE0001236,Sale
SALE0001237,Sale
SALE0001238,Sale
SALE0001239,Sale
SALE0001240,Sale
SALE0001241,Sale
SALE0001242,Sale
SALE0001243,Sale
SALE0001244,Sale
SALE0001245,Sale
SALE0001246,Sale
SALE0001247,Sale
SALE0001248,Sale
SALE0001249,Sale
SALE0001250,Sale
SALE0001251,Sale
SALE0001252,Sale
SALE0001253,Sale
SALE0001254,Sale
SALE0001255,Sale
SALE0001256,Sale
SALE0001257,Sale
SALE0001258,Sale
SALE0001259,Sale
SALE0001260,Sale
SALE0001261,Sale
SALE0001262,Sale
SALE0001263,Sale
SALE0001264,Sale
SALE0001265,Sale
SALE0001266,Sale
SALE0001267,Sale
SALE0001268,Sale
SALE0001269,Sale
SALE0001270,Sale
SALE0001271,Sale
SALE0001272,Sale
SALE0001273,Sale
SALE0001274,Sale
SALE0001275,Sale
SALE0001276,Sale
SALE0001277,Sale
SALE0001278,Sale
SALE0001279,Sale
SALE0001280,Sale
SALE0001281,Sale
SALE0001282,Sale
SALE0001283,Sale
SALE0001284,Sale
SALE0001285,Sale
SALE0001286,Sale
SALE0001287,Sale
SALE0001288,Sale
SALE0001289,Sale
SALE0001290,Sale
SALE0001291,Sale
SALE0001292,Sale
SALE0001293,Sale
SALE0001294,Sale
SALE0001295,Sale
SALE0001296,Sale
SALE0001297,Sale
SALE0001298,Sale
SALE0001299,Sale
SALE0001300,Sale
SALE0001301,Sale
SALE0001302,Sale
SALE0001303,Sale
SALE0001304,Sale
SALE0001305,Sale
SALE0001306,Sale
SALE0001307,Sale
SALE0001308,Sale
SALE0001309,Sale
SALE0001310,Sale
SALE0001311,Sale
SALE0001312,Sale
SALE0001313,Sale
SALE0001314,Sale
SALE0001315,Sale
SALE0001316,Sale
SALE0001317,Sale
SALE0001318,Sale
SALE0001319,Sale
SALE0001320,Sale
SALE0001321,Sale
SALE0001322,Sale
SALE0001323,Sale
SALE0001324,Sale
SALE0001325,Sale
SALE0001326,Sale
SALE0001327,Sale
SALE0001328,Sale
SALE0001329,Sale
SALE0001330,Sale
SALE0001331,Sale
SALE0001332,Sale
SALE0001333,Sale
SALE0001334,Sale
SALE0001335,Sale
SALE0001336,Sale
SALE0001337,Sale
SALE0001338,Sale
SALE0001339,Sale
SALE0001340,Sale
SALE0001341,Sale
SALE0001342,Sale
SALE0001343,Sale
SALE0001344,Sale
SALE0001345,Sale
SALE0001346,Sale
SALE0001347,Sale
SALE0001348,Sale
SALE0001349,Sale
SALE0001350,Sale
SALE0001351,Sale
SALE0001352,Sale
SALE0001353,Sale
SALE0001354,Sale
SALE0001355,Sale
SALE0001356,Sale
SALE0001357,Sale
SALE0001358,Sale
SALE0001359,Sale
SALE0001360,Sale
SALE0001361,Sale
SALE0001362,Sale
SALE0001363,Sale
SALE0001364,Sale
SALE0001365,Sale
SALE0001366,Sale
SALE0001367,Sale
SALE0001368,Sale
SALE0001369,Sale
SALE0001370,Sale
SALE0001371,Sale
SALE0001372,Sale
SALE0001373,Sale
SALE0001374,Sale
SALE0001375,Sale
SALE0001376,Sale
SALE0001377,Sale
SALE0001378,Sale
SALE0001379,Sale
SALE0001380,Sale
SALE0001381,Sale
SALE0001382,Sale
SALE0001383,Sale
SALE0001384,Sale
SALE0001385,Sale
SALE0001386,Sale
SALE0001387,Sale
SALE0001388,Sale
SALE0001389,Sale
SALE0001390,Sale
SALE0001391,Sale
SALE0001392,Sale
SALE0001393,Sale
SALE0001394,Sale
SALE0001395,Sale
SALE0001396,Sale
SALE0001397,Sale
SALE0001398,Sale
SALE0001399,Sale
SALE0001400,Sale
SALE0001401,Sale
SALE0001402,Sale
SALE0001403,Sale
SALE0001404,Sale
SALE0001405,Sale
SALE0001406,Sale
SALE0001407,Sale
SALE0001408,Sale
SALE0001409,Sale
SALE0001410,Sale
SALE0001411,Sale
SALE0001412,Sale
SALE0001413,Sale
SALE0001414,Sale
SALE0001415,Sale
SALE0001416,Sale
SALE0001417,Sale
SALE0001418,Sale
SALE0001419,Sale
SALE0001420,Sale
SALE0001421,Sale
SALE0001422,Sale
SALE0001423,Sale
SALE0001424,Sale
SALE0001425,Sale
SALE0001426,Sale
SALE0001427,Sale
SALE0001428,Sale
SALE0001429,Sale
SALE0001430,Sale
SALE0001431,Sale
SALE0001432,Sale
SALE0001433,Sale
SALE0001434,Sale
SALE0001435,Sale
SALE0001436,Sale
SALE0001437,Sale
SALE0001438,Sale
SALE0001439,Sale
SALE0001440,Sale
SALE0001441,Sale
SALE0001442,Sale
SALE0001443,Sale
SALE0001444,Sale
SALE0001445,Sale
SALE0001446,Sale
SALE0001447,Sale
SALE0001448,Sale
SALE0001449,Sale
SALE0001450,Sale
SALE0001451,Sale
SALE0001452,Sale
SALE0001453,Sale
SALE0001454,Sale
SALE0001455,Sale
SALE0001456,Sale
SALE0001457,Sale
SALE0001458,Sale
SALE0001459,Sale
SALE0001460,Sale
SALE0001461,Sale
SALE0001462,Sale
SALE0001463,Sale
SALE0001464,Sale
SALE0001465,Sale
SALE0001466,Sale
SALE0001467,Sale
SALE0001468,Sale
SALE0001469,Sale
SALE0001470,Sale
SALE0001471,Sale
SALE0001472,Sale
SALE0001473,Sale
SALE0001474,Sale
SALE0001475,Sale
SALE0001476,Sale
SALE0001477,Sale
SALE0001478,Sale
SALE0001479,Sale
SALE0001480,Sale
SALE0001481,Sale
SALE0001482,Sale
SALE0001483,Sale
SALE0001484,Sale
SALE0001485,Sale
SALE0001486,Sale
SALE0001487,Sale
SALE0001488,Sale
SALE0001489,Sale
SALE0001490,Sale
SALE0001491,Sale
SALE0001492,Sale
SALE0001493,Sale
SALE0001494,Sale
SALE0001495,Sale
SALE0001496,Sale
SALE0001497,Sale
SALE0001498,Sale
SALE0001499,Sale
SALE0001500,Sale
SALE0001501,Sale
SALE0001502,Sale
SALE0001503,Sale
SALE0001504,Sale
SALE0001505,Sale
SALE0001506,Sale
SALE0001507,Sale
SALE0001508,Sale
SALE0001509,Sale
SALE0001510,Sale
SALE0001511,Sale
SALE0001512,Sale
SALE0001513,Sale
SALE0001514,Sale
SALE0001515,Sale
SALE0001516,Sale
SALE0001517,Sale
SALE0001518,Sale
SALE0001519,Sale
SALE0001520,Sale
SALE0001521,Sale
SALE0001522,Sale
SALE0001523,Sale
SALE0001524,Sale
SALE0001525,Sale
SALE0001526,Sale
SALE0001527,Sale
SALE0001528,Sale
SALE0001529,Sale
SALE0001530,Sale
SALE0001531,Sale
SALE0001532,Sale
SALE0001533,Sale
SALE0001534,Sale
SALE0001535,Sale
SALE0001536,Sale
SALE0001537,Sale
SALE0001538,Sale
SALE0001539,Sale
SALE0001540,Sale
SALE0001541,Sale
SALE0001542,Sale
SALE0001543,Sale
SALE0001544,Sale
SALE0001545,Sale
SALE0001546,Sale
SALE0001547,Sale
SALE0001548,Sale
SALE0001549,Sale
SALE0001550,Sale
SALE0001551,Sale
SALE0001552,Sale
SALE0001553,Sale
SALE0001554,Sale
SALE0001555,Sale
SALE0001556,Sale
SALE0001557,Sale
SALE0001558,Sale
SALE0001559,Sale
SALE0001560,Sale
SALE0001561,Sale
SALE0001562,Sale
SALE0001563,Sale
SALE0001564,Sale
SALE0001565,Sale
SALE0001566,Sale
SALE0001567,Sale
SALE0001568,Sale
SALE0001569,Sale
SALE0001570,Sale
SALE0001571,Sale
SALE0001572,Sale
SALE0001573,Sale
SALE0001574,Sale
SALE0001575,Sale
SALE0001576,Sale
SALE0001577,Sale
SALE0001578,Sale
SALE0001579,Sale
SALE0001580,Sale
SALE0001581,Sale
SALE0001582,Sale
SALE0001583,Sale
SALE0001584,Sale
SALE0001585,Sale
SALE0001586,Sale
SALE0001587,Sale
SALE0001588,Sale
SALE0001589,Sale
SALE0001590,Sale
SALE0001591,Sale
SALE0001592,Sale
SALE0001593,Sale
SALE0001594,Sale
SALE0001595,Sale
SALE0001596,Sale
SALE0001597,Sale
SALE0001598,Sale
SALE0001599,Sale
SALE0001600,Sale
SALE0001601,Sale
SALE0001602,Sale
SALE0001603,Sale
SALE0001604,Sale
SALE0001605,Sale
SALE0001606,Sale
SALE0001607,Sale
SALE0001608,Sale
SALE0001609,Sale
SALE0001610,Sale
SALE0001611,Sale
SALE0001612,Sale
SALE0001613,Sale
SALE0001614,Sale
SALE0001615,Sale
SALE0001616,Sale
SALE0001617,Sale
SALE0001618,Sale
SALE0001619,Sale
SALE0001620,Sale
SALE0001621,Sale
SALE0001622,Sale
SALE0001623,Sale
SALE0001624,Sale
SALE0001625,Sale
SALE0001626,Sale
SALE0001627,Sale
SALE0001628,Sale
SALE0001629,Sale
SALE0001630,Sale
SALE0001631,Sale
SALE0001632,Sale
SALE0001633,Sale
SALE0001634,Sale
SALE0001635,Sale
SALE0001636,Sale
SALE0001637,Sale
SALE0001638,Sale
SALE0001639,Sale
SALE0001640,Sale
SALE0001641,Sale
SALE0001642,Sale
SALE0001643,Sale
SALE0001644,Sale
SALE0001645,Sale
SALE0001646,Sale
SALE0001647,Sale
SALE0001648,Sale
SALE0001649,Sale
SALE0001650,Sale
SALE0001651,Sale
SALE0001652,Sale
SALE0001653,Sale
SALE0001654,Sale
SALE0001655,Sale
SALE0001656,Sale
SALE0001657,Sale
SALE0001658,Sale
SALE0001659,Sale
SALE0001660,Sale
SALE0001661,Sale
SALE0001662,Sale
SALE0001663,Sale
SALE0001664,Sale
SALE0001665,Sale
SALE0001666,Sale
SALE0001667,Sale
SALE0001668,Sale
SALE0001669,Sale
SALE0001670,Sale
SALE0001671,Sale
SALE0001672,Sale
SALE0001673,Sale
SALE0001674,Sale
SALE0001675,Sale
SALE0001676,Sale
SALE0001677,Sale
SALE0001678,Sale
SALE0001679,Sale
SALE0001680,Sale
SALE0001681,Sale
SALE0001682,Sale
SALE0001683,Sale
SALE0001684,Sale
SALE0001685,Sale
SALE0001686,Sale
SALE0001687,Sale
SALE0001688,Sale
SALE0001689,Sale
SALE0001690,Sale
SALE0001691,Sale
SALE0001692,Sale
SALE0001693,Sale
SALE0001694,Sale
SALE0001695,Sale
SALE0001696,Sale
SALE0001697,Sale
SALE0001698,Sale
SALE0001699,Sale
SALE0001700,Sale
SALE0001701,Sale
SALE0001702,Sale
SALE0001703,Sale
SALE0001704,Sale
SALE0001705,Sale
SALE0001706,Sale
SALE0001707,Sale
SALE0001708,Sale
SALE0001709,Sale
SALE0001710,Sale
SALE0001711,Sale
SALE0001712,Sale
SALE0001713,Sale
SALE0001714,Sale
SALE0001715,Sale
SALE0001716,Sale
SALE0001717,Sale
SALE0001718,Sale
SALE0001719,Sale
SALE0001720,Sale
SALE0001721,Sale
SALE0001722,Sale
SALE0001723,Sale
SALE0001724,Sale
SALE0001725,Sale
SALE0001726,Sale
SALE0001727,Sale
SALE0001728,Sale
SALE0001729,Sale
SALE0001730,Sale
SALE0001731,Sale
SALE0001732,Sale
SALE0001733,Sale
SALE0001734,Sale
SALE0001735,Sale
SALE0001736,Sale
SALE0001737,Sale
SALE0001738,Sale
SALE0001739,Sale
SALE0001740,Sale
SALE0001741,Sale
SALE0001742,Sale
SALE0001743,Sale
SALE0001744,Sale
SALE0001745,Sale
SALE0001746,Sale
SALE0001747,Sale
SALE0001748,Sale
SALE0001749,Sale
SALE0001750,Sale
SALE0001751,Sale
SALE0001752,Sale
SALE0001753,Sale
SALE0001754,Sale
SALE0001755,Sale
SALE0001756,Sale
SALE0001757,Sale
SALE0001758,Sale
SALE0001759,Sale
SALE0001760,Sale
SALE0001761,Sale
SALE0001762,Sale
SALE0001763,Sale
SALE0001764,Sale
SALE0001765,Sale
SALE0001766,Sale
SALE0001767,Sale
SALE0001768,Sale
SALE0001769,Sale
SALE0001770,Sale
SALE0001771,Sale
SALE0001772,Sale
SALE0001773,Sale
SALE0001774,Sale
SALE0001775,Sale
SALE0001776,Sale
SALE0001777,Sale
SALE0001778,Sale
SALE0001779,Sale
SALE0001780,Sale
SALE0001781,Sale
SALE0001782,Sale
SALE0001783,Sale
SALE0001784,Sale
SALE0001785,Sale
SALE0001786,Sale
SALE0001787,Sale
SALE0001788,Sale
SALE0001789,Sale
SALE0001790,Sale
SALE0001791,Sale
SALE0001792,Sale
SALE0001793,Sale
SALE0001794,Sale
SALE0001795,Sale
SALE0001796,Sale
SALE0001797,Sale
SALE0001798,Sale
SALE0001799,Sale
SALE0001800,Sale
SALE0001801,Sale
SALE0001802,Sale
SALE0001803,Sale
SALE0001804,Sale
SALE0001805,Sale
SALE0001806,Sale
SALE0001807,Sale
SALE0001808,Sale
SALE0001809,Sale
SALE0001810,Sale
SALE0001811,Sale
SALE0001812,Sale
SALE0001813,Sale
SALE0001814,Sale
SALE0001815,Sale
SALE0001816,Sale
SALE0001817,Sale
SALE0001818,Sale
SALE0001819,Sale
SALE0001820,Sale
SALE0001821,Sale
SALE0001822,Sale
SALE0001823,Sale
SALE0001824,Sale
SALE0001825,Sale
SALE0001826,Sale
SALE0001827,Sale
SALE0001828,Sale
SALE0001829,Sale
SALE0001830,Sale
SALE0001831,Sale
SALE0001832,Sale
SALE0001833,Sale
SALE0001834,Sale
SALE0001835,Sale
SALE0001836,Sale
SALE0001837,Sale
SALE0001838,Sale
SALE0001839,Sale
SALE0001840,Sale
SALE0001841,Sale
SALE0001842,Sale
SALE0001843,Sale
SALE0001844,Sale
SALE0001845,Sale
SALE0001846,Sale
SALE0001847,Sale
SALE0001848,Sale
SALE0001849,Sale
SALE0001850,Sale
SALE0001851,Sale
SALE0001852,Sale
SALE0001853,Sale
SALE0001854,Sale
SALE0001855,Sale
SALE0001856,Sale
SALE0001857,Sale
SALE0001858,Sale
SALE0001859,Sale
SALE0001860,Sale
SALE0001861,Sale
SALE0001862,Sale
SALE0001863,Sale
SALE0001864,Sale
SALE0001865,Sale
SALE0001866,Sale
SALE0001867,Sale
SALE0001868,Sale
SALE0001869,Sale
SALE0001870,Sale
SALE0001871,Sale
SALE0001872,Sale
SALE0001873,Sale
SALE0001874,Sale
SALE0001875,Sale
SALE0001876,Sale
SALE0001877,Sale
SALE0001878,Sale
SALE0001879,Sale
SALE0001880,Sale
SALE0001881,Sale
SALE0001882,Sale
SALE0001883,Sale
SALE0001884,Sale
SALE0001885,Sale
SALE0001886,Sale
SALE0001887,Sale
SALE0001888,Sale
SALE0001889,Sale
SALE0001890,Sale
SALE0001891,Sale
SALE0001892,Sale
SALE0001893,Sale
SALE0001894,Sale
SALE0001895,Sale
SALE0001896,Sale
SALE0001897,Sale
SALE0001898,Sale
SALE0001899,Sale
SALE0001900,Sale
SALE0001901,Sale
SALE0001902,Sale
SALE0001903,Sale
SALE0001904,Sale
SALE0001905,Sale
SALE0001906,Sale
SALE0001907,Sale
SALE0001908,Sale
SALE0001909,Sale
SALE0001910,Sale
SALE0001911,Sale
SALE0001912,Sale
SALE0001913,Sale
SALE0001914,Sale
SALE0001915,Sale
SALE0001916,Sale
SALE0001917,Sale
SALE0001918,Sale
SALE0001919,Sale
SALE0001920,Sale
SALE0001921,Sale
SALE0001922,Sale
SALE0001923,Sale
SALE0001924,Sale
SALE0001925,Sale
SALE0001926,Sale
SALE0001927,Sale
SALE0001928,Sale
SALE0001929,Sale
SALE0001930,Sale
SALE0001931,Sale
SALE0001932,Sale
SALE0001933,Sale
SALE0001934,Sale
SALE0001935,Sale
SALE0001936,Sale
SALE0001937,Sale
SALE0001938,Sale
SALE0001939,Sale
SALE0001940,Sale
SALE0001941,Sale
SALE0001942,Sale
SALE0001943,Sale
SALE0001944,Sale
SALE0001945,Sale
SALE0001946,Sale
SALE0001947,Sale
SALE0001948,Sale
SALE0001949,Sale
SALE0001950,Sale
SALE0001951,Sale
SALE0001952,Sale
SALE0001953,Sale
SALE0001954,Sale
SALE0001955,Sale
SALE0001956,Sale
SALE0001957,Sale
SALE0001958,Sale
SALE0001959,Sale
SALE0001960,Sale
SALE0001961,Sale
SALE0001962,Sale
SALE0001963,Sale
SALE0001964,Sale
SALE0001965,Sale
SALE0001966,Sale
SALE0001967,Sale
SALE0001968,Sale
SALE0001969,Sale
SALE0001970,Sale
SALE0001971,Sale
SALE0001972,Sale
SALE0001973,Sale
SALE0001974,Sale
SALE0001975,Sale
SALE0001976,Sale
SALE0001977,Sale
SALE0001978,Sale
SALE0001979,Sale
SALE0001980,Sale
SALE0001981,Sale
SALE0001982,Sale
SALE0001983,Sale
SALE0001984,Sale
SALE0001985,Sale
SALE0001986,Sale
SALE0001987,Sale
SALE0001988,Sale
SALE0001989,Sale
SALE0001990,Sale
SALE0001991,Sale
SALE0001992,Sale
SALE0001993,Sale
SALE0001994,Sale
SALE0001995,Sale
SALE0001996,Sale
SALE0001997,Sale
SALE0001998,Sale
SALE0001999,Sale
SALE0002000,Sale
SALE0002001,Sale
SALE0002002,Sale
SALE0002003,Sale
SALE0002004,Sale
SALE0002005,Sale
SALE0002006,Sale
SALE0002007,Sale
SALE0002008,Sale
SALE0002009,Sale
SALE0002010,Sale
SALE0002011,Sale
SALE0002012,Sale
SALE0002013,Sale
SALE0002014,Sale
SALE0002015,Sale
SALE0002016,Sale
SALE0002017,Sale
SALE0002018,Sale
SALE0002019,Sale
SALE0002020,Sale
SALE0002021,Sale
SALE0002022,Sale
SALE0002023,Sale
SALE0002024,Sale
SALE0002025,Sale
SALE0002026,Sale
SALE0002027,Sale
SALE0002028,Sale
SALE0002029,Sale
SALE0002030,Sale
SALE0002031,Sale
SALE0002032,Sale
SALE0002033,Sale
SALE0002034,Sale
SALE0002035,Sale
SALE0002036,Sale
SALE0002037,Sale
SALE0002038,Sale
SALE0002039,Sale
SALE0002040,Sale
SALE0002041,Sale
SALE0002042,Sale
SALE0002043,Sale
SALE0002044,Sale
SALE0002045,Sale
SALE0002046,Sale
SALE0002047,Sale
SALE0002048,Sale
SALE0002049,Sale
SALE0002050,Sale
SALE0002051,Sale
SALE0002052,Sale
SALE0002053,Sale
SALE0002054,Sale
SALE0002055,Sale
SALE0002056,Sale
SALE0002057,Sale
SALE0002058,Sale
SALE0002059,Sale
SALE0002060,Sale
SALE0002061,Sale
SALE0002062,Sale
SALE0002063,Sale
SALE0002064,Sale
SALE0002065,Sale
SALE0002066,Sale
SALE0002067,Sale
SALE0002068,Sale
SALE0002069,Sale
SALE0002070,Sale
SALE0002071,Sale
SALE0002072,Sale
SALE0002073,Sale
SALE0002074,Sale
SALE0002075,Sale
SALE0002076,Sale
SALE0002077,Sale
SALE0002078,Sale
SALE0002079,Sale
SALE0002080,Sale
SALE0002081,Sale
SALE0002082,Sale
SALE0002083,Sale
SALE0002084,Sale
SALE0002085,Sale
SALE0002086,Sale
SALE0002087,Sale
SALE0002088,Sale
SALE0002089,Sale
SALE0002090,Sale
SALE0002091,Sale
SALE0002092,Sale
SALE0002093,Sale
SALE0002094,Sale
SALE0002095,Sale
SALE0002096,Sale
SALE0002097,Sale
SALE0002098,Sale
SALE0002099,Sale
SALE0002100,Sale
SALE0002101,Sale
SALE0002102,Sale
SALE0002103,Sale
SALE0002104,Sale
SALE0002105,Sale
SALE0002106,Sale
SALE0002107,Sale
SALE0002108,Sale
SALE0002109,Sale
SALE0002110,Sale
SALE0002111,Sale
SALE0002112,Sale
SALE0002113,Sale
SALE0002114,Sale
SALE0002115,Sale
SALE0002116,Sale
SALE0002117,Sale
SALE0002118,Sale
SALE0002119,Sale
SALE0002120,Sale
SALE0002121,Sale
SALE0002122,Sale
SALE0002123,Sale
SALE0002124,Sale
SALE0002125,Sale
SALE0002126,Sale
SALE0002127,Sale
SALE0002128,Sale
SALE0002129,Sale
SALE0002130,Sale
SALE0002131,Sale
SALE0002132,Sale
SALE0002133,Sale
SALE0002134,Sale
SALE0002135,Sale
SALE0002136,Sale
SALE0002137,Sale
SALE0002138,Sale
SALE0002139,Sale
SALE0002140,Sale
SALE0002141,Sale
SALE0002142,Sale
SALE0002143,Sale
SALE0002144,Sale
SALE0002145,Sale
SALE0002146,Sale
SALE0002147,Sale
SALE0002148,Sale
SALE0002149,Sale
SALE0002150,Sale
SALE0002151,Sale
SALE0002152,Sale
SALE0002153,Sale
SALE0002154,Sale
SALE0002155,Sale
SALE0002156,Sale
SALE0002157,Sale
SALE0002158,Sale
SALE0002159,Sale
SALE0002160,Sale
SALE0002161,Sale
SALE0002162,Sale
SALE0002163,Sale
SALE0002164,Sale
SALE0002165,Sale
SALE0002166,Sale
SALE0002167,Sale
SALE0002168,Sale
SALE0002169,Sale
SALE0002170,Sale
SALE0002171,Sale
SALE0002172,Sale
SALE0002173,Sale
SALE0002174,Sale
SALE0002175,Sale
SALE0002176,Sale
SALE0002177,Sale
SALE0002178,Sale
SALE0002179,Sale
SALE0002180,Sale
SALE0002181,Sale
SALE0002182,Sale
SALE0002183,Sale
SALE0002184,Sale
SALE0002185,Sale
SALE0002186,Sale
SALE0002187,Sale
SALE0002188,Sale
SALE0002189,Sale
SALE0002190,Sale
SALE0002191,Sale
SALE0002192,Sale
SALE0002193,Sale
SALE0002194,Sale
SALE0002195,Sale
SALE0002196,Sale
SALE0002197,Sale
SALE0002198,Sale
SALE0002199,Sale
SALE0002200,Sale
SALE0002201,Sale
SALE0002202,Sale
SALE0002203,Sale
SALE0002204,Sale
SALE0002205,Sale
SALE0002206,Sale
SALE0002207,Sale
SALE0002208,Sale
SALE0002209,Sale
SALE0002210,Sale
SALE0002211,Sale
SALE0002212,Sale
SALE0002213,Sale
SALE0002214,Sale
SALE0002215,Sale
SALE0002216,Sale
SALE0002217,Sale
SALE0002218,Sale
SALE0002219,Sale
SALE0002220,Sale
SALE0002221,Sale
SALE0002222,Sale
SALE0002223,Sale
SALE0002224,Sale
SALE0002225,Sale
SALE0002226,Sale
SALE0002227,Sale
SALE0002228,Sale
SALE0002229,Sale
SALE0002230,Sale
SALE0002231,Sale
SALE0002232,Sale
SALE0002233,Sale
SALE0002234,Sale
SALE0002235,Sale
SALE0002236,Sale
SALE0002237,Sale
SALE0002238,Sale
SALE0002239,Sale
SALE0002240,Sale
SALE0002241,Sale
SALE0002242,Sale
SALE0002243,Sale
SALE0002244,Sale
SALE0002245,Sale
SALE0002246,Sale
SALE0002247,Sale
SALE0002248,Sale
SALE0002249,Sale
SALE0002250,Sale
SALE0002251,Sale
SALE0002252,Sale
SALE0002253,Sale
SALE0002254,Sale
SALE0002255,Sale
SALE0002256,Sale
SALE0002257,Sale
SALE0002258,Sale
SALE0002259,Sale
SALE0002260,Sale
SALE0002261,Sale
SALE0002262,Sale
SALE0002263,Sale
SALE0002264,Sale
SALE0002265,Sale
SALE0002266,Sale
SALE0002267,Sale
SALE0002268,Sale
SALE0002269,Sale
SALE0002270,Sale
SALE0002271,Sale
SALE0002272,Sale
SALE0002273,Sale
SALE0002274,Sale
SALE0002275,Sale
SALE0002276,Sale
SALE0002277,Sale
SALE0002278,Sale
SALE0002279,Sale
SALE0002280,Sale
SALE0002281,Sale
SALE0002282,Sale
SALE0002283,Sale
SALE0002284,Sale
SALE0002285,Sale
SALE0002286,Sale
SALE0002287,Sale
SALE0002288,Sale
SALE0002289,Sale
SALE0002290,Sale
SALE0002291,Sale
SALE0002292,Sale
SALE0002293,Sale
SALE0002294,Sale
SALE0002295,Sale
SALE0002296,Sale
SALE0002297,Sale
SALE0002298,Sale
SALE0002299,Sale
SALE0002300,Sale
SALE0002301,Sale
SALE0002302,Sale
SALE0002303,Sale
SALE0002304,Sale
SALE0002305,Sale
SALE0002306,Sale
SALE0002307,Sale
SALE0002308,Sale
SALE0002309,Sale
SALE0002310,Sale
SALE0002311,Sale
SALE0002312,Sale
SALE0002313,Sale
SALE0002314,Sale
SALE0002315,Sale
SALE0002316,Sale
SALE0002317,Sale
SALE0002318,Sale
SALE0002319,Sale
SALE0002320,Sale
SALE0002321,Sale
SALE0002322,Sale
SALE0002323,Sale
SALE0002324,Sale
SALE0002325,Sale
SALE0002326,Sale
SALE0002327,Sale
SALE0002328,Sale
SALE0002329,Sale
SALE0002330,Sale
SALE0002331,Sale
SALE0002332,Sale
SALE0002333,Sale
SALE0002334,Sale
SALE0002335,Sale
SALE0002336,Sale
SALE0002337,Sale
SALE0002338,Sale
SALE0002339,Sale
SALE0002340,Sale
SALE0002341,Sale
SALE0002342,Sale
SALE0002343,Sale
SALE0002344,Sale
SALE0002345,Sale
SALE0002346,Sale
SALE0002347,Sale
SALE0002348,Sale
SALE0002349,Sale
SALE0002350,Sale
SALE0002351,Sale
SALE0002352,Sale
SALE0002353,Sale
SALE0002354,Sale
SALE0002355,Sale
SALE0002356,Sale
SALE0002357,Sale
SALE0002358,Sale
SALE0002359,Sale
SALE0002360,Sale
SALE0002361,Sale
SALE0002362,Sale
SALE0002363,Sale
SALE0002364,Sale
SALE0002365,Sale
SALE0002366,Sale
SALE0002367,Sale
SALE0002368,Sale
SALE0002369,Sale
SALE0002370,Sale
SALE0002371,Sale
SALE0002372,Sale
SALE0002373,Sale
SALE0002374,Sale
SALE0002375,Sale
SALE0002376,Sale
SALE0002377,Sale
SALE0002378,Sale
SALE0002379,Sale
SALE0002380,Sale
SALE0002381,Sale
SALE0002382,Sale
SALE0002383,Sale
SALE0002384,Sale
SALE0002385,Sale
SALE0002386,Sale
SALE0002387,Sale
SALE0002388,Sale
SALE0002389,Sale
SALE0002390,Sale
SALE0002391,Sale
SALE0002392,Sale
SALE0002393,Sale
SALE0002394,Sale
SALE0002395,Sale
SALE0002396,Sale
SALE0002397,Sale
SALE0002398,Sale
SALE0002399,Sale
SALE0002400,Sale
SALE0002401,Sale
SALE0002402,Sale
SALE0002403,Sale
SALE0002404,Sale
SALE0002405,Sale
SALE0002406,Sale
SALE0002407,Sale
SALE0002408,Sale
SALE0002409,Sale
SALE0002410,Sale
SALE0002411,Sale
SALE0002412,Sale
SALE0002413,Sale
SALE0002414,Sale
SALE0002415,Sale
SALE0002416,Sale
SALE0002417,Sale
SALE0002418,Sale
SALE0002419,Sale
SALE0002420,Sale
SALE0002421,Sale
SALE0002422,Sale
SALE0002423,Sale
SALE0002424,Sale
SALE0002425,Sale
SALE0002426,Sale
SALE0002427,Sale
SALE0002428,Sale
SALE0002429,Sale
SALE0002430,Sale
SALE0002431,Sale
SALE0002432,Sale
SALE0002433,Sale
SALE0002434,Sale
SALE0002435,Sale
SALE0002436,Sale
SALE0002437,Sale
SALE0002438,Sale
SALE0002439,Sale
SALE0002440,Sale
SALE0002441,Sale
SALE0002442,Sale
SALE0002443,Sale
SALE0002444,Sale
SALE0002445,Sale
SALE0002446,Sale
SALE0002447,Sale
SALE0002448,Sale
SALE0002449,Sale
SALE0002450,Sale
SALE0002451,Sale
SALE0002452,Sale
SALE0002453,Sale
SALE0002454,Sale
SALE0002455,Sale
SALE0002456,Sale
SALE0002457,Sale
SALE0002458,Sale
SALE0002459,Sale
SALE0002460,Sale
SALE0002461,Sale
SALE0002462,Sale
SALE0002463,Sale
SALE0002464,Sale
SALE0002465,Sale
SALE0002466,Sale
SALE0002467,Sale
SALE0002468,Sale
SALE0002469,Sale
SALE0002470,Sale
SALE0002471,Sale
SALE0002472,Sale
SALE0002473,Sale
SALE0002474,Sale
SALE0002475,Sale
SALE0002476,Sale
SALE0002477,Sale
SALE0002478,Sale
SALE0002479,Sale
SALE0002480,Sale
SALE0002481,Sale
SALE0002482,Sale
SALE0002483,Sale
SALE0002484,Sale
SALE0002485,Sale
SALE0002486,Sale
SALE0002487,Sale
SALE0002488,Sale
SALE0002489,Sale
SALE0002490,Sale
SALE0002491,Sale
SALE0002492,Sale
SALE0002493,Sale
SALE0002494,Sale
SALE0002495,Sale
SALE0002496,Sale
SALE0002497,Sale
SALE0002498,Sale
SALE0002499,Sale
SALE0002500,Sale
SALE0002501,Sale
SALE0002502,Sale
SALE0002503,Sale
SALE0002504,Sale
SALE0002505,Sale
SALE0002506,Sale
SALE0002507,Sale
SALE0002508,Sale
SALE0002509,Sale
SALE0002510,Sale
SALE0002511,Sale
SALE0002512,Sale
SALE0002513,Sale
SALE0002514,Sale
SALE0002515,Sale
SALE0002516,Sale
SALE0002517,Sale
SALE0002518,Sale
SALE0002519,Sale
SALE0002520,Sale
SALE0002521,Sale
SALE0002522,Sale
SALE0002523,Sale
SALE0002524,Sale
SALE0002525,Sale
SALE0002526,Sale
SALE0002527,Sale
SALE0002528,Sale
SALE0002529,Sale
SALE0002530,Sale
SALE0002531,Sale
SALE0002532,Sale
SALE0002533,Sale
SALE0002534,Sale
SALE0002535,Sale
SALE0002536,Sale
SALE0002537,Sale
SALE0002538,Sale
SALE0002539,Sale
SALE0002540,Sale
SALE0002541,Sale
SALE0002542,Sale
SALE0002543,Sale
SALE0002544,Sale
SALE0002545,Sale
SALE0002546,Sale
SALE0002547,Sale
SALE0002548,Sale
SALE0002549,Sale
SALE0002550,Sale
SALE0002551,Sale
SALE0002552,Sale
SALE0002553,Sale
SALE0002554,Sale
SALE0002555,Sale
SALE0002556,Sale
SALE0002557,Sale
SALE0002558,Sale
SALE0002559,Sale
SALE0002560,Sale
SALE0002561,Sale
SALE0002562,Sale
SALE0002563,Sale
SALE0002564,Sale
SALE0002565,Sale
SALE0002566,Sale
SALE0002567,Sale
SALE0002568,Sale
SALE0002569,Sale
SALE0002570,Sale
SALE0002571,Sale
SALE0002572,Sale
SALE0002573,Sale
SALE0002574,Sale
SALE0002575,Sale
SALE0002576,Sale
SALE0002577,Sale
SALE0002578,Sale
SALE0002579,Sale
SALE0002580,Sale
SALE0002581,Sale
SALE0002582,Sale
SALE0002583,Sale
SALE0002584,Sale
SALE0002585,Sale
SALE0002586,Sale
SALE0002587,Sale
SALE0002588,Sale
SALE0002589,Sale
SALE0002590,Sale
SALE0002591,Sale
SALE0002592,Sale
SALE0002593,Sale
SALE0002594,Sale
SALE0002595,Sale
SALE0002596,Sale
SALE0002597,Sale
SALE0002598,Sale
SALE0002599,Sale
SALE0002600,Sale
SALE0002601,Sale
SALE0002602,Sale
SALE0002603,Sale
SALE0002604,Sale
SALE0002605,Sale
SALE0002606,Sale
SALE0002607,Sale
SALE0002608,Sale
SALE0002609,Sale
SALE0002610,Sale
SALE0002611,Sale
SALE0002612,Sale
SALE0002613,Sale
SALE0002614,Sale
SALE0002615,Sale
SALE0002616,Sale
SALE0002617,Sale
SALE0002618,Sale
SALE0002619,Sale
SALE0002620,Sale
SALE0002621,Sale
SALE0002622,Sale
SALE0002623,Sale
SALE0002624,Sale
SALE0002625,Sale
SALE0002626,Sale
SALE0002627,Sale
SALE0002628,Sale
SALE0002629,Sale
SALE0002630,Sale
SALE0002631,Sale
SALE0002632,Sale
SALE0002633,Sale
SALE0002634,Sale
SALE0002635,Sale
SALE0002636,Sale
SALE0002637,Sale
SALE0002638,Sale
SALE0002639,Sale
SALE0002640,Sale
SALE0002641,Sale
SALE0002642,Sale
SALE0002643,Sale
SALE0002644,Sale
SALE0002645,Sale
SALE0002646,Sale
SALE0002647,Sale
SALE0002648,Sale
SALE0002649,Sale
SALE0002650,Sale
SALE0002651,Sale
SALE0002652,Sale
SALE0002653,Sale
SALE0002654,Sale
SALE0002655,Sale
SALE0002656,Sale
SALE0002657,Sale
SALE0002658,Sale
SALE0002659,Sale
SALE0002660,Sale
SALE0002661,Sale
SALE0002662,Sale
SALE0002663,Sale
SALE0002664,Sale
SALE0002665,Sale
SALE0002666,Sale
SALE0002667,Sale
SALE0002668,Sale
SALE0002669,Sale
SALE0002670,Sale
SALE0002671,Sale
SALE0002672,Sale
SALE0002673,Sale
SALE0002674,Sale
SALE0002675,Sale
SALE0002676,Sale
SALE0002677,Sale
SALE0002678,Sale
SALE0002679,Sale
SALE0002680,Sale
SALE0002681,Sale
SALE0002682,Sale
SALE0002683,Sale
SALE0002684,Sale
SALE0002685,Sale
SALE0002686,Sale
SALE0002687,Sale
SALE0002688,Sale
SALE0002689,Sale
SALE0002690,Sale
SALE0002691,Sale
SALE0002692,Sale
SALE0002693,Sale
SALE0002694,Sale
SALE0002695,Sale
SALE0002696,Sale
SALE0002697,Sale
SALE0002698,Sale
SALE0002699,Sale
SALE0002700,Sale
SALE0002701,Sale
SALE0002702,Sale
SALE0002703,Sale
SALE0002704,Sale
SALE0002705,Sale
SALE0002706,Sale
SALE0002707,Sale
SALE0002708,Sale
SALE0002709,Sale
SALE0002710,Sale
SALE0002711,Sale
SALE0002712,Sale
SALE0002713,Sale
SALE0002714,Sale
RET0000001,Return
RET0000002,Return
RET0000003,Return
RET0000004,Return
RET0000005,Return
RET0000006,Return
RET0000007,Return
RET0000008,Return
RET0000009,Return
RET0000010,Return
RET0000011,Return
RET0000012,Return
RET0000013,Return
RET0000014,Return
RET0000015,Return
RET0000016,Return
RET0000017,Return
RET0000018,Return
RET0000019,Return
RET0000020,Return
RET0000021,Return
RET0000022,Return
RET0000023,Return
RET0000024,Return
RET0000025,Return
RET0000026,Return
RET0000027,Return
RET0000028,Return
RET0000029,Return
RET0000030,Return
RET0000031,Return
RET0000032,Return
RET0000033,Return
RET0000034,Return
RET0000035,Return
RET0000036,Return
RET0000037,Return
RET0000038,Return
RET0000039,Return
RET0000040,Return
RET0000041,Return
RET0000042,Return
RET0000043,Return
RET0000044,Return
RET0000045,Return
RET0000046,Return
RET0000047,Return
RET0000048,Return
RET0000049,Return
RET0000050,Return
RET0000051,Return
RET0000052,Return
RET0000053,Return
RET0000054,Return
RET0000055,Return
RET0000056,Return
RET0000057,Return
RET0000058,Return
RET0000059,Return
RET0000060,Return
RET0000061,Return
RET0000062,Return
RET0000063,Return
RET0000064,Return
RET0000065,Return
RET0000066,Return
RET0000067,Return
RET0000068,Return
RET0000069,Return
RET0000070,Return
RET0000071,Return
RET0000072,Return
RET0000073,Return
RET0000074,Return
RET0000075,Return
RET0000076,Return
RET0000077,Return
RET0000078,Return
RET0000079,Return
RET0000080,Return
RET0000081,Return
RET0000082,Return
RET0000083,Return
RET0000084,Return
RET0000085,Return
RET0000086,Return
RET0000087,Return
RET0000088,Return
RET0000089,Return
RET0000090,Return
RET0000091,Return
RET0000092,Return
RET0000093,Return
RET0000094,Return
RET0000095,Return
RET0000096,Return
RET0000097,Return
RET0000098,Return
RET0000099,Return
RET0000100,Return
RET0000101,Return
RET0000102,Return
RET0000103,Return
RET0000104,Return
RET0000105,Return
RET0000106,Return
RET0000107,Return
RET0000108,Return
RET0000109,Return
RET0000110,Return
RET0000111,Return
RET0000112,Return
RET0000113,Return
RET0000114,Return
RET0000115,Return
RET0000116,Return
RET0000117,Return
RET0000118,Return
RET0000119,Return
RET0000120,Return
RET0000121,Return
RET0000122,Return
RET0000123,Return
RET0000124,Return
RET0000125,Return
RET0000126,Return
RET0000127,Return
RET0000128,Return
RET0000129,Return
RET0000130,Return
RET0000131,Return
RET0000132,Return
RET0000133,Return
RET0000134,Return
RET0000135,Return
RET0000136,Return
RET0000137,Return
RET0000138,Return
RET0000139,Return
RET0000140,Return
RET0000141,Return
RET0000142,Return
RET0000143,Return
RET0000144,Return
RET0000145,Return
RET0000146,Return
RET0000147,Return
RET0000148,Return
RET0000149,Return
RET0000150,Return
RET0000151,Return
RET0000152,Return
RET0000153,Return
RET0000154,Return
RET0000155,Return
RET0000156,Return
RET0000157,Return
RET0000158,Return
RET0000159,Return
RET0000160,Return
RET0000161,Return
RET0000162,Return
RET0000163,Return
