sale_id,sales_order_item_id,batch_id,customer_id,sale_date,quantity,selling_unit_price,revenue
SALE0000001,SOI0000001,BAT0000956,CUST086,2026-01-29,3,186.98,560.94
SALE0000002,SOI0000002,BAT0000197,CUST086,2026-01-28,6,72.17,433.02
SALE0000003,SOI0000003,BAT0000654,CUST086,2026-01-27,1,89.06,89.06
SALE0000004,SOI0000004,BAT0000506,CUST041,2025-10-09,4,87.44,349.76
SALE0000005,SOI0000005,BAT0000761,CUST041,2025-10-09,5,124.51,622.55
SALE0000006,SOI0000006,BAT0000812,CUST041,2025-10-10,3,92.78,278.34
SALE0000007,SOI0000007,BAT0000122,CUST053,2026-01-21,7,191.49,1340.43
SALE0000008,SOI0000008,BAT0000832,CUST053,2026-01-20,3,129.42,388.26
SALE0000009,SOI0000009,BAT0000831,CUST053,2026-01-21,6,134.68,808.08
SALE0000010,SOI0000010,BAT0000578,CUST039,2025-05-05,4,108.99,435.96
SALE0000011,SOI0000011,BAT0000032,CUST039,2025-05-06,2,154.67,309.34
SALE0000012,SOI0000012,BAT0001328,CUST089,2026-05-13,7,102.18,715.26
SALE0000013,SOI0000013,BAT0001170,CUST089,2026-05-13,2,96.87,193.74
SALE0000014,SOI0000014,BAT0000578,CUST089,2026-05-16,2,121.1,242.2
SALE0000015,SOI0000015,BAT0000506,CUST084,2025-09-27,4,66.67,266.68
SALE0000016,SOI0000016,BAT0000831,CUST097,2025-09-18,1,148.91,148.91
SALE0000017,SOI0000017,BAT0000832,CUST097,2025-09-20,5,145.53,727.65
SALE0000018,SOI0000018,BAT0000798,CUST097,2025-09-18,4,137.45,549.8
SALE0000019,SOI0000019,BAT0000494,CUST062,2025-06-16,2,35.83,71.66
SALE0000020,SOI0000020,BAT0000215,CUST062,2025-06-17,5,156.38,781.9
SALE0000021,SOI0000021,BAT0000695,CUST062,2025-06-16,4,162.42,649.68
SALE0000022,SOI0000022,BAT0000753,CUST073,2026-06-28,6,225.21,1351.26
SALE0000023,SOI0000023,BAT0001132,CUST073,2026-07-01,1,190.49,190.49
SALE0000024,SOI0000024,BAT0000027,CUST063,2025-06-08,1,119.98,119.98
SALE0000025,SOI0000025,BAT0000716,CUST063,2025-06-10,4,55.91,223.64
SALE0000026,SOI0000026,BAT0000215,CUST029,2025-11-08,1,165.83,165.83
SALE0000027,SOI0000027,BAT0000197,CUST007,2025-06-12,6,79.57,477.42
SALE0000028,SOI0000028,BAT0000197,CUST004,2025-07-23,3,63.5,190.5
SALE0000029,SOI0000029,BAT0000291,CUST004,2025-07-24,5,234.41,1172.05
SALE0000030,SOI0000030,BAT0000761,CUST004,2025-07-20,2,110.55,221.1
SALE0000031,SOI0000031,BAT0001169,CUST094,2026-02-09,1,18.91,18.91
SALE0000032,SOI0000032,BAT0001224,CUST013,2025-06-07,4,138.17,552.68
SALE0000033,SOI0000033,BAT0000831,CUST013,2025-06-08,4,210.76,843.04
SALE0000034,SOI0000034,BAT0000291,CUST013,2025-06-08,7,167.24,1170.68
SALE0000035,SOI0000035,BAT0001224,CUST051,2025-06-03,5,132.37,661.85
SALE0000036,SOI0000036,BAT0000759,CUST051,2025-06-02,1,194.82,194.82
SALE0000037,SOI0000037,BAT0000538,CUST074,2026-05-22,3,28.16,84.48
SALE0000038,SOI0000038,BAT0000001,CUST074,2026-05-20,7,110.27,771.89
SALE0000039,SOI0000039,BAT0001224,CUST047,2025-08-26,7,132.18,925.26
SALE0000040,SOI0000040,BAT0001131,CUST047,2025-08-26,6,34.22,205.32
SALE0000041,SOI0000041,BAT0000505,CUST047,2025-08-28,4,148.17,592.68
SALE0000042,SOI0000042,BAT0000824,CUST047,2025-11-05,7,97.22,680.54
SALE0000043,SOI0000043,BAT0001211,CUST047,2025-11-03,5,125.28,626.4
SALE0000044,SOI0000044,BAT0000001,CUST053,2025-07-03,5,78.08,390.4
SALE0000045,SOI0000045,BAT0000824,CUST053,2025-07-06,2,105.76,211.52
SALE0000046,SOI0000046,BAT0000829,CUST053,2025-07-05,4,59.48,237.92
SALE0000047,SOI0000047,BAT0001328,CUST051,2025-08-08,2,103.54,207.08
SALE0000048,SOI0000048,BAT0000538,CUST079,2025-11-06,6,35.97,215.82
SALE0000049,SOI0000049,BAT0001224,CUST079,2025-11-04,3,180.0,540.0
SALE0000050,SOI0000050,BAT0000835,CUST079,2025-11-02,6,217.24,1303.44
SALE0000051,SOI0000051,BAT0000538,CUST002,2026-06-09,5,27.83,139.15
SALE0000052,SOI0000052,BAT0000027,CUST002,2026-06-13,5,109.13,545.65
SALE0000053,SOI0000053,BAT0000460,CUST066,2026-01-30,1,156.13,156.13
SALE0000054,SOI0000054,BAT0000032,CUST066,2026-02-03,2,164.41,328.82
SALE0000055,SOI0000055,BAT0000538,CUST066,2026-01-29,3,37.3,111.9
SALE0000056,SOI0000056,BAT0000538,CUST088,2026-01-11,2,27.19,54.38
SALE0000057,SOI0000057,BAT0000460,CUST083,2026-05-29,2,218.36,436.72
SALE0000058,SOI0000058,BAT0000804,CUST083,2026-05-28,6,174.5,1047.0
SALE0000059,SOI0000059,BAT0000578,CUST083,2026-05-26,4,121.28,485.12
SALE0000060,SOI0000060,BAT0000716,CUST023,2025-07-18,6,65.65,393.9
SALE0000061,SOI0000061,BAT0000460,CUST023,2025-07-20,5,203.97,1019.85
SALE0000062,SOI0000062,BAT0000831,CUST023,2025-07-16,2,172.9,345.8
SALE0000063,SOI0000063,BAT0000585,CUST064,2025-08-17,3,44.9,134.7
SALE0000064,SOI0000064,BAT0000686,CUST064,2025-08-16,5,158.13,790.65
SALE0000065,SOI0000065,BAT0000804,CUST030,2025-10-07,4,176.96,707.84
SALE0000066,SOI0000066,BAT0000824,CUST030,2025-10-08,4,94.71,378.84
SALE0000067,SOI0000067,BAT0000585,CUST030,2025-10-08,4,47.47,189.88
SALE0000068,SOI0000068,BAT0000215,CUST091,2026-05-28,4,195.89,783.56
SALE0000069,SOI0000069,BAT0000032,CUST091,2026-05-28,2,141.8,283.6
SALE0000070,SOI0000070,BAT0001131,CUST093,2025-08-07,4,32.16,128.64
SALE0000071,SOI0000071,BAT0000460,CUST079,2026-01-08,6,145.77,874.62
SALE0000072,SOI0000072,BAT0000829,CUST079,2026-01-07,2,47.73,95.46
SALE0000073,SOI0000073,BAT0000585,CUST056,2025-05-24,2,33.81,67.62
SALE0000074,SOI0000074,BAT0000578,CUST056,2025-05-23,2,111.93,223.86
SALE0000075,SOI0000075,BAT0000886,CUST039,2026-03-30,5,116.39,581.95
SALE0000076,SOI0000076,BAT0000753,CUST015,2026-06-23,2,181.65,363.3
SALE0000077,SOI0000077,BAT0000761,CUST015,2026-06-22,7,116.56,815.92
SALE0000078,SOI0000078,BAT0000197,CUST023,2026-02-16,6,72.9,437.4
SALE0000079,SOI0000079,BAT0001224,CUST023,2026-02-15,1,173.58,173.58
SALE0000080,SOI0000080,BAT0000210,CUST023,2026-02-16,1,156.92,156.92
SALE0000081,SOI0000081,BAT0001169,CUST021,2026-02-14,5,25.36,126.8
SALE0000082,SOI0000082,BAT0000001,CUST021,2026-02-11,5,94.76,473.8
SALE0000083,SOI0000083,BAT0000850,CUST079,2025-12-10,2,230.39,460.78
SALE0000084,SOI0000084,BAT0000819,CUST079,2025-12-10,6,172.67,1036.02
SALE0000085,SOI0000085,BAT0000819,CUST022,2025-09-20,3,162.53,487.59
SALE0000086,SOI0000086,BAT0000695,CUST022,2025-09-19,7,178.5,1249.5
SALE0000087,SOI0000087,BAT0000197,CUST022,2025-09-18,7,76.3,534.1
SALE0000088,SOI0000089,BAT0000460,CUST038,2025-06-25,5,145.3,726.5
SALE0000089,SOI0000090,BAT0000122,CUST025,2026-04-25,1,176.92,176.92
SALE0000090,SOI0000091,BAT0000835,CUST042,2025-05-17,6,167.25,1003.5
SALE0000091,SOI0000092,BAT0000189,CUST042,2025-05-16,6,113.37,680.22
SALE0000092,SOI0000093,BAT0000585,CUST006,2026-06-10,5,49.89,249.45
SALE0000093,SOI0000094,BAT0000753,CUST006,2026-06-09,2,150.86,301.72
SALE0000094,SOI0000095,BAT0000370,CUST006,2026-06-09,3,71.5,214.5
SALE0000095,SOI0000096,BAT0000538,CUST051,2025-05-06,7,28.31,198.17
SALE0000096,SOI0000097,BAT0000460,CUST051,2025-05-03,3,218.99,656.97
SALE0000097,SOI0000098,BAT0000686,CUST051,2025-05-07,2,127.53,255.06
SALE0000098,SOI0000099,BAT0000956,CUST006,2026-05-18,7,149.84,1048.88
SALE0000099,SOI0000100,BAT0001224,CUST006,2026-05-16,7,194.85,1363.95
SALE0000100,SOI0000101,BAT0000832,CUST038,2025-09-11,4,172.81,691.24
SALE0000101,SOI0000102,BAT0000804,CUST038,2025-09-13,2,115.7,231.4
SALE0000102,SOI0000103,BAT0000494,CUST038,2025-09-14,3,31.25,93.75
SALE0000103,SOI0000104,BAT0000001,CUST100,2026-03-10,2,82.32,164.64
SALE0000104,SOI0000105,BAT0000812,CUST058,2026-02-07,2,140.39,280.78
SALE0000105,SOI0000106,BAT0000494,CUST012,2026-03-08,3,41.15,123.45
SALE0000106,SOI0000107,BAT0000819,CUST012,2026-03-08,6,241.53,1449.18
SALE0000107,SOI0000108,BAT0000215,CUST012,2026-03-08,6,174.94,1049.64
SALE0000108,SOI0000109,BAT0000716,CUST051,2025-09-13,7,85.94,601.58
SALE0000109,SOI0000110,BAT0000027,CUST051,2025-09-14,7,97.84,684.88
SALE0000110,SOI0000111,BAT0000506,CUST051,2025-09-18,6,84.19,505.14
SALE0000111,SOI0000112,BAT0000831,CUST049,2026-04-05,6,143.19,859.14
SALE0000112,SOI0000113,BAT0000832,CUST049,2026-04-06,7,143.26,1002.82
SALE0000113,SOI0000114,BAT0000759,CUST049,2026-04-06,5,156.6,783.0
SALE0000114,SOI0000115,BAT0000812,CUST031,2026-04-01,5,116.82,584.1
SALE0000115,SOI0000116,BAT0001048,CUST031,2026-04-02,4,90.83,363.32
SALE0000116,SOI0000117,BAT0000798,CUST011,2025-09-04,6,171.73,1030.38
SALE0000117,SOI0000118,BAT0001328,CUST011,2025-09-03,1,102.82,102.82
SALE0000118,SOI0000119,BAT0001169,CUST011,2025-09-02,3,23.0,69.0
SALE0000119,SOI0000120,BAT0000370,CUST059,2025-09-10,6,50.87,305.22
SALE0000120,SOI0000121,BAT0001048,CUST082,2025-11-16,4,79.37,317.48
SALE0000121,SOI0000122,BAT0001157,CUST023,2025-07-26,5,46.52,232.6
SALE0000122,SOI0000123,BAT0000370,CUST023,2025-07-24,5,71.07,355.35
SALE0000123,SOI0000124,BAT0000460,CUST097,2025-05-15,4,173.91,695.64
SALE0000124,SOI0000125,BAT0000032,CUST097,2025-05-17,5,175.48,877.4
SALE0000125,SOI0000126,BAT0001169,CUST097,2025-05-20,4,20.8,83.2
SALE0000126,SOI0000127,BAT0000812,CUST053,2026-06-14,5,89.8,449.0
SALE0000127,SOI0000128,BAT0001132,CUST053,2026-06-10,7,190.76,1335.32
SALE0000128,SOI0000129,BAT0001157,CUST053,2026-06-11,5,44.57,222.85
SALE0000129,SOI0000130,BAT0000832,CUST090,2025-12-09,1,157.88,157.88
SALE0000130,SOI0000131,BAT0000538,CUST090,2025-12-09,5,34.13,170.65
SALE0000131,SOI0000132,BAT0000685,CUST045,2026-04-12,2,80.68,161.36
SALE0000132,SOI0000133,BAT0000585,CUST023,2025-10-31,1,45.37,45.37
SALE0000133,SOI0000134,BAT0001170,CUST044,2025-11-07,5,90.04,450.2
SALE0000134,SOI0000135,BAT0000753,CUST090,2025-11-15,5,145.65,728.25
SALE0000135,SOI0000136,BAT0000686,CUST090,2025-11-12,4,177.75,711.0
SALE0000136,SOI0000137,BAT0001170,CUST090,2025-11-16,1,99.81,99.81
SALE0000137,SOI0000138,BAT0000798,CUST014,2025-12-27,1,129.13,129.13
SALE0000138,SOI0000139,BAT0000189,CUST014,2025-12-26,4,128.35,513.4
SALE0000139,SOI0000140,BAT0000189,CUST081,2025-06-06,4,117.87,471.48
SALE0000140,SOI0000141,BAT0000695,CUST081,2025-06-06,5,213.25,1066.25
SALE0000141,SOI0000142,BAT0000761,CUST081,2025-06-06,1,115.56,115.56
SALE0000142,SOI0000143,BAT0000685,CUST045,2025-12-14,5,105.57,527.85
SALE0000143,SOI0000144,BAT0000829,CUST045,2025-12-12,6,37.95,227.7
SALE0000144,SOI0000145,BAT0000505,CUST030,2026-04-09,3,182.87,548.61
SALE0000145,SOI0000146,BAT0000850,CUST052,2025-06-18,7,253.8,1776.6
SALE0000146,SOI0000147,BAT0000506,CUST052,2025-06-19,6,65.1,390.6
SALE0000147,SOI0000148,BAT0000824,CUST073,2025-07-26,2,129.12,258.24
SALE0000148,SOI0000149,BAT0001112,CUST097,2025-07-17,5,31.72,158.6
SALE0000149,SOI0000150,BAT0000835,CUST097,2025-07-17,2,198.83,397.66
SALE0000150,SOI0000151,BAT0000584,CUST097,2025-07-14,7,160.15,1121.05
SALE0000151,SOI0000152,BAT0001157,CUST074,2025-10-12,4,54.64,218.56
SALE0000152,SOI0000153,BAT0001224,CUST074,2025-10-12,7,171.05,1197.35
SALE0000153,SOI0000154,BAT0000001,CUST074,2025-10-18,2,82.36,164.72
SALE0000154,SOI0000155,BAT0000829,CUST051,2025-06-06,3,46.89,140.67
SALE0000155,SOI0000156,BAT0000819,CUST013,2025-12-01,7,229.76,1608.32
SALE0000156,SOI0000157,BAT0000753,CUST080,2026-04-17,1,190.08,190.08
SALE0000157,SOI0000158,BAT0001224,CUST082,2025-11-18,3,160.28,480.84
SALE0000158,SOI0000159,BAT0000798,CUST082,2025-11-15,3,156.9,470.7
SALE0000159,SOI0000160,BAT0001170,CUST045,2026-02-10,7,93.11,651.77
SALE0000160,SOI0000161,BAT0001224,CUST045,2026-02-09,7,197.4,1381.8
SALE0000161,SOI0000162,BAT0000685,CUST034,2026-04-27,1,74.96,74.96
SALE0000162,SOI0000163,BAT0000832,CUST018,2025-06-10,5,161.17,805.85
SALE0000163,SOI0000164,BAT0000027,CUST018,2025-06-08,6,122.4,734.4
SALE0000164,SOI0000165,BAT0000886,CUST002,2026-02-20,7,125.16,876.12
SALE0000165,SOI0000166,BAT0000716,CUST053,2026-04-11,7,57.28,400.96
SALE0000166,SOI0000167,BAT0000584,CUST053,2026-04-11,1,136.18,136.18
SALE0000167,SOI0000168,BAT0000753,CUST069,2026-04-29,7,174.83,1223.81
SALE0000168,SOI0000169,BAT0001170,CUST069,2026-04-28,2,122.39,244.78
SALE0000169,SOI0000170,BAT0000753,CUST058,2025-04-11,7,161.56,1130.92
SALE0000170,SOI0000171,BAT0000759,CUST058,2025-04-15,3,186.83,560.49
SALE0000171,SOI0000172,BAT0001131,CUST100,2025-04-07,4,39.86,159.44
SALE0000172,SOI0000173,BAT0000824,CUST100,2025-04-06,3,116.25,348.75
SALE0000173,SOI0000174,BAT0000189,CUST100,2025-04-06,4,96.13,384.52
SALE0000174,SOI0000175,BAT0001169,CUST050,2026-01-27,2,25.59,51.18
SALE0000175,SOI0000176,BAT0000001,CUST050,2026-01-24,7,89.6,627.2
SALE0000176,SOI0000177,BAT0000829,CUST094,2026-06-09,3,44.59,133.77
SALE0000177,SOI0000178,BAT0000370,CUST094,2026-06-08,2,47.3,94.6
SALE0000178,SOI0000179,BAT0000585,CUST094,2026-06-09,1,40.21,40.21
SALE0000179,SOI0000180,BAT0000430,CUST027,2025-05-02,2,67.56,135.12
SALE0000180,SOI0000181,BAT0000886,CUST035,2025-12-18,6,98.2,589.2
SALE0000181,SOI0000182,BAT0000753,CUST035,2025-12-20,1,152.31,152.31
SALE0000182,SOI0000183,BAT0000578,CUST035,2025-12-16,1,120.82,120.82
SALE0000183,SOI0000184,BAT0000494,CUST085,2025-10-13,1,32.25,32.25
SALE0000184,SOI0000185,BAT0000829,CUST094,2026-01-18,2,57.57,115.14
SALE0000185,SOI0000186,BAT0000291,CUST094,2026-01-18,7,159.77,1118.39
SALE0000186,SOI0000187,BAT0000831,CUST094,2026-01-19,7,139.22,974.54
SALE0000187,SOI0000188,BAT0001157,CUST012,2025-11-08,2,56.93,113.86
SALE0000188,SOI0000189,BAT0000654,CUST005,2025-10-08,1,78.96,78.96
SALE0000189,SOI0000190,BAT0000685,CUST005,2025-10-05,4,82.92,331.68
SALE0000190,SOI0000191,BAT0000804,CUST005,2025-10-05,5,130.52,652.6
SALE0000191,SOI0000192,BAT0000001,CUST004,2025-05-21,3,83.39,250.17
SALE0000192,SOI0000193,BAT0000189,CUST012,2026-02-25,2,94.28,188.56
SALE0000193,SOI0000194,BAT0001132,CUST012,2026-02-26,2,138.18,276.36
SALE0000194,SOI0000195,BAT0000430,CUST012,2026-02-25,2,88.93,177.86
SALE0000195,SOI0000196,BAT0000027,CUST025,2025-09-30,6,124.0,744.0
SALE0000196,SOI0000197,BAT0001112,CUST025,2025-09-30,7,25.68,179.76
SALE0000197,SOI0000198,BAT0000798,CUST025,2025-09-29,6,154.48,926.88
SALE0000198,SOI0000199,BAT0000832,CUST008,2025-04-04,5,131.15,655.75
SALE0000199,SOI0000200,BAT0000505,CUST082,2025-08-09,6,155.59,933.54
SALE0000200,SOI0000201,BAT0001328,CUST082,2025-08-07,5,110.9,554.5
SALE0000201,SOI0000202,BAT0000001,CUST082,2025-08-08,4,90.69,362.76
SALE0000202,SOI0000203,BAT0001328,CUST007,2025-10-14,5,84.59,422.95
SALE0000203,SOI0000204,BAT0001048,CUST007,2025-10-13,1,90.11,90.11
SALE0000204,SOI0000205,BAT0000761,CUST018,2025-11-27,2,143.31,286.62
SALE0000205,SOI0000206,BAT0000291,CUST018,2025-11-30,5,225.86,1129.3
SALE0000206,SOI0000207,BAT0000886,CUST018,2025-11-29,5,111.32,556.6
SALE0000207,SOI0000208,BAT0000716,CUST063,2025-05-24,4,68.16,272.64
SALE0000208,SOI0000209,BAT0000835,CUST063,2025-05-21,2,212.03,424.06
SALE0000209,SOI0000210,BAT0000654,CUST005,2025-11-11,3,98.6,295.8
SALE0000210,SOI0000211,BAT0000832,CUST091,2026-02-02,1,110.16,110.16
SALE0000211,SOI0000212,BAT0000538,CUST091,2026-02-02,3,27.2,81.6
SALE0000212,SOI0000213,BAT0000218,CUST091,2026-02-04,5,220.53,1102.65
SALE0000213,SOI0000214,BAT0000505,CUST044,2025-12-04,3,163.55,490.65
SALE0000214,SOI0000215,BAT0000189,CUST044,2025-12-03,2,90.2,180.4
SALE0000215,SOI0000216,BAT0000832,CUST049,2025-06-13,2,169.68,339.36
SALE0000216,SOI0000217,BAT0000210,CUST092,2025-10-18,6,164.99,989.94
SALE0000217,SOI0000218,BAT0000835,CUST092,2025-10-18,5,246.56,1232.8
SALE0000218,SOI0000219,BAT0000197,CUST092,2025-10-19,5,55.12,275.6
SALE0000219,SOI0000220,BAT0000654,CUST011,2025-11-20,2,109.56,219.12
SALE0000220,SOI0000221,BAT0000197,CUST050,2026-06-09,6,62.99,377.94
SALE0000221,SOI0000222,BAT0000584,CUST076,2025-08-18,5,132.98,664.9
SALE0000222,SOI0000223,BAT0000578,CUST076,2025-08-15,5,116.69,583.45
SALE0000223,SOI0000224,BAT0000291,CUST076,2025-08-13,5,189.91,949.55
SALE0000224,SOI0000225,BAT0000812,CUST078,2026-02-14,1,90.56,90.56
SALE0000225,SOI0000226,BAT0000829,CUST047,2025-10-30,5,38.57,192.85
SALE0000226,SOI0000227,BAT0000832,CUST047,2025-10-28,5,158.94,794.7
SALE0000227,SOI0000228,BAT0000460,CUST076,2026-01-25,6,175.02,1050.12
SALE0000228,SOI0000229,BAT0000686,CUST076,2026-01-26,7,153.03,1071.21
SALE0000229,SOI0000230,BAT0000835,CUST031,2025-12-13,3,234.53,703.59
SALE0000230,SOI0000231,BAT0000210,CUST057,2026-04-27,7,202.74,1419.18
SALE0000231,SOI0000232,BAT0000759,CUST057,2026-04-27,1,147.34,147.34
SALE0000232,SOI0000233,BAT0001328,CUST057,2026-04-25,6,91.06,546.36
SALE0000233,SOI0000234,BAT0000695,CUST015,2025-11-16,6,190.83,1144.98
SALE0000234,SOI0000235,BAT0000494,CUST015,2025-11-13,1,32.57,32.57
SALE0000235,SOI0000236,BAT0000189,CUST005,2026-02-19,7,120.86,846.02
SALE0000236,SOI0000237,BAT0000460,CUST062,2025-05-06,3,193.67,581.01
SALE0000237,SOI0000238,BAT0000695,CUST062,2025-05-03,4,205.23,820.92
SALE0000238,SOI0000239,BAT0000585,CUST031,2026-01-02,3,44.78,134.34
SALE0000239,SOI0000240,BAT0001131,CUST031,2025-12-31,6,40.74,244.44
SALE0000240,SOI0000241,BAT0000494,CUST040,2025-08-04,4,36.72,146.88
SALE0000241,SOI0000242,BAT0000798,CUST040,2025-08-03,6,131.73,790.38
SALE0000242,SOI0000243,BAT0000494,CUST087,2025-11-29,7,38.08,266.56
SALE0000243,SOI0000244,BAT0001169,CUST087,2025-11-30,7,29.27,204.89
SALE0000244,SOI0000245,BAT0000001,CUST087,2025-11-29,4,106.31,425.24
SALE0000245,SOI0000246,BAT0000122,CUST098,2026-02-07,6,140.36,842.16
SALE0000246,SOI0000247,BAT0000506,CUST063,2025-09-10,3,72.27,216.81
SALE0000247,SOI0000248,BAT0000753,CUST031,2025-11-21,5,153.43,767.15
SALE0000248,SOI0000249,BAT0001112,CUST086,2026-05-14,5,28.25,141.25
SALE0000249,SOI0000250,BAT0001132,CUST086,2026-05-16,2,129.85,259.7
SALE0000250,SOI0000251,BAT0000819,CUST100,2025-08-26,6,184.71,1108.26
SALE0000251,SOI0000252,BAT0001169,CUST100,2025-08-25,2,23.61,47.22
SALE0000252,SOI0000253,BAT0000001,CUST100,2025-08-29,1,105.44,105.44
SALE0000253,SOI0000254,BAT0001131,CUST079,2026-01-25,7,34.54,241.78
SALE0000254,SOI0000255,BAT0000122,CUST051,2025-09-27,3,143.77,431.31
SALE0000255,SOI0000256,BAT0000585,CUST014,2026-01-10,5,49.21,246.05
SALE0000256,SOI0000257,BAT0000819,CUST014,2026-01-11,1,171.47,171.47
SALE0000257,SOI0000258,BAT0000578,CUST055,2026-04-04,1,84.12,84.12
SALE0000258,SOI0000259,BAT0001170,CUST009,2026-01-15,1,85.32,85.32
SALE0000259,SOI0000260,BAT0000812,CUST009,2026-01-16,4,118.24,472.96
SALE0000260,SOI0000261,BAT0000218,CUST009,2026-01-14,7,172.95,1210.65
SALE0000261,SOI0000262,BAT0000197,CUST050,2026-01-05,1,70.49,70.49
SALE0000262,SOI0000263,BAT0001048,CUST050,2026-01-04,4,60.49,241.96
SALE0000263,SOI0000264,BAT0001211,CUST050,2026-01-04,2,112.81,225.62
SALE0000264,SOI0000265,BAT0001224,CUST083,2025-10-30,4,205.42,821.68
SALE0000265,SOI0000266,BAT0000032,CUST083,2025-10-30,5,162.81,814.05
SALE0000266,SOI0000267,BAT0000189,CUST022,2025-11-20,5,132.47,662.35
SALE0000267,SOI0000268,BAT0000578,CUST017,2026-03-29,3,107.5,322.5
SALE0000268,SOI0000269,BAT0000685,CUST017,2026-03-30,2,100.92,201.84
SALE0000269,SOI0000270,BAT0000370,CUST017,2026-03-31,1,53.74,53.74
SALE0000270,SOI0000271,BAT0000210,CUST055,2025-11-12,6,196.6,1179.6
SALE0000271,SOI0000272,BAT0000829,CUST055,2025-11-13,1,55.29,55.29
SALE0000272,SOI0000273,BAT0000886,CUST055,2025-11-11,2,115.08,230.16
SALE0000273,SOI0000274,BAT0000430,CUST076,2025-09-14,7,99.2,694.4
SALE0000274,SOI0000275,BAT0000218,CUST077,2026-06-10,1,208.25,208.25
SALE0000275,SOI0000276,BAT0000835,CUST012,2025-04-08,7,186.47,1305.29
SALE0000276,SOI0000277,BAT0000798,CUST078,2025-10-10,6,186.08,1116.48
SALE0000277,SOI0000278,BAT0000804,CUST078,2025-10-15,1,131.2,131.2
SALE0000278,SOI0000279,BAT0000837,CUST078,2025-10-11,7,262.11,1834.77
SALE0000279,SOI0000280,BAT0000584,CUST078,2026-01-26,3,190.67,572.01
SALE0000280,SOI0000281,BAT0000654,CUST078,2026-01-22,4,108.08,432.32
SALE0000281,SOI0000282,BAT0001048,CUST070,2025-05-05,2,88.67,177.34
SALE0000282,SOI0000283,BAT0000221,CUST032,2026-05-02,7,210.21,1471.47
SALE0000283,SOI0000284,BAT0000804,CUST032,2026-05-04,6,125.85,755.1
SALE0000284,SOI0000285,BAT0000370,CUST032,2026-05-02,2,59.4,118.8
SALE0000285,SOI0000286,BAT0000210,CUST026,2026-05-16,6,217.45,1304.7
SALE0000286,SOI0000287,BAT0000538,CUST026,2026-05-15,3,26.78,80.34
SALE0000287,SOI0000288,BAT0001170,CUST071,2025-06-06,2,99.59,199.18
SALE0000288,SOI0000289,BAT0001328,CUST071,2025-06-06,1,111.39,111.39
SALE0000289,SOI0000290,BAT0000832,CUST071,2025-06-06,6,119.63,717.78
SALE0000290,SOI0000291,BAT0000579,CUST040,2025-10-21,5,109.99,549.95
SALE0000291,SOI0000292,BAT0000122,CUST040,2025-10-21,2,158.78,317.56
SALE0000292,SOI0000293,BAT0000291,CUST040,2025-10-22,7,151.05,1057.35
SALE0000293,SOI0000294,BAT0001170,CUST052,2025-04-22,7,86.66,606.62
SALE0000294,SOI0000295,BAT0000753,CUST052,2025-04-25,7,156.19,1093.33
SALE0000295,SOI0000296,BAT0000584,CUST052,2025-04-27,4,192.83,771.32
SALE0000296,SOI0000297,BAT0001112,CUST011,2025-06-09,4,22.51,90.04
SALE0000297,SOI0000298,BAT0000122,CUST046,2026-01-01,7,157.55,1102.85
SALE0000298,SOI0000299,BAT0000189,CUST046,2026-01-01,5,121.25,606.25
SALE0000299,SOI0000300,BAT0000716,CUST046,2026-05-15,2,73.64,147.28
SALE0000300,SOI0000301,BAT0000122,CUST046,2026-05-17,4,192.77,771.08
SALE0000301,SOI0000302,BAT0000832,CUST032,2025-09-11,7,120.06,840.42
SALE0000302,SOI0000303,BAT0000804,CUST032,2025-09-10,6,113.32,679.92
SALE0000303,SOI0000304,BAT0000430,CUST032,2025-09-11,6,74.46,446.76
SALE0000304,SOI0000305,BAT0000197,CUST030,2025-11-22,4,80.79,323.16
SALE0000305,SOI0000306,BAT0000831,CUST030,2025-11-22,6,139.93,839.58
SALE0000306,SOI0000307,BAT0000686,CUST044,2025-08-04,1,135.99,135.99
SALE0000307,SOI0000308,BAT0000001,CUST044,2025-08-03,6,110.52,663.12
SALE0000308,SOI0000309,BAT0000506,CUST032,2025-05-20,1,80.8,80.8
SALE0000309,SOI0000310,BAT0000716,CUST032,2025-05-21,3,85.64,256.92
SALE0000310,SOI0000311,BAT0000122,CUST084,2025-10-04,2,180.68,361.36
SALE0000311,SOI0000312,BAT0000759,CUST084,2025-10-04,2,126.32,252.64
SALE0000312,SOI0000313,BAT0000685,CUST084,2025-10-09,3,93.29,279.87
SALE0000313,SOI0000314,BAT0000027,CUST055,2025-09-22,5,131.88,659.4
SALE0000314,SOI0000315,BAT0000831,CUST055,2025-09-21,1,154.04,154.04
SALE0000315,SOI0000316,BAT0000753,CUST055,2025-09-21,7,176.39,1234.73
SALE0000316,SOI0000317,BAT0000460,CUST016,2026-04-09,3,149.39,448.17
SALE0000317,SOI0000318,BAT0000886,CUST016,2026-04-07,3,101.95,305.85
SALE0000318,SOI0000319,BAT0000291,CUST016,2026-04-09,7,210.02,1470.14
SALE0000319,SOI0000320,BAT0000505,CUST052,2025-08-11,7,193.46,1354.22
SALE0000320,SOI0000321,BAT0000804,CUST052,2025-08-12,5,136.74,683.7
SALE0000321,SOI0000322,BAT0000685,CUST083,2025-09-01,6,98.99,593.94
SALE0000322,SOI0000323,BAT0000829,CUST011,2025-07-25,4,57.8,231.2
SALE0000323,SOI0000324,BAT0000122,CUST011,2025-07-27,2,152.53,305.06
SALE0000324,SOI0000325,BAT0000538,CUST011,2025-07-25,4,29.99,119.96
SALE0000325,SOI0000326,BAT0000837,CUST070,2026-01-21,1,251.6,251.6
SALE0000326,SOI0000327,BAT0000812,CUST067,2026-01-26,6,108.13,648.78
SALE0000327,SOI0000328,BAT0000189,CUST051,2026-04-01,3,108.1,324.3
SALE0000328,SOI0000329,BAT0000001,CUST051,2026-03-31,7,84.11,588.77
SALE0000329,SOI0000330,BAT0000956,CUST051,2026-03-30,4,163.23,652.92
SALE0000330,SOI0000331,BAT0000654,CUST070,2026-02-24,5,85.02,425.1
SALE0000331,SOI0000332,BAT0001224,CUST038,2026-05-08,4,179.94,719.76
SALE0000332,SOI0000333,BAT0000505,CUST038,2026-05-07,4,185.68,742.72
SALE0000333,SOI0000334,BAT0001169,CUST066,2025-05-11,1,26.79,26.79
SALE0000334,SOI0000335,BAT0000189,CUST066,2025-05-10,6,108.01,648.06
SALE0000335,SOI0000336,BAT0001169,CUST036,2025-04-13,3,23.16,69.48
SALE0000336,SOI0000337,BAT0000538,CUST036,2025-04-12,1,27.61,27.61
SALE0000337,SOI0000338,BAT0000837,CUST056,2025-05-09,5,248.18,1240.9
SALE0000338,SOI0000339,BAT0000579,CUST056,2025-05-06,4,121.04,484.16
SALE0000339,SOI0000340,BAT0001169,CUST011,2025-09-28,3,18.98,56.94
SALE0000340,SOI0000341,BAT0000001,CUST072,2025-05-15,5,92.03,460.15
SALE0000341,SOI0000342,BAT0000210,CUST072,2025-05-15,2,201.16,402.32
SALE0000342,SOI0000343,BAT0000759,CUST061,2025-08-05,4,188.36,753.44
SALE0000343,SOI0000344,BAT0001170,CUST061,2025-08-05,2,77.36,154.72
SALE0000344,SOI0000345,BAT0000761,CUST016,2025-07-26,7,118.33,828.31
SALE0000345,SOI0000346,BAT0000122,CUST016,2025-07-25,1,181.53,181.53
SALE0000346,SOI0000347,BAT0000654,CUST087,2025-11-03,3,102.03,306.09
SALE0000347,SOI0000348,BAT0000804,CUST083,2025-04-29,4,152.09,608.36
SALE0000348,SOI0000349,BAT0000837,CUST083,2025-04-30,3,200.07,600.21
SALE0000349,SOI0000350,BAT0001224,CUST003,2025-12-20,3,171.66,514.98
SALE0000350,SOI0000351,BAT0000291,CUST003,2025-12-24,5,218.28,1091.4
SALE0000351,SOI0000352,BAT0000829,CUST036,2025-09-07,4,51.55,206.2
SALE0000352,SOI0000353,BAT0000430,CUST036,2025-09-07,6,95.42,572.52
SALE0000353,SOI0000354,BAT0000837,CUST031,2025-05-24,7,228.87,1602.09
SALE0000354,SOI0000355,BAT0000830,CUST031,2025-05-28,3,58.76,176.28
SALE0000355,SOI0000356,BAT0000830,CUST013,2026-03-17,1,56.46,56.46
SALE0000356,SOI0000357,BAT0001211,CUST013,2026-03-14,3,126.0,378.0
SALE0000357,SOI0000358,BAT0001224,CUST072,2026-02-25,3,145.84,437.52
SALE0000358,SOI0000359,BAT0000585,CUST072,2026-02-25,5,46.42,232.1
SALE0000359,SOI0000360,BAT0001211,CUST036,2025-08-26,4,140.4,561.6
SALE0000360,SOI0000361,BAT0000831,CUST036,2025-08-26,7,173.27,1212.89
SALE0000361,SOI0000362,BAT0000189,CUST018,2025-05-30,6,92.79,556.74
SALE0000362,SOI0000363,BAT0000819,CUST096,2026-01-18,7,252.78,1769.46
SALE0000363,SOI0000364,BAT0000210,CUST096,2026-01-14,1,141.84,141.84
SALE0000364,SOI0000365,BAT0000753,CUST096,2026-01-14,5,159.93,799.65
SALE0000365,SOI0000366,BAT0000221,CUST064,2025-09-07,6,192.73,1156.38
SALE0000366,SOI0000367,BAT0000585,CUST064,2025-09-06,5,37.64,188.2
SALE0000367,SOI0000368,BAT0001211,CUST064,2025-09-06,5,118.1,590.5
SALE0000368,SOI0000369,BAT0000579,CUST035,2025-05-22,1,99.87,99.87
SALE0000369,SOI0000370,BAT0000685,CUST035,2025-05-26,2,96.11,192.22
SALE0000370,SOI0000371,BAT0000716,CUST054,2025-04-23,5,67.42,337.1
SALE0000371,SOI0000372,BAT0000585,CUST054,2025-04-23,1,33.36,33.36
SALE0000372,SOI0000373,BAT0000210,CUST013,2025-11-17,5,140.4,702.0
SALE0000373,SOI0000374,BAT0000832,CUST013,2025-11-14,4,171.67,686.68
SALE0000374,SOI0000375,BAT0000654,CUST013,2025-11-18,6,92.07,552.42
SALE0000375,SOI0000376,BAT0000686,CUST096,2025-10-21,2,120.79,241.58
SALE0000376,SOI0000377,BAT0000831,CUST096,2025-10-18,3,142.48,427.44
SALE0000377,SOI0000378,BAT0000210,CUST099,2025-12-25,7,165.67,1159.69
SALE0000378,SOI0000379,BAT0000824,CUST042,2026-06-06,5,118.88,594.4
SALE0000379,SOI0000380,BAT0000494,CUST042,2026-06-07,2,48.08,96.16
SALE0000380,SOI0000381,BAT0000837,CUST042,2026-06-06,6,222.65,1335.9
SALE0000381,SOI0000382,BAT0000812,CUST088,2025-10-13,1,107.94,107.94
SALE0000382,SOI0000383,BAT0000804,CUST088,2025-10-08,7,155.41,1087.87
SALE0000383,SOI0000384,BAT0001048,CUST088,2025-10-12,2,78.75,157.5
SALE0000384,SOI0000385,BAT0000804,CUST033,2025-10-09,2,178.02,356.04
SALE0000385,SOI0000386,BAT0001224,CUST010,2025-04-26,5,177.31,886.55
SALE0000386,SOI0000387,BAT0001328,CUST010,2025-04-28,6,99.06,594.36
SALE0000387,SOI0000388,BAT0000584,CUST010,2025-04-27,7,145.5,1018.5
SALE0000388,SOI0000389,BAT0001169,CUST065,2025-05-05,4,25.15,100.6
SALE0000389,SOI0000391,BAT0000761,CUST065,2025-05-07,6,142.99,857.94
SALE0000390,SOI0000392,BAT0001328,CUST018,2026-02-26,7,110.29,772.03
SALE0000391,SOI0000393,BAT0001048,CUST018,2026-02-25,7,77.56,542.92
SALE0000392,SOI0000394,BAT0000579,CUST018,2026-02-26,2,92.15,184.3
SALE0000393,SOI0000395,BAT0000832,CUST055,2025-08-13,3,134.88,404.64
SALE0000394,SOI0000396,BAT0001131,CUST055,2025-08-16,5,42.78,213.9
SALE0000395,SOI0000397,BAT0000210,CUST037,2025-11-27,6,165.8,994.8
SALE0000396,SOI0000398,BAT0000824,CUST037,2025-11-29,6,123.69,742.14
SALE0000397,SOI0000399,BAT0001157,CUST057,2026-03-12,1,61.84,61.84
SALE0000398,SOI0000400,BAT0000759,CUST057,2026-03-11,7,150.34,1052.38
SALE0000399,SOI0000401,BAT0000716,CUST057,2026-03-12,2,53.02,106.04
SALE0000400,SOI0000402,BAT0000505,CUST041,2025-05-31,7,181.16,1268.12
SALE0000401,SOI0000403,BAT0000460,CUST041,2025-06-02,7,216.99,1518.93
SALE0000402,SOI0000404,BAT0000506,CUST041,2025-06-01,3,87.34,262.02
SALE0000403,SOI0000405,BAT0000210,CUST036,2025-07-02,1,204.07,204.07
SALE0000404,SOI0000406,BAT0000538,CUST036,2025-06-27,4,31.36,125.44
SALE0000405,SOI0000407,BAT0000505,CUST048,2025-09-30,6,149.62,897.72
SALE0000406,SOI0000408,BAT0000580,CUST048,2025-10-01,1,121.17,121.17
SALE0000407,SOI0000409,BAT0001170,CUST048,2025-09-30,7,100.03,700.21
SALE0000408,SOI0000410,BAT0001131,CUST072,2025-05-21,2,50.06,100.12
SALE0000409,SOI0000411,BAT0000695,CUST060,2025-10-25,4,141.44,565.76
SALE0000410,SOI0000412,BAT0001048,CUST042,2026-01-11,7,84.43,591.01
SALE0000411,SOI0000413,BAT0000032,CUST095,2025-10-02,4,218.27,873.08
SALE0000412,SOI0000414,BAT0000654,CUST009,2026-06-11,1,93.43,93.43
SALE0000413,SOI0000415,BAT0001211,CUST090,2025-09-01,4,112.06,448.24
SALE0000414,SOI0000416,BAT0000685,CUST051,2025-10-16,6,93.34,560.04
SALE0000415,SOI0000417,BAT0001131,CUST032,2025-10-17,7,33.2,232.4
SALE0000416,SOI0000418,BAT0001224,CUST006,2025-08-09,6,207.94,1247.64
SALE0000417,SOI0000419,BAT0001328,CUST045,2025-04-13,1,81.66,81.66
SALE0000418,SOI0000420,BAT0000001,CUST045,2025-04-11,2,92.32,184.64
SALE0000419,SOI0000421,BAT0000850,CUST045,2025-04-13,4,250.2,1000.8
SALE0000420,SOI0000422,BAT0000585,CUST031,2025-05-27,6,37.12,222.72
SALE0000421,SOI0000423,BAT0000027,CUST065,2026-02-27,2,94.51,189.02
SALE0000422,SOI0000424,BAT0000832,CUST065,2026-02-26,2,146.96,293.92
SALE0000423,SOI0000425,BAT0000210,CUST065,2026-03-01,4,157.46,629.84
SALE0000424,SOI0000426,BAT0000494,CUST091,2026-01-31,3,29.84,89.52
SALE0000425,SOI0000427,BAT0000850,CUST065,2026-04-04,6,182.8,1096.8
SALE0000426,SOI0000428,BAT0001169,CUST056,2025-05-05,5,22.16,110.8
SALE0000427,SOI0000429,BAT0000580,CUST056,2025-05-05,7,106.98,748.86
SALE0000428,SOI0000430,BAT0000812,CUST056,2025-05-05,5,138.42,692.1
SALE0000429,SOI0000431,BAT0000494,CUST084,2025-10-19,7,37.1,259.7
SALE0000430,SOI0000432,BAT0001131,CUST084,2025-10-19,7,52.03,364.21
SALE0000431,SOI0000433,BAT0000686,CUST084,2025-10-22,6,138.4,830.4
SALE0000432,SOI0000434,BAT0000759,CUST020,2026-04-24,5,158.66,793.3
SALE0000433,SOI0000435,BAT0000831,CUST020,2026-04-24,4,151.53,606.12
SALE0000434,SOI0000436,BAT0000830,CUST093,2025-06-06,2,54.67,109.34
SALE0000435,SOI0000437,BAT0000584,CUST093,2025-06-04,1,180.97,180.97
SALE0000436,SOI0000438,BAT0000538,CUST093,2025-06-05,6,34.32,205.92
SALE0000437,SOI0000439,BAT0000430,CUST007,2025-07-08,1,87.58,87.58
SALE0000438,SOI0000440,BAT0000753,CUST007,2025-07-07,7,218.36,1528.52
SALE0000439,SOI0000441,BAT0000824,CUST071,2025-10-23,1,117.25,117.25
SALE0000440,SOI0000442,BAT0001112,CUST063,2025-12-23,6,26.46,158.76
SALE0000441,SOI0000443,BAT0000494,CUST063,2025-12-22,5,30.05,150.25
SALE0000442,SOI0000444,BAT0000189,CUST086,2025-11-30,4,118.61,474.44
SALE0000443,SOI0000445,BAT0001224,CUST059,2025-06-05,3,205.89,617.67
SALE0000444,SOI0000446,BAT0000197,CUST001,2026-06-18,2,71.13,142.26
SALE0000445,SOI0000447,BAT0000832,CUST001,2026-06-13,2,125.67,251.34
SALE0000446,SOI0000448,BAT0000189,CUST082,2025-10-03,2,112.1,224.2
SALE0000447,SOI0000449,BAT0000032,CUST083,2026-02-10,1,217.73,217.73
SALE0000448,SOI0000450,BAT0000798,CUST083,2026-02-11,3,173.68,521.04
SALE0000449,SOI0000451,BAT0000538,CUST086,2025-05-15,3,38.08,114.24
SALE0000450,SOI0000452,BAT0000580,CUST086,2025-05-17,1,100.6,100.6
SALE0000451,SOI0000453,BAT0000370,CUST054,2025-06-25,4,64.86,259.44
SALE0000452,SOI0000454,BAT0000122,CUST054,2025-06-25,4,171.82,687.28
SALE0000453,SOI0000455,BAT0000886,CUST079,2025-05-02,2,96.72,193.44
SALE0000454,SOI0000456,BAT0000506,CUST079,2025-05-06,2,78.84,157.68
SALE0000455,SOI0000457,BAT0001224,CUST079,2025-05-05,1,156.43,156.43
SALE0000456,SOI0000458,BAT0000685,CUST063,2026-03-21,4,76.7,306.8
SALE0000457,SOI0000459,BAT0000850,CUST063,2026-03-24,2,233.1,466.2
SALE0000458,SOI0000460,BAT0000832,CUST063,2026-03-25,4,165.5,662.0
SALE0000459,SOI0000461,BAT0000027,CUST039,2025-11-08,3,128.64,385.92
SALE0000460,SOI0000462,BAT0000716,CUST005,2026-02-15,1,79.03,79.03
SALE0000461,SOI0000463,BAT0000585,CUST005,2026-02-15,2,43.44,86.88
SALE0000462,SOI0000464,BAT0001211,CUST005,2026-02-16,3,107.08,321.24
SALE0000463,SOI0000465,BAT0000819,CUST093,2025-12-05,7,160.68,1124.76
SALE0000464,SOI0000466,BAT0000580,CUST093,2025-12-05,4,76.0,304.0
SALE0000465,SOI0000467,BAT0000505,CUST032,2025-12-08,1,168.41,168.41
SALE0000466,SOI0000468,BAT0000687,CUST034,2026-02-07,2,69.15,138.3
SALE0000467,SOI0000469,BAT0000460,CUST034,2026-02-08,7,207.52,1452.64
SALE0000468,SOI0000470,BAT0000494,CUST098,2025-09-13,4,43.06,172.24
SALE0000469,SOI0000471,BAT0000830,CUST098,2025-09-12,6,40.89,245.34
SALE0000470,SOI0000472,BAT0000505,CUST080,2025-06-25,3,164.26,492.78
SALE0000471,SOI0000473,BAT0000830,CUST080,2025-06-21,1,44.08,44.08
SALE0000472,SOI0000474,BAT0000430,CUST080,2025-06-21,6,103.96,623.76
SALE0000473,SOI0000475,BAT0000759,CUST062,2026-01-22,1,176.08,176.08
SALE0000474,SOI0000476,BAT0001112,CUST047,2026-03-12,1,27.96,27.96
SALE0000475,SOI0000477,BAT0000830,CUST047,2026-03-06,4,56.43,225.72
SALE0000476,SOI0000478,BAT0000886,CUST047,2025-06-19,2,106.84,213.68
SALE0000477,SOI0000479,BAT0000032,CUST047,2025-06-18,2,150.68,301.36
SALE0000478,SOI0000480,BAT0000538,CUST092,2025-04-17,1,24.23,24.23
SALE0000479,SOI0000481,BAT0000812,CUST092,2025-04-19,7,107.94,755.58
SALE0000480,SOI0000482,BAT0000824,CUST092,2025-04-15,5,107.32,536.6
SALE0000481,SOI0000483,BAT0000585,CUST084,2025-12-26,1,46.41,46.41
SALE0000482,SOI0000484,BAT0000494,CUST034,2025-09-12,7,38.76,271.32
SALE0000483,SOI0000485,BAT0000825,CUST034,2025-09-15,5,107.8,539.0
SALE0000484,SOI0000486,BAT0000430,CUST034,2025-09-12,4,76.89,307.56
SALE0000485,SOI0000487,BAT0000506,CUST030,2025-04-13,6,60.28,361.68
SALE0000486,SOI0000488,BAT0000655,CUST030,2025-04-14,2,103.24,206.48
SALE0000487,SOI0000489,BAT0001170,CUST025,2026-04-08,2,106.36,212.72
SALE0000488,SOI0000490,BAT0000494,CUST025,2026-04-13,2,46.39,92.78
SALE0000489,SOI0000491,BAT0001157,CUST025,2026-04-08,3,42.56,127.68
SALE0000490,SOI0000492,BAT0000886,CUST024,2025-05-19,7,101.24,708.68
SALE0000491,SOI0000493,BAT0000210,CUST024,2025-05-15,7,181.68,1271.76
SALE0000492,SOI0000494,BAT0000538,CUST001,2026-04-13,1,29.84,29.84
SALE0000493,SOI0000495,BAT0000460,CUST021,2025-12-04,5,146.1,730.5
SALE0000494,SOI0000496,BAT0001169,CUST021,2025-12-05,7,24.6,172.2
SALE0000495,SOI0000497,BAT0000027,CUST037,2025-11-06,4,85.59,342.36
SALE0000496,SOI0000498,BAT0000001,CUST090,2025-08-03,6,111.97,671.82
SALE0000497,SOI0000499,BAT0000370,CUST080,2026-01-23,5,61.36,306.8
SALE0000498,SOI0000500,BAT0000586,CUST064,2026-03-18,3,166.74,500.22
SALE0000499,SOI0000501,BAT0000001,CUST040,2026-05-17,4,104.72,418.88
SALE0000500,SOI0000502,BAT0000761,CUST040,2026-05-15,6,139.51,837.06
SALE0000501,SOI0000503,BAT0000753,CUST083,2025-10-25,1,150.52,150.52
SALE0000502,SOI0000504,BAT0001131,CUST034,2025-10-26,2,41.94,83.88
SALE0000503,SOI0000505,BAT0001224,CUST034,2025-10-28,4,143.49,573.96
SALE0000504,SOI0000506,BAT0000837,CUST090,2026-06-28,7,227.23,1590.61
SALE0000505,SOI0000507,BAT0000804,CUST090,2026-06-24,5,143.99,719.95
SALE0000506,SOI0000508,BAT0000831,CUST090,2026-06-26,3,205.4,616.2
SALE0000507,SOI0000509,BAT0001132,CUST086,2026-04-23,6,177.54,1065.24
SALE0000508,SOI0000510,BAT0001328,CUST086,2026-04-23,1,88.96,88.96
SALE0000509,SOI0000511,BAT0000759,CUST086,2026-04-23,4,158.35,633.4
SALE0000510,SOI0000512,BAT0000819,CUST099,2025-08-23,7,227.35,1591.45
SALE0000511,SOI0000513,BAT0000027,CUST099,2025-08-22,6,110.59,663.54
SALE0000512,SOI0000514,BAT0000586,CUST099,2025-08-24,5,195.24,976.2
SALE0000513,SOI0000515,BAT0000027,CUST003,2025-09-08,5,126.57,632.85
SALE0000514,SOI0000516,BAT0001131,CUST049,2025-06-28,2,39.07,78.14
SALE0000515,SOI0000517,BAT0000655,CUST049,2025-06-24,3,102.8,308.4
SALE0000516,SOI0000518,BAT0000585,CUST027,2025-11-25,3,43.21,129.63
SALE0000517,SOI0000519,BAT0000655,CUST027,2025-11-24,1,93.53,93.53
SALE0000518,SOI0000520,BAT0000586,CUST002,2026-03-17,2,136.89,273.78
SALE0000519,SOI0000521,BAT0000761,CUST002,2026-03-16,2,154.46,308.92
SALE0000520,SOI0000522,BAT0000197,CUST045,2025-05-24,3,70.25,210.75
SALE0000521,SOI0000523,BAT0000189,CUST045,2025-05-21,5,112.41,562.05
SALE0000522,SOI0000524,BAT0001211,CUST045,2025-05-23,4,159.37,637.48
SALE0000523,SOI0000525,BAT0001169,CUST011,2025-04-20,1,18.96,18.96
SALE0000524,SOI0000526,BAT0000370,CUST011,2025-04-19,4,60.64,242.56
SALE0000525,SOI0000527,BAT0000655,CUST080,2025-10-31,7,81.87,573.09
SALE0000526,SOI0000528,BAT0000831,CUST080,2025-10-30,1,146.05,146.05
SALE0000527,SOI0000529,BAT0000761,CUST080,2025-10-31,1,146.53,146.53
SALE0000528,SOI0000530,BAT0000825,CUST058,2026-03-22,2,96.41,192.82
SALE0000529,SOI0000531,BAT0000761,CUST058,2026-03-19,5,158.34,791.7
SALE0000530,SOI0000532,BAT0000032,CUST058,2026-03-22,3,146.98,440.94
SALE0000531,SOI0000533,BAT0000655,CUST029,2025-10-27,5,127.45,637.25
SALE0000532,SOI0000534,BAT0000585,CUST029,2025-10-30,3,43.81,131.43
SALE0000533,SOI0000535,BAT0000538,CUST029,2025-10-31,3,27.95,83.85
SALE0000534,SOI0000536,BAT0000759,CUST029,2026-02-04,5,148.94,744.7
SALE0000535,SOI0000537,BAT0001048,CUST029,2026-02-02,5,93.97,469.85
SALE0000536,SOI0000538,BAT0000506,CUST075,2026-05-10,1,66.09,66.09
SALE0000537,SOI0000539,BAT0000831,CUST079,2026-05-31,5,213.44,1067.2
SALE0000538,SOI0000540,BAT0000830,CUST095,2026-05-17,7,46.27,323.89
SALE0000539,SOI0000541,BAT0000460,CUST072,2026-01-23,6,163.43,980.58
SALE0000540,SOI0000542,BAT0000956,CUST079,2025-09-20,2,163.06,326.12
SALE0000541,SOI0000543,BAT0001169,CUST079,2025-09-15,1,25.39,25.39
SALE0000542,SOI0000544,BAT0000832,CUST066,2026-06-29,3,163.78,491.34
SALE0000543,SOI0000545,BAT0001048,CUST080,2025-07-14,7,86.07,602.49
SALE0000544,SOI0000546,BAT0000460,CUST080,2025-07-12,3,228.88,686.64
SALE0000545,SOI0000547,BAT0000587,CUST014,2025-04-20,3,53.19,159.57
SALE0000546,SOI0000548,BAT0000686,CUST014,2025-04-17,7,139.72,978.04
SALE0000547,SOI0000549,BAT0000804,CUST079,2025-10-14,1,142.64,142.64
SALE0000548,SOI0000550,BAT0001328,CUST079,2025-10-17,5,81.23,406.15
SALE0000549,SOI0000551,BAT0001048,CUST079,2025-10-16,2,71.66,143.32
SALE0000550,SOI0000552,BAT0000819,CUST081,2026-04-20,1,196.59,196.59
SALE0000551,SOI0000553,BAT0001211,CUST081,2026-04-22,2,107.08,214.16
SALE0000552,SOI0000554,BAT0000210,CUST005,2026-05-16,4,210.47,841.88
SALE0000553,SOI0000555,BAT0000506,CUST005,2026-05-14,3,73.15,219.45
SALE0000554,SOI0000556,BAT0001224,CUST034,2025-04-06,5,132.78,663.9
SALE0000555,SOI0000557,BAT0000837,CUST034,2025-04-05,1,231.94,231.94
SALE0000556,SOI0000558,BAT0000687,CUST009,2026-02-15,1,81.87,81.87
SALE0000557,SOI0000559,BAT0000831,CUST009,2026-02-19,5,176.12,880.6
SALE0000558,SOI0000560,BAT0000761,CUST010,2025-07-14,2,147.9,295.8
SALE0000559,SOI0000561,BAT0000832,CUST010,2025-07-12,2,136.69,273.38
SALE0000560,SOI0000562,BAT0000538,CUST097,2025-12-10,3,25.68,77.04
SALE0000561,SOI0000563,BAT0001131,CUST097,2025-12-09,6,44.68,268.08
SALE0000562,SOI0000564,BAT0000587,CUST097,2025-12-09,3,36.41,109.23
SALE0000563,SOI0000565,BAT0000886,CUST023,2026-01-02,3,99.48,298.44
SALE0000564,SOI0000566,BAT0000759,CUST023,2026-01-03,2,202.11,404.22
SALE0000565,SOI0000567,BAT0001157,CUST073,2026-01-26,4,39.04,156.16
SALE0000566,SOI0000568,BAT0001132,CUST073,2026-01-27,6,179.08,1074.48
SALE0000567,SOI0000569,BAT0000753,CUST073,2026-01-24,3,179.76,539.28
SALE0000568,SOI0000570,BAT0001067,CUST073,2025-04-17,2,114.78,229.56
SALE0000569,SOI0000571,BAT0000825,CUST073,2025-04-20,5,124.64,623.2
SALE0000570,SOI0000572,BAT0000291,CUST073,2025-04-17,1,199.14,199.14
SALE0000571,SOI0000573,BAT0000586,CUST035,2025-04-18,2,160.55,321.1
SALE0000572,SOI0000574,BAT0000819,CUST035,2025-04-18,2,198.3,396.6
SALE0000573,SOI0000575,BAT0000831,CUST092,2026-02-24,2,135.93,271.86
SALE0000574,SOI0000576,BAT0001157,CUST092,2026-02-26,2,57.09,114.18
SALE0000575,SOI0000577,BAT0000819,CUST086,2025-10-14,4,194.81,779.24
SALE0000576,SOI0000578,BAT0000197,CUST012,2025-05-01,3,57.89,173.67
SALE0000577,SOI0000579,BAT0000460,CUST012,2025-04-29,3,179.32,537.96
SALE0000578,SOI0000580,BAT0001169,CUST012,2025-04-30,5,27.75,138.75
SALE0000579,SOI0000581,BAT0000832,CUST078,2025-12-08,1,137.9,137.9
SALE0000580,SOI0000582,BAT0000753,CUST078,2025-12-10,1,214.82,214.82
SALE0000581,SOI0000583,BAT0000587,CUST078,2025-12-11,2,44.01,88.02
SALE0000582,SOI0000584,BAT0001112,CUST022,2025-12-24,3,32.26,96.78
SALE0000583,SOI0000585,BAT0001224,CUST029,2025-07-04,5,204.79,1023.95
SALE0000584,SOI0000586,BAT0000494,CUST029,2025-06-30,3,36.14,108.42
SALE0000585,SOI0000587,BAT0000754,CUST029,2025-07-01,6,164.66,987.96
SALE0000586,SOI0000588,BAT0000761,CUST061,2026-05-31,5,143.81,719.05
SALE0000587,SOI0000589,BAT0000506,CUST061,2026-06-05,2,57.55,115.1
SALE0000588,SOI0000590,BAT0001170,CUST043,2026-02-12,1,107.7,107.7
SALE0000589,SOI0000591,BAT0000506,CUST043,2026-02-09,4,62.78,251.12
SALE0000590,SOI0000592,BAT0001131,CUST043,2026-02-09,7,37.88,265.16
SALE0000591,SOI0000593,BAT0001224,CUST038,2026-05-22,2,187.09,374.18
SALE0000592,SOI0000594,BAT0000460,CUST065,2026-06-14,4,203.63,814.52
SALE0000593,SOI0000595,BAT0000655,CUST065,2026-06-12,6,110.49,662.94
SALE0000594,SOI0000596,BAT0000631,CUST065,2026-06-10,3,225.42,676.26
SALE0000595,SOI0000597,BAT0000804,CUST048,2025-05-15,7,138.29,968.03
SALE0000596,SOI0000598,BAT0001131,CUST043,2026-04-03,2,47.67,95.34
SALE0000597,SOI0000599,BAT0000832,CUST052,2025-08-14,7,147.98,1035.86
SALE0000598,SOI0000600,BAT0000539,CUST052,2025-08-15,1,31.74,31.74
SALE0000599,SOI0000601,BAT0000506,CUST052,2025-08-15,1,89.84,89.84
SALE0000600,SOI0000602,BAT0000831,CUST047,2026-01-27,5,158.59,792.95
SALE0000601,SOI0000603,BAT0000027,CUST047,2026-01-28,4,127.05,508.2
SALE0000602,SOI0000604,BAT0000221,CUST047,2026-01-27,2,171.29,342.58
SALE0000603,SOI0000605,BAT0001131,CUST091,2025-10-21,3,44.1,132.3
SALE0000604,SOI0000606,BAT0000754,CUST091,2025-10-21,5,206.12,1030.6
SALE0000605,SOI0000607,BAT0001157,CUST091,2025-10-23,3,44.97,134.91
SALE0000606,SOI0000608,BAT0000760,CUST078,2026-05-04,5,147.17,735.85
SALE0000607,SOI0000609,BAT0000832,CUST078,2026-05-03,7,155.76,1090.32
SALE0000608,SOI0000610,BAT0000830,CUST020,2025-07-08,6,49.22,295.32
SALE0000609,SOI0000611,BAT0000001,CUST020,2025-07-10,6,82.43,494.58
SALE0000610,SOI0000612,BAT0000430,CUST020,2025-07-09,2,88.96,177.92
SALE0000611,SOI0000613,BAT0000886,CUST071,2025-05-14,6,95.13,570.78
SALE0000612,SOI0000615,BAT0000122,CUST071,2025-05-17,1,122.25,122.25
SALE0000613,SOI0000616,BAT0001170,CUST053,2026-06-26,6,81.14,486.84
SALE0000614,SOI0000617,BAT0000716,CUST076,2025-12-03,6,84.41,506.46
SALE0000615,SOI0000618,BAT0001170,CUST089,2025-10-26,1,78.11,78.11
SALE0000616,SOI0000619,BAT0000804,CUST024,2026-02-15,3,163.35,490.05
SALE0000617,SOI0000620,BAT0000631,CUST024,2026-02-17,1,154.72,154.72
SALE0000618,SOI0000621,BAT0000754,CUST024,2026-02-19,7,200.5,1403.5
SALE0000619,SOI0000622,BAT0000956,CUST002,2025-06-29,6,148.18,889.08
SALE0000620,SOI0000623,BAT0000804,CUST016,2025-08-19,1,181.05,181.05
SALE0000621,SOI0000624,BAT0000837,CUST016,2025-08-18,5,198.2,991.0
SALE0000622,SOI0000625,BAT0000956,CUST016,2025-08-19,2,187.33,374.66
SALE0000623,SOI0000626,BAT0000754,CUST065,2025-10-08,7,146.45,1025.15
SALE0000624,SOI0000627,BAT0000197,CUST065,2025-10-06,3,61.89,185.67
SALE0000625,SOI0000628,BAT0000850,CUST065,2025-10-08,5,239.35,1196.75
SALE0000626,SOI0000629,BAT0000831,CUST075,2025-08-10,6,189.82,1138.92
SALE0000627,SOI0000630,BAT0000494,CUST019,2025-04-07,4,32.83,131.32
SALE0000628,SOI0000631,BAT0000587,CUST065,2025-04-28,1,37.26,37.26
SALE0000629,SOI0000632,BAT0001112,CUST052,2025-07-17,2,30.03,60.06
SALE0000630,SOI0000633,BAT0000819,CUST052,2025-07-15,4,247.11,988.44
SALE0000631,SOI0000634,BAT0000494,CUST052,2025-07-17,2,46.53,93.06
SALE0000632,SOI0000635,BAT0000839,CUST095,2026-02-12,2,65.22,130.44
SALE0000633,SOI0000636,BAT0000494,CUST095,2026-02-10,1,34.43,34.43
SALE0000634,SOI0000637,BAT0000996,CUST024,2025-08-23,5,248.83,1244.15
SALE0000635,SOI0000638,BAT0000588,CUST024,2025-08-25,2,188.03,376.06
SALE0000636,SOI0000639,BAT0000850,CUST024,2025-08-29,5,160.41,802.05
SALE0000637,SOI0000640,BAT0000655,CUST090,2025-05-14,2,79.64,159.28
SALE0000638,SOI0000641,BAT0000687,CUST009,2026-02-07,6,107.05,642.3
SALE0000639,SOI0000642,BAT0000494,CUST009,2026-02-06,1,46.37,46.37
SALE0000640,SOI0000643,BAT0000133,CUST009,2026-02-07,3,127.46,382.38
SALE0000641,SOI0000644,BAT0001170,CUST086,2026-03-18,4,115.91,463.64
SALE0000642,SOI0000645,BAT0000832,CUST086,2026-03-17,6,166.69,1000.14
SALE0000643,SOI0000646,BAT0000133,CUST088,2025-05-15,3,147.19,441.57
SALE0000644,SOI0000647,BAT0000431,CUST094,2026-01-27,7,75.43,528.01
SALE0000645,SOI0000648,BAT0000032,CUST094,2026-01-28,6,205.69,1234.14
SALE0000646,SOI0000649,BAT0000505,CUST094,2026-01-27,2,175.3,350.6
SALE0000647,SOI0000650,BAT0000431,CUST100,2026-06-11,3,73.93,221.79
SALE0000648,SOI0000651,BAT0000631,CUST013,2025-06-23,3,163.15,489.45
SALE0000649,SOI0000652,BAT0000370,CUST013,2025-06-24,5,57.77,288.85
SALE0000650,SOI0000653,BAT0001131,CUST013,2025-06-25,6,46.63,279.78
SALE0000651,SOI0000654,BAT0001169,CUST083,2025-09-24,5,22.48,112.4
SALE0000652,SOI0000655,BAT0000027,CUST083,2025-09-25,6,131.1,786.6
SALE0000653,SOI0000656,BAT0000996,CUST083,2025-09-24,1,182.5,182.5
SALE0000654,SOI0000657,BAT0000495,CUST036,2025-12-16,1,38.19,38.19
SALE0000655,SOI0000658,BAT0000495,CUST048,2026-04-20,2,47.9,95.8
SALE0000656,SOI0000659,BAT0001172,CUST048,2026-04-20,4,110.89,443.56
SALE0000657,SOI0000660,BAT0000754,CUST048,2026-04-20,3,225.52,676.56
SALE0000658,SOI0000661,BAT0000761,CUST019,2025-04-20,3,153.4,460.2
SALE0000659,SOI0000662,BAT0000197,CUST019,2025-04-17,5,66.57,332.85
SALE0000660,SOI0000663,BAT0000837,CUST035,2025-10-17,3,203.35,610.05
SALE0000661,SOI0000664,BAT0001328,CUST035,2025-10-20,1,86.87,86.87
SALE0000662,SOI0000665,BAT0000812,CUST035,2025-10-19,7,143.34,1003.38
SALE0000663,SOI0000666,BAT0000539,CUST019,2025-10-25,1,38.03,38.03
SALE0000664,SOI0000667,BAT0000430,CUST019,2025-10-24,5,67.3,336.5
SALE0000665,SOI0000668,BAT0000956,CUST019,2025-10-24,3,183.17,549.51
SALE0000666,SOI0000669,BAT0000886,CUST054,2025-07-08,5,103.44,517.2
SALE0000667,SOI0000670,BAT0000495,CUST004,2025-05-23,2,30.48,60.96
SALE0000668,SOI0000671,BAT0000955,CUST041,2025-10-22,6,191.76,1150.56
SALE0000669,SOI0000672,BAT0000695,CUST070,2025-10-26,2,193.56,387.12
SALE0000670,SOI0000673,BAT0000687,CUST070,2025-10-24,4,104.33,417.32
SALE0000671,SOI0000674,BAT0000001,CUST070,2025-10-24,2,84.85,169.7
SALE0000672,SOI0000675,BAT0000819,CUST078,2026-05-20,2,247.6,495.2
SALE0000673,SOI0000676,BAT0000370,CUST078,2026-05-19,1,57.31,57.31
SALE0000674,SOI0000677,BAT0000506,CUST078,2026-05-18,3,80.64,241.92
SALE0000675,SOI0000678,BAT0000996,CUST082,2025-12-19,7,219.16,1534.12
SALE0000676,SOI0000679,BAT0001131,CUST082,2025-12-23,2,45.03,90.06
SALE0000677,SOI0000680,BAT0000587,CUST082,2025-12-20,4,49.85,199.4
SALE0000678,SOI0000681,BAT0001131,CUST093,2025-05-03,3,47.44,142.32
SALE0000679,SOI0000682,BAT0000886,CUST093,2025-05-01,1,99.15,99.15
SALE0000680,SOI0000683,BAT0000687,CUST069,2026-02-06,6,79.23,475.38
SALE0000681,SOI0000684,BAT0000655,CUST069,2026-02-04,5,83.54,417.7
SALE0000682,SOI0000685,BAT0001067,CUST048,2025-07-13,5,116.88,584.4
SALE0000683,SOI0000686,BAT0000955,CUST048,2025-07-13,7,137.21,960.47
SALE0000684,SOI0000687,BAT0000955,CUST092,2025-07-31,5,138.56,692.8
SALE0000685,SOI0000688,BAT0000539,CUST092,2025-08-03,4,33.49,133.96
SALE0000686,SOI0000689,BAT0000001,CUST075,2025-12-07,7,114.97,804.79
SALE0000687,SOI0000690,BAT0000370,CUST075,2025-12-08,3,61.42,184.26
SALE0000688,SOI0000691,BAT0000291,CUST075,2025-12-12,7,200.92,1406.44
SALE0000689,SOI0000692,BAT0000291,CUST011,2026-01-12,3,218.01,654.03
SALE0000690,SOI0000693,BAT0001131,CUST018,2025-07-12,4,39.48,157.92
SALE0000691,SOI0000694,BAT0000850,CUST056,2026-05-28,5,221.93,1109.65
SALE0000692,SOI0000695,BAT0000370,CUST056,2026-05-25,1,71.94,71.94
SALE0000693,SOI0000696,BAT0001169,CUST030,2026-05-26,5,23.43,117.15
SALE0000694,SOI0000697,BAT0000539,CUST030,2026-05-23,3,27.37,82.11
SALE0000695,SOI0000698,BAT0000831,CUST030,2026-05-27,7,163.01,1141.07
SALE0000696,SOI0000699,BAT0000799,CUST092,2026-02-01,6,152.76,916.56
SALE0000697,SOI0000700,BAT0000210,CUST092,2026-02-03,7,186.68,1306.76
SALE0000698,SOI0000701,BAT0000505,CUST024,2025-05-11,6,152.11,912.66
SALE0000699,SOI0000702,BAT0000819,CUST068,2025-12-22,3,187.83,563.49
SALE0000700,SOI0000703,BAT0001211,CUST068,2025-12-18,2,149.54,299.08
SALE0000701,SOI0000704,BAT0001172,CUST068,2025-12-18,1,106.35,106.35
SALE0000702,SOI0000705,BAT0000133,CUST002,2025-12-05,5,176.71,883.55
SALE0000703,SOI0000706,BAT0001112,CUST060,2026-05-27,5,21.73,108.65
SALE0000704,SOI0000707,BAT0000133,CUST060,2026-05-27,2,180.28,360.56
SALE0000705,SOI0000708,BAT0001157,CUST036,2025-06-10,3,48.02,144.06
SALE0000706,SOI0000709,BAT0000850,CUST036,2025-06-14,6,223.84,1343.04
SALE0000707,SOI0000710,BAT0000955,CUST060,2026-04-15,6,178.66,1071.96
SALE0000708,SOI0000711,BAT0000588,CUST060,2026-04-13,4,189.08,756.32
SALE0000709,SOI0000712,BAT0000955,CUST075,2025-05-13,5,191.95,959.75
SALE0000710,SOI0000713,BAT0000819,CUST075,2025-05-14,5,203.47,1017.35
SALE0000711,SOI0000714,BAT0000027,CUST075,2025-05-12,3,123.62,370.86
SALE0000712,SOI0000715,BAT0001131,CUST004,2026-01-28,5,50.58,252.9
SALE0000713,SOI0000716,BAT0000799,CUST004,2026-01-27,6,165.23,991.38
SALE0000714,SOI0000717,BAT0000506,CUST061,2025-05-22,5,69.78,348.9
SALE0000715,SOI0000718,BAT0000695,CUST061,2025-05-22,2,153.75,307.5
SALE0000716,SOI0000719,BAT0000686,CUST045,2026-06-05,1,166.44,166.44
SALE0000717,SOI0000720,BAT0000133,CUST045,2026-06-07,1,132.85,132.85
SALE0000718,SOI0000721,BAT0000122,CUST045,2026-06-02,3,136.25,408.75
SALE0000719,SOI0000722,BAT0000506,CUST045,2026-03-11,6,79.12,474.72
SALE0000720,SOI0000723,BAT0000996,CUST045,2026-03-12,5,271.05,1355.25
SALE0000721,SOI0000724,BAT0000687,CUST045,2026-03-10,3,77.04,231.12
SALE0000722,SOI0000725,BAT0000716,CUST005,2025-08-20,7,63.03,441.21
SALE0000723,SOI0000726,BAT0000831,CUST005,2025-08-18,7,137.44,962.08
SALE0000724,SOI0000727,BAT0000495,CUST006,2025-12-05,7,42.7,298.9
SALE0000725,SOI0000728,BAT0000291,CUST006,2025-12-08,5,165.58,827.9
SALE0000726,SOI0000729,BAT0000799,CUST089,2025-11-06,1,136.41,136.41
SALE0000727,SOI0000730,BAT0000189,CUST089,2025-11-07,3,105.4,316.2
SALE0000728,SOI0000731,BAT0000370,CUST089,2025-11-04,1,62.2,62.2
SALE0000729,SOI0000732,BAT0000825,CUST089,2026-05-26,4,127.48,509.92
SALE0000730,SOI0000733,BAT0000506,CUST089,2026-05-22,4,57.49,229.96
SALE0000731,SOI0000734,BAT0000587,CUST072,2025-10-09,6,43.68,262.08
SALE0000732,SOI0000735,BAT0000122,CUST072,2025-10-05,2,128.44,256.88
SALE0000733,SOI0000736,BAT0000495,CUST072,2025-10-05,1,46.46,46.46
SALE0000734,SOI0000737,BAT0000588,CUST082,2025-06-20,3,201.12,603.36
SALE0000735,SOI0000738,BAT0000807,CUST082,2025-06-22,3,36.06,108.18
SALE0000736,SOI0000739,BAT0000032,CUST066,2025-08-31,4,170.6,682.4
SALE0000737,SOI0000740,BAT0000027,CUST066,2025-09-01,4,129.51,518.04
SALE0000738,SOI0000741,BAT0000760,CUST099,2026-02-25,3,170.03,510.09
SALE0000739,SOI0000742,BAT0001172,CUST099,2026-02-23,5,93.56,467.8
SALE0000740,SOI0000743,BAT0000955,CUST078,2025-06-21,5,163.93,819.65
SALE0000741,SOI0000744,BAT0000687,CUST001,2025-05-25,3,70.86,212.58
SALE0000742,SOI0000745,BAT0000825,CUST001,2025-05-27,5,134.94,674.7
SALE0000743,SOI0000746,BAT0000831,CUST064,2026-05-08,4,181.12,724.48
SALE0000744,SOI0000747,BAT0000210,CUST064,2026-05-10,2,205.23,410.46
SALE0000745,SOI0000748,BAT0000655,CUST064,2026-05-10,3,112.78,338.34
SALE0000746,SOI0000749,BAT0000197,CUST024,2026-05-05,4,58.78,235.12
SALE0000747,SOI0000750,BAT0001328,CUST090,2025-08-17,5,82.97,414.85
SALE0000748,SOI0000751,BAT0000761,CUST090,2025-08-12,6,150.97,905.82
SALE0000749,SOI0000752,BAT0001211,CUST090,2025-08-15,5,139.95,699.75
SALE0000750,SOI0000753,BAT0001157,CUST038,2025-09-07,2,52.81,105.62
SALE0000751,SOI0000754,BAT0001328,CUST038,2025-09-08,4,102.39,409.56
SALE0000752,SOI0000755,BAT0000799,CUST010,2026-03-15,1,133.34,133.34
SALE0000753,SOI0000756,BAT0000695,CUST010,2026-03-12,5,167.38,836.9
SALE0000754,SOI0000757,BAT0000825,CUST098,2025-08-25,1,130.53,130.53
SALE0000755,SOI0000758,BAT0001112,CUST098,2025-08-29,3,22.15,66.45
SALE0000756,SOI0000759,BAT0000032,CUST098,2025-08-27,7,152.85,1069.95
SALE0000757,SOI0000760,BAT0000133,CUST028,2025-08-27,3,152.34,457.02
SALE0000758,SOI0000761,BAT0000001,CUST028,2025-08-25,5,101.17,505.85
SALE0000759,SOI0000762,BAT0001328,CUST028,2025-08-26,2,85.37,170.74
SALE0000760,SOI0000763,BAT0000506,CUST008,2025-11-18,4,71.43,285.72
SALE0000761,SOI0000764,BAT0001328,CUST008,2025-11-18,6,80.77,484.62
SALE0000762,SOI0000765,BAT0000431,CUST008,2025-11-18,1,82.35,82.35
SALE0000763,SOI0000766,BAT0001328,CUST011,2026-04-02,1,104.25,104.25
SALE0000764,SOI0000767,BAT0000370,CUST011,2026-04-03,2,70.04,140.08
SALE0000765,SOI0000768,BAT0000197,CUST011,2026-03-31,6,71.71,430.26
SALE0000766,SOI0000769,BAT0001328,CUST031,2026-04-01,7,106.86,748.02
SALE0000767,SOI0000770,BAT0000761,CUST031,2026-03-29,5,155.41,777.05
SALE0000768,SOI0000771,BAT0000189,CUST095,2025-06-16,1,125.41,125.41
SALE0000769,SOI0000772,BAT0001112,CUST095,2025-06-15,7,24.64,172.48
SALE0000770,SOI0000773,BAT0001328,CUST088,2026-02-05,2,105.68,211.36
SALE0000771,SOI0000774,BAT0000506,CUST088,2026-02-06,2,89.39,178.78
SALE0000772,SOI0000775,BAT0000687,CUST048,2025-11-18,2,75.24,150.48
SALE0000773,SOI0000776,BAT0000495,CUST018,2025-04-17,4,47.71,190.84
SALE0000774,SOI0000777,BAT0000197,CUST080,2025-09-15,1,75.21,75.21
SALE0000775,SOI0000778,BAT0000837,CUST080,2025-09-18,7,226.64,1586.48
SALE0000776,SOI0000779,BAT0001328,CUST030,2025-07-02,6,73.36,440.16
SALE0000777,SOI0000780,BAT0000001,CUST100,2026-03-03,2,71.86,143.72
SALE0000778,SOI0000781,BAT0000495,CUST091,2025-06-28,7,39.06,273.42
SALE0000779,SOI0000782,BAT0000754,CUST091,2025-06-27,5,201.01,1005.05
SALE0000780,SOI0000783,BAT0000831,CUST091,2025-06-25,6,198.67,1192.02
SALE0000781,SOI0000784,BAT0000755,CUST003,2025-07-11,6,207.75,1246.5
SALE0000782,SOI0000785,BAT0000761,CUST003,2025-07-16,5,117.55,587.75
SALE0000783,SOI0000786,BAT0000291,CUST003,2025-07-14,7,186.4,1304.8
SALE0000784,SOI0000787,BAT0000506,CUST046,2025-07-27,3,80.07,240.21
SALE0000785,SOI0000788,BAT0000850,CUST046,2025-07-27,1,235.12,235.12
SALE0000786,SOI0000789,BAT0000291,CUST046,2025-07-26,7,196.54,1375.78
SALE0000787,SOI0000790,BAT0000587,CUST027,2025-04-08,4,43.86,175.44
SALE0000788,SOI0000791,BAT0000133,CUST048,2026-04-20,1,147.69,147.69
SALE0000789,SOI0000792,BAT0000460,CUST048,2026-04-21,1,217.67,217.67
SALE0000790,SOI0000793,BAT0000197,CUST054,2025-04-24,1,70.2,70.2
SALE0000791,SOI0000794,BAT0000001,CUST034,2026-01-27,1,73.8,73.8
SALE0000792,SOI0000795,BAT0001048,CUST034,2026-01-26,4,84.51,338.04
SALE0000793,SOI0000796,BAT0000189,CUST075,2026-06-14,1,92.79,92.79
SALE0000794,SOI0000797,BAT0001174,CUST085,2025-08-01,6,78.58,471.48
SALE0000795,SOI0000798,BAT0000760,CUST089,2026-06-09,6,139.38,836.28
SALE0000796,SOI0000799,BAT0001174,CUST089,2026-06-08,5,103.76,518.8
SALE0000797,SOI0000800,BAT0001157,CUST076,2026-01-19,5,45.78,228.9
SALE0000798,SOI0000801,BAT0000460,CUST076,2026-01-18,1,217.07,217.07
SALE0000799,SOI0000802,BAT0000505,CUST076,2026-01-19,3,169.03,507.09
SALE0000800,SOI0000803,BAT0000761,CUST067,2025-04-07,4,123.0,492.0
SALE0000801,SOI0000804,BAT0000655,CUST043,2025-06-24,1,81.79,81.79
SALE0000802,SOI0000805,BAT0000996,CUST028,2026-06-26,3,248.13,744.39
SALE0000803,SOI0000806,BAT0000996,CUST033,2025-10-09,1,276.95,276.95
SALE0000804,SOI0000807,BAT0000587,CUST033,2025-10-08,3,39.92,119.76
SALE0000805,SOI0000808,BAT0000807,CUST036,2025-06-10,5,42.59,212.95
SALE0000806,SOI0000809,BAT0000825,CUST012,2025-12-17,2,144.55,289.1
SALE0000807,SOI0000810,BAT0000189,CUST012,2025-12-15,4,120.7,482.8
SALE0000808,SOI0000811,BAT0000686,CUST080,2025-10-24,7,141.69,991.83
SALE0000809,SOI0000812,BAT0000807,CUST009,2025-10-24,3,50.03,150.09
SALE0000810,SOI0000813,BAT0001048,CUST039,2026-03-01,6,64.74,388.44
SALE0000811,SOI0000814,BAT0000996,CUST039,2026-02-27,5,200.26,1001.3
SALE0000812,SOI0000815,BAT0000588,CUST039,2026-02-28,5,144.39,721.95
SALE0000813,SOI0000816,BAT0000760,CUST019,2025-12-16,2,187.88,375.76
SALE0000814,SOI0000817,BAT0000587,CUST027,2025-04-20,2,36.23,72.46
SALE0000815,SOI0000818,BAT0000430,CUST009,2025-10-13,2,78.08,156.16
SALE0000816,SOI0000819,BAT0000755,CUST091,2025-07-07,3,145.37,436.11
SALE0000817,SOI0000820,BAT0000631,CUST037,2025-11-02,3,145.65,436.95
SALE0000818,SOI0000821,BAT0001328,CUST095,2025-07-02,4,103.2,412.8
SALE0000819,SOI0000822,BAT0000837,CUST012,2026-04-19,3,255.43,766.29
SALE0000820,SOI0000823,BAT0000955,CUST012,2026-04-18,4,130.44,521.76
SALE0000821,SOI0000824,BAT0000755,CUST012,2026-04-15,1,175.7,175.7
SALE0000822,SOI0000825,BAT0000851,CUST019,2025-11-26,6,209.05,1254.3
SALE0000823,SOI0000826,BAT0000431,CUST019,2025-12-01,1,64.54,64.54
SALE0000824,SOI0000827,BAT0000001,CUST019,2025-11-29,5,104.15,520.75
SALE0000825,SOI0000828,BAT0000001,CUST058,2026-03-02,5,106.59,532.95
SALE0000826,SOI0000829,BAT0000291,CUST058,2026-03-01,6,186.25,1117.5
SALE0000827,SOI0000830,BAT0000507,CUST093,2025-07-06,3,65.19,195.57
SALE0000828,SOI0000831,BAT0000197,CUST093,2025-07-05,2,55.61,111.22
SALE0000829,SOI0000832,BAT0000430,CUST093,2025-07-06,1,91.09,91.09
SALE0000830,SOI0000833,BAT0000832,CUST054,2025-08-03,3,174.88,524.64
SALE0000831,SOI0000834,BAT0000001,CUST054,2025-08-03,5,115.14,575.7
SALE0000832,SOI0000835,BAT0000831,CUST054,2025-08-05,1,188.4,188.4
SALE0000833,SOI0000836,BAT0000032,CUST043,2025-11-18,2,156.23,312.46
SALE0000834,SOI0000837,BAT0000800,CUST043,2025-11-17,7,192.88,1350.16
SALE0000835,SOI0000838,BAT0000122,CUST054,2025-11-04,1,169.43,169.43
SALE0000836,SOI0000839,BAT0000189,CUST054,2025-11-09,5,131.12,655.6
SALE0000837,SOI0000840,BAT0000832,CUST054,2025-11-05,2,145.99,291.98
SALE0000838,SOI0000841,BAT0001169,CUST032,2026-03-05,4,19.84,79.36
SALE0000839,SOI0000842,BAT0000505,CUST032,2026-03-04,2,130.34,260.68
SALE0000840,SOI0000843,BAT0000755,CUST026,2025-08-08,6,144.01,864.06
SALE0000841,SOI0000844,BAT0000370,CUST026,2025-08-12,2,69.6,139.2
SALE0000842,SOI0000845,BAT0000655,CUST066,2026-05-05,5,126.09,630.45
SALE0000843,SOI0000846,BAT0000831,CUST066,2026-05-08,4,196.72,786.88
SALE0000844,SOI0000847,BAT0000832,CUST058,2026-03-25,3,151.47,454.41
SALE0000845,SOI0000848,BAT0000839,CUST005,2026-06-26,5,68.43,342.15
SALE0000846,SOI0000849,BAT0000189,CUST005,2026-06-27,6,87.59,525.54
SALE0000847,SOI0000850,BAT0000631,CUST005,2026-06-23,4,180.97,723.88
SALE0000848,SOI0000851,BAT0000689,CUST091,2025-12-16,5,75.73,378.65
SALE0000849,SOI0000852,BAT0001211,CUST091,2025-12-14,1,113.52,113.52
SALE0000850,SOI0000853,BAT0000686,CUST079,2025-06-03,6,175.3,1051.8
SALE0000851,SOI0000854,BAT0000032,CUST060,2026-03-17,2,148.75,297.5
SALE0000852,SOI0000855,BAT0000996,CUST060,2026-03-17,3,233.11,699.33
SALE0000853,SOI0000856,BAT0001211,CUST060,2026-03-17,3,120.44,361.32
SALE0000854,SOI0000857,BAT0000370,CUST004,2026-06-10,2,70.48,140.96
SALE0000855,SOI0000858,BAT0000760,CUST004,2026-06-07,1,132.46,132.46
SALE0000856,SOI0000859,BAT0001067,CUST010,2025-11-03,3,112.95,338.85
SALE0000857,SOI0000860,BAT0000819,CUST010,2025-10-31,2,157.9,315.8
SALE0000858,SOI0000861,BAT0001174,CUST041,2026-03-18,2,83.43,166.86
SALE0000859,SOI0000862,BAT0000837,CUST041,2026-03-19,2,225.85,451.7
SALE0000860,SOI0000863,BAT0000695,CUST041,2026-03-19,4,182.92,731.68
SALE0000861,SOI0000864,BAT0000133,CUST066,2025-11-30,3,166.61,499.83
SALE0000862,SOI0000865,BAT0000507,CUST043,2026-02-15,3,64.09,192.27
SALE0000863,SOI0000866,BAT0000032,CUST044,2026-06-05,7,213.06,1491.42
SALE0000864,SOI0000867,BAT0001113,CUST031,2025-06-28,3,87.81,263.43
SALE0000865,SOI0000868,BAT0000832,CUST031,2025-07-01,1,123.91,123.91
SALE0000866,SOI0000869,BAT0000507,CUST031,2025-06-27,4,77.49,309.96
SALE0000867,SOI0000870,BAT0000027,CUST076,2026-03-23,7,96.56,675.92
SALE0000868,SOI0000871,BAT0000839,CUST076,2026-03-26,4,53.73,214.92
SALE0000869,SOI0000872,BAT0000587,CUST096,2025-08-07,1,42.53,42.53
SALE0000870,SOI0000873,BAT0000210,CUST073,2025-10-22,7,164.87,1154.09
SALE0000871,SOI0000874,BAT0001067,CUST073,2025-10-18,6,134.72,808.32
SALE0000872,SOI0000875,BAT0000027,CUST073,2025-10-21,1,96.47,96.47
SALE0000873,SOI0000876,BAT0000760,CUST091,2025-10-15,1,130.78,130.78
SALE0000874,SOI0000877,BAT0000655,CUST091,2025-10-19,7,81.58,571.06
SALE0000875,SOI0000878,BAT0000800,CUST054,2026-02-10,4,142.65,570.6
SALE0000876,SOI0000879,BAT0000291,CUST054,2026-02-09,4,191.91,767.64
SALE0000877,SOI0000880,BAT0000189,CUST098,2026-06-16,5,84.32,421.6
SALE0000878,SOI0000881,BAT0000291,CUST023,2025-10-05,7,199.59,1397.13
SALE0000879,SOI0000882,BAT0000133,CUST004,2026-02-18,2,135.81,271.62
SALE0000880,SOI0000883,BAT0001211,CUST036,2026-03-20,4,158.0,632.0
SALE0000881,SOI0000884,BAT0000430,CUST036,2026-03-14,3,67.35,202.05
SALE0000882,SOI0000885,BAT0000807,CUST051,2025-08-15,6,47.1,282.6
SALE0000883,SOI0000886,BAT0001068,CUST051,2025-08-14,4,182.64,730.56
SALE0000884,SOI0000887,BAT0000027,CUST089,2026-05-14,1,131.95,131.95
SALE0000885,SOI0000888,BAT0000832,CUST089,2026-05-18,3,132.8,398.4
SALE0000886,SOI0000889,BAT0000655,CUST089,2026-05-18,3,102.0,306.0
SALE0000887,SOI0000890,BAT0000210,CUST008,2026-04-18,5,155.98,779.9
SALE0000888,SOI0000891,BAT0000831,CUST008,2026-04-14,4,190.87,763.48
SALE0000889,SOI0000892,BAT0001211,CUST008,2026-04-18,1,149.41,149.41
SALE0000890,SOI0000893,BAT0000460,CUST046,2025-10-20,7,226.76,1587.32
SALE0000891,SOI0000894,BAT0000197,CUST004,2025-07-12,1,75.07,75.07
SALE0000892,SOI0000895,BAT0001169,CUST004,2025-07-13,5,28.74,143.7
SALE0000893,SOI0000896,BAT0001211,CUST060,2026-04-10,2,157.97,315.94
SALE0000894,SOI0000897,BAT0000507,CUST060,2026-04-12,1,69.69,69.69
SALE0000895,SOI0000898,BAT0001112,CUST060,2026-04-10,3,32.83,98.49
SALE0000896,SOI0000899,BAT0000505,CUST038,2025-08-10,3,129.06,387.18
SALE0000897,SOI0000900,BAT0000587,CUST038,2025-08-12,5,39.17,195.85
SALE0000898,SOI0000901,BAT0000430,CUST038,2025-08-13,2,80.08,160.16
SALE0000899,SOI0000902,BAT0000197,CUST045,2025-09-27,1,75.69,75.69
SALE0000900,SOI0000903,BAT0000370,CUST045,2025-09-25,6,74.57,447.42
SALE0000901,SOI0000904,BAT0000837,CUST074,2025-12-08,4,181.22,724.88
SALE0000902,SOI0000905,BAT0001169,CUST074,2025-12-08,5,25.14,125.7
SALE0000903,SOI0000906,BAT0000996,CUST074,2025-12-08,1,208.5,208.5
SALE0000904,SOI0000907,BAT0000996,CUST063,2025-07-10,5,187.19,935.95
SALE0000905,SOI0000908,BAT0001171,CUST057,2025-10-15,6,23.65,141.9
SALE0000906,SOI0000909,BAT0001112,CUST057,2025-10-17,3,23.69,71.07
SALE0000907,SOI0000910,BAT0000812,CUST057,2025-10-17,5,112.13,560.65
SALE0000908,SOI0000911,BAT0001112,CUST053,2025-11-25,4,23.89,95.56
SALE0000909,SOI0000912,BAT0001068,CUST093,2026-04-09,6,167.64,1005.84
SALE0000910,SOI0000913,BAT0000032,CUST093,2026-04-08,3,180.44,541.32
SALE0000911,SOI0000914,BAT0000539,CUST020,2025-07-30,5,26.52,132.6
SALE0000912,SOI0000915,BAT0000122,CUST020,2025-07-28,6,148.49,890.94
SALE0000913,SOI0000916,BAT0000507,CUST020,2025-07-28,1,72.36,72.36
SALE0000914,SOI0000917,BAT0000761,CUST095,2025-11-11,6,133.88,803.28
SALE0000915,SOI0000918,BAT0000495,CUST095,2025-11-16,6,47.57,285.42
SALE0000916,SOI0000919,BAT0000001,CUST089,2026-01-03,3,114.69,344.07
SALE0000917,SOI0000920,BAT0001112,CUST089,2026-01-05,3,29.52,88.56
SALE0000918,SOI0000921,BAT0000197,CUST089,2026-01-03,2,62.69,125.38
SALE0000919,SOI0000922,BAT0000689,CUST057,2025-04-20,3,95.11,285.33
SALE0000920,SOI0000923,BAT0000631,CUST048,2025-11-15,2,231.64,463.28
SALE0000921,SOI0000924,BAT0000839,CUST048,2025-11-15,1,62.01,62.01
SALE0000922,SOI0000925,BAT0001157,CUST048,2025-11-13,1,47.37,47.37
SALE0000923,SOI0000926,BAT0001157,CUST007,2025-05-31,3,62.01,186.03
SALE0000924,SOI0000927,BAT0000761,CUST007,2025-05-30,4,127.29,509.16
SALE0000925,SOI0000928,BAT0001067,CUST028,2025-04-26,7,114.47,801.29
SALE0000926,SOI0000929,BAT0000812,CUST019,2026-02-06,3,95.42,286.26
SALE0000927,SOI0000930,BAT0000813,CUST018,2026-02-21,2,73.93,147.86
SALE0000928,SOI0000931,BAT0001112,CUST066,2026-02-06,7,27.38,191.66
SALE0000929,SOI0000932,BAT0001171,CUST066,2026-02-04,5,23.19,115.95
SALE0000930,SOI0000933,BAT0000839,CUST025,2025-04-23,3,62.96,188.88
SALE0000931,SOI0000935,BAT0001068,CUST094,2025-11-08,6,175.65,1053.9
SALE0000932,SOI0000936,BAT0000955,CUST094,2025-11-04,4,160.45,641.8
SALE0000933,SOI0000937,BAT0000495,CUST094,2025-11-06,5,40.2,201.0
SALE0000934,SOI0000938,BAT0001068,CUST048,2025-06-10,3,136.84,410.52
SALE0000935,SOI0000939,BAT0000027,CUST050,2026-03-04,3,129.88,389.64
SALE0000936,SOI0000940,BAT0001112,CUST050,2026-03-08,1,24.19,24.19
SALE0000937,SOI0000941,BAT0001211,CUST070,2025-04-09,6,111.02,666.12
SALE0000938,SOI0000942,BAT0000122,CUST070,2025-04-12,6,178.85,1073.1
SALE0000939,SOI0000943,BAT0001171,CUST070,2025-04-12,1,22.12,22.12
SALE0000940,SOI0000944,BAT0000800,CUST065,2025-09-02,1,195.84,195.84
SALE0000941,SOI0000945,BAT0000631,CUST065,2025-08-30,6,151.32,907.92
SALE0000942,SOI0000946,BAT0000831,CUST044,2025-09-29,5,141.81,709.05
SALE0000943,SOI0000947,BAT0000782,CUST044,2025-09-25,3,174.11,522.33
SALE0000944,SOI0000948,BAT0000755,CUST044,2025-09-24,5,186.0,930.0
SALE0000945,SOI0000949,BAT0000996,CUST088,2025-06-29,1,241.51,241.51
SALE0000946,SOI0000950,BAT0001328,CUST088,2025-06-26,3,83.35,250.05
SALE0000947,SOI0000951,BAT0000505,CUST010,2026-05-15,3,161.6,484.8
SALE0000948,SOI0000952,BAT0000761,CUST010,2026-05-13,1,125.33,125.33
SALE0000949,SOI0000953,BAT0000507,CUST010,2026-05-13,4,85.54,342.16
SALE0000950,SOI0000954,BAT0000431,CUST091,2026-02-15,6,98.66,591.96
SALE0000951,SOI0000955,BAT0000430,CUST037,2025-08-18,2,101.44,202.88
SALE0000952,SOI0000956,BAT0000689,CUST037,2025-08-20,6,70.18,421.08
SALE0000953,SOI0000957,BAT0001048,CUST037,2025-08-17,2,94.41,188.82
SALE0000954,SOI0000958,BAT0000430,CUST003,2025-08-24,7,71.36,499.52
SALE0000955,SOI0000959,BAT0000689,CUST040,2025-06-30,4,85.62,342.48
SALE0000956,SOI0000960,BAT0000695,CUST041,2025-12-12,3,191.69,575.07
SALE0000957,SOI0000961,BAT0000998,CUST041,2025-12-11,2,184.45,368.9
SALE0000958,SOI0000962,BAT0001068,CUST041,2025-12-11,3,131.54,394.62
SALE0000959,SOI0000963,BAT0000760,CUST027,2026-05-01,1,126.39,126.39
SALE0000960,SOI0000964,BAT0000851,CUST027,2026-05-02,4,247.46,989.84
SALE0000961,SOI0000965,BAT0001328,CUST022,2026-05-25,6,79.52,477.12
SALE0000962,SOI0000966,BAT0000027,CUST022,2026-05-25,4,135.11,540.44
SALE0000963,SOI0000967,BAT0000495,CUST082,2026-04-03,7,43.47,304.29
SALE0000964,SOI0000968,BAT0001171,CUST082,2026-04-02,1,26.08,26.08
SALE0000965,SOI0000969,BAT0000998,CUST043,2026-03-08,4,178.99,715.96
SALE0000966,SOI0000970,BAT0000027,CUST043,2026-03-05,1,87.35,87.35
SALE0000967,SOI0000971,BAT0000819,CUST032,2025-04-15,3,196.92,590.76
SALE0000968,SOI0000973,BAT0001067,CUST006,2026-04-12,5,86.76,433.8
SALE0000969,SOI0000974,BAT0000505,CUST023,2026-02-19,1,183.94,183.94
SALE0000970,SOI0000975,BAT0000431,CUST023,2026-02-20,3,95.58,286.74
SALE0000971,SOI0000976,BAT0000686,CUST039,2026-02-10,5,138.84,694.2
SALE0000972,SOI0000977,BAT0000760,CUST039,2026-02-08,5,173.14,865.7
SALE0000973,SOI0000978,BAT0000825,CUST045,2025-04-16,4,106.5,426.0
SALE0000974,SOI0000979,BAT0000032,CUST045,2025-04-18,6,201.39,1208.34
SALE0000975,SOI0000980,BAT0001211,CUST093,2025-07-03,7,167.24,1170.68
SALE0000976,SOI0000981,BAT0001068,CUST093,2025-07-07,5,202.19,1010.95
SALE0000977,SOI0000982,BAT0001180,CUST093,2025-07-04,2,169.44,338.88
SALE0000978,SOI0000983,BAT0000495,CUST086,2025-06-22,4,38.57,154.28
SALE0000979,SOI0000984,BAT0000886,CUST086,2025-06-23,7,98.1,686.7
SALE0000980,SOI0000985,BAT0000716,CUST086,2025-06-20,5,59.88,299.4
SALE0000981,SOI0000986,BAT0000716,CUST067,2025-07-06,3,78.95,236.85
SALE0000982,SOI0000987,BAT0000819,CUST067,2025-07-03,7,220.59,1544.13
SALE0000983,SOI0000988,BAT0000886,CUST067,2025-07-06,5,118.0,590.0
SALE0000984,SOI0000989,BAT0000851,CUST052,2026-02-18,1,219.73,219.73
SALE0000985,SOI0000990,BAT0001211,CUST052,2026-02-16,1,166.8,166.8
SALE0000986,SOI0000991,BAT0000735,CUST052,2026-02-19,2,186.78,373.56
SALE0000987,SOI0000992,BAT0000832,CUST081,2026-01-18,4,110.29,441.16
SALE0000988,SOI0000993,BAT0000197,CUST081,2026-01-16,1,68.45,68.45
SALE0000989,SOI0000994,BAT0000587,CUST069,2025-12-06,1,50.05,50.05
SALE0000990,SOI0000995,BAT0001171,CUST065,2026-02-09,2,23.51,47.02
SALE0000991,SOI0000996,BAT0000716,CUST065,2026-02-09,2,77.96,155.92
SALE0000992,SOI0000997,BAT0000837,CUST065,2026-02-07,2,218.61,437.22
SALE0000993,SOI0000998,BAT0000431,CUST026,2025-11-25,3,75.61,226.83
SALE0000994,SOI0000999,BAT0000197,CUST026,2025-11-27,5,57.31,286.55
SALE0000995,SOI0001000,BAT0000686,CUST026,2025-11-27,2,174.7,349.4
SALE0000996,SOI0001001,BAT0000189,CUST042,2025-07-23,4,95.03,380.12
SALE0000997,SOI0001002,BAT0001180,CUST061,2026-03-20,3,133.18,399.54
SALE0000998,SOI0001003,BAT0000913,CUST061,2026-03-15,7,61.17,428.19
SALE0000999,SOI0001004,BAT0000825,CUST037,2026-06-28,6,104.39,626.34
SALE0001000,SOI0001005,BAT0001068,CUST092,2025-12-08,1,130.57,130.57
SALE0001001,SOI0001006,BAT0001136,CUST092,2025-12-14,3,92.86,278.58
SALE0001002,SOI0001007,BAT0001180,CUST092,2025-12-14,4,210.85,843.4
SALE0001003,SOI0001008,BAT0000851,CUST094,2026-06-06,1,180.99,180.99
SALE0001004,SOI0001009,BAT0000831,CUST094,2026-06-03,6,211.75,1270.5
SALE0001005,SOI0001010,BAT0000782,CUST094,2026-06-04,5,181.22,906.1
SALE0001006,SOI0001011,BAT0000760,CUST068,2026-06-02,1,131.4,131.4
SALE0001007,SOI0001012,BAT0000837,CUST068,2026-06-07,3,231.6,694.8
SALE0001008,SOI0001013,BAT0000839,CUST068,2026-06-05,2,48.26,96.52
SALE0001009,SOI0001014,BAT0001136,CUST083,2026-04-28,4,91.61,366.44
SALE0001010,SOI0001015,BAT0000133,CUST083,2026-04-25,2,144.14,288.28
SALE0001011,SOI0001017,BAT0001068,CUST026,2025-04-10,4,193.27,773.08
SALE0001012,SOI0001018,BAT0000760,CUST026,2025-04-10,7,136.18,953.26
SALE0001013,SOI0001019,BAT0000763,CUST064,2026-04-18,6,103.96,623.76
SALE0001014,SOI0001020,BAT0001328,CUST064,2026-04-17,4,72.13,288.52
SALE0001015,SOI0001021,BAT0000189,CUST066,2025-05-22,3,135.19,405.57
SALE0001016,SOI0001022,BAT0000851,CUST042,2026-01-19,7,240.52,1683.64
SALE0001017,SOI0001023,BAT0001210,CUST079,2025-07-19,2,166.28,332.56
SALE0001018,SOI0001024,BAT0000197,CUST079,2025-07-22,7,68.25,477.75
SALE0001019,SOI0001025,BAT0000812,CUST079,2025-07-24,3,117.73,353.19
SALE0001020,SOI0001026,BAT0000763,CUST032,2026-02-11,7,137.7,963.9
SALE0001021,SOI0001027,BAT0000122,CUST032,2026-02-11,5,159.05,795.25
SALE0001022,SOI0001028,BAT0000027,CUST032,2026-02-15,5,92.32,461.6
SALE0001023,SOI0001029,BAT0000495,CUST086,2025-10-28,6,34.23,205.38
SALE0001024,SOI0001030,BAT0000505,CUST086,2025-10-24,4,168.66,674.64
SALE0001025,SOI0001031,BAT0000462,CUST014,2025-04-14,3,151.0,453.0
SALE0001026,SOI0001032,BAT0000539,CUST014,2025-04-15,6,33.64,201.84
SALE0001027,SOI0001033,BAT0000123,CUST018,2026-01-04,2,136.66,273.32
SALE0001028,SOI0001034,BAT0000695,CUST078,2025-05-03,6,160.13,960.78
SALE0001029,SOI0001035,BAT0000123,CUST078,2025-05-05,7,174.34,1220.38
SALE0001030,SOI0001036,BAT0000851,CUST078,2025-05-02,1,218.87,218.87
SALE0001031,SOI0001037,BAT0000695,CUST018,2025-07-07,2,193.68,387.36
SALE0001032,SOI0001038,BAT0000832,CUST018,2025-07-06,3,121.23,363.69
SALE0001033,SOI0001039,BAT0001136,CUST068,2026-06-18,6,83.04,498.24
SALE0001034,SOI0001040,BAT0000197,CUST068,2026-06-21,7,61.02,427.14
SALE0001035,SOI0001041,BAT0001171,CUST050,2025-07-22,7,18.87,132.09
SALE0001036,SOI0001042,BAT0000210,CUST050,2025-07-18,2,141.09,282.18
SALE0001037,SOI0001043,BAT0000507,CUST050,2025-07-21,7,81.41,569.87
SALE0001038,SOI0001044,BAT0000831,CUST005,2025-06-21,5,190.47,952.35
SALE0001039,SOI0001045,BAT0000813,CUST005,2025-06-17,1,103.1,103.1
SALE0001040,SOI0001046,BAT0000197,CUST005,2025-06-21,7,56.81,397.67
SALE0001041,SOI0001047,BAT0001210,CUST011,2025-08-30,3,156.78,470.34
SALE0001042,SOI0001048,BAT0000460,CUST011,2025-08-31,4,204.63,818.52
SALE0001043,SOI0001049,BAT0000210,CUST079,2026-05-04,7,177.38,1241.66
SALE0001044,SOI0001050,BAT0000291,CUST079,2026-05-03,7,166.37,1164.59
SALE0001045,SOI0001051,BAT0000686,CUST079,2026-05-08,1,128.05,128.05
SALE0001046,SOI0001052,BAT0000179,CUST065,2026-04-01,6,161.18,967.08
SALE0001047,SOI0001053,BAT0000507,CUST075,2026-02-16,4,82.36,329.44
SALE0001048,SOI0001054,BAT0000839,CUST075,2026-02-18,3,44.75,134.25
SALE0001049,SOI0001055,BAT0000913,CUST075,2026-02-20,2,59.94,119.88
SALE0001050,SOI0001056,BAT0001328,CUST097,2026-06-27,1,108.6,108.6
SALE0001051,SOI0001057,BAT0000370,CUST097,2026-06-27,1,62.9,62.9
SALE0001052,SOI0001058,BAT0000763,CUST024,2025-05-22,3,134.23,402.69
SALE0001053,SOI0001059,BAT0000123,CUST024,2025-05-23,5,184.33,921.65
SALE0001054,SOI0001061,BAT0000495,CUST033,2025-04-04,1,38.01,38.01
SALE0001055,SOI0001062,BAT0000370,CUST055,2025-10-09,5,56.9,284.5
SALE0001056,SOI0001063,BAT0001157,CUST055,2025-10-09,4,42.17,168.68
SALE0001057,SOI0001064,BAT0000430,CUST055,2025-10-08,3,103.72,311.16
SALE0001058,SOI0001065,BAT0000686,CUST078,2025-05-24,3,171.34,514.02
SALE0001059,SOI0001066,BAT0000825,CUST078,2025-05-27,5,138.19,690.95
SALE0001060,SOI0001067,BAT0000839,CUST099,2026-01-06,7,42.75,299.25
SALE0001061,SOI0001068,BAT0001048,CUST082,2025-07-19,5,59.94,299.7
SALE0001062,SOI0001069,BAT0000807,CUST042,2026-04-18,7,41.44,290.08
SALE0001063,SOI0001070,BAT0001132,CUST042,2026-04-21,7,145.62,1019.34
SALE0001064,SOI0001071,BAT0000763,CUST042,2026-04-22,2,117.16,234.32
SALE0001065,SOI0001072,BAT0000782,CUST046,2026-03-27,3,159.6,478.8
SALE0001066,SOI0001073,BAT0001210,CUST046,2026-03-29,2,137.27,274.54
SALE0001067,SOI0001074,BAT0000112,CUST046,2026-03-31,1,237.1,237.1
SALE0001068,SOI0001075,BAT0000370,CUST083,2026-01-22,5,70.04,350.2
SALE0001069,SOI0001076,BAT0000112,CUST073,2025-07-23,7,159.45,1116.15
SALE0001070,SOI0001077,BAT0000032,CUST073,2025-07-22,3,200.06,600.18
SALE0001071,SOI0001078,BAT0000760,CUST073,2025-07-20,5,194.98,974.9
SALE0001072,SOI0001079,BAT0001136,CUST060,2026-02-28,4,72.86,291.44
SALE0001073,SOI0001080,BAT0000602,CUST060,2026-03-03,3,149.14,447.42
SALE0001074,SOI0001081,BAT0000825,CUST060,2026-03-01,1,122.73,122.73
SALE0001075,SOI0001082,BAT0000812,CUST021,2025-06-25,3,127.1,381.3
SALE0001076,SOI0001083,BAT0001157,CUST002,2026-01-26,2,54.46,108.92
SALE0001077,SOI0001084,BAT0001180,CUST002,2026-01-24,1,148.8,148.8
SALE0001078,SOI0001085,BAT0000179,CUST040,2026-01-19,2,146.07,292.14
SALE0001079,SOI0001086,BAT0001067,CUST040,2026-01-16,3,94.04,282.12
SALE0001080,SOI0001087,BAT0000123,CUST025,2025-04-22,1,124.12,124.12
SALE0001081,SOI0001088,BAT0001067,CUST025,2025-04-23,3,120.29,360.87
SALE0001082,SOI0001089,BAT0000370,CUST025,2025-04-23,5,70.92,354.6
SALE0001083,SOI0001090,BAT0000631,CUST041,2025-07-04,1,173.73,173.73
SALE0001084,SOI0001091,BAT0001157,CUST040,2026-03-16,5,61.88,309.4
SALE0001085,SOI0001092,BAT0000123,CUST040,2026-03-15,2,149.85,299.7
SALE0001086,SOI0001093,BAT0000813,CUST040,2026-03-18,1,114.59,114.59
SALE0001087,SOI0001094,BAT0000886,CUST022,2026-02-11,2,134.05,268.1
SALE0001088,SOI0001095,BAT0000755,CUST022,2026-02-14,1,187.93,187.93
SALE0001089,SOI0001096,BAT0001136,CUST047,2025-07-02,5,96.62,483.1
SALE0001090,SOI0001097,BAT0001157,CUST035,2025-06-21,6,52.87,317.22
SALE0001091,SOI0001098,BAT0000291,CUST095,2026-05-20,7,199.19,1394.33
SALE0001092,SOI0001099,BAT0000886,CUST075,2025-07-07,3,87.18,261.54
SALE0001093,SOI0001100,BAT0001180,CUST075,2025-07-09,3,144.17,432.51
SALE0001094,SOI0001101,BAT0000812,CUST041,2025-09-16,1,122.61,122.61
SALE0001095,SOI0001102,BAT0001157,CUST041,2025-09-13,2,50.58,101.16
SALE0001096,SOI0001103,BAT0001210,CUST035,2025-06-12,7,131.58,921.06
SALE0001097,SOI0001104,BAT0000123,CUST035,2025-06-15,1,181.61,181.61
SALE0001098,SOI0001105,BAT0000495,CUST005,2025-04-24,2,36.32,72.64
SALE0001099,SOI0001106,BAT0000832,CUST084,2026-01-30,3,124.1,372.3
SALE0001100,SOI0001107,BAT0000197,CUST084,2026-02-04,3,60.38,181.14
SALE0001101,SOI0001108,BAT0001136,CUST084,2026-02-03,1,93.62,93.62
SALE0001102,SOI0001109,BAT0001112,CUST045,2025-06-12,6,32.79,196.74
SALE0001103,SOI0001110,BAT0000189,CUST045,2025-06-16,1,118.93,118.93
SALE0001104,SOI0001111,BAT0000602,CUST032,2025-10-10,3,136.08,408.24
SALE0001105,SOI0001112,BAT0000913,CUST032,2025-10-11,2,52.19,104.38
SALE0001106,SOI0001113,BAT0001048,CUST032,2025-10-10,1,71.62,71.62
SALE0001107,SOI0001114,BAT0000631,CUST012,2026-03-25,1,226.71,226.71
SALE0001108,SOI0001115,BAT0000111,CUST012,2026-03-24,7,94.79,663.53
SALE0001109,SOI0001116,BAT0000695,CUST011,2025-08-22,1,149.97,149.97
SALE0001110,SOI0001117,BAT0001157,CUST011,2025-08-21,3,40.78,122.34
SALE0001111,SOI0001118,BAT0000886,CUST063,2025-04-23,5,127.86,639.3
SALE0001112,SOI0001119,BAT0000851,CUST063,2025-04-22,6,205.3,1231.8
SALE0001113,SOI0001120,BAT0000813,CUST063,2025-04-23,5,86.15,430.75
SALE0001114,SOI0001121,BAT0001048,CUST018,2025-04-10,6,93.56,561.36
SALE0001115,SOI0001122,BAT0000812,CUST026,2026-02-15,6,105.68,634.08
SALE0001116,SOI0001123,BAT0000913,CUST026,2026-02-16,1,38.0,38.0
SALE0001117,SOI0001124,BAT0001210,CUST016,2025-12-09,6,148.38,890.28
SALE0001118,SOI0001125,BAT0000716,CUST016,2025-12-07,2,67.71,135.42
SALE0001119,SOI0001126,BAT0001171,CUST055,2025-06-05,4,19.93,79.72
SALE0001120,SOI0001127,BAT0000913,CUST075,2026-01-05,4,52.7,210.8
SALE0001121,SOI0001128,BAT0000180,CUST026,2025-09-23,4,124.01,496.04
SALE0001122,SOI0001129,BAT0000210,CUST080,2025-12-25,2,195.38,390.76
SALE0001123,SOI0001130,BAT0000886,CUST080,2025-12-20,1,91.99,91.99
SALE0001124,SOI0001131,BAT0000782,CUST067,2026-02-10,3,160.91,482.73
SALE0001125,SOI0001132,BAT0000302,CUST053,2025-12-31,6,44.62,267.72
SALE0001126,SOI0001133,BAT0001210,CUST053,2025-12-29,3,128.05,384.15
SALE0001127,SOI0001134,BAT0000913,CUST005,2025-09-10,3,45.28,135.84
SALE0001128,SOI0001135,BAT0000505,CUST005,2025-09-07,2,175.38,350.76
SALE0001129,SOI0001136,BAT0000812,CUST076,2025-11-06,2,105.4,210.8
SALE0001130,SOI0001137,BAT0001210,CUST076,2025-11-05,3,115.73,347.19
SALE0001131,SOI0001138,BAT0000291,CUST032,2026-06-17,6,151.83,910.98
SALE0001132,SOI0001139,BAT0000755,CUST032,2026-06-22,3,198.64,595.92
SALE0001133,SOI0001140,BAT0000495,CUST008,2025-05-22,2,32.82,65.64
SALE0001134,SOI0001142,BAT0000735,CUST027,2026-04-10,1,161.21,161.21
SALE0001135,SOI0001143,BAT0001067,CUST015,2025-07-13,2,118.28,236.56
SALE0001136,SOI0001144,BAT0000813,CUST015,2025-08-25,7,118.6,830.2
SALE0001137,SOI0001145,BAT0000179,CUST015,2025-08-23,1,176.92,176.92
SALE0001138,SOI0001146,BAT0000197,CUST015,2025-08-24,1,65.18,65.18
SALE0001139,SOI0001147,BAT0000111,CUST059,2025-04-08,5,90.7,453.5
SALE0001140,SOI0001148,BAT0000695,CUST059,2025-04-12,3,191.86,575.58
SALE0001141,SOI0001149,BAT0000695,CUST041,2025-04-18,2,147.33,294.66
SALE0001142,SOI0001151,BAT0000763,CUST041,2025-04-18,4,128.69,514.76
SALE0001143,SOI0001152,BAT0000602,CUST075,2026-05-06,1,190.97,190.97
SALE0001144,SOI0001153,BAT0000462,CUST075,2026-05-08,2,155.91,311.82
SALE0001145,SOI0001154,BAT0000813,CUST059,2025-07-12,7,109.46,766.22
SALE0001146,SOI0001155,BAT0001210,CUST059,2025-07-13,5,115.33,576.65
SALE0001147,SOI0001156,BAT0000460,CUST052,2025-12-10,5,160.5,802.5
SALE0001148,SOI0001157,BAT0000507,CUST052,2025-12-12,1,84.1,84.1
SALE0001149,SOI0001158,BAT0001048,CUST075,2026-01-25,6,78.3,469.8
SALE0001150,SOI0001159,BAT0000027,CUST075,2026-01-22,6,118.7,712.2
SALE0001151,SOI0001160,BAT0000539,CUST075,2026-01-24,2,24.07,48.14
SALE0001152,SOI0001161,BAT0000811,CUST010,2026-06-09,3,63.61,190.83
SALE0001153,SOI0001162,BAT0000179,CUST061,2026-06-19,6,149.89,899.34
SALE0001154,SOI0001163,BAT0000431,CUST061,2026-06-19,2,78.72,157.44
SALE0001155,SOI0001164,BAT0000032,CUST061,2026-06-16,7,163.83,1146.81
SALE0001156,SOI0001165,BAT0000460,CUST026,2025-10-18,1,188.57,188.57
SALE0001157,SOI0001166,BAT0000839,CUST041,2026-05-31,3,48.74,146.22
SALE0001158,SOI0001167,BAT0000851,CUST041,2026-06-01,1,185.9,185.9
SALE0001159,SOI0001168,BAT0000631,CUST049,2026-01-30,2,155.04,310.08
SALE0001160,SOI0001169,BAT0001113,CUST016,2026-05-04,6,86.44,518.64
SALE0001161,SOI0001170,BAT0001112,CUST016,2026-05-07,4,21.56,86.24
SALE0001162,SOI0001171,BAT0000735,CUST074,2026-04-12,1,235.51,235.51
SALE0001163,SOI0001172,BAT0000112,CUST074,2026-04-13,1,204.65,204.65
SALE0001164,SOI0001173,BAT0001113,CUST074,2026-04-08,3,93.21,279.63
SALE0001165,SOI0001174,BAT0000505,CUST058,2025-09-04,4,144.78,579.12
SALE0001166,SOI0001178,BAT0001210,CUST069,2025-09-10,4,166.25,665.0
SALE0001167,SOI0001179,BAT0000602,CUST069,2025-09-12,1,188.57,188.57
SALE0001168,SOI0001180,BAT0001171,CUST099,2025-10-03,7,20.46,143.22
SALE0001169,SOI0001181,BAT0001180,CUST099,2025-10-05,7,138.44,969.08
SALE0001170,SOI0001182,BAT0000370,CUST050,2025-11-05,5,63.44,317.2
SALE0001171,SOI0001183,BAT0000811,CUST061,2026-04-30,1,45.22,45.22
SALE0001172,SOI0001184,BAT0001180,CUST079,2026-06-22,3,209.4,628.2
SALE0001173,SOI0001185,BAT0000755,CUST079,2026-06-23,2,184.02,368.04
SALE0001174,SOI0001186,BAT0001112,CUST011,2025-10-14,1,29.55,29.55
SALE0001175,SOI0001187,BAT0000716,CUST011,2025-10-13,6,69.12,414.72
SALE0001176,SOI0001188,BAT0001132,CUST011,2025-10-13,1,142.04,142.04
SALE0001177,SOI0001189,BAT0000763,CUST083,2025-11-21,3,124.55,373.65
SALE0001178,SOI0001190,BAT0000430,CUST095,2025-08-09,1,66.59,66.59
SALE0001179,SOI0001191,BAT0000602,CUST095,2025-08-09,1,175.27,175.27
SALE0001180,SOI0001192,BAT0001132,CUST002,2026-04-13,6,184.21,1105.26
SALE0001181,SOI0001193,BAT0000755,CUST002,2026-04-11,6,174.16,1044.96
SALE0001182,SOI0001194,BAT0000851,CUST002,2026-04-13,6,183.25,1099.5
SALE0001183,SOI0001195,BAT0000123,CUST088,2025-09-04,1,133.08,133.08
SALE0001184,SOI0001196,BAT0001071,CUST088,2025-09-03,5,124.39,621.95
SALE0001185,SOI0001197,BAT0000913,CUST088,2025-09-03,3,45.38,136.14
SALE0001186,SOI0001198,BAT0000027,CUST069,2026-06-19,2,134.54,269.08
SALE0001187,SOI0001199,BAT0000189,CUST090,2025-04-23,7,100.93,706.51
SALE0001188,SOI0001200,BAT0000124,CUST047,2025-06-23,1,148.07,148.07
SALE0001189,SOI0001201,BAT0000505,CUST052,2025-10-05,6,125.69,754.14
SALE0001190,SOI0001202,BAT0000433,CUST052,2025-10-06,6,106.02,636.12
SALE0001191,SOI0001203,BAT0000755,CUST088,2025-10-11,6,204.13,1224.78
SALE0001192,SOI0001204,BAT0001213,CUST088,2025-10-12,6,23.54,141.24
SALE0001193,SOI0001205,BAT0000807,CUST054,2025-09-09,6,34.57,207.42
SALE0001194,SOI0001206,BAT0000839,CUST068,2026-01-20,2,68.39,136.78
SALE0001195,SOI0001207,BAT0000460,CUST068,2026-01-15,4,219.34,877.36
SALE0001196,SOI0001208,BAT0000812,CUST068,2026-01-17,2,105.48,210.96
SALE0001197,SOI0001209,BAT0000124,CUST089,2025-06-02,6,124.35,746.1
SALE0001198,SOI0001210,BAT0000370,CUST089,2025-06-02,4,62.68,250.72
SALE0001199,SOI0001211,BAT0000763,CUST099,2025-10-11,2,136.57,273.14
SALE0001200,SOI0001212,BAT0000623,CUST099,2025-10-14,3,176.1,528.3
SALE0001201,SOI0001213,BAT0001048,CUST099,2025-10-12,5,64.6,323.0
SALE0001202,SOI0001214,BAT0000716,CUST005,2025-12-02,2,64.38,128.76
SALE0001203,SOI0001215,BAT0000462,CUST005,2025-12-02,6,184.61,1107.66
SALE0001204,SOI0001216,BAT0001071,CUST005,2025-12-03,6,169.5,1017.0
SALE0001205,SOI0001217,BAT0000462,CUST021,2025-07-14,1,163.97,163.97
SALE0001206,SOI0001218,BAT0001210,CUST021,2025-07-17,2,159.16,318.32
SALE0001207,SOI0001219,BAT0000755,CUST086,2025-09-25,1,225.1,225.1
SALE0001208,SOI0001220,BAT0001180,CUST086,2025-09-27,5,190.25,951.25
SALE0001209,SOI0001221,BAT0001180,CUST071,2025-08-22,3,209.7,629.1
SALE0001210,SOI0001222,BAT0000291,CUST071,2025-08-24,7,200.27,1401.89
SALE0001211,SOI0001223,BAT0001213,CUST001,2025-12-05,6,27.57,165.42
SALE0001212,SOI0001224,BAT0000211,CUST009,2026-04-27,2,176.32,352.64
SALE0001213,SOI0001225,BAT0001048,CUST009,2026-04-26,5,86.28,431.4
SALE0001214,SOI0001226,BAT0000001,CUST009,2026-04-28,4,102.13,408.52
SALE0001215,SOI0001227,BAT0000433,CUST019,2025-07-03,2,104.07,208.14
SALE0001216,SOI0001228,BAT0000686,CUST019,2025-07-02,1,117.56,117.56
SALE0001217,SOI0001229,BAT0000782,CUST019,2025-06-27,2,169.58,339.16
SALE0001218,SOI0001230,BAT0000430,CUST099,2026-03-03,3,64.8,194.4
SALE0001219,SOI0001231,BAT0000623,CUST099,2026-03-03,4,135.27,541.08
SALE0001220,SOI0001232,BAT0001183,CUST031,2025-10-08,1,180.75,180.75
SALE0001221,SOI0001233,BAT0001139,CUST031,2025-10-11,5,90.03,450.15
SALE0001222,SOI0001234,BAT0000812,CUST031,2025-10-10,5,124.5,622.5
SALE0001223,SOI0001235,BAT0000809,CUST056,2025-12-16,1,52.63,52.63
SALE0001224,SOI0001236,BAT0001183,CUST098,2025-12-19,7,179.36,1255.52
SALE0001225,SOI0001237,BAT0000812,CUST098,2025-12-18,4,132.05,528.2
SALE0001226,SOI0001238,BAT0000370,CUST098,2025-12-22,7,60.47,423.29
SALE0001227,SOI0001239,BAT0000839,CUST029,2025-06-04,3,55.38,166.14
SALE0001228,SOI0001240,BAT0000735,CUST030,2026-06-12,5,173.87,869.35
SALE0001229,SOI0001241,BAT0000913,CUST081,2025-10-11,4,56.62,226.48
SALE0001230,SOI0001242,BAT0000602,CUST081,2025-10-12,7,168.33,1178.31
SALE0001231,SOI0001243,BAT0000686,CUST050,2025-04-06,2,188.97,377.94
SALE0001232,SOI0001244,BAT0000813,CUST052,2025-07-23,4,86.73,346.92
SALE0001233,SOI0001245,BAT0000505,CUST052,2025-07-19,3,167.64,502.92
SALE0001234,SOI0001246,BAT0000211,CUST052,2025-07-19,5,142.18,710.9
SALE0001235,SOI0001247,BAT0000539,CUST037,2026-04-21,2,36.79,73.58
SALE0001236,SOI0001248,BAT0000886,CUST037,2026-04-18,3,127.11,381.33
SALE0001237,SOI0001249,BAT0000124,CUST037,2026-04-20,3,149.59,448.77
SALE0001238,SOI0001250,BAT0000112,CUST019,2026-05-29,5,227.34,1136.7
SALE0001239,SOI0001251,BAT0000462,CUST019,2026-05-30,1,181.53,181.53
SALE0001240,SOI0001252,BAT0000812,CUST019,2026-05-30,3,101.62,304.86
SALE0001241,SOI0001253,BAT0000112,CUST082,2025-07-30,6,196.87,1181.22
SALE0001242,SOI0001254,BAT0001210,CUST075,2025-11-13,4,162.5,650.0
SALE0001243,SOI0001255,BAT0000460,CUST075,2025-11-10,2,210.97,421.94
SALE0001244,SOI0001256,BAT0000811,CUST051,2026-04-05,7,44.69,312.83
SALE0001245,SOI0001257,BAT0000001,CUST084,2025-06-02,5,91.79,458.95
SALE0001246,SOI0001258,BAT0000735,CUST007,2026-01-28,6,181.38,1088.28
SALE0001247,SOI0001259,BAT0000688,CUST007,2026-01-27,7,172.52,1207.64
SALE0001248,SOI0001260,BAT0001132,CUST029,2026-02-16,7,187.14,1309.98
SALE0001249,SOI0001261,BAT0000507,CUST082,2026-01-08,5,56.32,281.6
SALE0001250,SOI0001262,BAT0000460,CUST082,2026-01-07,1,154.95,154.95
SALE0001251,SOI0001263,BAT0000032,CUST087,2026-03-22,7,141.18,988.26
SALE0001252,SOI0001264,BAT0000180,CUST087,2026-03-23,2,183.89,367.78
SALE0001253,SOI0001265,BAT0000825,CUST078,2026-06-08,1,142.96,142.96
SALE0001254,SOI0001266,BAT0000507,CUST021,2026-02-24,7,73.58,515.06
SALE0001255,SOI0001267,BAT0000211,CUST021,2026-02-25,1,164.36,164.36
SALE0001256,SOI0001268,BAT0000111,CUST021,2026-02-23,2,100.33,200.66
SALE0001257,SOI0001269,BAT0000430,CUST070,2025-09-09,4,101.59,406.36
SALE0001258,SOI0001270,BAT0000763,CUST046,2026-04-08,7,150.97,1056.79
SALE0001259,SOI0001271,BAT0000763,CUST079,2025-07-21,3,131.72,395.16
SALE0001260,SOI0001272,BAT0000755,CUST068,2025-07-03,2,210.62,421.24
SALE0001261,SOI0001273,BAT0000430,CUST027,2025-04-18,3,96.72,290.16
SALE0001262,SOI0001274,BAT0000825,CUST046,2025-10-22,7,102.45,717.15
SALE0001263,SOI0001275,BAT0000179,CUST046,2025-10-22,6,141.08,846.48
SALE0001264,SOI0001276,BAT0001171,CUST091,2026-06-02,2,24.2,48.4
SALE0001265,SOI0001277,BAT0000688,CUST011,2025-12-19,3,165.66,496.98
SALE0001266,SOI0001278,BAT0000812,CUST011,2025-12-16,3,93.32,279.96
SALE0001267,SOI0001279,BAT0001113,CUST074,2025-07-31,3,98.89,296.67
SALE0001268,SOI0001280,BAT0001210,CUST074,2025-07-31,2,167.46,334.92
SALE0001269,SOI0001281,BAT0001132,CUST074,2025-08-02,5,130.77,653.85
SALE0001270,SOI0001282,BAT0000716,CUST100,2025-11-01,7,67.99,475.93
SALE0001271,SOI0001283,BAT0000001,CUST100,2025-10-31,6,74.71,448.26
SALE0001272,SOI0001284,BAT0000462,CUST087,2025-07-13,3,219.05,657.15
SALE0001273,SOI0001285,BAT0000825,CUST087,2025-07-13,7,112.88,790.16
SALE0001274,SOI0001286,BAT0000032,CUST087,2025-07-16,6,153.41,920.46
SALE0001275,SOI0001287,BAT0000032,CUST026,2026-03-13,7,185.91,1301.37
SALE0001276,SOI0001288,BAT0001171,CUST075,2025-07-16,2,27.23,54.46
SALE0001277,SOI0001289,BAT0000180,CUST097,2026-06-11,4,159.69,638.76
SALE0001278,SOI0001290,BAT0001210,CUST097,2026-06-12,2,108.05,216.1
SALE0001279,SOI0001291,BAT0001132,CUST097,2026-06-11,2,138.82,277.64
SALE0001280,SOI0001292,BAT0000179,CUST028,2026-03-24,2,132.89,265.78
SALE0001281,SOI0001293,BAT0000913,CUST028,2026-03-23,5,50.96,254.8
SALE0001282,SOI0001294,BAT0000763,CUST028,2026-03-25,6,147.45,884.7
SALE0001283,SOI0001295,BAT0001048,CUST057,2026-04-12,5,78.34,391.7
SALE0001284,SOI0001296,BAT0001067,CUST057,2026-04-13,3,122.21,366.63
SALE0001285,SOI0001297,BAT0000302,CUST081,2025-07-17,6,44.53,267.18
SALE0001286,SOI0001298,BAT0000825,CUST096,2026-05-01,1,118.9,118.9
SALE0001287,SOI0001299,BAT0001210,CUST096,2026-04-29,4,168.79,675.16
SALE0001288,SOI0001300,BAT0000462,CUST096,2026-04-29,3,173.34,520.02
SALE0001289,SOI0001301,BAT0000813,CUST059,2025-06-26,2,86.21,172.42
SALE0001290,SOI0001302,BAT0000623,CUST059,2025-06-25,4,174.22,696.88
SALE0001291,SOI0001303,BAT0000189,CUST059,2025-06-24,3,106.88,320.64
SALE0001292,SOI0001304,BAT0000032,CUST084,2025-10-31,4,195.64,782.56
SALE0001293,SOI0001305,BAT0000623,CUST084,2025-10-28,6,206.8,1240.8
SALE0001294,SOI0001306,BAT0000811,CUST084,2025-10-31,3,56.59,169.77
SALE0001295,SOI0001307,BAT0000032,CUST003,2026-05-02,2,145.43,290.86
SALE0001296,SOI0001308,BAT0000291,CUST003,2026-05-04,1,226.55,226.55
SALE0001297,SOI0001309,BAT0001113,CUST003,2026-05-04,7,83.17,582.19
SALE0001298,SOI0001310,BAT0000124,CUST013,2026-02-25,1,161.22,161.22
SALE0001299,SOI0001311,BAT0001071,CUST022,2026-06-19,5,158.13,790.65
SALE0001300,SOI0001312,BAT0000460,CUST022,2026-06-18,6,166.72,1000.32
SALE0001301,SOI0001313,BAT0001171,CUST096,2026-01-03,6,24.77,148.62
SALE0001302,SOI0001314,BAT0000370,CUST096,2026-01-06,3,50.74,152.22
SALE0001303,SOI0001315,BAT0000913,CUST017,2025-04-19,7,52.49,367.43
SALE0001304,SOI0001316,BAT0000180,CUST017,2025-04-22,1,119.67,119.67
SALE0001305,SOI0001317,BAT0000505,CUST058,2025-11-23,5,155.84,779.2
SALE0001306,SOI0001318,BAT0000495,CUST058,2025-11-22,7,36.71,256.97
SALE0001307,SOI0001319,BAT0000460,CUST058,2025-11-27,6,143.0,858.0
SALE0001308,SOI0001320,BAT0000688,CUST100,2026-04-19,7,177.22,1240.54
SALE0001309,SOI0001321,BAT0000825,CUST100,2026-04-18,4,109.4,437.6
SALE0001310,SOI0001322,BAT0000001,CUST100,2026-04-21,7,100.56,703.92
SALE0001311,SOI0001323,BAT0000460,CUST032,2025-06-25,6,222.83,1336.98
SALE0001312,SOI0001324,BAT0000112,CUST032,2025-06-23,5,178.73,893.65
SALE0001313,SOI0001325,BAT0001139,CUST030,2026-02-04,5,72.82,364.1
SALE0001314,SOI0001326,BAT0000211,CUST089,2025-12-22,2,160.76,321.52
SALE0001315,SOI0001327,BAT0000507,CUST089,2025-12-24,1,60.96,60.96
SALE0001316,SOI0001328,BAT0001210,CUST089,2025-12-23,6,152.56,915.36
SALE0001317,SOI0001329,BAT0000809,CUST091,2025-11-06,4,39.07,156.28
SALE0001318,SOI0001330,BAT0000716,CUST091,2025-11-07,7,77.4,541.8
SALE0001319,SOI0001331,BAT0000763,CUST091,2025-11-04,1,149.32,149.32
SALE0001320,SOI0001332,BAT0000825,CUST038,2026-05-25,2,101.94,203.88
SALE0001321,SOI0001333,BAT0000460,CUST038,2026-05-27,4,217.39,869.56
SALE0001322,SOI0001334,BAT0000812,CUST038,2026-05-25,2,91.9,183.8
SALE0001323,SOI0001335,BAT0000124,CUST088,2025-12-25,5,141.83,709.15
SALE0001324,SOI0001336,BAT0000291,CUST088,2025-12-30,5,202.19,1010.95
SALE0001325,SOI0001337,BAT0000180,CUST034,2025-09-26,5,122.35,611.75
SALE0001326,SOI0001338,BAT0000495,CUST035,2025-04-11,1,47.51,47.51
SALE0001327,SOI0001339,BAT0001210,CUST035,2025-04-08,3,132.01,396.03
SALE0001328,SOI0001340,BAT0000815,CUST035,2025-04-12,2,117.8,235.6
SALE0001329,SOI0001341,BAT0000763,CUST020,2026-02-08,4,101.25,405.0
SALE0001330,SOI0001342,BAT0000815,CUST020,2026-02-10,2,92.85,185.7
SALE0001331,SOI0001343,BAT0000124,CUST020,2026-02-08,2,128.93,257.86
SALE0001332,SOI0001344,BAT0000782,CUST048,2025-07-27,3,175.39,526.17
SALE0001333,SOI0001345,BAT0000623,CUST048,2025-07-29,2,192.8,385.6
SALE0001334,SOI0001346,BAT0000755,CUST048,2025-07-26,2,196.1,392.2
SALE0001335,SOI0001347,BAT0000813,CUST092,2025-10-09,7,101.7,711.9
SALE0001336,SOI0001348,BAT0000370,CUST092,2025-10-11,6,57.13,342.78
SALE0001337,SOI0001349,BAT0001183,CUST095,2025-11-10,3,176.15,528.45
SALE0001338,SOI0001350,BAT0000815,CUST095,2025-11-09,2,127.2,254.4
SALE0001339,SOI0001351,BAT0000734,CUST095,2025-11-12,1,162.88,162.88
SALE0001340,SOI0001352,BAT0000460,CUST069,2025-11-18,5,161.13,805.65
SALE0001341,SOI0001353,BAT0000755,CUST042,2025-12-13,3,151.35,454.05
SALE0001342,SOI0001354,BAT0000032,CUST015,2026-05-07,6,155.58,933.48
SALE0001343,SOI0001355,BAT0000688,CUST015,2026-05-07,7,143.72,1006.04
SALE0001344,SOI0001356,BAT0000602,CUST015,2026-05-03,6,186.85,1121.1
SALE0001345,SOI0001357,BAT0000811,CUST003,2025-07-24,5,50.89,254.45
SALE0001346,SOI0001358,BAT0000437,CUST079,2025-10-21,7,182.19,1275.33
SALE0001347,SOI0001359,BAT0000291,CUST078,2025-06-17,4,153.9,615.6
SALE0001348,SOI0001360,BAT0000631,CUST078,2025-06-15,5,230.28,1151.4
SALE0001349,SOI0001361,BAT0000302,CUST007,2026-04-03,5,51.86,259.3
SALE0001350,SOI0001362,BAT0000623,CUST007,2026-04-07,1,185.28,185.28
SALE0001351,SOI0001363,BAT0000433,CUST089,2025-10-13,1,115.27,115.27
SALE0001352,SOI0001364,BAT0001132,CUST020,2025-10-31,1,169.94,169.94
SALE0001353,SOI0001365,BAT0000180,CUST020,2025-11-01,2,143.61,287.22
SALE0001354,SOI0001366,BAT0000815,CUST065,2026-01-26,5,110.15,550.75
SALE0001355,SOI0001367,BAT0000839,CUST065,2026-01-29,4,59.3,237.2
SALE0001356,SOI0001368,BAT0000811,CUST065,2026-01-27,2,67.88,135.76
SALE0001357,SOI0001369,BAT0000539,CUST072,2026-01-27,4,37.75,151.0
SALE0001358,SOI0001370,BAT0000370,CUST072,2026-01-28,5,51.92,259.6
SALE0001359,SOI0001371,BAT0000782,CUST007,2025-10-31,7,171.83,1202.81
SALE0001360,SOI0001372,BAT0000696,CUST007,2025-10-31,7,179.28,1254.96
SALE0001361,SOI0001373,BAT0000211,CUST007,2025-10-30,7,153.61,1075.27
SALE0001362,SOI0001374,BAT0000813,CUST030,2026-05-19,3,78.84,236.52
SALE0001363,SOI0001375,BAT0000735,CUST030,2026-05-18,4,205.67,822.68
SALE0001364,SOI0001376,BAT0000631,CUST030,2026-05-16,1,228.79,228.79
SALE0001365,SOI0001377,BAT0000811,CUST064,2026-05-07,5,54.98,274.9
SALE0001366,SOI0001378,BAT0000539,CUST064,2026-05-09,4,28.54,114.16
SALE0001367,SOI0001379,BAT0000825,CUST030,2025-12-21,2,132.34,264.68
SALE0001368,SOI0001380,BAT0000763,CUST030,2025-12-19,3,114.77,344.31
SALE0001369,SOI0001381,BAT0000755,CUST099,2026-06-30,5,192.01,960.05
SALE0001370,SOI0001382,BAT0000291,CUST099,2026-06-29,3,180.27,540.81
SALE0001371,SOI0001383,BAT0000370,CUST066,2026-04-11,4,69.02,276.08
SALE0001372,SOI0001384,BAT0000001,CUST072,2026-02-26,2,76.92,153.84
SALE0001373,SOI0001385,BAT0000825,CUST072,2026-02-23,1,110.89,110.89
SALE0001374,SOI0001386,BAT0000112,CUST072,2026-02-23,5,223.88,1119.4
SALE0001375,SOI0001387,BAT0000782,CUST094,2026-04-22,7,154.25,1079.75
SALE0001376,SOI0001388,BAT0000815,CUST094,2026-04-22,2,112.48,224.96
SALE0001377,SOI0001389,BAT0000370,CUST094,2026-04-25,5,68.0,340.0
SALE0001378,SOI0001390,BAT0000190,CUST081,2026-01-23,4,110.35,441.4
SALE0001379,SOI0001391,BAT0000111,CUST081,2026-01-23,6,81.53,489.18
SALE0001380,SOI0001392,BAT0000716,CUST081,2026-01-23,6,83.17,499.02
SALE0001381,SOI0001393,BAT0000495,CUST074,2026-04-26,4,45.47,181.88
SALE0001382,SOI0001394,BAT0000782,CUST074,2026-04-26,3,137.3,411.9
SALE0001383,SOI0001395,BAT0000755,CUST004,2026-03-05,6,181.99,1091.94
SALE0001384,SOI0001396,BAT0000811,CUST004,2026-03-03,5,52.66,263.3
SALE0001385,SOI0001397,BAT0000211,CUST057,2025-06-03,3,197.91,593.73
SALE0001386,SOI0001398,BAT0000001,CUST057,2025-06-03,1,75.2,75.2
SALE0001387,SOI0001399,BAT0000112,CUST017,2026-05-28,5,185.31,926.55
SALE0001388,SOI0001400,BAT0001071,CUST070,2025-05-01,3,156.79,470.37
SALE0001389,SOI0001401,BAT0000032,CUST070,2025-04-30,2,145.96,291.92
SALE0001390,SOI0001402,BAT0000782,CUST090,2025-10-11,5,122.46,612.3
SALE0001391,SOI0001403,BAT0000809,CUST017,2025-08-26,2,47.49,94.98
SALE0001392,SOI0001404,BAT0000703,CUST065,2026-02-15,5,152.78,763.9
SALE0001393,SOI0001405,BAT0001067,CUST007,2025-08-24,5,115.05,575.25
SALE0001394,SOI0001406,BAT0000782,CUST007,2025-08-23,7,143.84,1006.88
SALE0001395,SOI0001407,BAT0001067,CUST085,2026-02-02,6,119.44,716.64
SALE0001396,SOI0001408,BAT0000111,CUST085,2026-02-05,7,74.1,518.7
SALE0001397,SOI0001409,BAT0001071,CUST085,2026-02-06,5,191.94,959.7
SALE0001398,SOI0001410,BAT0000495,CUST001,2025-06-17,2,36.4,72.8
SALE0001399,SOI0001411,BAT0001183,CUST001,2025-06-17,4,139.91,559.64
SALE0001400,SOI0001413,BAT0001074,CUST071,2025-08-12,1,152.51,152.51
SALE0001401,SOI0001414,BAT0000602,CUST071,2025-08-15,2,189.18,378.36
SALE0001402,SOI0001415,BAT0000782,CUST029,2025-08-24,6,139.48,836.88
SALE0001403,SOI0001416,BAT0000460,CUST029,2025-08-24,7,148.04,1036.28
SALE0001404,SOI0001417,BAT0000763,CUST029,2025-08-25,7,109.92,769.44
SALE0001405,SOI0001418,BAT0000154,CUST042,2025-08-10,6,192.09,1152.54
SALE0001406,SOI0001419,BAT0001074,CUST042,2025-08-09,3,149.68,449.04
SALE0001407,SOI0001420,BAT0000688,CUST024,2025-06-17,1,126.51,126.51
SALE0001408,SOI0001421,BAT0000809,CUST024,2025-06-19,4,35.9,143.6
SALE0001409,SOI0001422,BAT0000886,CUST098,2025-04-24,1,97.6,97.6
SALE0001410,SOI0001423,BAT0000839,CUST098,2025-04-24,6,67.06,402.36
SALE0001411,SOI0001424,BAT0000033,CUST052,2025-04-18,2,152.05,304.1
SALE0001412,SOI0001425,BAT0000190,CUST052,2025-04-20,3,128.06,384.18
SALE0001413,SOI0001426,BAT0001113,CUST053,2026-05-28,1,111.3,111.3
SALE0001414,SOI0001427,BAT0001183,CUST053,2026-05-27,5,197.51,987.55
SALE0001415,SOI0001428,BAT0000696,CUST053,2026-05-31,5,175.35,876.75
SALE0001416,SOI0001429,BAT0001213,CUST076,2026-04-16,2,24.06,48.12
SALE0001417,SOI0001430,BAT0000211,CUST076,2026-04-12,5,168.86,844.3
SALE0001418,SOI0001431,BAT0001183,CUST076,2026-04-13,3,160.29,480.87
SALE0001419,SOI0001432,BAT0000612,CUST028,2025-07-14,1,194.64,194.64
SALE0001420,SOI0001433,BAT0000370,CUST028,2025-07-13,2,50.88,101.76
SALE0001421,SOI0001434,BAT0000190,CUST099,2025-04-15,1,90.55,90.55
SALE0001422,SOI0001435,BAT0000302,CUST050,2026-05-06,3,48.53,145.59
SALE0001423,SOI0001436,BAT0000703,CUST050,2025-06-18,6,130.19,781.14
SALE0001424,SOI0001437,BAT0000602,CUST050,2025-06-16,6,132.57,795.42
SALE0001425,SOI0001438,BAT0001213,CUST050,2025-06-17,1,26.04,26.04
SALE0001426,SOI0001439,BAT0000952,CUST016,2026-04-08,4,144.01,576.04
SALE0001427,SOI0001440,BAT0000033,CUST016,2026-04-06,5,157.17,785.85
SALE0001428,SOI0001441,BAT0000460,CUST016,2026-04-09,6,206.66,1239.96
SALE0001429,SOI0001442,BAT0000696,CUST068,2026-02-01,7,201.93,1413.51
SALE0001430,SOI0001443,BAT0000716,CUST066,2025-06-26,7,77.47,542.29
SALE0001431,SOI0001444,BAT0001048,CUST066,2025-06-27,6,83.87,503.22
SALE0001432,SOI0001445,BAT0000631,CUST015,2025-06-12,7,168.18,1177.26
SALE0001433,SOI0001446,BAT0000703,CUST015,2025-06-12,4,139.89,559.56
SALE0001434,SOI0001447,BAT0000813,CUST100,2026-03-23,5,83.3,416.5
SALE0001435,SOI0001448,BAT0000112,CUST074,2025-04-24,4,213.03,852.12
SALE0001436,SOI0001449,BAT0000507,CUST057,2025-11-01,1,60.51,60.51
SALE0001437,SOI0001450,BAT0000809,CUST057,2025-11-03,1,34.64,34.64
SALE0001438,SOI0001451,BAT0001171,CUST027,2025-08-25,6,20.62,123.72
SALE0001439,SOI0001452,BAT0000815,CUST037,2025-09-09,1,105.55,105.55
SALE0001440,SOI0001453,BAT0000952,CUST037,2025-09-11,2,144.04,288.08
SALE0001441,SOI0001454,BAT0001139,CUST076,2025-11-16,2,99.87,199.74
SALE0001442,SOI0001455,BAT0000734,CUST076,2025-11-14,1,182.99,182.99
SALE0001443,SOI0001456,BAT0000623,CUST076,2025-11-17,6,174.55,1047.3
SALE0001444,SOI0001457,BAT0000815,CUST031,2026-06-28,5,124.25,621.25
SALE0001445,SOI0001458,BAT0000623,CUST031,2026-06-26,6,214.02,1284.12
SALE0001446,SOI0001459,BAT0000462,CUST031,2026-06-25,2,170.1,340.2
SALE0001447,SOI0001460,BAT0000540,CUST077,2025-12-17,1,29.51,29.51
SALE0001448,SOI0001461,BAT0000190,CUST077,2025-12-20,7,89.74,628.18
SALE0001449,SOI0001462,BAT0000623,CUST088,2025-06-20,3,191.61,574.83
SALE0001450,SOI0001463,BAT0001074,CUST053,2026-01-20,4,191.33,765.32
SALE0001451,SOI0001464,BAT0001139,CUST053,2026-01-18,4,90.38,361.52
SALE0001452,SOI0001465,BAT0001171,CUST001,2025-10-05,5,29.29,146.45
SALE0001453,SOI0001466,BAT0000631,CUST001,2025-10-04,5,155.01,775.05
SALE0001454,SOI0001467,BAT0000033,CUST001,2025-10-03,4,188.36,753.44
SALE0001455,SOI0001468,BAT0000112,CUST093,2025-07-09,3,226.51,679.53
SALE0001456,SOI0001469,BAT0000696,CUST086,2025-05-02,2,213.74,427.48
SALE0001457,SOI0001470,BAT0000612,CUST086,2025-05-04,3,145.38,436.14
SALE0001458,SOI0001471,BAT0000813,CUST086,2025-05-05,1,96.57,96.57
SALE0001459,SOI0001472,BAT0000886,CUST072,2025-06-14,2,129.53,259.06
SALE0001460,SOI0001473,BAT0000623,CUST010,2026-01-08,1,211.01,211.01
SALE0001461,SOI0001474,BAT0001210,CUST010,2026-01-08,5,145.19,725.95
SALE0001462,SOI0001475,BAT0000612,CUST010,2026-01-08,2,153.28,306.56
SALE0001463,SOI0001476,BAT0000433,CUST004,2025-10-18,1,127.88,127.88
SALE0001464,SOI0001477,BAT0001048,CUST004,2025-10-16,1,84.01,84.01
SALE0001465,SOI0001478,BAT0000154,CUST004,2025-10-17,3,166.35,499.05
SALE0001466,SOI0001479,BAT0000370,CUST098,2026-03-22,3,50.7,152.1
SALE0001467,SOI0001480,BAT0000495,CUST053,2026-02-16,3,42.76,128.28
SALE0001468,SOI0001481,BAT0000886,CUST053,2026-02-18,6,130.24,781.44
SALE0001469,SOI0001482,BAT0000540,CUST053,2026-02-15,5,38.02,190.1
SALE0001470,SOI0001483,BAT0000809,CUST002,2026-06-21,6,46.58,279.48
SALE0001471,SOI0001484,BAT0000631,CUST002,2026-06-25,2,179.36,358.72
SALE0001472,SOI0001486,BAT0000111,CUST079,2025-04-21,2,94.4,188.8
SALE0001473,SOI0001487,BAT0001173,CUST087,2026-04-10,6,24.14,144.84
SALE0001474,SOI0001488,BAT0000180,CUST009,2025-09-24,7,165.06,1155.42
SALE0001475,SOI0001489,BAT0000154,CUST009,2025-09-23,1,178.85,178.85
SALE0001476,SOI0001490,BAT0000886,CUST009,2025-09-19,7,132.82,929.74
SALE0001477,SOI0001492,BAT0000696,CUST051,2025-04-19,6,175.89,1055.34
SALE0001478,SOI0001493,BAT0000507,CUST051,2025-04-19,4,82.21,328.84
SALE0001479,SOI0001494,BAT0000437,CUST032,2025-07-18,3,177.91,533.73
SALE0001480,SOI0001495,BAT0001173,CUST056,2025-10-05,4,21.22,84.88
SALE0001481,SOI0001496,BAT0000839,CUST071,2026-03-25,4,68.52,274.08
SALE0001482,SOI0001497,BAT0001048,CUST071,2026-03-23,3,60.44,181.32
SALE0001483,SOI0001498,BAT0000811,CUST022,2026-03-07,1,42.96,42.96
SALE0001484,SOI0001499,BAT0000952,CUST022,2026-03-09,5,162.44,812.2
SALE0001485,SOI0001500,BAT0000190,CUST097,2026-01-25,6,103.16,618.96
SALE0001486,SOI0001501,BAT0000703,CUST037,2025-08-23,3,96.09,288.27
SALE0001487,SOI0001502,BAT0000952,CUST037,2025-08-21,3,139.49,418.47
SALE0001488,SOI0001503,BAT0000782,CUST037,2025-08-26,7,178.35,1248.45
SALE0001489,SOI0001504,BAT0000813,CUST019,2026-03-28,4,104.83,419.32
SALE0001490,SOI0001505,BAT0000437,CUST019,2026-03-29,6,235.69,1414.14
SALE0001491,SOI0001506,BAT0000913,CUST019,2026-06-09,6,38.53,231.18
SALE0001492,SOI0001507,BAT0000433,CUST023,2026-04-18,7,109.12,763.84
SALE0001493,SOI0001508,BAT0000782,CUST023,2026-04-21,7,154.49,1081.43
SALE0001494,SOI0001509,BAT0001139,CUST025,2026-03-30,6,82.25,493.5
SALE0001495,SOI0001510,BAT0000816,CUST025,2026-03-30,7,118.51,829.57
SALE0001496,SOI0001511,BAT0000690,CUST081,2025-06-20,7,188.22,1317.54
SALE0001497,SOI0001512,BAT0000430,CUST086,2025-09-10,2,80.55,161.1
SALE0001498,SOI0001513,BAT0000602,CUST086,2025-09-12,7,189.01,1323.07
SALE0001499,SOI0001514,BAT0000460,CUST051,2025-04-12,1,208.77,208.77
SALE0001500,SOI0001515,BAT0001173,CUST051,2025-04-13,4,18.96,75.84
SALE0001501,SOI0001516,BAT0000180,CUST051,2025-04-09,1,134.9,134.9
SALE0001502,SOI0001517,BAT0000696,CUST055,2025-09-13,5,203.3,1016.5
SALE0001503,SOI0001518,BAT0000839,CUST034,2026-04-05,3,52.47,157.41
SALE0001504,SOI0001519,BAT0000716,CUST034,2026-04-03,6,62.05,372.3
SALE0001505,SOI0001520,BAT0000190,CUST087,2025-09-07,1,114.74,114.74
SALE0001506,SOI0001521,BAT0000690,CUST087,2025-09-09,7,131.05,917.35
SALE0001507,SOI0001522,BAT0000815,CUST090,2025-10-18,6,135.77,814.62
SALE0001508,SOI0001523,BAT0000180,CUST051,2025-05-24,4,148.91,595.64
SALE0001509,SOI0001525,BAT0000495,CUST085,2025-06-11,6,40.72,244.32
SALE0001510,SOI0001526,BAT0000816,CUST085,2025-06-16,2,114.13,228.26
SALE0001511,SOI0001527,BAT0000433,CUST085,2025-06-14,3,98.88,296.64
SALE0001512,SOI0001528,BAT0000763,CUST023,2025-04-19,3,146.05,438.15
SALE0001513,SOI0001529,BAT0000460,CUST023,2025-04-22,4,217.15,868.6
SALE0001514,SOI0001530,BAT0000180,CUST040,2026-01-03,5,132.49,662.45
SALE0001515,SOI0001531,BAT0000734,CUST040,2026-01-01,1,233.66,233.66
SALE0001516,SOI0001532,BAT0000111,CUST040,2026-01-04,5,86.71,433.55
SALE0001517,SOI0001533,BAT0000913,CUST033,2025-08-06,5,58.15,290.75
SALE0001518,SOI0001534,BAT0000507,CUST033,2025-08-06,7,62.39,436.73
SALE0001519,SOI0001535,BAT0001210,CUST033,2025-08-05,7,129.6,907.2
SALE0001520,SOI0001536,BAT0000460,CUST055,2025-09-14,5,160.98,804.9
SALE0001521,SOI0001537,BAT0000886,CUST047,2025-11-25,7,103.33,723.31
SALE0001522,SOI0001538,BAT0000111,CUST009,2026-05-08,5,85.16,425.8
SALE0001523,SOI0001539,BAT0000179,CUST053,2026-03-24,5,151.22,756.1
SALE0001524,SOI0001540,BAT0000690,CUST053,2026-03-26,7,165.19,1156.33
SALE0001525,SOI0001541,BAT0001067,CUST053,2026-03-23,3,95.99,287.97
SALE0001526,SOI0001544,BAT0000602,CUST054,2026-03-03,2,190.04,380.08
SALE0001527,SOI0001545,BAT0000716,CUST054,2026-03-02,5,55.4,277.0
SALE0001528,SOI0001546,BAT0000816,CUST052,2025-06-29,1,99.51,99.51
SALE0001529,SOI0001547,BAT0000811,CUST052,2025-06-29,2,65.31,130.62
SALE0001530,SOI0001548,BAT0000154,CUST052,2026-03-07,7,141.23,988.61
SALE0001531,SOI0001549,BAT0000180,CUST052,2026-03-10,4,165.35,661.4
SALE0001532,SOI0001550,BAT0000734,CUST037,2025-09-29,7,177.37,1241.59
SALE0001533,SOI0001551,BAT0000913,CUST037,2025-09-28,3,53.53,160.59
SALE0001534,SOI0001552,BAT0000462,CUST037,2025-09-30,5,207.82,1039.1
SALE0001535,SOI0001553,BAT0000433,CUST054,2025-10-25,5,121.64,608.2
SALE0001536,SOI0001554,BAT0001074,CUST054,2025-06-19,2,155.73,311.46
SALE0001537,SOI0001555,BAT0000302,CUST054,2025-06-17,3,59.03,177.09
SALE0001538,SOI0001556,BAT0000631,CUST054,2025-06-21,3,169.86,509.58
SALE0001539,SOI0001557,BAT0000631,CUST059,2025-07-03,5,213.55,1067.75
SALE0001540,SOI0001558,BAT0001113,CUST059,2025-07-01,5,116.99,584.95
SALE0001541,SOI0001559,BAT0001210,CUST090,2025-08-22,4,157.05,628.2
SALE0001542,SOI0001560,BAT0000430,CUST090,2025-08-23,5,84.53,422.65
SALE0001543,SOI0001561,BAT0000460,CUST090,2025-08-22,2,186.6,373.2
SALE0001544,SOI0001562,BAT0000716,CUST005,2025-09-09,6,54.66,327.96
SALE0001545,SOI0001563,BAT0000211,CUST005,2025-09-12,3,161.38,484.14
SALE0001546,SOI0001564,BAT0001074,CUST054,2025-06-20,4,166.95,667.8
SALE0001547,SOI0001565,BAT0000111,CUST054,2025-06-17,1,72.01,72.01
SALE0001548,SOI0001566,BAT0000816,CUST061,2026-01-31,7,81.09,567.63
SALE0001549,SOI0001567,BAT0001183,CUST061,2026-02-01,5,210.7,1053.5
SALE0001550,SOI0001568,BAT0000809,CUST079,2025-07-16,7,50.69,354.83
SALE0001551,SOI0001569,BAT0001113,CUST079,2025-07-14,6,104.17,625.02
SALE0001552,SOI0001570,BAT0001048,CUST079,2025-07-17,6,75.16,450.96
SALE0001553,SOI0001571,BAT0000433,CUST006,2025-08-10,3,97.63,292.89
SALE0001554,SOI0001572,BAT0001210,CUST006,2025-08-14,1,144.55,144.55
SALE0001555,SOI0001573,BAT0000462,CUST006,2025-08-14,1,207.96,207.96
SALE0001556,SOI0001574,BAT0001210,CUST091,2025-08-16,2,131.97,263.94
SALE0001557,SOI0001575,BAT0000716,CUST091,2025-08-17,1,57.79,57.79
SALE0001558,SOI0001576,BAT0001074,CUST055,2025-11-23,1,125.06,125.06
SALE0001559,SOI0001577,BAT0001067,CUST022,2026-03-09,3,101.96,305.88
SALE0001560,SOI0001578,BAT0001158,CUST022,2026-03-09,4,67.09,268.36
SALE0001561,SOI0001579,BAT0000690,CUST022,2026-03-11,1,185.49,185.49
SALE0001562,SOI0001581,BAT0000180,CUST078,2025-04-18,7,164.15,1149.05
SALE0001563,SOI0001582,BAT0000734,CUST002,2026-01-11,6,216.31,1297.86
SALE0001564,SOI0001583,BAT0000540,CUST036,2026-06-08,6,34.45,206.7
SALE0001565,SOI0001584,BAT0000001,CUST036,2026-06-09,5,79.02,395.1
SALE0001566,SOI0001585,BAT0000602,CUST084,2025-11-12,7,176.97,1238.79
SALE0001567,SOI0001586,BAT0000112,CUST084,2025-11-11,5,218.0,1090.0
SALE0001568,SOI0001587,BAT0001067,CUST084,2025-11-10,5,134.86,674.3
SALE0001569,SOI0001588,BAT0001213,CUST063,2026-04-18,7,27.49,192.43
SALE0001570,SOI0001589,BAT0000431,CUST063,2026-04-19,2,66.1,132.2
SALE0001571,SOI0001590,BAT0001113,CUST063,2026-04-18,2,91.95,183.9
SALE0001572,SOI0001591,BAT0000696,CUST072,2025-10-02,1,172.17,172.17
SALE0001573,SOI0001592,BAT0000839,CUST072,2025-10-01,3,45.12,135.36
SALE0001574,SOI0001593,BAT0000111,CUST063,2026-06-02,7,81.7,571.9
SALE0001575,SOI0001594,BAT0000815,CUST069,2025-10-23,4,123.85,495.4
SALE0001576,SOI0001595,BAT0001048,CUST069,2025-10-21,7,76.65,536.55
SALE0001577,SOI0001596,BAT0001158,CUST069,2025-10-23,4,88.68,354.72
SALE0001578,SOI0001597,BAT0000811,CUST089,2025-09-14,6,52.74,316.44
SALE0001579,SOI0001598,BAT0000703,CUST029,2025-07-26,2,106.97,213.94
SALE0001580,SOI0001599,BAT0000703,CUST083,2025-09-23,6,152.58,915.48
SALE0001581,SOI0001600,BAT0000816,CUST083,2025-09-26,7,89.57,626.99
SALE0001582,SOI0001601,BAT0000291,CUST089,2026-04-16,6,167.9,1007.4
SALE0001583,SOI0001602,BAT0001183,CUST089,2026-04-13,5,173.26,866.3
SALE0001584,SOI0001603,BAT0000734,CUST033,2026-05-07,2,207.3,414.6
SALE0001585,SOI0001604,BAT0001173,CUST033,2026-05-13,1,25.1,25.1
SALE0001586,SOI0001605,BAT0000839,CUST033,2026-05-10,6,68.99,413.94
SALE0001587,SOI0001606,BAT0001183,CUST006,2025-09-28,6,171.26,1027.56
SALE0001588,SOI0001607,BAT0000112,CUST067,2025-09-06,4,173.69,694.76
SALE0001589,SOI0001608,BAT0000762,CUST067,2025-09-04,1,122.43,122.43
SALE0001590,SOI0001609,BAT0000690,CUST076,2025-11-20,5,136.62,683.1
SALE0001591,SOI0001610,BAT0000703,CUST050,2025-10-26,1,141.8,141.8
SALE0001592,SOI0001611,BAT0000370,CUST050,2025-10-27,1,70.42,70.42
SALE0001593,SOI0001612,BAT0000782,CUST053,2026-05-12,2,176.21,352.42
SALE0001594,SOI0001613,BAT0000495,CUST008,2026-01-14,6,43.49,260.94
SALE0001595,SOI0001614,BAT0000631,CUST008,2026-01-15,4,214.03,856.12
SALE0001596,SOI0001615,BAT0001213,CUST008,2026-01-12,7,30.96,216.72
SALE0001597,SOI0001616,BAT0000612,CUST097,2025-09-29,6,194.98,1169.88
SALE0001598,SOI0001617,BAT0001067,CUST010,2025-11-06,6,131.24,787.44
SALE0001599,SOI0001618,BAT0000886,CUST010,2025-11-04,5,124.06,620.3
SALE0001600,SOI0001619,BAT0001158,CUST093,2026-01-18,3,74.83,224.49
SALE0001601,SOI0001620,BAT0000734,CUST093,2026-01-17,2,189.57,379.14
SALE0001602,SOI0001621,BAT0000154,CUST097,2025-11-21,6,131.02,786.12
SALE0001603,SOI0001622,BAT0000809,CUST097,2025-11-18,4,47.55,190.2
SALE0001604,SOI0001623,BAT0000291,CUST016,2025-05-20,2,193.23,386.46
SALE0001605,SOI0001624,BAT0000602,CUST068,2025-07-07,6,139.96,839.76
SALE0001606,SOI0001625,BAT0000431,CUST096,2026-06-04,7,77.62,543.34
SALE0001607,SOI0001626,BAT0000705,CUST096,2026-06-04,4,149.36,597.44
SALE0001608,SOI0001627,BAT0000690,CUST096,2026-06-03,1,121.53,121.53
SALE0001609,SOI0001628,BAT0000211,CUST079,2025-07-24,2,179.03,358.06
SALE0001610,SOI0001629,BAT0000154,CUST079,2025-07-21,3,138.54,415.62
SALE0001611,SOI0001630,BAT0001210,CUST079,2025-07-20,2,116.22,232.44
SALE0001612,SOI0001631,BAT0000112,CUST074,2026-05-23,6,242.41,1454.46
SALE0001613,SOI0001632,BAT0001173,CUST074,2026-05-17,2,27.54,55.08
SALE0001614,SOI0001633,BAT0000180,CUST074,2026-05-22,3,143.14,429.42
SALE0001615,SOI0001634,BAT0001113,CUST006,2025-11-23,7,88.6,620.2
SALE0001616,SOI0001635,BAT0000623,CUST063,2025-10-01,1,213.7,213.7
SALE0001617,SOI0001636,BAT0000811,CUST063,2025-09-29,4,44.28,177.12
SALE0001618,SOI0001637,BAT0000809,CUST063,2025-09-30,3,45.96,137.88
SALE0001619,SOI0001638,BAT0001113,CUST063,2026-06-21,3,77.35,232.05
SALE0001620,SOI0001639,BAT0000111,CUST086,2025-08-30,5,90.94,454.7
SALE0001621,SOI0001640,BAT0001048,CUST086,2025-08-28,7,83.13,581.91
SALE0001622,SOI0001641,BAT0001173,CUST094,2025-06-29,2,28.27,56.54
SALE0001623,SOI0001642,BAT0000952,CUST098,2025-08-17,5,143.39,716.95
SALE0001624,SOI0001643,BAT0000631,CUST098,2025-08-16,5,150.16,750.8
SALE0001625,SOI0001644,BAT0000913,CUST029,2025-05-14,4,50.76,203.04
SALE0001626,SOI0001646,BAT0001213,CUST029,2025-05-11,3,22.9,68.7
SALE0001627,SOI0001647,BAT0000690,CUST086,2025-07-06,7,142.32,996.24
SALE0001628,SOI0001648,BAT0001237,CUST086,2025-07-05,4,159.95,639.8
SALE0001629,SOI0001649,BAT0000816,CUST038,2025-04-26,2,87.7,175.4
SALE0001630,SOI0001651,BAT0000631,CUST038,2025-04-24,6,233.52,1401.12
SALE0001631,SOI0001652,BAT0000815,CUST076,2026-06-09,7,108.83,761.81
SALE0001632,SOI0001653,BAT0000179,CUST076,2026-06-05,2,206.75,413.5
SALE0001633,SOI0001654,BAT0000762,CUST033,2025-08-03,2,154.64,309.28
SALE0001634,SOI0001655,BAT0000913,CUST033,2025-08-03,3,54.09,162.27
SALE0001635,SOI0001656,BAT0000433,CUST033,2025-08-05,2,89.54,179.08
SALE0001636,SOI0001657,BAT0000952,CUST035,2026-01-10,5,157.97,789.85
SALE0001637,SOI0001658,BAT0001210,CUST035,2026-01-11,2,129.41,258.82
SALE0001638,SOI0001659,BAT0000431,CUST035,2026-01-12,4,99.18,396.72
SALE0001639,SOI0001660,BAT0000815,CUST081,2026-03-04,7,121.94,853.58
SALE0001640,SOI0001661,BAT0000782,CUST004,2025-10-08,5,123.96,619.8
SALE0001641,SOI0001662,BAT0000462,CUST004,2025-10-08,1,185.72,185.72
SALE0001642,SOI0001663,BAT0000111,CUST004,2025-10-07,4,97.75,391.0
SALE0001643,SOI0001664,BAT0000839,CUST053,2025-05-27,3,51.92,155.76
SALE0001644,SOI0001665,BAT0000809,CUST053,2025-05-26,1,37.8,37.8
SALE0001645,SOI0001666,BAT0000433,CUST086,2025-10-24,2,115.83,231.66
SALE0001646,SOI0001667,BAT0000809,CUST086,2025-10-23,3,44.5,133.5
SALE0001647,SOI0001668,BAT0000112,CUST086,2025-10-19,4,243.72,974.88
SALE0001648,SOI0001669,BAT0000180,CUST022,2026-04-01,4,177.97,711.88
SALE0001649,SOI0001670,BAT0001173,CUST022,2026-03-30,3,28.15,84.45
SALE0001650,SOI0001671,BAT0000460,CUST022,2026-04-02,5,145.56,727.8
SALE0001651,SOI0001672,BAT0000782,CUST083,2026-02-18,1,119.06,119.06
SALE0001652,SOI0001673,BAT0000433,CUST083,2026-02-20,4,108.66,434.64
SALE0001653,SOI0001674,BAT0000811,CUST083,2026-02-18,5,62.11,310.55
SALE0001654,SOI0001675,BAT0000762,CUST070,2026-04-17,7,137.66,963.62
SALE0001655,SOI0001676,BAT0001067,CUST079,2026-03-27,2,108.55,217.1
SALE0001656,SOI0001677,BAT0000809,CUST079,2026-03-29,1,46.54,46.54
SALE0001657,SOI0001678,BAT0000783,CUST079,2026-03-30,6,157.05,942.3
SALE0001658,SOI0001679,BAT0000705,CUST078,2025-08-12,3,146.29,438.87
SALE0001659,SOI0001680,BAT0000433,CUST078,2025-08-10,4,123.33,493.32
SALE0001660,SOI0001681,BAT0000612,CUST078,2025-08-10,3,197.45,592.35
SALE0001661,SOI0001682,BAT0001213,CUST090,2025-06-04,4,22.58,90.32
SALE0001662,SOI0001684,BAT0000033,CUST014,2025-06-06,1,157.23,157.23
SALE0001663,SOI0001685,BAT0000839,CUST014,2025-06-04,4,57.13,228.52
SALE0001664,SOI0001686,BAT0000211,CUST074,2025-07-29,6,188.47,1130.82
SALE0001665,SOI0001687,BAT0000839,CUST074,2025-07-28,2,53.77,107.54
SALE0001666,SOI0001688,BAT0001113,CUST074,2026-01-13,3,114.61,343.83
SALE0001667,SOI0001689,BAT0000370,CUST074,2026-01-17,1,60.2,60.2
SALE0001668,SOI0001690,BAT0000462,CUST070,2026-04-29,3,236.91,710.73
SALE0001669,SOI0001691,BAT0000001,CUST070,2026-04-30,3,103.47,310.41
SALE0001670,SOI0001692,BAT0000370,CUST070,2026-04-29,4,52.27,209.08
SALE0001671,SOI0001693,BAT0000462,CUST024,2026-01-21,2,162.04,324.08
SALE0001672,SOI0001694,BAT0000460,CUST024,2026-01-20,7,220.44,1543.08
SALE0001673,SOI0001695,BAT0000507,CUST009,2026-02-15,7,79.35,555.45
SALE0001674,SOI0001696,BAT0000839,CUST083,2026-03-18,4,65.83,263.32
SALE0001675,SOI0001697,BAT0000811,CUST014,2025-08-29,4,54.08,216.32
SALE0001676,SOI0001698,BAT0000001,CUST014,2025-08-29,4,105.76,423.04
SALE0001677,SOI0001699,BAT0000762,CUST077,2026-03-14,6,146.03,876.18
SALE0001678,SOI0001700,BAT0001173,CUST077,2026-03-16,3,23.56,70.68
SALE0001679,SOI0001701,BAT0000211,CUST077,2026-03-17,3,178.19,534.57
SALE0001680,SOI0001703,BAT0000112,CUST077,2025-04-27,2,174.91,349.82
SALE0001681,SOI0001704,BAT0000507,CUST084,2025-06-14,3,88.82,266.46
SALE0001682,SOI0001705,BAT0001213,CUST077,2025-10-24,4,21.58,86.32
SALE0001683,SOI0001706,BAT0000705,CUST077,2025-10-24,5,130.9,654.5
SALE0001684,SOI0001707,BAT0000507,CUST090,2025-08-06,4,88.68,354.72
SALE0001685,SOI0001708,BAT0000839,CUST006,2025-09-20,1,59.61,59.61
SALE0001686,SOI0001709,BAT0000952,CUST006,2025-09-20,2,223.87,447.74
SALE0001687,SOI0001710,BAT0000734,CUST006,2025-09-18,3,163.58,490.74
SALE0001688,SOI0001711,BAT0000112,CUST039,2025-06-10,7,223.72,1566.04
SALE0001689,SOI0001712,BAT0001210,CUST039,2025-06-07,7,146.76,1027.32
SALE0001690,SOI0001713,BAT0000190,CUST039,2025-06-09,6,110.61,663.66
SALE0001691,SOI0001715,BAT0000179,CUST096,2025-04-11,4,194.65,778.6
SALE0001692,SOI0001716,BAT0000690,CUST060,2025-09-19,4,149.97,599.88
SALE0001693,SOI0001717,BAT0000370,CUST095,2025-04-12,2,51.06,102.12
SALE0001694,SOI0001718,BAT0000913,CUST049,2025-09-29,2,51.28,102.56
SALE0001695,SOI0001719,BAT0000112,CUST049,2025-10-01,3,187.32,561.96
SALE0001696,SOI0001720,BAT0000179,CUST049,2025-09-29,5,134.55,672.75
SALE0001697,SOI0001721,BAT0001067,CUST085,2026-02-23,1,133.89,133.89
SALE0001698,SOI0001722,BAT0001213,CUST085,2026-02-23,4,31.65,126.6
SALE0001699,SOI0001723,BAT0000179,CUST085,2026-02-19,7,200.89,1406.23
SALE0001700,SOI0001725,BAT0000952,CUST024,2025-06-16,7,177.31,1241.17
SALE0001701,SOI0001726,BAT0000179,CUST024,2025-06-13,3,202.23,606.69
SALE0001702,SOI0001727,BAT0000179,CUST044,2025-10-14,7,131.27,918.89
SALE0001703,SOI0001728,BAT0000001,CUST044,2025-10-13,1,116.09,116.09
SALE0001704,SOI0001729,BAT0000839,CUST044,2025-10-14,5,48.44,242.2
SALE0001705,SOI0001730,BAT0000540,CUST090,2025-11-20,2,25.81,51.62
SALE0001706,SOI0001731,BAT0001113,CUST025,2025-06-26,1,113.81,113.81
SALE0001707,SOI0001732,BAT0000291,CUST035,2025-05-01,1,177.79,177.79
SALE0001708,SOI0001734,BAT0000631,CUST035,2025-05-02,6,162.46,974.76
SALE0001709,SOI0001735,BAT0000783,CUST018,2026-03-02,4,154.39,617.56
SALE0001710,SOI0001736,BAT0000507,CUST018,2026-02-26,3,58.24,174.72
SALE0001711,SOI0001737,BAT0000462,CUST018,2026-02-28,1,154.82,154.82
SALE0001712,SOI0001738,BAT0001213,CUST055,2025-09-19,5,29.67,148.35
SALE0001713,SOI0001739,BAT0001173,CUST055,2025-09-23,5,24.35,121.75
SALE0001714,SOI0001740,BAT0001237,CUST025,2026-02-26,5,173.23,866.15
SALE0001715,SOI0001741,BAT0000033,CUST025,2026-02-28,6,189.85,1139.1
SALE0001716,SOI0001742,BAT0000371,CUST025,2026-02-26,7,45.92,321.44
SALE0001717,SOI0001743,BAT0000811,CUST023,2025-12-18,7,55.85,390.95
SALE0001718,SOI0001744,BAT0001139,CUST005,2025-07-20,5,102.5,512.5
SALE0001719,SOI0001745,BAT0000179,CUST005,2025-07-18,1,136.17,136.17
SALE0001720,SOI0001746,BAT0000631,CUST005,2025-07-23,6,191.39,1148.34
SALE0001721,SOI0001747,BAT0000211,CUST037,2026-03-29,6,206.71,1240.26
SALE0001722,SOI0001748,BAT0000705,CUST027,2025-10-08,4,122.17,488.68
SALE0001723,SOI0001749,BAT0001183,CUST027,2025-10-09,3,197.96,593.88
SALE0001724,SOI0001750,BAT0000631,CUST087,2026-01-03,2,208.5,417.0
SALE0001725,SOI0001751,BAT0000913,CUST087,2026-01-03,5,43.33,216.65
SALE0001726,SOI0001752,BAT0000690,CUST038,2026-05-04,6,175.21,1051.26
SALE0001727,SOI0001753,BAT0000001,CUST100,2026-04-26,5,106.59,532.95
SALE0001728,SOI0001754,BAT0000606,CUST010,2026-04-17,1,84.25,84.25
SALE0001729,SOI0001755,BAT0000816,CUST028,2025-12-03,5,100.15,500.75
SALE0001730,SOI0001757,BAT0000111,CUST044,2025-04-18,5,112.49,562.45
SALE0001731,SOI0001758,BAT0001139,CUST026,2025-11-07,7,95.06,665.42
SALE0001732,SOI0001759,BAT0000495,CUST026,2025-11-07,1,33.01,33.01
SALE0001733,SOI0001760,BAT0000705,CUST026,2025-11-08,7,93.81,656.67
SALE0001734,SOI0001761,BAT0000623,CUST054,2025-07-13,4,187.48,749.92
SALE0001735,SOI0001762,BAT0000690,CUST054,2025-07-10,1,133.05,133.05
SALE0001736,SOI0001763,BAT0000839,CUST013,2025-09-26,6,49.23,295.38
SALE0001737,SOI0001764,BAT0000734,CUST013,2025-09-27,1,215.19,215.19
SALE0001738,SOI0001765,BAT0000783,CUST013,2025-09-27,1,166.39,166.39
SALE0001739,SOI0001766,BAT0000815,CUST095,2025-07-06,5,130.12,650.6
SALE0001740,SOI0001767,BAT0000606,CUST037,2025-06-11,4,93.04,372.16
SALE0001741,SOI0001768,BAT0000734,CUST078,2025-07-05,7,211.6,1481.2
SALE0001742,SOI0001769,BAT0000886,CUST078,2025-07-06,1,120.44,120.44
SALE0001743,SOI0001771,BAT0000291,CUST040,2025-04-10,2,182.67,365.34
SALE0001744,SOI0001773,BAT0000815,CUST028,2026-02-04,4,118.68,474.72
SALE0001745,SOI0001774,BAT0000291,CUST074,2025-08-10,5,199.13,995.65
SALE0001746,SOI0001775,BAT0000809,CUST081,2025-10-10,4,35.31,141.24
SALE0001747,SOI0001776,BAT0000705,CUST081,2025-10-08,2,116.05,232.1
SALE0001748,SOI0001777,BAT0000815,CUST081,2025-10-09,5,111.29,556.45
SALE0001749,SOI0001778,BAT0000190,CUST077,2026-06-01,3,97.76,293.28
SALE0001750,SOI0001779,BAT0000612,CUST092,2025-11-14,7,173.05,1211.35
SALE0001751,SOI0001780,BAT0000913,CUST092,2025-11-12,7,46.29,324.03
SALE0001752,SOI0001781,BAT0000190,CUST023,2026-06-25,1,117.53,117.53
SALE0001753,SOI0001782,BAT0001183,CUST023,2026-06-24,7,164.27,1149.89
SALE0001754,SOI0001783,BAT0000696,CUST074,2025-06-11,3,146.23,438.69
SALE0001755,SOI0001784,BAT0000291,CUST074,2025-06-11,4,217.61,870.44
SALE0001756,SOI0001785,BAT0001237,CUST074,2025-06-12,1,156.99,156.99
SALE0001757,SOI0001786,BAT0000371,CUST073,2025-04-29,6,71.0,426.0
SALE0001758,SOI0001787,BAT0001173,CUST073,2025-05-01,6,26.88,161.28
SALE0001759,SOI0001789,BAT0001067,CUST099,2026-01-14,3,104.66,313.98
SALE0001760,SOI0001790,BAT0000540,CUST099,2026-01-15,7,25.86,181.02
SALE0001761,SOI0001791,BAT0000809,CUST099,2026-01-17,7,46.93,328.51
SALE0001762,SOI0001792,BAT0000112,CUST081,2025-06-16,2,176.83,353.66
SALE0001763,SOI0001793,BAT0000762,CUST042,2026-02-07,5,147.96,739.8
SALE0001764,SOI0001794,BAT0000606,CUST042,2026-02-06,6,120.31,721.86
SALE0001765,SOI0001795,BAT0001048,CUST042,2026-02-08,2,88.51,177.02
SALE0001766,SOI0001796,BAT0000507,CUST071,2025-08-19,6,65.32,391.92
SALE0001767,SOI0001797,BAT0001237,CUST071,2025-08-18,4,146.65,586.6
SALE0001768,SOI0001798,BAT0000631,CUST071,2025-08-22,6,154.19,925.14
SALE0001769,SOI0001799,BAT0000462,CUST051,2025-10-21,1,194.58,194.58
SALE0001770,SOI0001800,BAT0000111,CUST051,2025-10-19,5,84.2,421.0
SALE0001771,SOI0001801,BAT0000460,CUST051,2025-10-19,4,219.74,878.96
SALE0001772,SOI0001802,BAT0000285,CUST076,2026-01-29,1,136.6,136.6
SALE0001773,SOI0001803,BAT0000602,CUST062,2025-10-13,1,141.06,141.06
SALE0001774,SOI0001804,BAT0000111,CUST062,2025-10-11,2,111.7,223.4
SALE0001775,SOI0001805,BAT0001158,CUST050,2026-02-26,7,90.57,633.99
SALE0001776,SOI0001807,BAT0000783,CUST050,2026-02-17,2,146.91,293.82
SALE0001777,SOI0001808,BAT0000839,CUST050,2026-02-19,5,67.53,337.65
SALE0001778,SOI0001809,BAT0000495,CUST053,2025-08-15,7,31.4,219.8
SALE0001779,SOI0001810,BAT0001158,CUST053,2025-08-18,2,91.2,182.4
SALE0001780,SOI0001811,BAT0000952,CUST075,2026-05-07,7,147.7,1033.9
SALE0001781,SOI0001813,BAT0000430,CUST015,2025-06-05,6,70.09,420.54
SALE0001782,SOI0001814,BAT0000112,CUST072,2025-07-07,7,186.33,1304.31
SALE0001783,SOI0001815,BAT0000112,CUST069,2026-05-30,6,231.95,1391.7
SALE0001784,SOI0001816,BAT0001213,CUST062,2026-05-24,1,30.29,30.29
SALE0001785,SOI0001817,BAT0000690,CUST062,2026-05-24,1,176.71,176.71
SALE0001786,SOI0001818,BAT0000606,CUST082,2025-10-12,7,105.31,737.17
SALE0001787,SOI0001819,BAT0000180,CUST014,2025-07-28,5,128.31,641.55
SALE0001788,SOI0001820,BAT0000437,CUST014,2025-07-29,1,190.41,190.41
SALE0001789,SOI0001821,BAT0000734,CUST014,2025-07-29,6,158.01,948.06
SALE0001790,SOI0001822,BAT0000734,CUST093,2026-05-31,3,190.01,570.03
SALE0001791,SOI0001823,BAT0000507,CUST046,2026-01-27,7,64.26,449.82
SALE0001792,SOI0001824,BAT0000111,CUST053,2025-04-24,7,111.55,780.85
SALE0001793,SOI0001826,BAT0000612,CUST053,2025-04-24,3,220.58,661.74
SALE0001794,SOI0001827,BAT0000606,CUST050,2025-06-21,5,77.98,389.9
SALE0001795,SOI0001828,BAT0000696,CUST021,2026-04-20,3,161.28,483.84
SALE0001796,SOI0001829,BAT0000815,CUST021,2026-04-17,1,96.73,96.73
SALE0001797,SOI0001830,BAT0000606,CUST021,2026-04-18,5,85.23,426.15
SALE0001798,SOI0001831,BAT0001210,CUST017,2025-11-26,5,140.81,704.05
SALE0001799,SOI0001832,BAT0000667,CUST017,2025-11-29,6,163.1,978.6
SALE0001800,SOI0001833,BAT0000811,CUST100,2025-05-23,5,46.46,232.3
SALE0001801,SOI0001834,BAT0001173,CUST003,2026-01-01,2,18.6,37.2
SALE0001802,SOI0001835,BAT0000612,CUST032,2026-03-16,7,183.65,1285.55
SALE0001803,SOI0001838,BAT0001173,CUST054,2025-05-21,6,24.09,144.54
SALE0001804,SOI0001839,BAT0000179,CUST054,2025-05-19,5,189.52,947.6
SALE0001805,SOI0001840,BAT0000433,CUST013,2026-02-17,2,89.31,178.62
SALE0001806,SOI0001841,BAT0000111,CUST055,2026-06-11,7,108.45,759.15
SALE0001807,SOI0001842,BAT0000696,CUST045,2026-01-13,4,210.85,843.4
SALE0001808,SOI0001843,BAT0001237,CUST045,2026-01-12,4,169.61,678.44
SALE0001809,SOI0001844,BAT0001048,CUST053,2025-06-10,7,95.27,666.89
SALE0001810,SOI0001845,BAT0000179,CUST008,2025-12-13,1,148.37,148.37
SALE0001811,SOI0001846,BAT0000622,CUST008,2025-12-12,1,124.18,124.18
SALE0001812,SOI0001847,BAT0000631,CUST008,2025-12-12,6,162.87,977.22
SALE0001813,SOI0001848,BAT0000696,CUST014,2025-11-30,1,187.8,187.8
SALE0001814,SOI0001849,BAT0001048,CUST014,2025-12-02,4,87.55,350.2
SALE0001815,SOI0001850,BAT0001213,CUST057,2025-06-17,3,21.7,65.1
SALE0001816,SOI0001851,BAT0000783,CUST057,2025-06-15,7,184.83,1293.81
SALE0001817,SOI0001852,BAT0000762,CUST005,2025-06-01,4,133.82,535.28
SALE0001818,SOI0001854,BAT0000180,CUST005,2025-06-04,4,130.3,521.2
SALE0001819,SOI0001855,BAT0000179,CUST008,2025-07-15,3,130.48,391.44
SALE0001820,SOI0001856,BAT0000495,CUST008,2025-07-14,5,32.37,161.85
SALE0001821,SOI0001857,BAT0000913,CUST010,2026-06-15,7,38.8,271.6
SALE0001822,SOI0001858,BAT0000816,CUST010,2026-06-17,2,83.84,167.68
SALE0001823,SOI0001859,BAT0000291,CUST010,2026-06-14,7,229.83,1608.81
SALE0001824,SOI0001860,BAT0000371,CUST077,2026-02-24,3,71.87,215.61
SALE0001825,SOI0001861,BAT0000285,CUST077,2026-02-26,2,187.49,374.98
SALE0001826,SOI0001862,BAT0001173,CUST077,2026-02-26,3,20.35,61.05
SALE0001827,SOI0001863,BAT0001048,CUST006,2026-03-29,3,85.46,256.38
SALE0001828,SOI0001864,BAT0000034,CUST006,2026-04-01,4,208.58,834.32
SALE0001829,SOI0001865,BAT0001210,CUST006,2026-03-29,7,162.28,1135.96
SALE0001830,SOI0001866,BAT0000816,CUST096,2026-03-14,3,78.25,234.75
SALE0001831,SOI0001867,BAT0000623,CUST096,2026-03-15,2,156.13,312.26
SALE0001832,SOI0001868,BAT0000602,CUST096,2026-03-14,1,139.13,139.13
SALE0001833,SOI0001869,BAT0001210,CUST069,2025-09-10,6,113.54,681.24
SALE0001834,SOI0001870,BAT0000111,CUST069,2025-09-10,2,83.73,167.46
SALE0001835,SOI0001871,BAT0000156,CUST096,2025-11-22,3,136.52,409.56
SALE0001836,SOI0001872,BAT0000462,CUST096,2025-11-19,1,172.29,172.29
SALE0001837,SOI0001873,BAT0000112,CUST096,2025-11-21,6,249.07,1494.42
SALE0001838,SOI0001874,BAT0000783,CUST056,2025-07-01,6,162.89,977.34
SALE0001839,SOI0001875,BAT0000112,CUST021,2025-05-20,1,212.11,212.11
SALE0001840,SOI0001876,BAT0000540,CUST021,2025-05-20,3,38.23,114.69
SALE0001841,SOI0001877,BAT0000631,CUST021,2025-05-17,6,174.84,1049.04
SALE0001842,SOI0001878,BAT0000602,CUST066,2026-04-12,2,166.91,333.82
SALE0001843,SOI0001879,BAT0000696,CUST066,2026-04-11,4,172.6,690.4
SALE0001844,SOI0001880,BAT0000811,CUST082,2026-03-17,2,53.31,106.62
SALE0001845,SOI0001881,BAT0000602,CUST082,2026-03-17,6,161.35,968.1
SALE0001846,SOI0001882,BAT0000211,CUST010,2026-04-05,1,217.35,217.35
SALE0001847,SOI0001883,BAT0000291,CUST073,2025-10-06,2,221.41,442.82
SALE0001848,SOI0001884,BAT0000285,CUST043,2026-05-09,5,141.99,709.95
SALE0001849,SOI0001885,BAT0000433,CUST043,2026-05-08,2,84.87,169.74
SALE0001850,SOI0001886,BAT0000667,CUST086,2025-05-17,5,132.15,660.75
SALE0001851,SOI0001887,BAT0000291,CUST086,2025-05-16,1,161.64,161.64
SALE0001852,SOI0001888,BAT0000462,CUST086,2025-05-12,4,215.18,860.72
SALE0001853,SOI0001889,BAT0000952,CUST033,2025-05-10,2,216.21,432.42
SALE0001854,SOI0001891,BAT0000430,CUST033,2025-05-11,6,79.95,479.7
SALE0001855,SOI0001892,BAT0000437,CUST096,2025-10-12,6,237.28,1423.68
SALE0001856,SOI0001893,BAT0001070,CUST089,2025-10-06,5,121.11,605.55
SALE0001857,SOI0001894,BAT0000540,CUST089,2025-10-06,3,29.83,89.49
SALE0001858,SOI0001895,BAT0000507,CUST089,2025-10-06,4,82.29,329.16
SALE0001859,SOI0001896,BAT0000667,CUST023,2025-10-15,4,205.27,821.08
SALE0001860,SOI0001897,BAT0000495,CUST023,2025-10-13,6,42.52,255.12
SALE0001861,SOI0001898,BAT0000631,CUST023,2025-10-14,2,163.96,327.92
SALE0001862,SOI0001899,BAT0001139,CUST054,2026-03-09,6,67.23,403.38
SALE0001863,SOI0001900,BAT0000612,CUST054,2026-03-08,1,183.99,183.99
SALE0001864,SOI0001901,BAT0001116,CUST003,2026-05-07,3,88.92,266.76
SALE0001865,SOI0001902,BAT0001070,CUST003,2026-05-10,3,120.71,362.13
SALE0001866,SOI0001903,BAT0000285,CUST085,2026-04-13,6,203.41,1220.46
SALE0001867,SOI0001904,BAT0000507,CUST085,2026-04-13,4,81.0,324.0
SALE0001868,SOI0001905,BAT0000180,CUST058,2025-06-26,1,189.16,189.16
SALE0001869,SOI0001906,BAT0001213,CUST058,2025-06-23,5,32.06,160.3
SALE0001870,SOI0001907,BAT0000111,CUST058,2025-06-25,1,80.66,80.66
SALE0001871,SOI0001908,BAT0000953,CUST088,2026-04-18,1,218.81,218.81
SALE0001872,SOI0001909,BAT0000495,CUST088,2026-04-20,3,36.18,108.54
SALE0001873,SOI0001910,BAT0000622,CUST035,2025-06-06,2,84.73,169.46
SALE0001874,SOI0001911,BAT0001213,CUST005,2026-01-25,2,32.53,65.06
SALE0001875,SOI0001912,BAT0000302,CUST005,2026-01-29,6,59.76,358.56
SALE0001876,SOI0001913,BAT0000886,CUST005,2026-01-27,6,100.36,602.16
SALE0001877,SOI0001914,BAT0000913,CUST075,2025-05-03,2,41.02,82.04
SALE0001878,SOI0001915,BAT0000886,CUST075,2025-05-02,3,104.08,312.24
SALE0001879,SOI0001916,BAT0000622,CUST051,2026-05-20,3,103.79,311.37
SALE0001880,SOI0001917,BAT0000762,CUST051,2026-05-19,3,147.18,441.54
SALE0001881,SOI0001918,BAT0001213,CUST009,2026-06-18,6,30.56,183.36
SALE0001882,SOI0001919,BAT0001183,CUST068,2025-10-08,6,159.26,955.56
SALE0001883,SOI0001920,BAT0001114,CUST068,2025-10-06,5,81.02,405.1
SALE0001884,SOI0001921,BAT0001070,CUST073,2025-10-07,1,128.07,128.07
SALE0001885,SOI0001922,BAT0001048,CUST073,2025-10-10,1,83.25,83.25
SALE0001886,SOI0001923,BAT0000111,CUST073,2025-10-08,4,86.91,347.64
SALE0001887,SOI0001924,BAT0000765,CUST048,2026-04-09,7,107.91,755.37
SALE0001888,SOI0001925,BAT0000371,CUST048,2026-04-10,5,64.72,323.6
SALE0001889,SOI0001926,BAT0000112,CUST048,2026-04-10,1,168.98,168.98
SALE0001890,SOI0001927,BAT0000540,CUST037,2025-11-20,1,27.95,27.95
SALE0001891,SOI0001928,BAT0000765,CUST040,2025-08-19,6,113.33,679.98
SALE0001892,SOI0001929,BAT0000886,CUST040,2025-08-20,2,136.97,273.94
SALE0001893,SOI0001930,BAT0001225,CUST040,2025-08-20,5,76.27,381.35
SALE0001894,SOI0001931,BAT0000705,CUST050,2025-07-24,3,147.49,442.47
SALE0001895,SOI0001932,BAT0000622,CUST050,2025-07-25,4,120.95,483.8
SALE0001896,SOI0001933,BAT0001048,CUST022,2025-04-12,6,70.36,422.16
SALE0001897,SOI0001934,BAT0000291,CUST022,2025-04-13,6,191.18,1147.08
SALE0001898,SOI0001935,BAT0000517,CUST084,2025-08-16,7,47.07,329.49
SALE0001899,SOI0001936,BAT0000302,CUST084,2025-08-16,4,48.34,193.36
SALE0001900,SOI0001937,BAT0001048,CUST084,2025-08-17,1,95.65,95.65
SALE0001901,SOI0001938,BAT0000291,CUST028,2025-06-14,1,203.19,203.19
SALE0001902,SOI0001939,BAT0000762,CUST028,2025-06-15,2,104.51,209.02
SALE0001903,SOI0001940,BAT0000705,CUST028,2025-06-18,2,114.73,229.46
SALE0001904,SOI0001941,BAT0000811,CUST077,2025-06-29,4,65.33,261.32
SALE0001905,SOI0001942,BAT0000371,CUST077,2025-06-24,2,53.34,106.68
SALE0001906,SOI0001943,BAT0000704,CUST077,2025-06-25,4,116.93,467.72
SALE0001907,SOI0001944,BAT0000211,CUST022,2025-04-14,5,164.91,824.55
SALE0001908,SOI0001945,BAT0000696,CUST022,2025-04-14,6,202.16,1212.96
SALE0001909,SOI0001946,BAT0000431,CUST082,2026-05-08,5,85.08,425.4
SALE0001910,SOI0001947,BAT0000953,CUST082,2026-05-11,5,194.03,970.15
SALE0001911,SOI0001948,BAT0000913,CUST082,2026-05-07,4,53.09,212.36
SALE0001912,SOI0001949,BAT0000589,CUST073,2025-09-10,2,42.26,84.52
SALE0001913,SOI0001950,BAT0000623,CUST090,2026-03-03,4,150.8,603.2
SALE0001914,SOI0001951,BAT0000612,CUST090,2026-03-03,6,162.84,977.04
SALE0001915,SOI0001952,BAT0000667,CUST090,2026-02-28,5,205.66,1028.3
SALE0001916,SOI0001953,BAT0000667,CUST075,2025-08-25,3,203.39,610.17
SALE0001917,SOI0001954,BAT0001173,CUST075,2025-08-25,4,27.04,108.16
SALE0001918,SOI0001955,BAT0001158,CUST075,2025-08-26,3,67.71,203.13
SALE0001919,SOI0001956,BAT0000811,CUST090,2025-10-25,2,52.56,105.12
SALE0001920,SOI0001957,BAT0000371,CUST090,2025-10-27,7,55.63,389.41
SALE0001921,SOI0001958,BAT0001070,CUST090,2025-10-27,1,106.82,106.82
SALE0001922,SOI0001959,BAT0000811,CUST013,2026-01-14,6,59.61,357.66
SALE0001923,SOI0001960,BAT0000602,CUST013,2026-01-12,5,192.77,963.85
SALE0001924,SOI0001961,BAT0000612,CUST013,2026-01-17,5,169.45,847.25
SALE0001925,SOI0001962,BAT0001210,CUST096,2025-08-13,1,119.58,119.58
SALE0001926,SOI0001963,BAT0000462,CUST052,2026-06-26,5,235.22,1176.1
SALE0001927,SOI0001964,BAT0000437,CUST052,2026-06-29,7,202.45,1417.15
SALE0001928,SOI0001965,BAT0000589,CUST018,2026-03-14,2,38.12,76.24
SALE0001929,SOI0001966,BAT0000612,CUST036,2025-09-04,6,200.32,1201.92
SALE0001930,SOI0001967,BAT0000953,CUST046,2026-01-25,7,191.02,1337.14
SALE0001931,SOI0001968,BAT0000667,CUST046,2026-01-29,1,138.67,138.67
SALE0001932,SOI0001969,BAT0001173,CUST046,2026-01-27,2,26.12,52.24
SALE0001933,SOI0001971,BAT0000762,CUST059,2026-03-15,7,101.17,708.19
SALE0001934,SOI0001972,BAT0000034,CUST036,2026-03-12,1,220.1,220.1
SALE0001935,SOI0001973,BAT0001158,CUST036,2026-03-12,1,77.79,77.79
SALE0001936,SOI0001974,BAT0000631,CUST036,2026-03-14,7,169.1,1183.7
SALE0001937,SOI0001975,BAT0000783,CUST059,2025-10-08,3,144.24,432.72
SALE0001938,SOI0001976,BAT0000354,CUST059,2025-10-13,4,48.48,193.92
SALE0001939,SOI0001977,BAT0000285,CUST031,2026-04-24,3,130.69,392.07
SALE0001940,SOI0001978,BAT0000291,CUST019,2025-05-04,6,220.6,1323.6
SALE0001941,SOI0001980,BAT0000809,CUST019,2025-05-02,7,52.4,366.8
SALE0001942,SOI0001981,BAT0000623,CUST079,2026-03-02,6,180.18,1081.08
SALE0001943,SOI0001982,BAT0000371,CUST079,2026-03-01,2,48.49,96.98
SALE0001944,SOI0001983,BAT0000354,CUST079,2026-03-04,3,39.98,119.94
SALE0001945,SOI0001984,BAT0001158,CUST016,2025-11-27,6,79.74,478.44
SALE0001946,SOI0001985,BAT0000437,CUST016,2025-11-27,3,154.86,464.58
SALE0001947,SOI0001986,BAT0000190,CUST082,2026-02-11,6,132.29,793.74
SALE0001948,SOI0001987,BAT0000667,CUST098,2026-05-30,6,195.5,1173.0
SALE0001949,SOI0001988,BAT0000156,CUST098,2026-05-31,3,126.43,379.29
SALE0001950,SOI0001989,BAT0001225,CUST098,2026-05-30,2,60.22,120.44
SALE0001951,SOI0001990,BAT0001048,CUST068,2026-06-18,3,92.28,276.84
SALE0001952,SOI0001991,BAT0000839,CUST068,2026-06-16,6,44.45,266.7
SALE0001953,SOI0001993,BAT0000285,CUST079,2025-11-11,1,143.88,143.88
SALE0001954,SOI0001994,BAT0001183,CUST079,2025-11-07,2,186.95,373.9
SALE0001955,SOI0001995,BAT0000809,CUST085,2025-04-21,5,36.05,180.25
SALE0001956,SOI0001996,BAT0000953,CUST085,2025-04-27,5,157.72,788.6
SALE0001957,SOI0001997,BAT0000111,CUST058,2026-05-23,5,108.74,543.7
SALE0001958,SOI0001998,BAT0000291,CUST080,2025-08-16,2,183.62,367.24
SALE0001959,SOI0001999,BAT0000430,CUST080,2025-08-18,1,82.45,82.45
SALE0001960,SOI0002000,BAT0000704,CUST080,2025-08-16,4,122.34,489.36
SALE0001961,SOI0002001,BAT0001158,CUST081,2025-09-30,4,81.72,326.88
SALE0001962,SOI0002002,BAT0000183,CUST081,2025-09-28,4,153.82,615.28
SALE0001963,SOI0002003,BAT0000291,CUST081,2025-09-25,7,158.72,1111.04
SALE0001964,SOI0002004,BAT0000354,CUST029,2025-08-28,1,51.31,51.31
SALE0001965,SOI0002005,BAT0000302,CUST094,2025-07-07,1,57.24,57.24
SALE0001966,SOI0002006,BAT0000183,CUST075,2025-05-31,3,144.35,433.05
SALE0001967,SOI0002007,BAT0000211,CUST094,2025-08-27,3,202.75,608.25
SALE0001968,SOI0002008,BAT0000430,CUST010,2025-06-02,4,84.39,337.56
SALE0001969,SOI0002009,BAT0000183,CUST031,2026-02-11,3,132.45,397.35
SALE0001970,SOI0002010,BAT0000179,CUST016,2025-05-10,2,179.21,358.42
SALE0001971,SOI0002011,BAT0000462,CUST016,2025-05-08,5,187.26,936.3
SALE0001972,SOI0002012,BAT0001210,CUST070,2025-05-30,4,153.33,613.32
SALE0001973,SOI0002013,BAT0000371,CUST003,2025-09-27,4,50.12,200.48
SALE0001974,SOI0002014,BAT0000190,CUST003,2025-09-30,2,102.58,205.16
SALE0001975,SOI0002015,BAT0000623,CUST093,2025-05-24,1,198.79,198.79
SALE0001976,SOI0002017,BAT0000183,CUST081,2025-06-27,3,148.94,446.82
SALE0001977,SOI0002018,BAT0000212,CUST081,2025-06-28,4,195.17,780.68
SALE0001978,SOI0002019,BAT0000612,CUST081,2025-06-28,1,192.34,192.34
SALE0001979,SOI0002020,BAT0001210,CUST014,2025-04-16,2,155.03,310.06
SALE0001980,SOI0002022,BAT0001213,CUST092,2026-04-09,3,30.99,92.97
SALE0001981,SOI0002023,BAT0000811,CUST092,2026-04-06,5,51.99,259.95
SALE0001982,SOI0002024,BAT0000622,CUST086,2026-04-24,3,107.41,322.23
SALE0001983,SOI0002026,BAT0000762,CUST041,2025-04-15,4,104.89,419.56
SALE0001984,SOI0002027,BAT0000291,CUST068,2025-07-29,1,203.27,203.27
SALE0001985,SOI0002028,BAT0000667,CUST068,2025-07-29,4,199.11,796.44
SALE0001986,SOI0002029,BAT0000302,CUST100,2025-07-04,4,57.65,230.6
SALE0001987,SOI0002030,BAT0001158,CUST006,2026-05-07,1,73.98,73.98
SALE0001988,SOI0002031,BAT0000602,CUST006,2026-05-08,3,181.8,545.4
SALE0001989,SOI0002032,BAT0001114,CUST006,2026-05-06,7,89.74,628.18
SALE0001990,SOI0002033,BAT0000291,CUST008,2025-08-26,5,237.77,1188.85
SALE0001991,SOI0002034,BAT0000156,CUST029,2026-04-27,3,191.37,574.11
SALE0001992,SOI0002035,BAT0001237,CUST021,2026-06-25,1,181.68,181.68
SALE0001993,SOI0002036,BAT0000667,CUST078,2025-08-14,7,138.03,966.21
SALE0001994,SOI0002037,BAT0000589,CUST078,2025-08-16,3,39.66,118.98
SALE0001995,SOI0002038,BAT0001173,CUST078,2025-08-14,3,23.01,69.03
SALE0001996,SOI0002039,BAT0000606,CUST031,2026-04-12,5,91.65,458.25
SALE0001997,SOI0002040,BAT0000809,CUST031,2026-04-13,5,44.64,223.2
SALE0001998,SOI0002041,BAT0001158,CUST031,2026-04-13,5,100.1,500.5
SALE0001999,SOI0002042,BAT0000212,CUST098,2025-07-02,6,189.7,1138.2
SALE0002000,SOI0002043,BAT0001237,CUST098,2025-07-05,5,156.74,783.7
SALE0002001,SOI0002044,BAT0000430,CUST100,2025-10-19,4,89.17,356.68
SALE0002002,SOI0002045,BAT0001013,CUST100,2025-10-22,5,35.08,175.4
SALE0002003,SOI0002046,BAT0000540,CUST100,2025-10-21,6,37.89,227.34
SALE0002004,SOI0002047,BAT0001210,CUST056,2025-04-13,3,135.71,407.13
SALE0002005,SOI0002048,BAT0001048,CUST056,2025-04-12,3,64.52,193.56
SALE0002006,SOI0002049,BAT0000765,CUST026,2026-05-01,7,111.3,779.1
SALE0002007,SOI0002050,BAT0000667,CUST026,2026-05-03,5,205.72,1028.6
SALE0002008,SOI0002051,BAT0000765,CUST032,2026-03-27,5,91.8,459.0
SALE0002009,SOI0002052,BAT0000589,CUST024,2025-11-27,7,52.3,366.1
SALE0002010,SOI0002053,BAT0000886,CUST024,2025-12-01,6,96.78,580.68
SALE0002011,SOI0002054,BAT0000762,CUST057,2025-11-16,1,123.87,123.87
SALE0002012,SOI0002056,BAT0000589,CUST047,2025-06-14,7,34.84,243.88
SALE0002013,SOI0002057,BAT0000430,CUST047,2025-06-13,6,74.94,449.64
SALE0002014,SOI0002058,BAT0000631,CUST003,2025-05-11,6,232.55,1395.3
SALE0002015,SOI0002059,BAT0001213,CUST003,2025-05-14,2,22.65,45.3
SALE0002016,SOI0002061,BAT0000285,CUST098,2025-05-01,7,188.06,1316.42
SALE0002017,SOI0002062,BAT0000762,CUST097,2025-10-08,5,137.45,687.25
SALE0002018,SOI0002063,BAT0001070,CUST097,2025-10-08,4,94.92,379.68
SALE0002019,SOI0002064,BAT0000667,CUST097,2025-10-06,7,205.96,1441.72
SALE0002020,SOI0002065,BAT0001048,CUST045,2026-01-06,2,66.3,132.6
SALE0002021,SOI0002066,BAT0000371,CUST017,2025-05-03,1,55.24,55.24
SALE0002022,SOI0002067,BAT0000111,CUST074,2026-06-21,6,83.84,503.04
SALE0002023,SOI0002068,BAT0000623,CUST074,2026-06-22,5,149.42,747.1
SALE0002024,SOI0002069,BAT0000667,CUST086,2025-08-31,5,131.48,657.4
SALE0002025,SOI0002070,BAT0000704,CUST040,2025-07-22,3,124.6,373.8
SALE0002026,SOI0002073,BAT0000212,CUST096,2025-04-10,3,215.31,645.93
SALE0002027,SOI0002074,BAT0001158,CUST029,2025-11-02,2,108.38,216.76
SALE0002028,SOI0002075,BAT0000653,CUST029,2025-10-31,2,143.12,286.24
SALE0002029,SOI0002076,BAT0000302,CUST029,2025-10-30,2,38.81,77.62
SALE0002030,SOI0002078,BAT0001070,CUST004,2025-07-03,5,136.35,681.75
SALE0002031,SOI0002079,BAT0000212,CUST004,2025-07-05,6,136.62,819.72
SALE0002032,SOI0002080,BAT0001237,CUST004,2025-07-03,6,154.24,925.44
SALE0002033,SOI0002081,BAT0001013,CUST005,2025-10-10,6,40.66,243.96
SALE0002034,SOI0002082,BAT0001183,CUST005,2025-10-12,3,175.97,527.91
SALE0002035,SOI0002083,BAT0000734,CUST009,2026-01-18,5,201.01,1005.05
SALE0002036,SOI0002084,BAT0001183,CUST009,2026-01-18,2,145.01,290.02
SALE0002037,SOI0002085,BAT0000034,CUST010,2025-10-21,5,212.13,1060.65
SALE0002038,SOI0002086,BAT0001070,CUST010,2025-10-19,4,133.55,534.2
SALE0002039,SOI0002087,BAT0000437,CUST010,2025-10-21,7,192.53,1347.71
SALE0002040,SOI0002088,BAT0000667,CUST078,2025-07-08,7,178.86,1252.02
SALE0002041,SOI0002089,BAT0001225,CUST078,2025-07-07,3,64.46,193.38
SALE0002042,SOI0002090,BAT0000371,CUST067,2026-02-16,6,63.34,380.04
SALE0002043,SOI0002091,BAT0000623,CUST067,2026-02-15,3,164.44,493.32
SALE0002044,SOI0002092,BAT0000462,CUST044,2025-12-16,3,183.0,549.0
SALE0002045,SOI0002093,BAT0001316,CUST044,2025-12-20,5,156.54,782.7
SALE0002046,SOI0002094,BAT0000190,CUST044,2025-12-21,4,96.7,386.8
SALE0002047,SOI0002095,BAT0000183,CUST079,2025-12-15,5,180.58,902.9
SALE0002048,SOI0002096,BAT0001116,CUST064,2025-08-08,3,85.23,255.69
SALE0002049,SOI0002097,BAT0000372,CUST064,2025-08-09,5,63.34,316.7
SALE0002050,SOI0002098,BAT0000667,CUST025,2026-02-19,3,173.93,521.79
SALE0002051,SOI0002099,BAT0000704,CUST025,2026-02-20,1,150.65,150.65
SALE0002052,SOI0002100,BAT0000112,CUST025,2026-02-24,5,223.82,1119.1
SALE0002053,SOI0002101,BAT0001070,CUST077,2026-02-11,7,128.21,897.47
SALE0002054,SOI0002102,BAT0000372,CUST077,2026-02-11,1,72.12,72.12
SALE0002055,SOI0002103,BAT0000886,CUST077,2026-02-09,1,90.35,90.35
SALE0002056,SOI0002104,BAT0001237,CUST009,2025-06-02,5,121.81,609.05
SALE0002057,SOI0002105,BAT0000623,CUST009,2025-06-02,3,169.33,507.99
SALE0002058,SOI0002106,BAT0000667,CUST026,2025-09-12,3,156.25,468.75
SALE0002059,SOI0002107,BAT0000608,CUST026,2025-09-08,6,79.59,477.54
SALE0002060,SOI0002108,BAT0001225,CUST026,2025-09-10,1,76.55,76.55
SALE0002061,SOI0002109,BAT0000623,CUST013,2026-01-05,6,207.1,1242.6
SALE0002062,SOI0002110,BAT0001173,CUST013,2026-01-04,6,21.37,128.22
SALE0002063,SOI0002111,BAT0001139,CUST086,2025-11-08,2,99.14,198.28
SALE0002064,SOI0002112,BAT0000765,CUST086,2025-11-09,3,98.91,296.73
SALE0002065,SOI0002113,BAT0000704,CUST043,2026-04-29,4,103.08,412.32
SALE0002066,SOI0002114,BAT0000605,CUST047,2025-09-14,3,189.89,569.67
SALE0002067,SOI0002115,BAT0000839,CUST047,2025-09-10,1,66.75,66.75
SALE0002068,SOI0002116,BAT0000034,CUST043,2025-09-08,1,159.16,159.16
SALE0002069,SOI0002117,BAT0001070,CUST043,2025-09-06,2,120.61,241.22
SALE0002070,SOI0002118,BAT0000430,CUST006,2025-10-08,4,87.23,348.92
SALE0002071,SOI0002119,BAT0001316,CUST006,2025-10-10,4,223.64,894.56
SALE0002072,SOI0002120,BAT0000954,CUST034,2025-12-18,4,178.81,715.24
SALE0002073,SOI0002121,BAT0000372,CUST034,2025-12-16,7,57.06,399.42
SALE0002074,SOI0002122,BAT0000605,CUST034,2025-12-15,6,146.07,876.42
SALE0002075,SOI0002123,BAT0000285,CUST019,2025-12-12,5,130.29,651.45
SALE0002076,SOI0002124,BAT0001013,CUST019,2025-12-12,7,39.6,277.2
SALE0002077,SOI0002125,BAT0000765,CUST044,2025-10-22,5,119.31,596.55
SALE0002078,SOI0002126,BAT0000839,CUST044,2025-10-26,7,44.48,311.36
SALE0002079,SOI0002127,BAT0000623,CUST038,2026-01-11,3,196.9,590.7
SALE0002080,SOI0002128,BAT0000811,CUST038,2026-01-13,4,60.82,243.28
SALE0002081,SOI0002129,BAT0000372,CUST042,2026-06-26,3,66.21,198.63
SALE0002082,SOI0002130,BAT0000765,CUST042,2026-06-30,5,105.2,526.0
SALE0002083,SOI0002131,BAT0000183,CUST042,2026-06-28,4,147.66,590.64
SALE0002084,SOI0002132,BAT0000623,CUST085,2025-11-12,5,198.05,990.25
SALE0002085,SOI0002133,BAT0000623,CUST035,2026-05-10,5,138.32,691.6
SALE0002086,SOI0002134,BAT0000190,CUST035,2026-05-14,6,134.42,806.52
SALE0002087,SOI0002136,BAT0000462,CUST060,2026-05-20,6,222.9,1337.4
SALE0002088,SOI0002137,BAT0000612,CUST064,2025-09-12,6,208.9,1253.4
SALE0002089,SOI0002138,BAT0000696,CUST064,2025-09-14,3,150.02,450.06
SALE0002090,SOI0002139,BAT0000111,CUST030,2025-09-22,5,88.53,442.65
SALE0002091,SOI0002140,BAT0000156,CUST030,2025-09-17,7,187.31,1311.17
SALE0002092,SOI0002141,BAT0001213,CUST049,2025-05-19,3,23.3,69.9
SALE0002093,SOI0002142,BAT0000622,CUST090,2025-10-17,2,125.1,250.2
SALE0002094,SOI0002143,BAT0000212,CUST006,2026-06-07,2,194.71,389.42
SALE0002095,SOI0002144,BAT0001316,CUST006,2026-06-10,6,161.26,967.56
SALE0002096,SOI0002145,BAT0000653,CUST048,2026-04-05,5,102.0,510.0
SALE0002097,SOI0002146,BAT0000811,CUST048,2026-04-09,6,53.1,318.6
SALE0002098,SOI0002147,BAT0000111,CUST048,2026-04-07,5,80.87,404.35
SALE0002099,SOI0002148,BAT0000954,CUST096,2025-10-29,5,195.95,979.75
SALE0002100,SOI0002149,BAT0001183,CUST088,2025-07-20,6,211.9,1271.4
SALE0002101,SOI0002150,BAT0000622,CUST025,2026-05-01,5,99.5,497.5
SALE0002102,SOI0002151,BAT0000285,CUST025,2026-05-05,6,159.0,954.0
SALE0002103,SOI0002152,BAT0001114,CUST088,2026-03-29,3,115.77,347.31
SALE0002104,SOI0002153,BAT0000605,CUST088,2026-03-27,1,149.55,149.55
SALE0002105,SOI0002154,BAT0000653,CUST022,2026-02-18,3,148.8,446.4
SALE0002106,SOI0002155,BAT0001139,CUST022,2026-02-19,1,90.32,90.32
SALE0002107,SOI0002156,BAT0000783,CUST022,2026-02-21,3,159.11,477.33
SALE0002108,SOI0002157,BAT0000696,CUST077,2026-01-28,6,158.88,953.28
SALE0002109,SOI0002158,BAT0000540,CUST077,2026-01-31,4,34.24,136.96
SALE0002110,SOI0002159,BAT0000762,CUST077,2026-02-01,7,160.29,1122.03
SALE0002111,SOI0002160,BAT0001173,CUST060,2025-08-04,4,21.77,87.08
SALE0002112,SOI0002161,BAT0000183,CUST060,2025-08-09,4,146.32,585.28
SALE0002113,SOI0002162,BAT0000034,CUST060,2025-08-09,6,168.13,1008.78
SALE0002114,SOI0002163,BAT0000622,CUST052,2026-05-20,3,114.45,343.35
SALE0002115,SOI0002164,BAT0000808,CUST058,2025-07-05,4,42.2,168.8
SALE0002116,SOI0002165,BAT0000431,CUST058,2025-07-07,2,93.26,186.52
SALE0002117,SOI0002166,BAT0000302,CUST085,2026-03-03,4,47.44,189.76
SALE0002118,SOI0002167,BAT0000612,CUST085,2026-03-04,7,180.03,1260.21
SALE0002119,SOI0002168,BAT0000734,CUST085,2026-03-05,3,159.21,477.63
SALE0002120,SOI0002169,BAT0000190,CUST030,2026-01-06,6,84.61,507.66
SALE0002121,SOI0002170,BAT0001013,CUST030,2026-01-04,4,41.89,167.56
SALE0002122,SOI0002171,BAT0000183,CUST046,2026-06-23,4,175.56,702.24
SALE0002123,SOI0002172,BAT0000589,CUST046,2026-06-27,3,43.75,131.25
SALE0002124,SOI0002173,BAT0001225,CUST065,2025-11-09,4,80.38,321.52
SALE0002125,SOI0002174,BAT0000667,CUST061,2026-06-24,6,157.25,943.5
SALE0002126,SOI0002175,BAT0000608,CUST028,2026-04-21,2,84.59,169.18
SALE0002127,SOI0002176,BAT0000431,CUST028,2026-04-18,4,98.89,395.56
SALE0002128,SOI0002177,BAT0001070,CUST028,2026-04-20,7,105.05,735.35
SALE0002129,SOI0002178,BAT0000156,CUST064,2025-08-10,5,150.57,752.85
SALE0002130,SOI0002179,BAT0000887,CUST083,2025-09-03,3,136.63,409.89
SALE0002131,SOI0002180,BAT0000653,CUST083,2025-09-04,7,148.31,1038.17
SALE0002132,SOI0002181,BAT0000608,CUST083,2025-09-04,4,86.04,344.16
SALE0002133,SOI0002182,BAT0000734,CUST091,2026-06-14,4,209.49,837.96
SALE0002134,SOI0002183,BAT0001048,CUST091,2026-06-18,3,73.38,220.14
SALE0002135,SOI0002184,BAT0000372,CUST059,2026-04-15,5,53.73,268.65
SALE0002136,SOI0002185,BAT0000212,CUST059,2026-04-19,3,169.41,508.23
SALE0002137,SOI0002186,BAT0000417,CUST059,2026-04-17,1,184.8,184.8
SALE0002138,SOI0002187,BAT0000034,CUST096,2026-06-19,2,208.46,416.92
SALE0002139,SOI0002188,BAT0001048,CUST096,2026-06-20,5,73.42,367.1
SALE0002140,SOI0002189,BAT0000808,CUST096,2026-06-19,5,39.17,195.85
SALE0002141,SOI0002190,BAT0001213,CUST006,2025-12-07,2,28.43,56.86
SALE0002142,SOI0002191,BAT0000156,CUST049,2025-08-18,6,160.67,964.02
SALE0002143,SOI0002192,BAT0000887,CUST049,2025-08-17,4,102.35,409.4
SALE0002144,SOI0002193,BAT0000623,CUST062,2025-12-04,2,195.43,390.86
SALE0002145,SOI0002194,BAT0000354,CUST068,2025-10-17,1,48.88,48.88
SALE0002146,SOI0002195,BAT0000762,CUST094,2025-11-20,2,118.12,236.24
SALE0002147,SOI0002196,BAT0000354,CUST094,2025-11-18,2,45.04,90.08
SALE0002148,SOI0002197,BAT0000667,CUST094,2025-11-21,7,196.93,1378.51
SALE0002149,SOI0002198,BAT0001237,CUST086,2026-02-25,6,124.86,749.16
SALE0002150,SOI0002199,BAT0000734,CUST086,2026-02-27,2,157.21,314.42
SALE0002151,SOI0002200,BAT0000622,CUST086,2026-02-26,4,93.3,373.2
SALE0002152,SOI0002201,BAT0000372,CUST070,2025-05-27,7,58.19,407.33
SALE0002153,SOI0002202,BAT0000762,CUST070,2025-05-25,1,157.87,157.87
SALE0002154,SOI0002203,BAT0000285,CUST075,2026-01-03,6,187.49,1124.94
SALE0002155,SOI0002204,BAT0001225,CUST075,2026-01-07,3,59.25,177.75
SALE0002156,SOI0002205,BAT0000734,CUST075,2026-01-02,5,190.92,954.6
SALE0002157,SOI0002206,BAT0000839,CUST072,2025-07-01,5,42.96,214.8
SALE0002158,SOI0002207,BAT0000212,CUST072,2025-07-02,7,186.92,1308.44
SALE0002159,SOI0002208,BAT0000696,CUST036,2025-08-28,3,170.46,511.38
SALE0002160,SOI0002210,BAT0000696,CUST047,2026-06-19,4,212.32,849.28
SALE0002161,SOI0002211,BAT0000589,CUST047,2026-06-24,2,43.99,87.98
SALE0002162,SOI0002212,BAT0000839,CUST047,2026-06-22,4,61.31,245.24
SALE0002163,SOI0002213,BAT0000839,CUST072,2025-05-09,6,59.67,358.02
SALE0002164,SOI0002214,BAT0000111,CUST072,2025-05-12,5,108.8,544.0
SALE0002165,SOI0002215,BAT0000887,CUST072,2025-05-08,6,123.72,742.32
SALE0002166,SOI0002216,BAT0001114,CUST058,2026-01-02,7,97.99,685.93
SALE0002167,SOI0002217,BAT0000811,CUST010,2025-10-14,6,57.17,343.02
SALE0002168,SOI0002218,BAT0000605,CUST010,2025-10-14,3,146.51,439.53
SALE0002169,SOI0002219,BAT0001213,CUST010,2025-10-15,1,26.55,26.55
SALE0002170,SOI0002220,BAT0000783,CUST041,2025-08-06,3,126.38,379.14
SALE0002171,SOI0002221,BAT0001213,CUST041,2025-08-07,7,28.48,199.36
SALE0002172,SOI0002222,BAT0000111,CUST041,2025-08-08,6,82.19,493.14
SALE0002173,SOI0002223,BAT0000887,CUST019,2026-01-11,4,138.25,553.0
SALE0002174,SOI0002224,BAT0000605,CUST019,2026-01-11,7,134.27,939.89
SALE0002175,SOI0002226,BAT0001225,CUST076,2025-11-07,7,72.28,505.96
SALE0002176,SOI0002227,BAT0000734,CUST076,2025-11-09,7,203.36,1423.52
SALE0002177,SOI0002228,BAT0000212,CUST076,2025-11-10,4,163.65,654.6
SALE0002178,SOI0002229,BAT0000696,CUST067,2026-02-27,1,213.67,213.67
SALE0002179,SOI0002230,BAT0000762,CUST067,2026-02-28,2,137.05,274.1
SALE0002180,SOI0002231,BAT0000612,CUST072,2025-10-18,3,172.3,516.9
SALE0002181,SOI0002232,BAT0000839,CUST021,2026-04-13,5,54.33,271.65
SALE0002182,SOI0002233,BAT0000914,CUST011,2025-10-13,7,59.04,413.28
SALE0002183,SOI0002234,BAT0000372,CUST011,2025-10-13,1,46.01,46.01
SALE0002184,SOI0002235,BAT0000734,CUST086,2025-12-24,4,221.94,887.76
SALE0002185,SOI0002236,BAT0000111,CUST086,2025-12-28,7,75.5,528.5
SALE0002186,SOI0002237,BAT0000437,CUST009,2026-01-09,6,207.08,1242.48
SALE0002187,SOI0002238,BAT0000631,CUST009,2026-06-13,6,229.23,1375.38
SALE0002188,SOI0002239,BAT0001013,CUST009,2026-06-17,5,37.4,187.0
SALE0002189,SOI0002240,BAT0000914,CUST020,2026-01-15,1,48.25,48.25
SALE0002190,SOI0002241,BAT0000034,CUST020,2026-01-17,2,177.94,355.88
SALE0002191,SOI0002242,BAT0000622,CUST017,2026-05-19,3,82.53,247.59
SALE0002192,SOI0002243,BAT0001114,CUST017,2026-05-19,3,95.91,287.73
SALE0002193,SOI0002244,BAT0000112,CUST017,2026-05-18,4,224.92,899.68
SALE0002194,SOI0002245,BAT0000997,CUST051,2026-02-12,5,197.34,986.7
SALE0002195,SOI0002246,BAT0001139,CUST051,2026-02-09,6,70.64,423.84
SALE0002196,SOI0002247,BAT0001048,CUST052,2025-08-01,5,87.37,436.85
SALE0002197,SOI0002248,BAT0000034,CUST052,2026-05-14,7,190.04,1330.28
SALE0002198,SOI0002249,BAT0001139,CUST059,2025-07-17,1,66.67,66.67
SALE0002199,SOI0002250,BAT0000156,CUST059,2025-07-20,1,171.52,171.52
SALE0002200,SOI0002251,BAT0000704,CUST059,2025-07-20,2,106.12,212.24
SALE0002201,SOI0002252,BAT0000914,CUST055,2025-10-09,4,60.37,241.48
SALE0002202,SOI0002253,BAT0001158,CUST055,2025-10-09,6,72.3,433.8
SALE0002203,SOI0002254,BAT0000765,CUST055,2025-10-08,1,93.4,93.4
SALE0002204,SOI0002255,BAT0000372,CUST099,2025-11-13,1,68.18,68.18
SALE0002205,SOI0002256,BAT0000765,CUST099,2025-11-13,1,94.99,94.99
SALE0002206,SOI0002257,BAT0000914,CUST099,2025-11-11,2,40.89,81.78
SALE0002207,SOI0002258,BAT0000631,CUST074,2026-01-22,5,209.67,1048.35
SALE0002208,SOI0002259,BAT0000190,CUST085,2025-07-18,1,132.5,132.5
SALE0002209,SOI0002260,BAT0000302,CUST085,2025-07-17,3,42.86,128.58
SALE0002210,SOI0002261,BAT0000212,CUST077,2025-07-10,5,191.69,958.45
SALE0002211,SOI0002262,BAT0000653,CUST077,2025-07-12,7,151.21,1058.47
SALE0002212,SOI0002263,BAT0000354,CUST077,2025-07-10,2,37.87,75.74
SALE0002213,SOI0002264,BAT0001139,CUST061,2026-04-29,2,68.56,137.12
SALE0002214,SOI0002265,BAT0000431,CUST061,2026-04-29,3,98.1,294.3
SALE0002215,SOI0002266,BAT0000653,CUST061,2026-04-30,5,145.26,726.3
SALE0002216,SOI0002267,BAT0001048,CUST002,2026-03-24,2,85.06,170.12
SALE0002217,SOI0002268,BAT0000914,CUST002,2026-03-28,3,40.12,120.36
SALE0002218,SOI0002269,BAT0000765,CUST002,2026-03-24,3,119.81,359.43
SALE0002219,SOI0002270,BAT0000605,CUST082,2026-05-01,4,139.25,557.0
SALE0002220,SOI0002271,BAT0000431,CUST064,2026-06-26,7,101.71,711.97
SALE0002221,SOI0002272,BAT0001013,CUST071,2026-05-21,2,45.74,91.48
SALE0002222,SOI0002273,BAT0000212,CUST071,2026-05-20,5,213.62,1068.1
SALE0002223,SOI0002274,BAT0000608,CUST071,2026-05-20,1,103.91,103.91
SALE0002224,SOI0002275,BAT0000179,CUST002,2026-01-19,5,130.51,652.55
SALE0002225,SOI0002276,BAT0001114,CUST039,2025-08-28,7,85.63,599.41
SALE0002226,SOI0002277,BAT0001237,CUST039,2025-08-29,3,169.0,507.0
SALE0002227,SOI0002278,BAT0001116,CUST082,2026-01-28,3,93.73,281.19
SALE0002228,SOI0002279,BAT0000431,CUST082,2026-01-30,2,75.62,151.24
SALE0002229,SOI0002280,BAT0000612,CUST082,2026-01-29,1,229.67,229.67
SALE0002230,SOI0002281,BAT0000808,CUST054,2025-09-15,6,42.48,254.88
SALE0002231,SOI0002282,BAT0001070,CUST054,2025-09-14,5,113.19,565.95
SALE0002232,SOI0002283,BAT0001316,CUST054,2025-09-12,1,164.02,164.02
SALE0002233,SOI0002284,BAT0001013,CUST032,2025-08-17,3,42.66,127.98
SALE0002234,SOI0002285,BAT0000808,CUST023,2026-03-06,4,31.31,125.24
SALE0002235,SOI0002287,BAT0000914,CUST015,2025-06-11,7,56.57,395.99
SALE0002236,SOI0002288,BAT0001213,CUST015,2025-06-08,1,22.96,22.96
SALE0002237,SOI0002289,BAT0000887,CUST002,2026-01-28,7,102.57,717.99
SALE0002238,SOI0002290,BAT0001158,CUST002,2026-01-27,2,76.47,152.94
SALE0002239,SOI0002291,BAT0000612,CUST002,2026-01-30,4,151.03,604.12
SALE0002240,SOI0002292,BAT0001116,CUST002,2026-04-23,3,116.91,350.73
SALE0002241,SOI0002293,BAT0001139,CUST002,2026-04-24,3,91.92,275.76
SALE0002242,SOI0002294,BAT0000839,CUST002,2026-04-25,3,67.61,202.83
SALE0002243,SOI0002295,BAT0001014,CUST013,2025-10-24,6,33.41,200.46
SALE0002244,SOI0002296,BAT0000429,CUST013,2025-10-23,5,99.3,496.5
SALE0002245,SOI0002297,BAT0000302,CUST016,2025-08-10,6,49.71,298.26
SALE0002246,SOI0002298,BAT0000887,CUST016,2025-08-10,7,97.56,682.92
SALE0002247,SOI0002299,BAT0000112,CUST016,2025-08-08,6,254.22,1525.32
SALE0002248,SOI0002300,BAT0000954,CUST008,2026-06-21,4,168.47,673.88
SALE0002249,SOI0002301,BAT0000762,CUST040,2025-04-24,3,136.57,409.71
SALE0002250,SOI0002302,BAT0000631,CUST040,2025-04-26,1,235.5,235.5
SALE0002251,SOI0002303,BAT0000438,CUST046,2026-03-09,6,220.54,1323.24
SALE0002252,SOI0002304,BAT0000608,CUST046,2026-03-07,5,113.5,567.5
SALE0002253,SOI0002305,BAT0001158,CUST024,2025-04-25,2,98.16,196.32
SALE0002254,SOI0002306,BAT0000811,CUST024,2025-04-24,2,60.14,120.28
SALE0002255,SOI0002307,BAT0000354,CUST024,2025-04-25,7,48.9,342.3
SALE0002256,SOI0002308,BAT0000212,CUST023,2025-07-11,1,211.02,211.02
SALE0002257,SOI0002309,BAT0000704,CUST023,2025-07-11,4,100.24,400.96
SALE0002258,SOI0002310,BAT0001070,CUST023,2025-07-14,6,89.81,538.86
SALE0002259,SOI0002312,BAT0000034,CUST067,2025-05-10,3,157.44,472.32
SALE0002260,SOI0002314,BAT0000765,CUST088,2025-09-14,4,77.72,310.88
SALE0002261,SOI0002315,BAT0000438,CUST088,2025-09-12,4,231.49,925.96
SALE0002262,SOI0002317,BAT0000112,CUST074,2025-05-18,5,203.12,1015.6
SALE0002263,SOI0002318,BAT0000034,CUST074,2025-05-18,3,185.27,555.81
SALE0002264,SOI0002319,BAT0001237,CUST045,2026-06-21,7,181.18,1268.26
SALE0002265,SOI0002320,BAT0000762,CUST094,2026-04-28,6,155.79,934.74
SALE0002266,SOI0002321,BAT0000111,CUST094,2026-04-27,7,108.36,758.52
SALE0002267,SOI0002322,BAT0001116,CUST084,2026-03-17,1,93.34,93.34
SALE0002268,SOI0002323,BAT0000623,CUST084,2026-03-15,3,203.4,610.2
SALE0002269,SOI0002324,BAT0000612,CUST011,2025-06-27,4,200.39,801.56
SALE0002270,SOI0002326,BAT0000783,CUST027,2026-01-01,5,141.63,708.15
SALE0002271,SOI0002327,BAT0000112,CUST022,2025-09-02,5,217.1,1085.5
SALE0002272,SOI0002328,BAT0000212,CUST022,2025-08-29,5,138.93,694.65
SALE0002273,SOI0002329,BAT0000762,CUST045,2026-01-27,2,119.35,238.7
SALE0002274,SOI0002330,BAT0000190,CUST045,2026-01-24,1,116.64,116.64
SALE0002275,SOI0002331,BAT0000354,CUST045,2026-01-28,6,44.89,269.34
SALE0002276,SOI0002332,BAT0001265,CUST048,2026-03-22,1,106.78,106.78
SALE0002277,SOI0002333,BAT0000612,CUST048,2026-03-24,6,201.93,1211.58
SALE0002278,SOI0002334,BAT0001173,CUST048,2026-03-24,1,22.29,22.29
SALE0002279,SOI0002335,BAT0000111,CUST013,2025-11-16,5,103.99,519.95
SALE0002280,SOI0002336,BAT0000887,CUST013,2025-11-21,5,104.46,522.3
SALE0002281,SOI0002337,BAT0000156,CUST032,2026-04-11,4,139.51,558.04
SALE0002282,SOI0002338,BAT0000212,CUST032,2026-04-07,5,213.92,1069.6
SALE0002283,SOI0002339,BAT0000429,CUST006,2026-05-08,2,76.26,152.52
SALE0002284,SOI0002340,BAT0001173,CUST017,2026-05-13,5,20.87,104.35
SALE0002285,SOI0002341,BAT0000178,CUST017,2026-05-17,4,77.73,310.92
SALE0002286,SOI0002342,BAT0000612,CUST083,2026-02-28,6,205.02,1230.12
SALE0002287,SOI0002343,BAT0000372,CUST012,2025-08-09,3,48.32,144.96
SALE0002288,SOI0002344,BAT0001303,CUST095,2025-09-17,2,24.9,49.8
SALE0002289,SOI0002345,BAT0000811,CUST016,2025-04-09,5,45.85,229.25
SALE0002290,SOI0002347,BAT0000111,CUST016,2025-04-08,4,91.89,367.56
SALE0002291,SOI0002348,BAT0000605,CUST052,2026-05-08,6,188.22,1129.32
SALE0002292,SOI0002349,BAT0000622,CUST097,2025-10-27,5,83.38,416.9
SALE0002293,SOI0002350,BAT0000667,CUST097,2025-10-27,4,131.23,524.92
SALE0002294,SOI0002351,BAT0000112,CUST015,2026-01-17,2,230.04,460.08
SALE0002295,SOI0002352,BAT0001316,CUST041,2026-01-03,1,156.15,156.15
SALE0002296,SOI0002353,BAT0000783,CUST039,2025-11-09,5,123.51,617.55
SALE0002297,SOI0002354,BAT0000914,CUST017,2025-04-09,2,50.33,100.66
SALE0002298,SOI0002356,BAT0000623,CUST092,2026-04-14,4,209.81,839.24
SALE0002299,SOI0002357,BAT0001158,CUST076,2025-09-26,6,71.18,427.08
SALE0002300,SOI0002358,BAT0000212,CUST076,2025-09-26,1,183.11,183.11
SALE0002301,SOI0002359,BAT0000612,CUST094,2025-10-14,2,177.22,354.44
SALE0002302,SOI0002360,BAT0000608,CUST100,2025-08-03,7,77.34,541.38
SALE0002303,SOI0002362,BAT0000887,CUST079,2025-04-26,3,87.27,261.81
SALE0002304,SOI0002364,BAT0000519,CUST012,2026-03-21,7,86.5,605.5
SALE0002305,SOI0002365,BAT0001237,CUST082,2025-07-28,6,142.18,853.08
SALE0002306,SOI0002366,BAT0000839,CUST080,2026-01-03,6,49.21,295.26
SALE0002307,SOI0002367,BAT0000612,CUST080,2026-01-03,2,203.2,406.4
SALE0002308,SOI0002368,BAT0001114,CUST024,2026-06-27,5,97.46,487.3
SALE0002309,SOI0002369,BAT0000622,CUST039,2025-12-06,4,120.08,480.32
SALE0002310,SOI0002370,BAT0000462,CUST039,2025-12-04,2,231.16,462.32
SALE0002311,SOI0002371,BAT0000302,CUST039,2025-12-02,5,54.49,272.45
SALE0002312,SOI0002372,BAT0000805,CUST009,2025-05-27,6,133.53,801.18
SALE0002313,SOI0002373,BAT0000997,CUST094,2026-02-09,6,282.14,1692.84
SALE0002314,SOI0002374,BAT0000915,CUST094,2026-02-07,5,47.81,239.05
SALE0002315,SOI0002375,BAT0000438,CUST009,2026-04-17,1,156.1,156.1
SALE0002316,SOI0002376,BAT0000836,CUST063,2026-01-03,7,186.89,1308.23
SALE0002317,SOI0002377,BAT0000462,CUST063,2026-01-05,1,206.22,206.22
SALE0002318,SOI0002378,BAT0001316,CUST063,2026-01-05,1,180.85,180.85
SALE0002319,SOI0002379,BAT0000212,CUST060,2026-01-18,1,137.68,137.68
SALE0002320,SOI0002380,BAT0000954,CUST061,2026-02-03,2,177.76,355.52
SALE0002321,SOI0002381,BAT0000631,CUST061,2026-02-07,1,180.35,180.35
SALE0002322,SOI0002382,BAT0000808,CUST061,2026-02-01,1,34.08,34.08
SALE0002323,SOI0002383,BAT0001048,CUST085,2026-02-02,4,70.87,283.48
SALE0002324,SOI0002384,BAT0000186,CUST085,2026-02-03,5,200.91,1004.55
SALE0002325,SOI0002385,BAT0001070,CUST047,2025-11-23,6,113.82,682.92
SALE0002326,SOI0002386,BAT0000519,CUST047,2025-11-28,1,119.52,119.52
SALE0002327,SOI0002387,BAT0000839,CUST047,2025-11-24,2,55.79,111.58
SALE0002328,SOI0002388,BAT0000179,CUST018,2025-05-19,2,163.69,327.38
SALE0002329,SOI0002390,BAT0000417,CUST068,2026-02-14,6,133.18,799.08
SALE0002330,SOI0002391,BAT0001158,CUST068,2026-02-19,4,76.94,307.76
SALE0002331,SOI0002392,BAT0001014,CUST068,2026-02-17,2,49.69,99.38
SALE0002332,SOI0002394,BAT0000608,CUST041,2025-05-08,7,111.66,781.62
SALE0002333,SOI0002396,BAT0000354,CUST049,2025-09-11,6,42.78,256.68
SALE0002334,SOI0002397,BAT0000519,CUST064,2026-04-09,3,107.96,323.88
SALE0002335,SOI0002398,BAT0001316,CUST081,2025-09-12,5,226.26,1131.3
SALE0002336,SOI0002399,BAT0001070,CUST081,2025-09-16,6,127.52,765.12
SALE0002337,SOI0002400,BAT0001114,CUST014,2026-04-29,3,117.08,351.24
SALE0002338,SOI0002402,BAT0000417,CUST024,2025-11-18,4,186.57,746.28
SALE0002339,SOI0002403,BAT0000431,CUST008,2026-03-18,1,98.83,98.83
SALE0002340,SOI0002404,BAT0001116,CUST008,2026-03-14,7,124.73,873.11
SALE0002341,SOI0002405,BAT0000783,CUST008,2026-03-18,3,139.29,417.87
SALE0002342,SOI0002406,BAT0001237,CUST042,2026-01-21,3,144.35,433.05
SALE0002343,SOI0002407,BAT0001114,CUST042,2026-01-20,2,97.26,194.52
SALE0002344,SOI0002408,BAT0000372,CUST013,2026-03-31,2,55.87,111.74
SALE0002345,SOI0002409,BAT0000112,CUST013,2026-03-28,1,232.44,232.44
SALE0002346,SOI0002410,BAT0000186,CUST053,2026-05-01,4,165.74,662.96
SALE0002347,SOI0002411,BAT0000808,CUST053,2026-04-29,2,40.95,81.9
SALE0002348,SOI0002412,BAT0000285,CUST053,2026-04-29,5,193.13,965.65
SALE0002349,SOI0002413,BAT0001070,CUST018,2026-05-04,3,105.45,316.35
SALE0002350,SOI0002414,BAT0000178,CUST018,2026-04-28,1,101.37,101.37
SALE0002351,SOI0002415,BAT0000632,CUST005,2025-11-22,1,205.6,205.6
SALE0002352,SOI0002416,BAT0000179,CUST005,2025-11-22,4,168.51,674.04
SALE0002353,SOI0002417,BAT0000112,CUST089,2026-04-22,7,236.98,1658.86
SALE0002354,SOI0002418,BAT0000438,CUST078,2026-06-23,7,245.8,1720.6
SALE0002355,SOI0002419,BAT0000608,CUST078,2026-06-27,3,97.82,293.46
SALE0002356,SOI0002420,BAT0001213,CUST078,2026-06-29,6,21.7,130.2
SALE0002357,SOI0002421,BAT0000696,CUST037,2026-04-08,1,147.4,147.4
SALE0002358,SOI0002422,BAT0000462,CUST037,2026-04-05,2,198.05,396.1
SALE0002359,SOI0002423,BAT0000696,CUST069,2026-01-11,5,163.53,817.65
SALE0002360,SOI0002424,BAT0000915,CUST069,2026-01-10,7,45.48,318.36
SALE0002361,SOI0002425,BAT0000186,CUST069,2026-01-12,6,190.2,1141.2
SALE0002362,SOI0002426,BAT0000767,CUST050,2025-06-13,4,87.29,349.16
SALE0002363,SOI0002427,BAT0000302,CUST050,2025-06-15,5,58.92,294.6
SALE0002364,SOI0002428,BAT0001225,CUST075,2026-05-17,5,72.83,364.15
SALE0002365,SOI0002429,BAT0001265,CUST075,2026-05-17,2,95.35,190.7
SALE0002366,SOI0002430,BAT0000178,CUST029,2025-05-27,2,95.85,191.7
SALE0002367,SOI0002431,BAT0000696,CUST029,2025-05-27,2,163.57,327.14
SALE0002368,SOI0002432,BAT0001213,CUST037,2026-01-04,2,21.91,43.82
SALE0002369,SOI0002433,BAT0000767,CUST037,2026-01-06,4,97.26,389.04
SALE0002370,SOI0002434,BAT0001158,CUST037,2026-01-04,1,100.75,100.75
SALE0002371,SOI0002436,BAT0000836,CUST080,2025-06-10,4,168.95,675.8
SALE0002372,SOI0002438,BAT0000839,CUST057,2025-05-12,1,64.08,64.08
SALE0002373,SOI0002439,BAT0000667,CUST040,2025-04-30,4,131.08,524.32
SALE0002374,SOI0002443,BAT0000462,CUST031,2025-04-08,3,233.16,699.48
SALE0002375,SOI0002444,BAT0000836,CUST059,2025-12-13,4,161.45,645.8
SALE0002376,SOI0002445,BAT0000605,CUST052,2025-09-29,3,123.39,370.17
SALE0002377,SOI0002446,BAT0000622,CUST052,2025-09-29,7,88.09,616.63
SALE0002378,SOI0002447,BAT0000608,CUST052,2025-09-30,6,90.84,545.04
SALE0002379,SOI0002448,BAT0001237,CUST015,2025-08-26,2,140.17,280.34
SALE0002380,SOI0002450,BAT0000653,CUST045,2025-06-23,3,114.41,343.23
SALE0002381,SOI0002451,BAT0000767,CUST024,2025-07-01,1,96.4,96.4
SALE0002382,SOI0002452,BAT0000519,CUST024,2025-06-30,5,82.38,411.9
SALE0002383,SOI0002453,BAT0000186,CUST040,2026-04-19,2,173.5,347.0
SALE0002384,SOI0002454,BAT0001158,CUST040,2026-04-19,3,100.43,301.29
SALE0002385,SOI0002455,BAT0001116,CUST040,2026-04-20,6,106.87,641.22
SALE0002386,SOI0002456,BAT0000417,CUST082,2026-05-24,2,145.0,290.0
SALE0002387,SOI0002457,BAT0000186,CUST009,2025-09-02,5,203.78,1018.9
SALE0002388,SOI0002458,BAT0000915,CUST009,2025-08-28,4,40.24,160.96
SALE0002389,SOI0002459,BAT0001265,CUST027,2025-12-28,5,106.77,533.85
SALE0002390,SOI0002460,BAT0000431,CUST027,2025-12-27,3,76.87,230.61
SALE0002391,SOI0002461,BAT0000836,CUST027,2025-12-26,7,174.1,1218.7
SALE0002392,SOI0002462,BAT0000111,CUST098,2025-04-19,3,89.13,267.39
SALE0002393,SOI0002464,BAT0000354,CUST098,2025-04-19,4,44.24,176.96
SALE0002394,SOI0002465,BAT0000605,CUST095,2025-11-08,5,161.92,809.6
SALE0002395,SOI0002466,BAT0001225,CUST095,2025-11-06,4,76.52,306.08
SALE0002396,SOI0002467,BAT0000417,CUST010,2025-09-17,4,140.0,560.0
SALE0002397,SOI0002468,BAT0001014,CUST010,2025-09-16,7,48.44,339.08
SALE0002398,SOI0002469,BAT0000915,CUST010,2025-09-16,2,44.68,89.36
SALE0002399,SOI0002470,BAT0000462,CUST043,2026-02-25,6,234.45,1406.7
SALE0002400,SOI0002471,BAT0001303,CUST043,2026-03-01,1,21.86,21.86
SALE0002401,SOI0002472,BAT0000608,CUST043,2026-02-28,5,109.57,547.85
SALE0002402,SOI0002473,BAT0001048,CUST088,2026-05-10,7,62.31,436.17
SALE0002403,SOI0002474,BAT0001014,CUST088,2026-05-07,2,34.6,69.2
SALE0002404,SOI0002475,BAT0000312,CUST088,2026-05-08,2,56.28,112.56
SALE0002405,SOI0002476,BAT0000312,CUST053,2026-06-01,2,52.98,105.96
SALE0002406,SOI0002477,BAT0000429,CUST053,2026-05-30,7,89.69,627.83
SALE0002407,SOI0002478,BAT0000915,CUST005,2025-05-20,1,52.7,52.7
SALE0002408,SOI0002479,BAT0000622,CUST077,2025-08-09,2,125.33,250.66
SALE0002409,SOI0002480,BAT0000312,CUST009,2026-05-01,1,65.18,65.18
SALE0002410,SOI0002481,BAT0001048,CUST009,2026-04-27,6,65.49,392.94
SALE0002411,SOI0002482,BAT0000622,CUST009,2026-04-29,7,112.98,790.86
SALE0002412,SOI0002483,BAT0001070,CUST002,2025-11-28,1,93.87,93.87
SALE0002413,SOI0002484,BAT0000183,CUST002,2025-11-30,7,122.86,860.02
SALE0002414,SOI0002485,BAT0000519,CUST002,2025-11-28,3,120.17,360.51
SALE0002415,SOI0002486,BAT0000431,CUST065,2025-07-06,2,80.31,160.62
SALE0002416,SOI0002487,BAT0000767,CUST015,2026-01-25,1,118.97,118.97
SALE0002417,SOI0002488,BAT0001225,CUST015,2026-01-28,5,65.72,328.6
SALE0002418,SOI0002489,BAT0001237,CUST070,2025-10-31,3,128.38,385.14
SALE0002419,SOI0002490,BAT0000767,CUST070,2025-10-31,4,92.82,371.28
SALE0002420,SOI0002491,BAT0000915,CUST070,2025-11-04,7,44.46,311.22
SALE0002421,SOI0002492,BAT0001116,CUST050,2025-08-25,5,126.61,633.05
SALE0002422,SOI0002493,BAT0000783,CUST003,2025-10-09,2,117.51,235.02
SALE0002423,SOI0002494,BAT0000111,CUST046,2025-07-17,2,95.19,190.38
SALE0002424,SOI0002495,BAT0000808,CUST046,2025-07-21,1,29.04,29.04
SALE0002425,SOI0002496,BAT0000836,CUST059,2025-12-04,7,191.83,1342.81
SALE0002426,SOI0002497,BAT0000612,CUST059,2025-12-04,5,193.46,967.3
SALE0002427,SOI0002498,BAT0000612,CUST018,2025-06-13,3,177.56,532.68
SALE0002428,SOI0002499,BAT0000519,CUST088,2026-03-21,7,113.13,791.91
SALE0002429,SOI0002500,BAT0001225,CUST012,2025-11-05,5,78.58,392.9
SALE0002430,SOI0002501,BAT0000613,CUST071,2026-04-26,4,146.59,586.36
SALE0002431,SOI0002502,BAT0000613,CUST040,2026-05-06,3,171.24,513.72
SALE0002432,SOI0002503,BAT0001316,CUST040,2026-04-30,5,240.44,1202.2
SALE0002433,SOI0002504,BAT0000836,CUST071,2025-09-10,1,230.44,230.44
SALE0002434,SOI0002505,BAT0000811,CUST028,2026-02-06,1,59.41,59.41
SALE0002435,SOI0002506,BAT0000696,CUST028,2026-02-08,2,154.25,308.5
SALE0002436,SOI0002507,BAT0001265,CUST038,2026-04-16,3,142.56,427.68
SALE0002437,SOI0002508,BAT0000997,CUST038,2026-04-21,2,202.61,405.22
SALE0002438,SOI0002509,BAT0000461,CUST075,2025-06-29,1,63.96,63.96
SALE0002439,SOI0002510,BAT0001070,CUST075,2025-06-30,5,92.91,464.55
SALE0002440,SOI0002511,BAT0001070,CUST001,2025-09-02,1,125.98,125.98
SALE0002441,SOI0002512,BAT0000739,CUST017,2026-02-19,2,93.52,187.04
SALE0002442,SOI0002513,BAT0000186,CUST017,2026-02-19,2,181.38,362.76
SALE0002443,SOI0002514,BAT0001048,CUST090,2025-04-07,4,78.75,315.0
SALE0002444,SOI0002516,BAT0000312,CUST037,2025-05-18,3,64.49,193.47
SALE0002445,SOI0002517,BAT0000811,CUST037,2025-05-20,1,67.88,67.88
SALE0002446,SOI0002519,BAT0001114,CUST067,2025-12-31,1,100.59,100.59
SALE0002447,SOI0002520,BAT0000519,CUST035,2025-09-10,5,126.78,633.9
SALE0002448,SOI0002521,BAT0000183,CUST035,2025-09-08,4,142.44,569.76
SALE0002449,SOI0002522,BAT0000186,CUST035,2025-09-10,7,202.64,1418.48
SALE0002450,SOI0002523,BAT0000179,CUST055,2025-08-30,4,136.31,545.24
SALE0002451,SOI0002524,BAT0001048,CUST044,2026-05-10,7,72.64,508.48
SALE0002452,SOI0002525,BAT0000111,CUST044,2026-05-08,7,94.65,662.55
SALE0002453,SOI0002526,BAT0000158,CUST044,2026-05-06,5,198.7,993.5
SALE0002454,SOI0002527,BAT0001303,CUST057,2025-12-26,2,20.53,41.06
SALE0002455,SOI0002528,BAT0000431,CUST057,2025-12-29,1,90.69,90.69
SALE0002456,SOI0002529,BAT0000178,CUST057,2025-12-29,2,89.08,178.16
SALE0002457,SOI0002530,BAT0000028,CUST080,2025-11-30,1,130.92,130.92
SALE0002458,SOI0002531,BAT0000915,CUST080,2025-12-01,1,40.3,40.3
SALE0002459,SOI0002532,BAT0001215,CUST020,2025-05-29,1,25.71,25.71
SALE0002460,SOI0002533,BAT0000622,CUST050,2025-09-17,6,97.84,587.04
SALE0002461,SOI0002534,BAT0000462,CUST050,2025-09-23,7,212.28,1485.96
SALE0002462,SOI0002535,BAT0001114,CUST050,2025-09-20,3,104.85,314.55
SALE0002463,SOI0002536,BAT0000462,CUST053,2025-06-13,3,162.43,487.29
SALE0002464,SOI0002537,BAT0000111,CUST053,2025-06-16,3,74.76,224.28
SALE0002465,SOI0002538,BAT0001215,CUST033,2026-02-09,1,34.27,34.27
SALE0002466,SOI0002539,BAT0000667,CUST033,2026-02-06,5,172.1,860.5
SALE0002467,SOI0002540,BAT0000461,CUST033,2026-02-07,2,69.72,139.44
SALE0002468,SOI0002541,BAT0000783,CUST058,2025-12-12,4,162.87,651.48
SALE0002469,SOI0002542,BAT0001014,CUST058,2025-12-12,1,46.22,46.22
SALE0002470,SOI0002543,BAT0000378,CUST073,2025-10-25,2,69.32,138.64
SALE0002471,SOI0002544,BAT0000605,CUST006,2026-06-02,6,160.19,961.14
SALE0002472,SOI0002545,BAT0001225,CUST006,2026-06-02,4,59.55,238.2
SALE0002473,SOI0002546,BAT0000182,CUST006,2026-06-06,4,144.34,577.36
SALE0002474,SOI0002547,BAT0000519,CUST002,2026-06-15,7,114.62,802.34
SALE0002475,SOI0002548,BAT0000178,CUST002,2026-06-14,5,104.57,522.85
SALE0002476,SOI0002549,BAT0000186,CUST049,2025-10-06,5,132.63,663.15
SALE0002477,SOI0002550,BAT0000811,CUST049,2025-10-05,2,67.17,134.34
SALE0002478,SOI0002551,BAT0000667,CUST036,2025-10-21,4,184.1,736.4
SALE0002479,SOI0002552,BAT0001014,CUST036,2025-10-21,6,30.82,184.92
SALE0002480,SOI0002553,BAT0000112,CUST036,2025-10-23,6,231.99,1391.94
SALE0002481,SOI0002554,BAT0000696,CUST026,2025-08-07,3,136.78,410.34
SALE0002482,SOI0002556,BAT0000462,CUST007,2025-08-01,7,210.09,1470.63
SALE0002483,SOI0002557,BAT0000378,CUST007,2025-08-03,2,91.11,182.22
SALE0002484,SOI0002558,BAT0000632,CUST099,2025-12-08,4,194.04,776.16
SALE0002485,SOI0002559,BAT0001158,CUST073,2025-12-05,5,68.52,342.6
SALE0002486,SOI0002560,BAT0000736,CUST073,2025-12-06,1,175.2,175.2
SALE0002487,SOI0002561,BAT0000462,CUST073,2025-12-08,5,148.69,743.45
SALE0002488,SOI0002562,BAT0000623,CUST037,2026-04-25,7,151.68,1061.76
SALE0002489,SOI0002563,BAT0001225,CUST037,2026-04-24,4,65.39,261.56
SALE0002490,SOI0002564,BAT0000112,CUST034,2026-02-13,7,252.23,1765.61
SALE0002491,SOI0002565,BAT0000622,CUST056,2026-03-09,2,121.14,242.28
SALE0002492,SOI0002566,BAT0000838,CUST021,2025-08-16,5,203.59,1017.95
SALE0002493,SOI0002567,BAT0000915,CUST035,2025-04-24,5,45.65,228.25
SALE0002494,SOI0002569,BAT0001158,CUST035,2025-04-22,5,104.24,521.2
SALE0002495,SOI0002570,BAT0000838,CUST099,2025-06-04,7,174.63,1222.41
SALE0002496,SOI0002571,BAT0000954,CUST099,2025-06-02,1,172.89,172.89
SALE0002497,SOI0002572,BAT0000285,CUST099,2025-06-03,1,193.22,193.22
SALE0002498,SOI0002573,BAT0000739,CUST078,2026-03-22,2,81.47,162.94
SALE0002499,SOI0002574,BAT0000461,CUST078,2026-03-22,5,72.82,364.1
SALE0002500,SOI0002575,BAT0000667,CUST008,2026-06-01,3,188.85,566.55
SALE0002501,SOI0002576,BAT0000111,CUST040,2025-07-15,6,95.69,574.14
SALE0002502,SOI0002577,BAT0000811,CUST040,2025-07-15,2,64.37,128.74
SALE0002503,SOI0002578,BAT0001014,CUST009,2025-06-23,7,37.22,260.54
SALE0002504,SOI0002579,BAT0000182,CUST009,2025-06-24,6,169.97,1019.82
SALE0002505,SOI0002580,BAT0000736,CUST025,2026-01-15,2,150.53,301.06
SALE0002506,SOI0002581,BAT0000767,CUST036,2026-04-15,3,78.35,235.05
SALE0002507,SOI0002582,BAT0000312,CUST036,2026-04-13,3,50.69,152.07
SALE0002508,SOI0002583,BAT0000462,CUST036,2026-04-15,3,235.79,707.37
SALE0002509,SOI0002584,BAT0000302,CUST099,2025-07-29,2,54.99,109.98
SALE0002510,SOI0002585,BAT0000158,CUST099,2025-07-30,5,132.49,662.45
SALE0002511,SOI0002586,BAT0000653,CUST099,2025-07-25,7,160.39,1122.73
SALE0002512,SOI0002587,BAT0000811,CUST017,2026-04-04,2,45.53,91.06
SALE0002513,SOI0002588,BAT0000915,CUST042,2026-01-12,7,37.92,265.44
SALE0002514,SOI0002589,BAT0000431,CUST089,2025-04-21,2,88.62,177.24
SALE0002515,SOI0002590,BAT0000111,CUST089,2025-04-18,5,106.38,531.9
SALE0002516,SOI0002591,BAT0000784,CUST092,2026-01-08,1,179.36,179.36
SALE0002517,SOI0002592,BAT0000623,CUST092,2026-01-06,1,153.06,153.06
SALE0002518,SOI0002593,BAT0000438,CUST092,2026-01-06,4,247.39,989.56
SALE0002519,SOI0002594,BAT0001265,CUST054,2026-05-23,4,134.94,539.76
SALE0002520,SOI0002595,BAT0000183,CUST034,2026-05-24,6,125.94,755.64
SALE0002521,SOI0002596,BAT0000178,CUST034,2026-05-25,7,99.22,694.54
SALE0002522,SOI0002597,BAT0000182,CUST034,2026-05-25,7,141.51,990.57
SALE0002523,SOI0002599,BAT0001115,CUST044,2026-02-10,4,78.79,315.16
SALE0002524,SOI0002600,BAT0000354,CUST078,2025-05-29,1,39.25,39.25
SALE0002525,SOI0002601,BAT0000302,CUST078,2025-05-28,4,53.14,212.56
SALE0002526,SOI0002602,BAT0000784,CUST092,2025-08-01,2,153.81,307.62
SALE0002527,SOI0002603,BAT0000653,CUST098,2025-09-24,3,156.83,470.49
SALE0002528,SOI0002604,BAT0000186,CUST098,2025-09-26,1,128.36,128.36
SALE0002529,SOI0002605,BAT0000805,CUST098,2025-09-26,7,127.07,889.49
SALE0002530,SOI0002606,BAT0000653,CUST079,2025-06-29,2,127.31,254.62
SALE0002531,SOI0002607,BAT0000767,CUST031,2025-12-23,2,77.6,155.2
SALE0002532,SOI0002608,BAT0000438,CUST031,2025-12-25,3,227.46,682.38
SALE0002533,SOI0002609,BAT0000805,CUST058,2025-11-09,7,110.38,772.66
SALE0002534,SOI0002610,BAT0000111,CUST058,2025-11-08,6,101.52,609.12
SALE0002535,SOI0002611,BAT0001048,CUST059,2026-05-20,4,96.75,387.0
SALE0002536,SOI0002612,BAT0000182,CUST059,2026-05-24,6,128.87,773.22
SALE0002537,SOI0002613,BAT0001261,CUST003,2026-04-13,2,92.06,184.12
SALE0002538,SOI0002614,BAT0001265,CUST003,2026-04-14,7,139.83,978.81
SALE0002539,SOI0002616,BAT0000784,CUST040,2025-10-12,1,172.92,172.92
SALE0002540,SOI0002617,BAT0001215,CUST040,2025-10-09,4,25.92,103.68
SALE0002541,SOI0002618,BAT0000438,CUST040,2025-10-10,5,236.41,1182.05
SALE0002542,SOI0002619,BAT0000417,CUST072,2026-04-04,5,191.16,955.8
SALE0002543,SOI0002620,BAT0000622,CUST054,2025-09-06,1,84.0,84.0
SALE0002544,SOI0002621,BAT0000667,CUST048,2026-03-17,1,174.6,174.6
SALE0002545,SOI0002622,BAT0001070,CUST048,2026-03-13,4,132.99,531.96
SALE0002546,SOI0002623,BAT0000028,CUST048,2026-03-13,5,200.49,1002.45
SALE0002547,SOI0002624,BAT0001048,CUST100,2025-07-01,3,89.89,269.67
SALE0002548,SOI0002625,BAT0001261,CUST100,2025-07-01,5,97.7,488.5
SALE0002549,SOI0002626,BAT0000429,CUST100,2025-06-29,7,121.15,848.05
SALE0002550,SOI0002627,BAT0001225,CUST023,2025-08-02,1,73.52,73.52
SALE0002551,SOI0002628,BAT0000312,CUST023,2025-08-01,7,44.43,311.01
SALE0002552,SOI0002629,BAT0001237,CUST023,2025-08-03,1,193.61,193.61
SALE0002553,SOI0002630,BAT0000767,CUST050,2025-07-21,5,108.68,543.4
SALE0002554,SOI0002631,BAT0001116,CUST050,2025-07-21,7,123.45,864.15
SALE0002555,SOI0002632,BAT0000158,CUST050,2025-07-18,3,187.03,561.09
SALE0002556,SOI0002633,BAT0000653,CUST083,2025-11-09,4,108.42,433.68
SALE0002557,SOI0002634,BAT0000312,CUST083,2025-11-12,5,52.34,261.7
SALE0002558,SOI0002635,BAT0000838,CUST083,2025-11-10,2,168.39,336.78
SALE0002559,SOI0002636,BAT0000808,CUST087,2026-04-11,1,28.58,28.58
SALE0002560,SOI0002637,BAT0000028,CUST045,2026-03-15,1,123.44,123.44
SALE0002561,SOI0002638,BAT0000667,CUST045,2026-03-09,6,156.55,939.3
SALE0002562,SOI0002639,BAT0001215,CUST045,2026-03-15,7,24.59,172.13
SALE0002563,SOI0002640,BAT0000653,CUST024,2026-01-13,7,154.33,1080.31
SALE0002564,SOI0002641,BAT0000461,CUST086,2026-05-03,2,69.44,138.88
SALE0002565,SOI0002642,BAT0000178,CUST039,2025-04-06,5,114.46,572.3
SALE0002566,SOI0002643,BAT0000808,CUST078,2026-05-31,4,36.82,147.28
SALE0002567,SOI0002644,BAT0000653,CUST078,2026-05-31,2,163.29,326.58
SALE0002568,SOI0002645,BAT0000667,CUST078,2026-05-29,5,172.6,863.0
SALE0002569,SOI0002646,BAT0000613,CUST081,2026-05-16,2,199.36,398.72
SALE0002570,SOI0002647,BAT0000461,CUST043,2026-03-04,6,47.69,286.14
SALE0002571,SOI0002648,BAT0001215,CUST043,2026-03-05,2,31.18,62.36
SALE0002572,SOI0002649,BAT0001116,CUST043,2026-03-05,1,94.46,94.46
SALE0002573,SOI0002650,BAT0000915,CUST042,2025-12-16,7,53.43,374.01
SALE0002574,SOI0002651,BAT0000285,CUST078,2025-10-08,1,175.42,175.42
SALE0002575,SOI0002652,BAT0000667,CUST079,2025-12-16,3,171.16,513.48
SALE0002576,SOI0002653,BAT0001115,CUST079,2025-12-13,2,90.63,181.26
SALE0002577,SOI0002654,BAT0000907,CUST062,2026-01-09,5,211.49,1057.45
SALE0002578,SOI0002655,BAT0000186,CUST078,2025-09-18,1,207.17,207.17
SALE0002579,SOI0002656,BAT0000736,CUST078,2025-09-16,2,173.69,347.38
SALE0002580,SOI0002657,BAT0000111,CUST008,2025-05-12,5,72.78,363.9
SALE0002581,SOI0002658,BAT0000838,CUST008,2025-05-13,7,161.59,1131.13
SALE0002582,SOI0002659,BAT0001048,CUST008,2025-05-14,7,81.35,569.45
SALE0002583,SOI0002660,BAT0000461,CUST049,2026-06-02,3,67.04,201.12
SALE0002584,SOI0002661,BAT0000736,CUST049,2026-06-01,4,156.93,627.72
SALE0002585,SOI0002662,BAT0000112,CUST098,2026-05-07,5,209.91,1049.55
SALE0002586,SOI0002663,BAT0001225,CUST098,2026-05-07,2,66.51,133.02
SALE0002587,SOI0002664,BAT0000696,CUST098,2026-05-04,2,150.43,300.86
SALE0002588,SOI0002665,BAT0001316,CUST099,2026-02-09,7,227.92,1595.44
SALE0002589,SOI0002666,BAT0001048,CUST099,2026-02-11,2,96.99,193.98
SALE0002590,SOI0002667,BAT0000907,CUST081,2026-06-13,7,207.58,1453.06
SALE0002591,SOI0002668,BAT0001116,CUST039,2025-09-21,7,96.29,674.03
SALE0002592,SOI0002669,BAT0000954,CUST039,2025-09-22,3,163.67,491.01
SALE0002593,SOI0002670,BAT0000461,CUST039,2025-09-19,1,61.98,61.98
SALE0002594,SOI0002671,BAT0001116,CUST075,2026-06-11,2,115.73,231.46
SALE0002595,SOI0002672,BAT0000378,CUST086,2025-07-24,1,94.94,94.94
SALE0002596,SOI0002673,BAT0000182,CUST029,2026-03-19,7,161.02,1127.14
SALE0002597,SOI0002674,BAT0000907,CUST029,2026-03-20,3,234.45,703.35
SALE0002598,SOI0002675,BAT0000158,CUST082,2026-03-03,4,180.24,720.96
SALE0002599,SOI0002676,BAT0001048,CUST082,2026-03-01,5,65.83,329.15
SALE0002600,SOI0002677,BAT0000785,CUST082,2026-03-01,7,149.8,1048.6
SALE0002601,SOI0002678,BAT0001237,CUST088,2026-04-15,2,172.12,344.24
SALE0002602,SOI0002679,BAT0001070,CUST088,2026-04-13,1,102.31,102.31
SALE0002603,SOI0002680,BAT0000838,CUST027,2026-01-26,1,217.61,217.61
SALE0002604,SOI0002681,BAT0000302,CUST030,2026-02-16,4,44.0,176.0
SALE0002605,SOI0002682,BAT0000623,CUST075,2026-01-22,7,136.16,953.12
SALE0002606,SOI0002683,BAT0000841,CUST021,2025-06-20,3,44.88,134.64
SALE0002607,SOI0002684,BAT0000186,CUST021,2025-06-25,3,166.35,499.05
SALE0002608,SOI0002685,BAT0000438,CUST068,2026-02-11,3,176.63,529.89
SALE0002609,SOI0002686,BAT0001316,CUST045,2025-06-03,5,237.89,1189.45
SALE0002610,SOI0002687,BAT0000653,CUST045,2025-06-03,7,161.42,1129.94
SALE0002611,SOI0002689,BAT0000354,CUST045,2025-05-08,6,39.89,239.34
SALE0002612,SOI0002691,BAT0000696,CUST045,2025-05-06,6,148.58,891.48
SALE0002613,SOI0002692,BAT0000461,CUST057,2026-03-31,7,58.99,412.93
SALE0002614,SOI0002693,BAT0000028,CUST057,2026-03-29,3,190.51,571.53
SALE0002615,SOI0002694,BAT0001115,CUST057,2026-03-28,5,110.48,552.4
SALE0002616,SOI0002695,BAT0001014,CUST059,2025-10-04,2,49.05,98.1
SALE0002617,SOI0002696,BAT0001237,CUST059,2025-10-06,3,197.02,591.06
SALE0002618,SOI0002697,BAT0000696,CUST059,2025-10-07,2,140.49,280.98
SALE0002619,SOI0002698,BAT0001316,CUST030,2026-01-03,5,166.94,834.7
SALE0002620,SOI0002699,BAT0000354,CUST044,2025-07-17,4,51.19,204.76
SALE0002621,SOI0002700,BAT0000811,CUST044,2025-07-18,1,68.7,68.7
SALE0002622,SOI0002701,BAT0000623,CUST035,2026-05-18,2,145.27,290.54
SALE0002623,SOI0002702,BAT0001073,CUST078,2026-03-03,4,125.76,503.04
SALE0002624,SOI0002703,BAT0000305,CUST078,2026-03-03,3,53.95,161.85
SALE0002625,SOI0002704,BAT0000183,CUST078,2026-03-03,1,185.89,185.89
SALE0002626,SOI0002705,BAT0000305,CUST084,2025-08-11,6,37.85,227.1
SALE0002627,SOI0002706,BAT0000653,CUST094,2026-01-20,6,119.64,717.84
SALE0002628,SOI0002707,BAT0000354,CUST094,2026-01-21,2,50.16,100.32
SALE0002629,SOI0002708,BAT0000811,CUST094,2026-01-17,6,49.68,298.08
SALE0002630,SOI0002709,BAT0000736,CUST089,2025-12-12,3,201.41,604.23
SALE0002631,SOI0002710,BAT0000696,CUST089,2025-12-15,5,177.38,886.9
SALE0002632,SOI0002711,BAT0000915,CUST021,2025-12-17,3,37.9,113.7
SALE0002633,SOI0002712,BAT0000667,CUST021,2025-12-16,7,126.72,887.04
SALE0002634,SOI0002713,BAT0000867,CUST014,2025-07-09,5,126.97,634.85
SALE0002635,SOI0002714,BAT0000808,CUST014,2025-07-08,5,34.89,174.45
SALE0002636,SOI0002715,BAT0001215,CUST014,2025-07-06,2,26.79,53.58
SALE0002637,SOI0002716,BAT0000784,CUST082,2025-06-18,3,183.09,549.27
SALE0002638,SOI0002717,BAT0001237,CUST082,2025-06-19,2,135.1,270.2
SALE0002639,SOI0002718,BAT0001115,CUST082,2025-06-18,1,116.69,116.69
SALE0002640,SOI0002719,BAT0000182,CUST079,2025-05-21,1,171.07,171.07
SALE0002641,SOI0002720,BAT0000305,CUST100,2025-12-10,1,44.56,44.56
SALE0002642,SOI0002721,BAT0001014,CUST100,2025-12-13,2,38.3,76.6
SALE0002643,SOI0002722,BAT0000805,CUST100,2025-12-11,7,127.22,890.54
SALE0002644,SOI0002723,BAT0000623,CUST020,2025-06-21,5,202.58,1012.9
SALE0002645,SOI0002724,BAT0000305,CUST020,2025-06-21,3,58.96,176.88
SALE0002646,SOI0002725,BAT0001261,CUST020,2025-06-24,7,77.73,544.11
SALE0002647,SOI0002726,BAT0000841,CUST045,2026-05-22,7,69.0,483.0
SALE0002648,SOI0002727,BAT0001115,CUST010,2026-04-18,1,89.45,89.45
SALE0002649,SOI0002728,BAT0000182,CUST054,2025-06-25,7,131.15,918.05
SALE0002650,SOI0002729,BAT0000461,CUST039,2026-02-04,6,61.38,368.28
SALE0002651,SOI0002730,BAT0001012,CUST039,2026-02-08,6,77.76,466.56
SALE0002652,SOI0002731,BAT0001015,CUST016,2025-11-16,2,43.34,86.68
SALE0002653,SOI0002732,BAT0001073,CUST016,2025-11-17,6,134.74,808.44
SALE0002654,SOI0002733,BAT0000461,CUST016,2025-11-18,2,53.01,106.02
SALE0002655,SOI0002734,BAT0000081,CUST064,2026-05-12,1,201.29,201.29
SALE0002656,SOI0002735,BAT0001237,CUST064,2026-05-12,7,194.33,1360.31
SALE0002657,SOI0002736,BAT0000178,CUST099,2026-04-21,3,119.2,357.6
SALE0002658,SOI0002737,BAT0000696,CUST099,2026-04-21,7,167.41,1171.87
SALE0002659,SOI0002738,BAT0000736,CUST099,2026-04-21,6,167.92,1007.52
SALE0002660,SOI0002739,BAT0000417,CUST048,2026-01-22,1,164.49,164.49
SALE0002661,SOI0002740,BAT0000907,CUST023,2025-07-04,1,218.52,218.52
SALE0002662,SOI0002741,BAT0000178,CUST091,2025-08-02,6,89.59,537.54
SALE0002663,SOI0002742,BAT0000186,CUST091,2025-07-31,3,136.24,408.72
SALE0002664,SOI0002743,BAT0001261,CUST091,2025-08-01,4,79.41,317.64
SALE0002665,SOI0002744,BAT0000158,CUST053,2025-07-14,3,161.66,484.98
SALE0002666,SOI0002745,BAT0000805,CUST053,2025-07-11,4,142.82,571.28
SALE0002667,SOI0002746,BAT0000841,CUST043,2025-10-10,2,67.51,135.02
SALE0002668,SOI0002747,BAT0000183,CUST043,2025-10-13,4,182.35,729.4
SALE0002669,SOI0002748,BAT0001115,CUST043,2025-10-11,7,96.46,675.22
SALE0002670,SOI0002749,BAT0000613,CUST008,2025-04-18,3,174.73,524.19
SALE0002671,SOI0002750,BAT0000178,CUST008,2025-04-24,6,104.34,626.04
SALE0002672,SOI0002751,BAT0000785,CUST013,2026-01-21,2,151.84,303.68
SALE0002673,SOI0002752,BAT0000429,CUST013,2026-01-23,3,115.15,345.45
SALE0002674,SOI0002753,BAT0000736,CUST075,2025-08-31,4,168.0,672.0
SALE0002675,SOI0002755,BAT0001303,CUST010,2025-05-31,5,28.95,144.75
SALE0002676,SOI0002756,BAT0001158,CUST078,2026-04-16,7,78.69,550.83
SALE0002677,SOI0002757,BAT0000429,CUST078,2026-04-20,3,101.43,304.29
SALE0002678,SOI0002758,BAT0001265,CUST078,2026-04-20,4,142.2,568.8
SALE0002679,SOI0002759,BAT0000841,CUST056,2025-06-11,1,53.14,53.14
SALE0002680,SOI0002761,BAT0000378,CUST006,2025-08-16,4,96.66,386.64
SALE0002681,SOI0002762,BAT0000784,CUST027,2025-09-22,4,151.51,606.04
SALE0002682,SOI0002763,BAT0000667,CUST027,2025-09-23,5,137.59,687.95
SALE0002683,SOI0002764,BAT0000285,CUST027,2025-09-24,6,164.2,985.2
SALE0002684,SOI0002765,BAT0000417,CUST025,2026-01-04,1,129.74,129.74
SALE0002685,SOI0002766,BAT0000429,CUST025,2026-01-04,1,113.85,113.85
SALE0002686,SOI0002767,BAT0000784,CUST082,2025-10-11,2,183.72,367.44
SALE0002687,SOI0002768,BAT0001115,CUST050,2025-10-29,3,119.76,359.28
SALE0002688,SOI0002769,BAT0000081,CUST050,2025-10-31,3,191.34,574.02
SALE0002689,SOI0002770,BAT0000081,CUST022,2025-06-28,1,160.31,160.31
SALE0002690,SOI0002771,BAT0001116,CUST058,2025-11-05,4,87.77,351.08
SALE0002691,SOI0002772,BAT0000784,CUST058,2025-11-05,4,181.86,727.44
SALE0002692,SOI0002773,BAT0000461,CUST058,2025-11-04,6,74.07,444.42
SALE0002693,SOI0002774,BAT0000461,CUST005,2025-07-28,1,70.01,70.01
SALE0002694,SOI0002775,BAT0000784,CUST066,2026-03-15,6,144.1,864.6
SALE0002695,SOI0002776,BAT0000438,CUST066,2026-03-14,2,243.09,486.18
SALE0002696,SOI0002777,BAT0000183,CUST066,2026-03-16,7,152.37,1066.59
SALE0002697,SOI0002778,BAT0000811,CUST038,2026-04-14,3,65.04,195.12
SALE0002698,SOI0002779,BAT0000178,CUST038,2026-04-10,7,118.39,828.73
SALE0002699,SOI0002780,BAT0000784,CUST085,2026-06-15,5,143.9,719.5
SALE0002700,SOI0002781,BAT0000186,CUST085,2026-06-13,6,181.88,1091.28
SALE0002701,SOI0002782,BAT0000736,CUST013,2025-12-08,2,223.57,447.14
SALE0002702,SOI0002783,BAT0000623,CUST013,2025-12-07,4,147.89,591.56
SALE0002703,SOI0002784,BAT0001237,CUST078,2026-04-18,6,181.67,1090.02
SALE0002704,SOI0002785,BAT0000354,CUST039,2026-04-22,6,39.53,237.18
SALE0002705,SOI0002787,BAT0000811,CUST086,2025-05-28,3,46.08,138.24
SALE0002706,SOI0002788,BAT0000549,CUST086,2025-05-25,4,135.08,540.32
SALE0002707,SOI0002789,BAT0001237,CUST008,2025-12-02,6,183.21,1099.26
SALE0002708,SOI0002790,BAT0000696,CUST008,2025-12-02,7,139.12,973.84
SALE0002709,SOI0002791,BAT0001215,CUST083,2025-12-20,6,24.92,149.52
SALE0002710,SOI0002792,BAT0001116,CUST083,2025-12-19,6,103.54,621.24
SALE0002711,SOI0002793,BAT0000429,CUST083,2025-12-22,7,98.21,687.47
SALE0002712,SOI0002794,BAT0001225,CUST043,2025-10-05,3,62.14,186.42
SALE0002713,SOI0002795,BAT0000785,CUST043,2025-10-05,4,191.46,765.84
SALE0002714,SOI0002796,BAT0000438,CUST043,2025-10-04,3,245.16,735.48
